solid 
 facet normal  1.119642e-01  9.937122e-01  0.000000e+00
   outer loop
     vertex  2.068121e+02 -5.276023e+01  0.000000e+00
     vertex  2.061000e+02 -5.268000e+01  0.000000e+00
     vertex  2.061000e+02 -5.268000e+01  1.510000e+00
   endloop
 endfacet
 facet normal  1.119642e-01  9.937122e-01 -0.000000e+00
   outer loop
     vertex  2.068121e+02 -5.276023e+01  0.000000e+00
     vertex  2.061000e+02 -5.268000e+01  1.510000e+00
     vertex  2.068121e+02 -5.276023e+01  1.510000e+00
   endloop
 endfacet
 facet normal  3.302789e-01  9.438834e-01 -0.000000e+00
   outer loop
     vertex  2.074884e+02 -5.299690e+01  0.000000e+00
     vertex  2.068121e+02 -5.276023e+01  1.510000e+00
     vertex  2.074884e+02 -5.299690e+01  1.510000e+00
   endloop
 endfacet
 facet normal  3.302789e-01  9.438834e-01  0.000000e+00
   outer loop
     vertex  2.074884e+02 -5.299690e+01  0.000000e+00
     vertex  2.068121e+02 -5.276023e+01  0.000000e+00
     vertex  2.068121e+02 -5.276023e+01  1.510000e+00
   endloop
 endfacet
 facet normal  5.320320e-01  8.467242e-01 -0.000000e+00
   outer loop
     vertex  2.080952e+02 -5.337814e+01  0.000000e+00
     vertex  2.074884e+02 -5.299690e+01  1.510000e+00
     vertex  2.080952e+02 -5.337814e+01  1.510000e+00
   endloop
 endfacet
 facet normal  5.320320e-01  8.467242e-01  0.000000e+00
   outer loop
     vertex  2.080952e+02 -5.337814e+01  0.000000e+00
     vertex  2.074884e+02 -5.299690e+01  0.000000e+00
     vertex  2.074884e+02 -5.299690e+01  1.510000e+00
   endloop
 endfacet
 facet normal  7.071068e-01  7.071068e-01 -0.000000e+00
   outer loop
     vertex  2.086019e+02 -5.388483e+01  0.000000e+00
     vertex  2.080952e+02 -5.337814e+01  1.510000e+00
     vertex  2.086019e+02 -5.388483e+01  1.510000e+00
   endloop
 endfacet
 facet normal  7.071068e-01  7.071068e-01  0.000000e+00
   outer loop
     vertex  2.086019e+02 -5.388483e+01  0.000000e+00
     vertex  2.080952e+02 -5.337814e+01  0.000000e+00
     vertex  2.080952e+02 -5.337814e+01  1.510000e+00
   endloop
 endfacet
 facet normal  8.467242e-01  5.320320e-01 -0.000000e+00
   outer loop
     vertex  2.089831e+02 -5.449157e+01  0.000000e+00
     vertex  2.086019e+02 -5.388483e+01  1.510000e+00
     vertex  2.089831e+02 -5.449157e+01  1.510000e+00
   endloop
 endfacet
 facet normal  8.467242e-01  5.320320e-01  0.000000e+00
   outer loop
     vertex  2.089831e+02 -5.449157e+01  0.000000e+00
     vertex  2.086019e+02 -5.388483e+01  0.000000e+00
     vertex  2.086019e+02 -5.388483e+01  1.510000e+00
   endloop
 endfacet
 facet normal  9.438834e-01  3.302789e-01 -0.000000e+00
   outer loop
     vertex  2.092198e+02 -5.516793e+01  0.000000e+00
     vertex  2.089831e+02 -5.449157e+01  1.510000e+00
     vertex  2.092198e+02 -5.516793e+01  1.510000e+00
   endloop
 endfacet
 facet normal  9.438834e-01  3.302789e-01  0.000000e+00
   outer loop
     vertex  2.092198e+02 -5.516793e+01  0.000000e+00
     vertex  2.089831e+02 -5.449157e+01  0.000000e+00
     vertex  2.089831e+02 -5.449157e+01  1.510000e+00
   endloop
 endfacet
 facet normal  9.937122e-01  1.119642e-01 -0.000000e+00
   outer loop
     vertex  2.093000e+02 -5.588000e+01  0.000000e+00
     vertex  2.092198e+02 -5.516793e+01  1.510000e+00
     vertex  2.093000e+02 -5.588000e+01  1.510000e+00
   endloop
 endfacet
 facet normal  9.937122e-01  1.119642e-01  0.000000e+00
   outer loop
     vertex  2.093000e+02 -5.588000e+01  0.000000e+00
     vertex  2.092198e+02 -5.516793e+01  0.000000e+00
     vertex  2.092198e+02 -5.516793e+01  1.510000e+00
   endloop
 endfacet
 facet normal -2.114710e-16  1.000000e+00  0.000000e+00
   outer loop
     vertex  2.061000e+02 -5.268000e+01  1.510000e+00
     vertex  1.725000e+02 -5.268000e+01  0.000000e+00
     vertex  1.725000e+02 -5.268000e+01  1.510000e+00
   endloop
 endfacet
 facet normal -2.114710e-16  1.000000e+00  0.000000e+00
   outer loop
     vertex  2.061000e+02 -5.268000e+01  0.000000e+00
     vertex  1.725000e+02 -5.268000e+01  0.000000e+00
     vertex  2.061000e+02 -5.268000e+01  1.510000e+00
   endloop
 endfacet
 facet normal  1.000000e+00 -0.000000e+00  0.000000e+00
   outer loop
     vertex  2.093000e+02 -8.448000e+01  1.510000e+00
     vertex  2.093000e+02 -5.588000e+01  0.000000e+00
     vertex  2.093000e+02 -5.588000e+01  1.510000e+00
   endloop
 endfacet
 facet normal  1.000000e+00  0.000000e+00  0.000000e+00
   outer loop
     vertex  2.093000e+02 -8.448000e+01  0.000000e+00
     vertex  2.093000e+02 -5.588000e+01  0.000000e+00
     vertex  2.093000e+02 -8.448000e+01  1.510000e+00
   endloop
 endfacet
 facet normal  0.000000e+00  0.000000e+00 -1.000000e+00
   outer loop
     vertex  1.711116e+02 -8.736310e+01  0.000000e+00
     vertex  1.705048e+02 -8.698186e+01  0.000000e+00
     vertex  1.699981e+02 -8.647517e+01  0.000000e+00
   endloop
 endfacet
 facet normal  0.000000e+00  0.000000e+00 -1.000000e+00
   outer loop
     vertex  1.725000e+02 -8.768000e+01  0.000000e+00
     vertex  1.717879e+02 -8.759977e+01  0.000000e+00
     vertex  1.711116e+02 -8.736310e+01  0.000000e+00
   endloop
 endfacet
 facet normal  0.000000e+00  0.000000e+00 -1.000000e+00
   outer loop
     vertex  1.725000e+02 -8.768000e+01  0.000000e+00
     vertex  1.699981e+02 -8.647517e+01  0.000000e+00
     vertex  1.696169e+02 -8.586843e+01  0.000000e+00
   endloop
 endfacet
 facet normal  0.000000e+00  0.000000e+00 -1.000000e+00
   outer loop
     vertex  1.725000e+02 -8.768000e+01  0.000000e+00
     vertex  1.711116e+02 -8.736310e+01  0.000000e+00
     vertex  1.699981e+02 -8.647517e+01  0.000000e+00
   endloop
 endfacet
 facet normal  0.000000e+00  0.000000e+00 -1.000000e+00
   outer loop
     vertex  1.693000e+02 -8.448000e+01  0.000000e+00
     vertex  1.696169e+02 -8.586843e+01  0.000000e+00
     vertex  1.693802e+02 -8.519207e+01  0.000000e+00
   endloop
 endfacet
 facet normal  0.000000e+00  0.000000e+00 -1.000000e+00
   outer loop
     vertex  1.693000e+02 -8.448000e+01  0.000000e+00
     vertex  1.725000e+02 -8.768000e+01  0.000000e+00
     vertex  1.696169e+02 -8.586843e+01  0.000000e+00
   endloop
 endfacet
 facet normal -0.000000e+00  0.000000e+00 -1.000000e+00
   outer loop
     vertex  1.829475e+02 -8.613564e+01  0.000000e+00
     vertex  1.725000e+02 -8.768000e+01  0.000000e+00
     vertex  1.826161e+02 -8.588137e+01  0.000000e+00
   endloop
 endfacet
 facet normal  0.000000e+00 -0.000000e+00 -1.000000e+00
   outer loop
     vertex  1.823619e+02 -8.555000e+01  0.000000e+00
     vertex  1.826161e+02 -8.588137e+01  0.000000e+00
     vertex  1.725000e+02 -8.768000e+01  0.000000e+00
   endloop
 endfacet
 facet normal  0.000000e+00 -0.000000e+00 -1.000000e+00
   outer loop
     vertex  1.822020e+02 -8.516411e+01  0.000000e+00
     vertex  1.823619e+02 -8.555000e+01  0.000000e+00
     vertex  1.725000e+02 -8.768000e+01  0.000000e+00
   endloop
 endfacet
 facet normal -0.000000e+00  0.000000e+00 -1.000000e+00
   outer loop
     vertex  1.833334e+02 -8.629548e+01  0.000000e+00
     vertex  1.725000e+02 -8.768000e+01  0.000000e+00
     vertex  1.829475e+02 -8.613564e+01  0.000000e+00
   endloop
 endfacet
 facet normal  0.000000e+00 -0.000000e+00 -1.000000e+00
   outer loop
     vertex  1.821475e+02 -8.475000e+01  0.000000e+00
     vertex  1.822020e+02 -8.516411e+01  0.000000e+00
     vertex  1.725000e+02 -8.768000e+01  0.000000e+00
   endloop
 endfacet
 facet normal -0.000000e+00  0.000000e+00 -1.000000e+00
   outer loop
     vertex  1.837475e+02 -8.635000e+01  0.000000e+00
     vertex  1.725000e+02 -8.768000e+01  0.000000e+00
     vertex  1.833334e+02 -8.629548e+01  0.000000e+00
   endloop
 endfacet
 facet normal  0.000000e+00  0.000000e+00 -1.000000e+00
   outer loop
     vertex  1.822020e+02 -8.433589e+01  0.000000e+00
     vertex  1.821475e+02 -8.475000e+01  0.000000e+00
     vertex  1.725000e+02 -8.768000e+01  0.000000e+00
   endloop
 endfacet
 facet normal  0.000000e+00  0.000000e+00 -1.000000e+00
   outer loop
     vertex  1.823619e+02 -8.395000e+01  0.000000e+00
     vertex  1.725000e+02 -8.768000e+01  0.000000e+00
     vertex  1.693000e+02 -8.448000e+01  0.000000e+00
   endloop
 endfacet
 facet normal  0.000000e+00  0.000000e+00 -1.000000e+00
   outer loop
     vertex  1.823619e+02 -8.395000e+01  0.000000e+00
     vertex  1.822020e+02 -8.433589e+01  0.000000e+00
     vertex  1.725000e+02 -8.768000e+01  0.000000e+00
   endloop
 endfacet
 facet normal  0.000000e+00  0.000000e+00 -1.000000e+00
   outer loop
     vertex  1.826161e+02 -8.361863e+01  0.000000e+00
     vertex  1.823619e+02 -8.395000e+01  0.000000e+00
     vertex  1.693000e+02 -8.448000e+01  0.000000e+00
   endloop
 endfacet
 facet normal  0.000000e+00  0.000000e+00 -1.000000e+00
   outer loop
     vertex  1.847488e+02 -7.866870e+01  0.000000e+00
     vertex  1.837475e+02 -8.315000e+01  0.000000e+00
     vertex  1.833334e+02 -8.320452e+01  0.000000e+00
   endloop
 endfacet
 facet normal  0.000000e+00  0.000000e+00 -1.000000e+00
   outer loop
     vertex  1.846884e+02 -7.859000e+01  0.000000e+00
     vertex  1.833334e+02 -8.320452e+01  0.000000e+00
     vertex  1.829475e+02 -8.336436e+01  0.000000e+00
   endloop
 endfacet
 facet normal  0.000000e+00 -0.000000e+00 -1.000000e+00
   outer loop
     vertex  1.846884e+02 -7.859000e+01  0.000000e+00
     vertex  1.847488e+02 -7.866870e+01  0.000000e+00
     vertex  1.833334e+02 -8.320452e+01  0.000000e+00
   endloop
 endfacet
 facet normal -0.000000e+00  0.000000e+00 -1.000000e+00
   outer loop
     vertex  1.848275e+02 -7.872909e+01  0.000000e+00
     vertex  1.837475e+02 -8.315000e+01  0.000000e+00
     vertex  1.847488e+02 -7.866870e+01  0.000000e+00
   endloop
 endfacet
 facet normal  0.000000e+00  0.000000e+00 -1.000000e+00
   outer loop
     vertex  1.846504e+02 -7.849835e+01  0.000000e+00
     vertex  1.829475e+02 -8.336436e+01  0.000000e+00
     vertex  1.826161e+02 -8.361863e+01  0.000000e+00
   endloop
 endfacet
 facet normal  0.000000e+00 -0.000000e+00 -1.000000e+00
   outer loop
     vertex  1.846504e+02 -7.849835e+01  0.000000e+00
     vertex  1.846884e+02 -7.859000e+01  0.000000e+00
     vertex  1.829475e+02 -8.336436e+01  0.000000e+00
   endloop
 endfacet
 facet normal  0.000000e+00  0.000000e+00 -1.000000e+00
   outer loop
     vertex  1.849191e+02 -7.876705e+01  0.000000e+00
     vertex  1.841616e+02 -8.320452e+01  0.000000e+00
     vertex  1.837475e+02 -8.315000e+01  0.000000e+00
   endloop
 endfacet
 facet normal -0.000000e+00  0.000000e+00 -1.000000e+00
   outer loop
     vertex  1.849191e+02 -7.876705e+01  0.000000e+00
     vertex  1.837475e+02 -8.315000e+01  0.000000e+00
     vertex  1.848275e+02 -7.872909e+01  0.000000e+00
   endloop
 endfacet
 facet normal  0.000000e+00  0.000000e+00 -1.000000e+00
   outer loop
     vertex  1.846375e+02 -7.840000e+01  0.000000e+00
     vertex  1.826161e+02 -8.361863e+01  0.000000e+00
     vertex  1.693000e+02 -8.448000e+01  0.000000e+00
   endloop
 endfacet
 facet normal  0.000000e+00 -0.000000e+00 -1.000000e+00
   outer loop
     vertex  1.846375e+02 -7.840000e+01  0.000000e+00
     vertex  1.846504e+02 -7.849835e+01  0.000000e+00
     vertex  1.826161e+02 -8.361863e+01  0.000000e+00
   endloop
 endfacet
 facet normal  0.000000e+00  0.000000e+00 -1.000000e+00
   outer loop
     vertex  1.850175e+02 -7.878000e+01  0.000000e+00
     vertex  1.845475e+02 -8.336436e+01  0.000000e+00
     vertex  1.841616e+02 -8.320452e+01  0.000000e+00
   endloop
 endfacet
 facet normal -0.000000e+00  0.000000e+00 -1.000000e+00
   outer loop
     vertex  1.850175e+02 -7.878000e+01  0.000000e+00
     vertex  1.841616e+02 -8.320452e+01  0.000000e+00
     vertex  1.849191e+02 -7.876705e+01  0.000000e+00
   endloop
 endfacet
 facet normal  0.000000e+00  0.000000e+00 -1.000000e+00
   outer loop
     vertex  1.846504e+02 -7.830165e+01  0.000000e+00
     vertex  1.846375e+02 -7.840000e+01  0.000000e+00
     vertex  1.693000e+02 -8.448000e+01  0.000000e+00
   endloop
 endfacet
 facet normal  0.000000e+00  0.000000e+00 -1.000000e+00
   outer loop
     vertex  1.851159e+02 -7.876705e+01  0.000000e+00
     vertex  1.845475e+02 -8.336436e+01  0.000000e+00
     vertex  1.850175e+02 -7.878000e+01  0.000000e+00
   endloop
 endfacet
 facet normal  0.000000e+00  0.000000e+00 -1.000000e+00
   outer loop
     vertex  1.846884e+02 -7.821000e+01  0.000000e+00
     vertex  1.846504e+02 -7.830165e+01  0.000000e+00
     vertex  1.693000e+02 -8.448000e+01  0.000000e+00
   endloop
 endfacet
 facet normal  0.000000e+00  0.000000e+00 -1.000000e+00
   outer loop
     vertex  1.852075e+02 -7.872909e+01  0.000000e+00
     vertex  1.845475e+02 -8.336436e+01  0.000000e+00
     vertex  1.851159e+02 -7.876705e+01  0.000000e+00
   endloop
 endfacet
 facet normal  0.000000e+00  0.000000e+00 -1.000000e+00
   outer loop
     vertex  1.940461e+02 -8.588137e+01  0.000000e+00
     vertex  1.848789e+02 -8.588137e+01  0.000000e+00
     vertex  1.851331e+02 -8.555000e+01  0.000000e+00
   endloop
 endfacet
 facet normal  0.000000e+00  0.000000e+00 -1.000000e+00
   outer loop
     vertex  1.943775e+02 -8.613564e+01  0.000000e+00
     vertex  1.845475e+02 -8.613564e+01  0.000000e+00
     vertex  1.848789e+02 -8.588137e+01  0.000000e+00
   endloop
 endfacet
 facet normal -0.000000e+00  0.000000e+00 -1.000000e+00
   outer loop
     vertex  1.943775e+02 -8.613564e+01  0.000000e+00
     vertex  1.841616e+02 -8.629548e+01  0.000000e+00
     vertex  1.845475e+02 -8.613564e+01  0.000000e+00
   endloop
 endfacet
 facet normal  0.000000e+00  0.000000e+00 -1.000000e+00
   outer loop
     vertex  1.943775e+02 -8.613564e+01  0.000000e+00
     vertex  1.848789e+02 -8.588137e+01  0.000000e+00
     vertex  1.940461e+02 -8.588137e+01  0.000000e+00
   endloop
 endfacet
 facet normal -0.000000e+00 -0.000000e+00 -1.000000e+00
   outer loop
     vertex  1.937919e+02 -8.555000e+01  0.000000e+00
     vertex  1.940461e+02 -8.588137e+01  0.000000e+00
     vertex  1.851331e+02 -8.555000e+01  0.000000e+00
   endloop
 endfacet
 facet normal  0.000000e+00  0.000000e+00 -1.000000e+00
   outer loop
     vertex  1.947634e+02 -8.629548e+01  0.000000e+00
     vertex  1.841616e+02 -8.629548e+01  0.000000e+00
     vertex  1.943775e+02 -8.613564e+01  0.000000e+00
   endloop
 endfacet
 facet normal  0.000000e+00 -0.000000e+00 -1.000000e+00
   outer loop
     vertex  1.936320e+02 -8.516411e+01  0.000000e+00
     vertex  1.937919e+02 -8.555000e+01  0.000000e+00
     vertex  1.851331e+02 -8.555000e+01  0.000000e+00
   endloop
 endfacet
 facet normal -0.000000e+00  0.000000e+00 -1.000000e+00
   outer loop
     vertex  1.936320e+02 -8.516411e+01  0.000000e+00
     vertex  1.851331e+02 -8.555000e+01  0.000000e+00
     vertex  1.852930e+02 -8.516411e+01  0.000000e+00
   endloop
 endfacet
 facet normal  0.000000e+00  0.000000e+00 -1.000000e+00
   outer loop
     vertex  1.873675e+02 -7.872909e+01  0.000000e+00
     vertex  1.852862e+02 -7.866870e+01  0.000000e+00
     vertex  1.872888e+02 -7.866870e+01  0.000000e+00
   endloop
 endfacet
 facet normal -0.000000e+00  0.000000e+00 -1.000000e+00
   outer loop
     vertex  1.873675e+02 -7.872909e+01  0.000000e+00
     vertex  1.845475e+02 -8.336436e+01  0.000000e+00
     vertex  1.852075e+02 -7.872909e+01  0.000000e+00
   endloop
 endfacet
 facet normal  0.000000e+00  0.000000e+00 -1.000000e+00
   outer loop
     vertex  1.873675e+02 -7.872909e+01  0.000000e+00
     vertex  1.852075e+02 -7.872909e+01  0.000000e+00
     vertex  1.852862e+02 -7.866870e+01  0.000000e+00
   endloop
 endfacet
 facet normal  0.000000e+00 -0.000000e+00 -1.000000e+00
   outer loop
     vertex  1.872284e+02 -7.859000e+01  0.000000e+00
     vertex  1.872888e+02 -7.866870e+01  0.000000e+00
     vertex  1.852862e+02 -7.866870e+01  0.000000e+00
   endloop
 endfacet
 facet normal -0.000000e+00  0.000000e+00 -1.000000e+00
   outer loop
     vertex  1.872284e+02 -7.859000e+01  0.000000e+00
     vertex  1.852862e+02 -7.866870e+01  0.000000e+00
     vertex  1.853466e+02 -7.859000e+01  0.000000e+00
   endloop
 endfacet
 facet normal -0.000000e+00  0.000000e+00 -1.000000e+00
   outer loop
     vertex  1.874591e+02 -7.876705e+01  0.000000e+00
     vertex  1.845475e+02 -8.336436e+01  0.000000e+00
     vertex  1.873675e+02 -7.872909e+01  0.000000e+00
   endloop
 endfacet
 facet normal  0.000000e+00  0.000000e+00 -1.000000e+00
   outer loop
     vertex  1.874591e+02 -7.876705e+01  0.000000e+00
     vertex  1.848789e+02 -8.361863e+01  0.000000e+00
     vertex  1.845475e+02 -8.336436e+01  0.000000e+00
   endloop
 endfacet
 facet normal  0.000000e+00 -0.000000e+00 -1.000000e+00
   outer loop
     vertex  1.871904e+02 -7.849835e+01  0.000000e+00
     vertex  1.872284e+02 -7.859000e+01  0.000000e+00
     vertex  1.853466e+02 -7.859000e+01  0.000000e+00
   endloop
 endfacet
 facet normal -0.000000e+00  0.000000e+00 -1.000000e+00
   outer loop
     vertex  1.871904e+02 -7.849835e+01  0.000000e+00
     vertex  1.853466e+02 -7.859000e+01  0.000000e+00
     vertex  1.853846e+02 -7.849835e+01  0.000000e+00
   endloop
 endfacet
 facet normal  0.000000e+00 -0.000000e+00 -1.000000e+00
   outer loop
     vertex  1.871775e+02 -7.840000e+01  0.000000e+00
     vertex  1.871904e+02 -7.849835e+01  0.000000e+00
     vertex  1.853846e+02 -7.849835e+01  0.000000e+00
   endloop
 endfacet
 facet normal -0.000000e+00  0.000000e+00 -1.000000e+00
   outer loop
     vertex  1.871775e+02 -7.840000e+01  0.000000e+00
     vertex  1.853846e+02 -7.849835e+01  0.000000e+00
     vertex  1.853975e+02 -7.840000e+01  0.000000e+00
   endloop
 endfacet
 facet normal -0.000000e+00  0.000000e+00 -1.000000e+00
   outer loop
     vertex  1.875575e+02 -7.878000e+01  0.000000e+00
     vertex  1.848789e+02 -8.361863e+01  0.000000e+00
     vertex  1.874591e+02 -7.876705e+01  0.000000e+00
   endloop
 endfacet
 facet normal  0.000000e+00  0.000000e+00 -1.000000e+00
   outer loop
     vertex  1.875575e+02 -7.878000e+01  0.000000e+00
     vertex  1.851331e+02 -8.395000e+01  0.000000e+00
     vertex  1.848789e+02 -8.361863e+01  0.000000e+00
   endloop
 endfacet
 facet normal  0.000000e+00  0.000000e+00 -1.000000e+00
   outer loop
     vertex  1.951775e+02 -8.635000e+01  0.000000e+00
     vertex  1.841616e+02 -8.629548e+01  0.000000e+00
     vertex  1.947634e+02 -8.629548e+01  0.000000e+00
   endloop
 endfacet
 facet normal  0.000000e+00  0.000000e+00 -1.000000e+00
   outer loop
     vertex  1.951775e+02 -8.635000e+01  0.000000e+00
     vertex  1.837475e+02 -8.635000e+01  0.000000e+00
     vertex  1.841616e+02 -8.629548e+01  0.000000e+00
   endloop
 endfacet
 facet normal  0.000000e+00 -0.000000e+00 -1.000000e+00
   outer loop
     vertex  1.935775e+02 -8.475000e+01  0.000000e+00
     vertex  1.936320e+02 -8.516411e+01  0.000000e+00
     vertex  1.852930e+02 -8.516411e+01  0.000000e+00
   endloop
 endfacet
 facet normal -0.000000e+00  0.000000e+00 -1.000000e+00
   outer loop
     vertex  1.935775e+02 -8.475000e+01  0.000000e+00
     vertex  1.852930e+02 -8.516411e+01  0.000000e+00
     vertex  1.853475e+02 -8.475000e+01  0.000000e+00
   endloop
 endfacet
 facet normal  0.000000e+00  0.000000e+00 -1.000000e+00
   outer loop
     vertex  1.876559e+02 -7.876705e+01  0.000000e+00
     vertex  1.851331e+02 -8.395000e+01  0.000000e+00
     vertex  1.875575e+02 -7.878000e+01  0.000000e+00
   endloop
 endfacet
 facet normal  0.000000e+00  0.000000e+00 -1.000000e+00
   outer loop
     vertex  1.871904e+02 -7.830165e+01  0.000000e+00
     vertex  1.871775e+02 -7.840000e+01  0.000000e+00
     vertex  1.853975e+02 -7.840000e+01  0.000000e+00
   endloop
 endfacet
 facet normal -0.000000e+00  0.000000e+00 -1.000000e+00
   outer loop
     vertex  1.871904e+02 -7.830165e+01  0.000000e+00
     vertex  1.853975e+02 -7.840000e+01  0.000000e+00
     vertex  1.853846e+02 -7.830165e+01  0.000000e+00
   endloop
 endfacet
 facet normal  0.000000e+00  0.000000e+00 -1.000000e+00
   outer loop
     vertex  1.872284e+02 -7.821000e+01  0.000000e+00
     vertex  1.871904e+02 -7.830165e+01  0.000000e+00
     vertex  1.853846e+02 -7.830165e+01  0.000000e+00
   endloop
 endfacet
 facet normal -0.000000e+00  0.000000e+00 -1.000000e+00
   outer loop
     vertex  1.872284e+02 -7.821000e+01  0.000000e+00
     vertex  1.853846e+02 -7.830165e+01  0.000000e+00
     vertex  1.853466e+02 -7.821000e+01  0.000000e+00
   endloop
 endfacet
 facet normal -0.000000e+00  0.000000e+00 -1.000000e+00
   outer loop
     vertex  1.936320e+02 -8.433589e+01  0.000000e+00
     vertex  1.853475e+02 -8.475000e+01  0.000000e+00
     vertex  1.852930e+02 -8.433589e+01  0.000000e+00
   endloop
 endfacet
 facet normal  0.000000e+00  0.000000e+00 -1.000000e+00
   outer loop
     vertex  1.936320e+02 -8.433589e+01  0.000000e+00
     vertex  1.935775e+02 -8.475000e+01  0.000000e+00
     vertex  1.853475e+02 -8.475000e+01  0.000000e+00
   endloop
 endfacet
 facet normal  0.000000e+00  0.000000e+00 -1.000000e+00
   outer loop
     vertex  1.860188e+02 -7.612870e+01  0.000000e+00
     vertex  1.851159e+02 -7.803295e+01  0.000000e+00
     vertex  1.850175e+02 -7.802000e+01  0.000000e+00
   endloop
 endfacet
 facet normal  0.000000e+00  0.000000e+00 -1.000000e+00
   outer loop
     vertex  1.860975e+02 -7.618909e+01  0.000000e+00
     vertex  1.852075e+02 -7.807091e+01  0.000000e+00
     vertex  1.851159e+02 -7.803295e+01  0.000000e+00
   endloop
 endfacet
 facet normal -0.000000e+00  0.000000e+00 -1.000000e+00
   outer loop
     vertex  1.860975e+02 -7.618909e+01  0.000000e+00
     vertex  1.851159e+02 -7.803295e+01  0.000000e+00
     vertex  1.860188e+02 -7.612870e+01  0.000000e+00
   endloop
 endfacet
 facet normal  0.000000e+00  0.000000e+00 -1.000000e+00
   outer loop
     vertex  1.859584e+02 -7.605000e+01  0.000000e+00
     vertex  1.850175e+02 -7.802000e+01  0.000000e+00
     vertex  1.849191e+02 -7.803295e+01  0.000000e+00
   endloop
 endfacet
 facet normal  0.000000e+00 -0.000000e+00 -1.000000e+00
   outer loop
     vertex  1.859584e+02 -7.605000e+01  0.000000e+00
     vertex  1.860188e+02 -7.612870e+01  0.000000e+00
     vertex  1.850175e+02 -7.802000e+01  0.000000e+00
   endloop
 endfacet
 facet normal -0.000000e+00  0.000000e+00 -1.000000e+00
   outer loop
     vertex  1.861891e+02 -7.622705e+01  0.000000e+00
     vertex  1.852075e+02 -7.807091e+01  0.000000e+00
     vertex  1.860975e+02 -7.618909e+01  0.000000e+00
   endloop
 endfacet
 facet normal  0.000000e+00  0.000000e+00 -1.000000e+00
   outer loop
     vertex  1.861891e+02 -7.622705e+01  0.000000e+00
     vertex  1.852862e+02 -7.813130e+01  0.000000e+00
     vertex  1.852075e+02 -7.807091e+01  0.000000e+00
   endloop
 endfacet
 facet normal  0.000000e+00 -0.000000e+00 -1.000000e+00
   outer loop
     vertex  1.859204e+02 -7.595835e+01  0.000000e+00
     vertex  1.859584e+02 -7.605000e+01  0.000000e+00
     vertex  1.849191e+02 -7.803295e+01  0.000000e+00
   endloop
 endfacet
 facet normal  0.000000e+00  0.000000e+00 -1.000000e+00
   outer loop
     vertex  1.859204e+02 -7.595835e+01  0.000000e+00
     vertex  1.849191e+02 -7.803295e+01  0.000000e+00
     vertex  1.848275e+02 -7.807091e+01  0.000000e+00
   endloop
 endfacet
 facet normal  0.000000e+00 -0.000000e+00 -1.000000e+00
   outer loop
     vertex  1.859075e+02 -7.586000e+01  0.000000e+00
     vertex  1.859204e+02 -7.595835e+01  0.000000e+00
     vertex  1.848275e+02 -7.807091e+01  0.000000e+00
   endloop
 endfacet
 facet normal  0.000000e+00  0.000000e+00 -1.000000e+00
   outer loop
     vertex  1.859075e+02 -7.586000e+01  0.000000e+00
     vertex  1.848275e+02 -7.807091e+01  0.000000e+00
     vertex  1.847488e+02 -7.813130e+01  0.000000e+00
   endloop
 endfacet
 facet normal -0.000000e+00  0.000000e+00 -1.000000e+00
   outer loop
     vertex  1.862875e+02 -7.624000e+01  0.000000e+00
     vertex  1.852862e+02 -7.813130e+01  0.000000e+00
     vertex  1.861891e+02 -7.622705e+01  0.000000e+00
   endloop
 endfacet
 facet normal  0.000000e+00 -0.000000e+00 -1.000000e+00
   outer loop
     vertex  1.862875e+02 -7.624000e+01  0.000000e+00
     vertex  1.872284e+02 -7.821000e+01  0.000000e+00
     vertex  1.853466e+02 -7.821000e+01  0.000000e+00
   endloop
 endfacet
 facet normal  0.000000e+00  0.000000e+00 -1.000000e+00
   outer loop
     vertex  1.862875e+02 -7.624000e+01  0.000000e+00
     vertex  1.853466e+02 -7.821000e+01  0.000000e+00
     vertex  1.852862e+02 -7.813130e+01  0.000000e+00
   endloop
 endfacet
 facet normal  0.000000e+00  0.000000e+00 -1.000000e+00
   outer loop
     vertex  1.862875e+02 -7.624000e+01  0.000000e+00
     vertex  1.872888e+02 -7.813130e+01  0.000000e+00
     vertex  1.872284e+02 -7.821000e+01  0.000000e+00
   endloop
 endfacet
 facet normal  0.000000e+00 -0.000000e+00 -1.000000e+00
   outer loop
     vertex  1.863859e+02 -7.622705e+01  0.000000e+00
     vertex  1.872888e+02 -7.813130e+01  0.000000e+00
     vertex  1.862875e+02 -7.624000e+01  0.000000e+00
   endloop
 endfacet
 facet normal  0.000000e+00  0.000000e+00 -1.000000e+00
   outer loop
     vertex  1.863859e+02 -7.622705e+01  0.000000e+00
     vertex  1.873675e+02 -7.807091e+01  0.000000e+00
     vertex  1.872888e+02 -7.813130e+01  0.000000e+00
   endloop
 endfacet
 facet normal  0.000000e+00  0.000000e+00 -1.000000e+00
   outer loop
     vertex  1.859204e+02 -7.576165e+01  0.000000e+00
     vertex  1.847488e+02 -7.813130e+01  0.000000e+00
     vertex  1.846884e+02 -7.821000e+01  0.000000e+00
   endloop
 endfacet
 facet normal  0.000000e+00  0.000000e+00 -1.000000e+00
   outer loop
     vertex  1.859204e+02 -7.576165e+01  0.000000e+00
     vertex  1.859075e+02 -7.586000e+01  0.000000e+00
     vertex  1.847488e+02 -7.813130e+01  0.000000e+00
   endloop
 endfacet
 facet normal  0.000000e+00  0.000000e+00 -1.000000e+00
   outer loop
     vertex  1.864775e+02 -7.618909e+01  0.000000e+00
     vertex  1.874591e+02 -7.803295e+01  0.000000e+00
     vertex  1.873675e+02 -7.807091e+01  0.000000e+00
   endloop
 endfacet
 facet normal  0.000000e+00 -0.000000e+00 -1.000000e+00
   outer loop
     vertex  1.864775e+02 -7.618909e+01  0.000000e+00
     vertex  1.873675e+02 -7.807091e+01  0.000000e+00
     vertex  1.863859e+02 -7.622705e+01  0.000000e+00
   endloop
 endfacet
 facet normal  0.000000e+00 -0.000000e+00 -1.000000e+00
   outer loop
     vertex  1.865562e+02 -7.612870e+01  0.000000e+00
     vertex  1.874591e+02 -7.803295e+01  0.000000e+00
     vertex  1.864775e+02 -7.618909e+01  0.000000e+00
   endloop
 endfacet
 facet normal  0.000000e+00  0.000000e+00 -1.000000e+00
   outer loop
     vertex  1.865562e+02 -7.612870e+01  0.000000e+00
     vertex  1.875575e+02 -7.802000e+01  0.000000e+00
     vertex  1.874591e+02 -7.803295e+01  0.000000e+00
   endloop
 endfacet
 facet normal  0.000000e+00 -0.000000e+00 -1.000000e+00
   outer loop
     vertex  1.866166e+02 -7.605000e+01  0.000000e+00
     vertex  1.875575e+02 -7.802000e+01  0.000000e+00
     vertex  1.865562e+02 -7.612870e+01  0.000000e+00
   endloop
 endfacet
 facet normal  0.000000e+00  0.000000e+00 -1.000000e+00
   outer loop
     vertex  1.899075e+02 -7.872909e+01  0.000000e+00
     vertex  1.877475e+02 -7.872909e+01  0.000000e+00
     vertex  1.878262e+02 -7.866870e+01  0.000000e+00
   endloop
 endfacet
 facet normal -0.000000e+00  0.000000e+00 -1.000000e+00
   outer loop
     vertex  1.899075e+02 -7.872909e+01  0.000000e+00
     vertex  1.876559e+02 -7.876705e+01  0.000000e+00
     vertex  1.877475e+02 -7.872909e+01  0.000000e+00
   endloop
 endfacet
 facet normal  0.000000e+00  0.000000e+00 -1.000000e+00
   outer loop
     vertex  1.899075e+02 -7.872909e+01  0.000000e+00
     vertex  1.878262e+02 -7.866870e+01  0.000000e+00
     vertex  1.898288e+02 -7.866870e+01  0.000000e+00
   endloop
 endfacet
 facet normal -0.000000e+00  0.000000e+00 -1.000000e+00
   outer loop
     vertex  1.897684e+02 -7.859000e+01  0.000000e+00
     vertex  1.878262e+02 -7.866870e+01  0.000000e+00
     vertex  1.878866e+02 -7.859000e+01  0.000000e+00
   endloop
 endfacet
 facet normal  0.000000e+00 -0.000000e+00 -1.000000e+00
   outer loop
     vertex  1.897684e+02 -7.859000e+01  0.000000e+00
     vertex  1.898288e+02 -7.866870e+01  0.000000e+00
     vertex  1.878262e+02 -7.866870e+01  0.000000e+00
   endloop
 endfacet
 facet normal  0.000000e+00  0.000000e+00 -1.000000e+00
   outer loop
     vertex  1.897684e+02 -7.859000e+01  0.000000e+00
     vertex  1.878866e+02 -7.859000e+01  0.000000e+00
     vertex  1.879246e+02 -7.849835e+01  0.000000e+00
   endloop
 endfacet
 facet normal  0.000000e+00  0.000000e+00 -1.000000e+00
   outer loop
     vertex  1.899991e+02 -7.876705e+01  0.000000e+00
     vertex  1.852930e+02 -8.433589e+01  0.000000e+00
     vertex  1.851331e+02 -8.395000e+01  0.000000e+00
   endloop
 endfacet
 facet normal -0.000000e+00  0.000000e+00 -1.000000e+00
   outer loop
     vertex  1.899991e+02 -7.876705e+01  0.000000e+00
     vertex  1.851331e+02 -8.395000e+01  0.000000e+00
     vertex  1.876559e+02 -7.876705e+01  0.000000e+00
   endloop
 endfacet
 facet normal  0.000000e+00 -0.000000e+00 -1.000000e+00
   outer loop
     vertex  1.899991e+02 -7.876705e+01  0.000000e+00
     vertex  1.936320e+02 -8.433589e+01  0.000000e+00
     vertex  1.852930e+02 -8.433589e+01  0.000000e+00
   endloop
 endfacet
 facet normal  0.000000e+00  0.000000e+00 -1.000000e+00
   outer loop
     vertex  1.899991e+02 -7.876705e+01  0.000000e+00
     vertex  1.876559e+02 -7.876705e+01  0.000000e+00
     vertex  1.899075e+02 -7.872909e+01  0.000000e+00
   endloop
 endfacet
 facet normal -0.000000e+00 -0.000000e+00 -1.000000e+00
   outer loop
     vertex  1.897304e+02 -7.849835e+01  0.000000e+00
     vertex  1.897684e+02 -7.859000e+01  0.000000e+00
     vertex  1.879246e+02 -7.849835e+01  0.000000e+00
   endloop
 endfacet
 facet normal -0.000000e+00 -0.000000e+00 -1.000000e+00
   outer loop
     vertex  1.900975e+02 -7.878000e+01  0.000000e+00
     vertex  1.936320e+02 -8.433589e+01  0.000000e+00
     vertex  1.899991e+02 -7.876705e+01  0.000000e+00
   endloop
 endfacet
 facet normal  0.000000e+00  0.000000e+00 -1.000000e+00
   outer loop
     vertex  1.900975e+02 -7.878000e+01  0.000000e+00
     vertex  1.937919e+02 -8.395000e+01  0.000000e+00
     vertex  1.936320e+02 -8.433589e+01  0.000000e+00
   endloop
 endfacet
 facet normal  0.000000e+00 -0.000000e+00 -1.000000e+00
   outer loop
     vertex  1.897175e+02 -7.840000e+01  0.000000e+00
     vertex  1.897304e+02 -7.849835e+01  0.000000e+00
     vertex  1.879246e+02 -7.849835e+01  0.000000e+00
   endloop
 endfacet
 facet normal -0.000000e+00  0.000000e+00 -1.000000e+00
   outer loop
     vertex  1.897175e+02 -7.840000e+01  0.000000e+00
     vertex  1.879246e+02 -7.849835e+01  0.000000e+00
     vertex  1.879375e+02 -7.840000e+01  0.000000e+00
   endloop
 endfacet
 facet normal  0.000000e+00  0.000000e+00 -1.000000e+00
   outer loop
     vertex  1.901959e+02 -7.876705e+01  0.000000e+00
     vertex  1.940461e+02 -8.361863e+01  0.000000e+00
     vertex  1.937919e+02 -8.395000e+01  0.000000e+00
   endloop
 endfacet
 facet normal  0.000000e+00 -0.000000e+00 -1.000000e+00
   outer loop
     vertex  1.901959e+02 -7.876705e+01  0.000000e+00
     vertex  1.937919e+02 -8.395000e+01  0.000000e+00
     vertex  1.900975e+02 -7.878000e+01  0.000000e+00
   endloop
 endfacet
 facet normal  0.000000e+00  0.000000e+00 -1.000000e+00
   outer loop
     vertex  1.897304e+02 -7.830165e+01  0.000000e+00
     vertex  1.897175e+02 -7.840000e+01  0.000000e+00
     vertex  1.879375e+02 -7.840000e+01  0.000000e+00
   endloop
 endfacet
 facet normal  0.000000e+00  0.000000e+00 -1.000000e+00
   outer loop
     vertex  1.897304e+02 -7.830165e+01  0.000000e+00
     vertex  1.879246e+02 -7.830165e+01  0.000000e+00
     vertex  1.878866e+02 -7.821000e+01  0.000000e+00
   endloop
 endfacet
 facet normal -0.000000e+00  0.000000e+00 -1.000000e+00
   outer loop
     vertex  1.897304e+02 -7.830165e+01  0.000000e+00
     vertex  1.879375e+02 -7.840000e+01  0.000000e+00
     vertex  1.879246e+02 -7.830165e+01  0.000000e+00
   endloop
 endfacet
 facet normal -0.000000e+00  0.000000e+00 -1.000000e+00
   outer loop
     vertex  1.897684e+02 -7.821000e+01  0.000000e+00
     vertex  1.897304e+02 -7.830165e+01  0.000000e+00
     vertex  1.878866e+02 -7.821000e+01  0.000000e+00
   endloop
 endfacet
 facet normal  0.000000e+00  0.000000e+00 -1.000000e+00
   outer loop
     vertex  1.885588e+02 -7.612870e+01  0.000000e+00
     vertex  1.876559e+02 -7.803295e+01  0.000000e+00
     vertex  1.875575e+02 -7.802000e+01  0.000000e+00
   endloop
 endfacet
 facet normal  0.000000e+00  0.000000e+00 -1.000000e+00
   outer loop
     vertex  1.884984e+02 -7.605000e+01  0.000000e+00
     vertex  1.866166e+02 -7.605000e+01  0.000000e+00
     vertex  1.866546e+02 -7.595835e+01  0.000000e+00
   endloop
 endfacet
 facet normal -0.000000e+00  0.000000e+00 -1.000000e+00
   outer loop
     vertex  1.884984e+02 -7.605000e+01  0.000000e+00
     vertex  1.875575e+02 -7.802000e+01  0.000000e+00
     vertex  1.866166e+02 -7.605000e+01  0.000000e+00
   endloop
 endfacet
 facet normal  0.000000e+00 -0.000000e+00 -1.000000e+00
   outer loop
     vertex  1.884984e+02 -7.605000e+01  0.000000e+00
     vertex  1.885588e+02 -7.612870e+01  0.000000e+00
     vertex  1.875575e+02 -7.802000e+01  0.000000e+00
   endloop
 endfacet
 facet normal -0.000000e+00  0.000000e+00 -1.000000e+00
   outer loop
     vertex  1.886375e+02 -7.618909e+01  0.000000e+00
     vertex  1.876559e+02 -7.803295e+01  0.000000e+00
     vertex  1.885588e+02 -7.612870e+01  0.000000e+00
   endloop
 endfacet
 facet normal  0.000000e+00  0.000000e+00 -1.000000e+00
   outer loop
     vertex  1.886375e+02 -7.618909e+01  0.000000e+00
     vertex  1.877475e+02 -7.807091e+01  0.000000e+00
     vertex  1.876559e+02 -7.803295e+01  0.000000e+00
   endloop
 endfacet
 facet normal -0.000000e+00 -0.000000e+00 -1.000000e+00
   outer loop
     vertex  1.884604e+02 -7.595835e+01  0.000000e+00
     vertex  1.884984e+02 -7.605000e+01  0.000000e+00
     vertex  1.866546e+02 -7.595835e+01  0.000000e+00
   endloop
 endfacet
 facet normal -0.000000e+00  0.000000e+00 -1.000000e+00
   outer loop
     vertex  1.887291e+02 -7.622705e+01  0.000000e+00
     vertex  1.877475e+02 -7.807091e+01  0.000000e+00
     vertex  1.886375e+02 -7.618909e+01  0.000000e+00
   endloop
 endfacet
 facet normal  0.000000e+00  0.000000e+00 -1.000000e+00
   outer loop
     vertex  1.887291e+02 -7.622705e+01  0.000000e+00
     vertex  1.878262e+02 -7.813130e+01  0.000000e+00
     vertex  1.877475e+02 -7.807091e+01  0.000000e+00
   endloop
 endfacet
 facet normal -0.000000e+00  0.000000e+00 -1.000000e+00
   outer loop
     vertex  1.884475e+02 -7.586000e+01  0.000000e+00
     vertex  1.866546e+02 -7.595835e+01  0.000000e+00
     vertex  1.866675e+02 -7.586000e+01  0.000000e+00
   endloop
 endfacet
 facet normal  0.000000e+00 -0.000000e+00 -1.000000e+00
   outer loop
     vertex  1.884475e+02 -7.586000e+01  0.000000e+00
     vertex  1.884604e+02 -7.595835e+01  0.000000e+00
     vertex  1.866546e+02 -7.595835e+01  0.000000e+00
   endloop
 endfacet
 facet normal -0.000000e+00  0.000000e+00 -1.000000e+00
   outer loop
     vertex  1.888275e+02 -7.624000e+01  0.000000e+00
     vertex  1.878262e+02 -7.813130e+01  0.000000e+00
     vertex  1.887291e+02 -7.622705e+01  0.000000e+00
   endloop
 endfacet
 facet normal  0.000000e+00 -0.000000e+00 -1.000000e+00
   outer loop
     vertex  1.888275e+02 -7.624000e+01  0.000000e+00
     vertex  1.897684e+02 -7.821000e+01  0.000000e+00
     vertex  1.878866e+02 -7.821000e+01  0.000000e+00
   endloop
 endfacet
 facet normal  0.000000e+00  0.000000e+00 -1.000000e+00
   outer loop
     vertex  1.888275e+02 -7.624000e+01  0.000000e+00
     vertex  1.898288e+02 -7.813130e+01  0.000000e+00
     vertex  1.897684e+02 -7.821000e+01  0.000000e+00
   endloop
 endfacet
 facet normal  0.000000e+00  0.000000e+00 -1.000000e+00
   outer loop
     vertex  1.888275e+02 -7.624000e+01  0.000000e+00
     vertex  1.878866e+02 -7.821000e+01  0.000000e+00
     vertex  1.878262e+02 -7.813130e+01  0.000000e+00
   endloop
 endfacet
 facet normal  0.000000e+00  0.000000e+00 -1.000000e+00
   outer loop
     vertex  1.884604e+02 -7.576165e+01  0.000000e+00
     vertex  1.866546e+02 -7.576165e+01  0.000000e+00
     vertex  1.866166e+02 -7.567000e+01  0.000000e+00
   endloop
 endfacet
 facet normal -0.000000e+00  0.000000e+00 -1.000000e+00
   outer loop
     vertex  1.884604e+02 -7.576165e+01  0.000000e+00
     vertex  1.866675e+02 -7.586000e+01  0.000000e+00
     vertex  1.866546e+02 -7.576165e+01  0.000000e+00
   endloop
 endfacet
 facet normal  0.000000e+00  0.000000e+00 -1.000000e+00
   outer loop
     vertex  1.884604e+02 -7.576165e+01  0.000000e+00
     vertex  1.884475e+02 -7.586000e+01  0.000000e+00
     vertex  1.866675e+02 -7.586000e+01  0.000000e+00
   endloop
 endfacet
 facet normal  0.000000e+00 -0.000000e+00 -1.000000e+00
   outer loop
     vertex  1.889259e+02 -7.622705e+01  0.000000e+00
     vertex  1.898288e+02 -7.813130e+01  0.000000e+00
     vertex  1.888275e+02 -7.624000e+01  0.000000e+00
   endloop
 endfacet
 facet normal  0.000000e+00  0.000000e+00 -1.000000e+00
   outer loop
     vertex  1.889259e+02 -7.622705e+01  0.000000e+00
     vertex  1.899075e+02 -7.807091e+01  0.000000e+00
     vertex  1.898288e+02 -7.813130e+01  0.000000e+00
   endloop
 endfacet
 facet normal  0.000000e+00  0.000000e+00 -1.000000e+00
   outer loop
     vertex  1.884984e+02 -7.567000e+01  0.000000e+00
     vertex  1.884604e+02 -7.576165e+01  0.000000e+00
     vertex  1.866166e+02 -7.567000e+01  0.000000e+00
   endloop
 endfacet
 facet normal  0.000000e+00  0.000000e+00 -1.000000e+00
   outer loop
     vertex  1.890175e+02 -7.618909e+01  0.000000e+00
     vertex  1.899991e+02 -7.803295e+01  0.000000e+00
     vertex  1.899075e+02 -7.807091e+01  0.000000e+00
   endloop
 endfacet
 facet normal  0.000000e+00 -0.000000e+00 -1.000000e+00
   outer loop
     vertex  1.890175e+02 -7.618909e+01  0.000000e+00
     vertex  1.899075e+02 -7.807091e+01  0.000000e+00
     vertex  1.889259e+02 -7.622705e+01  0.000000e+00
   endloop
 endfacet
 facet normal  0.000000e+00  0.000000e+00 -1.000000e+00
   outer loop
     vertex  1.885588e+02 -7.559130e+01  0.000000e+00
     vertex  1.866166e+02 -7.567000e+01  0.000000e+00
     vertex  1.865562e+02 -7.559130e+01  0.000000e+00
   endloop
 endfacet
 facet normal  0.000000e+00  0.000000e+00 -1.000000e+00
   outer loop
     vertex  1.885588e+02 -7.559130e+01  0.000000e+00
     vertex  1.884984e+02 -7.567000e+01  0.000000e+00
     vertex  1.866166e+02 -7.567000e+01  0.000000e+00
   endloop
 endfacet
 facet normal  0.000000e+00 -0.000000e+00 -1.000000e+00
   outer loop
     vertex  1.890962e+02 -7.612870e+01  0.000000e+00
     vertex  1.899991e+02 -7.803295e+01  0.000000e+00
     vertex  1.890175e+02 -7.618909e+01  0.000000e+00
   endloop
 endfacet
 facet normal  0.000000e+00  0.000000e+00 -1.000000e+00
   outer loop
     vertex  1.890962e+02 -7.612870e+01  0.000000e+00
     vertex  1.900975e+02 -7.802000e+01  0.000000e+00
     vertex  1.899991e+02 -7.803295e+01  0.000000e+00
   endloop
 endfacet
 facet normal -0.000000e+00  0.000000e+00 -1.000000e+00
   outer loop
     vertex  1.886375e+02 -7.553091e+01  0.000000e+00
     vertex  1.864775e+02 -7.553091e+01  0.000000e+00
     vertex  1.863859e+02 -7.549295e+01  0.000000e+00
   endloop
 endfacet
 facet normal  0.000000e+00  0.000000e+00 -1.000000e+00
   outer loop
     vertex  1.886375e+02 -7.553091e+01  0.000000e+00
     vertex  1.865562e+02 -7.559130e+01  0.000000e+00
     vertex  1.864775e+02 -7.553091e+01  0.000000e+00
   endloop
 endfacet
 facet normal  0.000000e+00  0.000000e+00 -1.000000e+00
   outer loop
     vertex  1.886375e+02 -7.553091e+01  0.000000e+00
     vertex  1.885588e+02 -7.559130e+01  0.000000e+00
     vertex  1.865562e+02 -7.559130e+01  0.000000e+00
   endloop
 endfacet
 facet normal  0.000000e+00 -0.000000e+00 -1.000000e+00
   outer loop
     vertex  1.891566e+02 -7.605000e+01  0.000000e+00
     vertex  1.900975e+02 -7.802000e+01  0.000000e+00
     vertex  1.890962e+02 -7.612870e+01  0.000000e+00
   endloop
 endfacet
 facet normal  0.000000e+00  0.000000e+00 -1.000000e+00
   outer loop
     vertex  1.887291e+02 -7.549295e+01  0.000000e+00
     vertex  1.886375e+02 -7.553091e+01  0.000000e+00
     vertex  1.863859e+02 -7.549295e+01  0.000000e+00
   endloop
 endfacet
 facet normal  0.000000e+00  0.000000e+00 -1.000000e+00
   outer loop
     vertex  1.923688e+02 -7.866870e+01  0.000000e+00
     vertex  1.902875e+02 -7.872909e+01  0.000000e+00
     vertex  1.903662e+02 -7.866870e+01  0.000000e+00
   endloop
 endfacet
 facet normal  0.000000e+00 -0.000000e+00 -1.000000e+00
   outer loop
     vertex  1.923084e+02 -7.859000e+01  0.000000e+00
     vertex  1.923688e+02 -7.866870e+01  0.000000e+00
     vertex  1.903662e+02 -7.866870e+01  0.000000e+00
   endloop
 endfacet
 facet normal -0.000000e+00  0.000000e+00 -1.000000e+00
   outer loop
     vertex  1.923084e+02 -7.859000e+01  0.000000e+00
     vertex  1.903662e+02 -7.866870e+01  0.000000e+00
     vertex  1.904266e+02 -7.859000e+01  0.000000e+00
   endloop
 endfacet
 facet normal -0.000000e+00  0.000000e+00 -1.000000e+00
   outer loop
     vertex  1.924475e+02 -7.872909e+01  0.000000e+00
     vertex  1.902875e+02 -7.872909e+01  0.000000e+00
     vertex  1.923688e+02 -7.866870e+01  0.000000e+00
   endloop
 endfacet
 facet normal -0.000000e+00 -0.000000e+00 -1.000000e+00
   outer loop
     vertex  1.925391e+02 -7.876705e+01  0.000000e+00
     vertex  1.940461e+02 -8.361863e+01  0.000000e+00
     vertex  1.901959e+02 -7.876705e+01  0.000000e+00
   endloop
 endfacet
 facet normal  0.000000e+00  0.000000e+00 -1.000000e+00
   outer loop
     vertex  1.925391e+02 -7.876705e+01  0.000000e+00
     vertex  1.902875e+02 -7.872909e+01  0.000000e+00
     vertex  1.924475e+02 -7.872909e+01  0.000000e+00
   endloop
 endfacet
 facet normal  0.000000e+00  0.000000e+00 -1.000000e+00
   outer loop
     vertex  1.925391e+02 -7.876705e+01  0.000000e+00
     vertex  1.901959e+02 -7.876705e+01  0.000000e+00
     vertex  1.902875e+02 -7.872909e+01  0.000000e+00
   endloop
 endfacet
 facet normal  0.000000e+00 -0.000000e+00 -1.000000e+00
   outer loop
     vertex  1.922704e+02 -7.849835e+01  0.000000e+00
     vertex  1.923084e+02 -7.859000e+01  0.000000e+00
     vertex  1.904266e+02 -7.859000e+01  0.000000e+00
   endloop
 endfacet
 facet normal -0.000000e+00  0.000000e+00 -1.000000e+00
   outer loop
     vertex  1.922704e+02 -7.849835e+01  0.000000e+00
     vertex  1.904646e+02 -7.849835e+01  0.000000e+00
     vertex  1.904775e+02 -7.840000e+01  0.000000e+00
   endloop
 endfacet
 facet normal  0.000000e+00  0.000000e+00 -1.000000e+00
   outer loop
     vertex  1.922704e+02 -7.849835e+01  0.000000e+00
     vertex  1.904266e+02 -7.859000e+01  0.000000e+00
     vertex  1.904646e+02 -7.849835e+01  0.000000e+00
   endloop
 endfacet
 facet normal  0.000000e+00  0.000000e+00 -1.000000e+00
   outer loop
     vertex  1.926375e+02 -7.878000e+01  0.000000e+00
     vertex  1.943775e+02 -8.336436e+01  0.000000e+00
     vertex  1.940461e+02 -8.361863e+01  0.000000e+00
   endloop
 endfacet
 facet normal -0.000000e+00 -0.000000e+00 -1.000000e+00
   outer loop
     vertex  1.926375e+02 -7.878000e+01  0.000000e+00
     vertex  1.940461e+02 -8.361863e+01  0.000000e+00
     vertex  1.925391e+02 -7.876705e+01  0.000000e+00
   endloop
 endfacet
 facet normal  0.000000e+00 -0.000000e+00 -1.000000e+00
   outer loop
     vertex  1.922575e+02 -7.840000e+01  0.000000e+00
     vertex  1.922704e+02 -7.849835e+01  0.000000e+00
     vertex  1.904775e+02 -7.840000e+01  0.000000e+00
   endloop
 endfacet
 facet normal  0.000000e+00  0.000000e+00 -1.000000e+00
   outer loop
     vertex  1.927359e+02 -7.876705e+01  0.000000e+00
     vertex  1.947634e+02 -8.320452e+01  0.000000e+00
     vertex  1.943775e+02 -8.336436e+01  0.000000e+00
   endloop
 endfacet
 facet normal  0.000000e+00 -0.000000e+00 -1.000000e+00
   outer loop
     vertex  1.927359e+02 -7.876705e+01  0.000000e+00
     vertex  1.943775e+02 -8.336436e+01  0.000000e+00
     vertex  1.926375e+02 -7.878000e+01  0.000000e+00
   endloop
 endfacet
 facet normal  0.000000e+00  0.000000e+00 -1.000000e+00
   outer loop
     vertex  1.922704e+02 -7.830165e+01  0.000000e+00
     vertex  1.922575e+02 -7.840000e+01  0.000000e+00
     vertex  1.904775e+02 -7.840000e+01  0.000000e+00
   endloop
 endfacet
 facet normal  0.000000e+00  0.000000e+00 -1.000000e+00
   outer loop
     vertex  1.922704e+02 -7.830165e+01  0.000000e+00
     vertex  1.904775e+02 -7.840000e+01  0.000000e+00
     vertex  1.904646e+02 -7.830165e+01  0.000000e+00
   endloop
 endfacet
 facet normal  0.000000e+00  0.000000e+00 -1.000000e+00
   outer loop
     vertex  1.923084e+02 -7.821000e+01  0.000000e+00
     vertex  1.922704e+02 -7.830165e+01  0.000000e+00
     vertex  1.904646e+02 -7.830165e+01  0.000000e+00
   endloop
 endfacet
 facet normal  0.000000e+00  0.000000e+00 -1.000000e+00
   outer loop
     vertex  1.923084e+02 -7.821000e+01  0.000000e+00
     vertex  1.904646e+02 -7.830165e+01  0.000000e+00
     vertex  1.904266e+02 -7.821000e+01  0.000000e+00
   endloop
 endfacet
 facet normal  0.000000e+00 -0.000000e+00 -1.000000e+00
   outer loop
     vertex  1.928275e+02 -7.872909e+01  0.000000e+00
     vertex  1.947634e+02 -8.320452e+01  0.000000e+00
     vertex  1.927359e+02 -7.876705e+01  0.000000e+00
   endloop
 endfacet
 facet normal  0.000000e+00 -0.000000e+00 -1.000000e+00
   outer loop
     vertex  1.929062e+02 -7.866870e+01  0.000000e+00
     vertex  1.947634e+02 -8.320452e+01  0.000000e+00
     vertex  1.928275e+02 -7.872909e+01  0.000000e+00
   endloop
 endfacet
 facet normal  0.000000e+00  0.000000e+00 -1.000000e+00
   outer loop
     vertex  1.929062e+02 -7.866870e+01  0.000000e+00
     vertex  1.951775e+02 -8.315000e+01  0.000000e+00
     vertex  1.947634e+02 -8.320452e+01  0.000000e+00
   endloop
 endfacet
 facet normal -0.000000e+00  0.000000e+00 -1.000000e+00
   outer loop
     vertex  1.714990e+02 -5.714823e+01  0.000000e+00
     vertex  1.693000e+02 -8.448000e+01  0.000000e+00
     vertex  1.693000e+02 -5.588000e+01  0.000000e+00
   endloop
 endfacet
 facet normal -0.000000e+00 -0.000000e+00 -1.000000e+00
   outer loop
     vertex  1.712455e+02 -5.689307e+01  0.000000e+00
     vertex  1.714990e+02 -5.714823e+01  0.000000e+00
     vertex  1.693000e+02 -5.588000e+01  0.000000e+00
   endloop
 endfacet
 facet normal  0.000000e+00  0.000000e+00 -1.000000e+00
   outer loop
     vertex  1.929666e+02 -7.859000e+01  0.000000e+00
     vertex  1.955916e+02 -8.320452e+01  0.000000e+00
     vertex  1.951775e+02 -8.315000e+01  0.000000e+00
   endloop
 endfacet
 facet normal  0.000000e+00 -0.000000e+00 -1.000000e+00
   outer loop
     vertex  1.929666e+02 -7.859000e+01  0.000000e+00
     vertex  1.951775e+02 -8.315000e+01  0.000000e+00
     vertex  1.929062e+02 -7.866870e+01  0.000000e+00
   endloop
 endfacet
 facet normal -0.000000e+00  0.000000e+00 -1.000000e+00
   outer loop
     vertex  1.718032e+02 -5.734030e+01  0.000000e+00
     vertex  1.693000e+02 -8.448000e+01  0.000000e+00
     vertex  1.714990e+02 -5.714823e+01  0.000000e+00
   endloop
 endfacet
 facet normal -0.000000e+00 -0.000000e+00 -1.000000e+00
   outer loop
     vertex  1.710553e+02 -5.658772e+01  0.000000e+00
     vertex  1.712455e+02 -5.689307e+01  0.000000e+00
     vertex  1.693000e+02 -5.588000e+01  0.000000e+00
   endloop
 endfacet
 facet normal  0.000000e+00 -0.000000e+00 -1.000000e+00
   outer loop
     vertex  1.930046e+02 -7.849835e+01  0.000000e+00
     vertex  1.955916e+02 -8.320452e+01  0.000000e+00
     vertex  1.929666e+02 -7.859000e+01  0.000000e+00
   endloop
 endfacet
 facet normal -0.000000e+00  0.000000e+00 -1.000000e+00
   outer loop
     vertex  1.721426e+02 -5.745956e+01  0.000000e+00
     vertex  1.693000e+02 -8.448000e+01  0.000000e+00
     vertex  1.718032e+02 -5.734030e+01  0.000000e+00
   endloop
 endfacet
 facet normal -0.000000e+00 -0.000000e+00 -1.000000e+00
   outer loop
     vertex  1.709382e+02 -5.624761e+01  0.000000e+00
     vertex  1.710553e+02 -5.658772e+01  0.000000e+00
     vertex  1.693000e+02 -5.588000e+01  0.000000e+00
   endloop
 endfacet
 facet normal  0.000000e+00  0.000000e+00 -1.000000e+00
   outer loop
     vertex  1.910988e+02 -7.612870e+01  0.000000e+00
     vertex  1.901959e+02 -7.803295e+01  0.000000e+00
     vertex  1.900975e+02 -7.802000e+01  0.000000e+00
   endloop
 endfacet
 facet normal -0.000000e+00  0.000000e+00 -1.000000e+00
   outer loop
     vertex  1.911775e+02 -7.618909e+01  0.000000e+00
     vertex  1.901959e+02 -7.803295e+01  0.000000e+00
     vertex  1.910988e+02 -7.612870e+01  0.000000e+00
   endloop
 endfacet
 facet normal  0.000000e+00  0.000000e+00 -1.000000e+00
   outer loop
     vertex  1.911775e+02 -7.618909e+01  0.000000e+00
     vertex  1.902875e+02 -7.807091e+01  0.000000e+00
     vertex  1.901959e+02 -7.803295e+01  0.000000e+00
   endloop
 endfacet
 facet normal -0.000000e+00  0.000000e+00 -1.000000e+00
   outer loop
     vertex  1.910384e+02 -7.605000e+01  0.000000e+00
     vertex  1.900975e+02 -7.802000e+01  0.000000e+00
     vertex  1.891566e+02 -7.605000e+01  0.000000e+00
   endloop
 endfacet
 facet normal  0.000000e+00 -0.000000e+00 -1.000000e+00
   outer loop
     vertex  1.910384e+02 -7.605000e+01  0.000000e+00
     vertex  1.910988e+02 -7.612870e+01  0.000000e+00
     vertex  1.900975e+02 -7.802000e+01  0.000000e+00
   endloop
 endfacet
 facet normal -0.000000e+00  0.000000e+00 -1.000000e+00
   outer loop
     vertex  1.725000e+02 -5.750000e+01  0.000000e+00
     vertex  1.693000e+02 -8.448000e+01  0.000000e+00
     vertex  1.721426e+02 -5.745956e+01  0.000000e+00
   endloop
 endfacet
 facet normal  0.000000e+00  0.000000e+00 -1.000000e+00
   outer loop
     vertex  1.709000e+02 -5.588992e+01  0.000000e+00
     vertex  1.693000e+02 -5.588000e+01  0.000000e+00
     vertex  1.693802e+02 -5.516793e+01  0.000000e+00
   endloop
 endfacet
 facet normal -0.000000e+00 -0.000000e+00 -1.000000e+00
   outer loop
     vertex  1.709000e+02 -5.588992e+01  0.000000e+00
     vertex  1.709382e+02 -5.624761e+01  0.000000e+00
     vertex  1.693000e+02 -5.588000e+01  0.000000e+00
   endloop
 endfacet
 facet normal -0.000000e+00  0.000000e+00 -1.000000e+00
   outer loop
     vertex  1.912691e+02 -7.622705e+01  0.000000e+00
     vertex  1.902875e+02 -7.807091e+01  0.000000e+00
     vertex  1.911775e+02 -7.618909e+01  0.000000e+00
   endloop
 endfacet
 facet normal  0.000000e+00  0.000000e+00 -1.000000e+00
   outer loop
     vertex  1.912691e+02 -7.622705e+01  0.000000e+00
     vertex  1.903662e+02 -7.813130e+01  0.000000e+00
     vertex  1.902875e+02 -7.807091e+01  0.000000e+00
   endloop
 endfacet
 facet normal -0.000000e+00  0.000000e+00 -1.000000e+00
   outer loop
     vertex  1.910004e+02 -7.595835e+01  0.000000e+00
     vertex  1.891566e+02 -7.605000e+01  0.000000e+00
     vertex  1.891946e+02 -7.595835e+01  0.000000e+00
   endloop
 endfacet
 facet normal  0.000000e+00 -0.000000e+00 -1.000000e+00
   outer loop
     vertex  1.910004e+02 -7.595835e+01  0.000000e+00
     vertex  1.910384e+02 -7.605000e+01  0.000000e+00
     vertex  1.891566e+02 -7.605000e+01  0.000000e+00
   endloop
 endfacet
 facet normal  0.000000e+00  0.000000e+00 -1.000000e+00
   outer loop
     vertex  1.913675e+02 -7.624000e+01  0.000000e+00
     vertex  1.923688e+02 -7.813130e+01  0.000000e+00
     vertex  1.923084e+02 -7.821000e+01  0.000000e+00
   endloop
 endfacet
 facet normal -0.000000e+00  0.000000e+00 -1.000000e+00
   outer loop
     vertex  1.913675e+02 -7.624000e+01  0.000000e+00
     vertex  1.903662e+02 -7.813130e+01  0.000000e+00
     vertex  1.912691e+02 -7.622705e+01  0.000000e+00
   endloop
 endfacet
 facet normal  0.000000e+00  0.000000e+00 -1.000000e+00
   outer loop
     vertex  1.913675e+02 -7.624000e+01  0.000000e+00
     vertex  1.904266e+02 -7.821000e+01  0.000000e+00
     vertex  1.903662e+02 -7.813130e+01  0.000000e+00
   endloop
 endfacet
 facet normal  0.000000e+00 -0.000000e+00 -1.000000e+00
   outer loop
     vertex  1.913675e+02 -7.624000e+01  0.000000e+00
     vertex  1.923084e+02 -7.821000e+01  0.000000e+00
     vertex  1.904266e+02 -7.821000e+01  0.000000e+00
   endloop
 endfacet
 facet normal  0.000000e+00 -0.000000e+00 -1.000000e+00
   outer loop
     vertex  1.909875e+02 -7.586000e+01  0.000000e+00
     vertex  1.910004e+02 -7.595835e+01  0.000000e+00
     vertex  1.891946e+02 -7.595835e+01  0.000000e+00
   endloop
 endfacet
 facet normal  0.000000e+00  0.000000e+00 -1.000000e+00
   outer loop
     vertex  1.909875e+02 -7.586000e+01  0.000000e+00
     vertex  1.892075e+02 -7.586000e+01  0.000000e+00
     vertex  1.891946e+02 -7.576165e+01  0.000000e+00
   endloop
 endfacet
 facet normal -0.000000e+00  0.000000e+00 -1.000000e+00
   outer loop
     vertex  1.909875e+02 -7.586000e+01  0.000000e+00
     vertex  1.891946e+02 -7.595835e+01  0.000000e+00
     vertex  1.892075e+02 -7.586000e+01  0.000000e+00
   endloop
 endfacet
 facet normal  0.000000e+00  0.000000e+00 -1.000000e+00
   outer loop
     vertex  1.914659e+02 -7.622705e+01  0.000000e+00
     vertex  1.924475e+02 -7.807091e+01  0.000000e+00
     vertex  1.923688e+02 -7.813130e+01  0.000000e+00
   endloop
 endfacet
 facet normal  0.000000e+00 -0.000000e+00 -1.000000e+00
   outer loop
     vertex  1.914659e+02 -7.622705e+01  0.000000e+00
     vertex  1.923688e+02 -7.813130e+01  0.000000e+00
     vertex  1.913675e+02 -7.624000e+01  0.000000e+00
   endloop
 endfacet
 facet normal -0.000000e+00  0.000000e+00 -1.000000e+00
   outer loop
     vertex  1.910004e+02 -7.576165e+01  0.000000e+00
     vertex  1.909875e+02 -7.586000e+01  0.000000e+00
     vertex  1.891946e+02 -7.576165e+01  0.000000e+00
   endloop
 endfacet
 facet normal  0.000000e+00  0.000000e+00 -1.000000e+00
   outer loop
     vertex  1.915575e+02 -7.618909e+01  0.000000e+00
     vertex  1.925391e+02 -7.803295e+01  0.000000e+00
     vertex  1.924475e+02 -7.807091e+01  0.000000e+00
   endloop
 endfacet
 facet normal  0.000000e+00 -0.000000e+00 -1.000000e+00
   outer loop
     vertex  1.915575e+02 -7.618909e+01  0.000000e+00
     vertex  1.924475e+02 -7.807091e+01  0.000000e+00
     vertex  1.914659e+02 -7.622705e+01  0.000000e+00
   endloop
 endfacet
 facet normal  0.000000e+00  0.000000e+00 -1.000000e+00
   outer loop
     vertex  1.910384e+02 -7.567000e+01  0.000000e+00
     vertex  1.910004e+02 -7.576165e+01  0.000000e+00
     vertex  1.891946e+02 -7.576165e+01  0.000000e+00
   endloop
 endfacet
 facet normal  0.000000e+00  0.000000e+00 -1.000000e+00
   outer loop
     vertex  1.910384e+02 -7.567000e+01  0.000000e+00
     vertex  1.891566e+02 -7.567000e+01  0.000000e+00
     vertex  1.890962e+02 -7.559130e+01  0.000000e+00
   endloop
 endfacet
 facet normal -0.000000e+00  0.000000e+00 -1.000000e+00
   outer loop
     vertex  1.910384e+02 -7.567000e+01  0.000000e+00
     vertex  1.891946e+02 -7.576165e+01  0.000000e+00
     vertex  1.891566e+02 -7.567000e+01  0.000000e+00
   endloop
 endfacet
 facet normal -0.000000e+00  0.000000e+00 -1.000000e+00
   outer loop
     vertex  1.709443e+02 -5.550599e+01  0.000000e+00
     vertex  1.709000e+02 -5.588992e+01  0.000000e+00
     vertex  1.693802e+02 -5.516793e+01  0.000000e+00
   endloop
 endfacet
 facet normal  0.000000e+00  0.000000e+00 -1.000000e+00
   outer loop
     vertex  1.709443e+02 -5.550599e+01  0.000000e+00
     vertex  1.693802e+02 -5.516793e+01  0.000000e+00
     vertex  1.696169e+02 -5.449157e+01  0.000000e+00
   endloop
 endfacet
 facet normal  0.000000e+00  0.000000e+00 -1.000000e+00
   outer loop
     vertex  1.916362e+02 -7.612870e+01  0.000000e+00
     vertex  1.926375e+02 -7.802000e+01  0.000000e+00
     vertex  1.925391e+02 -7.803295e+01  0.000000e+00
   endloop
 endfacet
 facet normal  0.000000e+00 -0.000000e+00 -1.000000e+00
   outer loop
     vertex  1.916362e+02 -7.612870e+01  0.000000e+00
     vertex  1.925391e+02 -7.803295e+01  0.000000e+00
     vertex  1.915575e+02 -7.618909e+01  0.000000e+00
   endloop
 endfacet
 facet normal -0.000000e+00  0.000000e+00 -1.000000e+00
   outer loop
     vertex  1.910988e+02 -7.559130e+01  0.000000e+00
     vertex  1.910384e+02 -7.567000e+01  0.000000e+00
     vertex  1.890962e+02 -7.559130e+01  0.000000e+00
   endloop
 endfacet
 facet normal  0.000000e+00 -0.000000e+00 -1.000000e+00
   outer loop
     vertex  1.916966e+02 -7.605000e+01  0.000000e+00
     vertex  1.926375e+02 -7.802000e+01  0.000000e+00
     vertex  1.916362e+02 -7.612870e+01  0.000000e+00
   endloop
 endfacet
 facet normal -0.000000e+00  0.000000e+00 -1.000000e+00
   outer loop
     vertex  1.911775e+02 -7.553091e+01  0.000000e+00
     vertex  1.890962e+02 -7.559130e+01  0.000000e+00
     vertex  1.890175e+02 -7.553091e+01  0.000000e+00
   endloop
 endfacet
 facet normal  0.000000e+00  0.000000e+00 -1.000000e+00
   outer loop
     vertex  1.911775e+02 -7.553091e+01  0.000000e+00
     vertex  1.910988e+02 -7.559130e+01  0.000000e+00
     vertex  1.890962e+02 -7.559130e+01  0.000000e+00
   endloop
 endfacet
 facet normal -0.000000e+00  0.000000e+00 -1.000000e+00
   outer loop
     vertex  1.912691e+02 -7.549295e+01  0.000000e+00
     vertex  1.890175e+02 -7.553091e+01  0.000000e+00
     vertex  1.889259e+02 -7.549295e+01  0.000000e+00
   endloop
 endfacet
 facet normal  0.000000e+00  0.000000e+00 -1.000000e+00
   outer loop
     vertex  1.912691e+02 -7.549295e+01  0.000000e+00
     vertex  1.911775e+02 -7.553091e+01  0.000000e+00
     vertex  1.890175e+02 -7.553091e+01  0.000000e+00
   endloop
 endfacet
 facet normal -0.000000e+00  0.000000e+00 -1.000000e+00
   outer loop
     vertex  1.710794e+02 -5.514389e+01  0.000000e+00
     vertex  1.709443e+02 -5.550599e+01  0.000000e+00
     vertex  1.696169e+02 -5.449157e+01  0.000000e+00
   endloop
 endfacet
 facet normal  0.000000e+00 -0.000000e+00 -1.000000e+00
   outer loop
     vertex  1.699981e+02 -5.388483e+01  0.000000e+00
     vertex  1.710794e+02 -5.514389e+01  0.000000e+00
     vertex  1.696169e+02 -5.449157e+01  0.000000e+00
   endloop
 endfacet
 facet normal -0.000000e+00  0.000000e+00 -1.000000e+00
   outer loop
     vertex  1.712973e+02 -5.482473e+01  0.000000e+00
     vertex  1.710794e+02 -5.514389e+01  0.000000e+00
     vertex  1.699981e+02 -5.388483e+01  0.000000e+00
   endloop
 endfacet
 facet normal  0.000000e+00  0.000000e+00 -1.000000e+00
   outer loop
     vertex  1.705048e+02 -5.337814e+01  0.000000e+00
     vertex  1.715855e+02 -5.456714e+01  0.000000e+00
     vertex  1.712973e+02 -5.482473e+01  0.000000e+00
   endloop
 endfacet
 facet normal  0.000000e+00 -0.000000e+00 -1.000000e+00
   outer loop
     vertex  1.705048e+02 -5.337814e+01  0.000000e+00
     vertex  1.712973e+02 -5.482473e+01  0.000000e+00
     vertex  1.699981e+02 -5.388483e+01  0.000000e+00
   endloop
 endfacet
 facet normal  0.000000e+00  0.000000e+00 -1.000000e+00
   outer loop
     vertex  1.936388e+02 -7.612870e+01  0.000000e+00
     vertex  1.927359e+02 -7.803295e+01  0.000000e+00
     vertex  1.926375e+02 -7.802000e+01  0.000000e+00
   endloop
 endfacet
 facet normal  0.000000e+00  0.000000e+00 -1.000000e+00
   outer loop
     vertex  1.937175e+02 -7.618909e+01  0.000000e+00
     vertex  1.928275e+02 -7.807091e+01  0.000000e+00
     vertex  1.927359e+02 -7.803295e+01  0.000000e+00
   endloop
 endfacet
 facet normal -0.000000e+00  0.000000e+00 -1.000000e+00
   outer loop
     vertex  1.937175e+02 -7.618909e+01  0.000000e+00
     vertex  1.927359e+02 -7.803295e+01  0.000000e+00
     vertex  1.936388e+02 -7.612870e+01  0.000000e+00
   endloop
 endfacet
 facet normal -0.000000e+00  0.000000e+00 -1.000000e+00
   outer loop
     vertex  1.935784e+02 -7.605000e+01  0.000000e+00
     vertex  1.926375e+02 -7.802000e+01  0.000000e+00
     vertex  1.916966e+02 -7.605000e+01  0.000000e+00
   endloop
 endfacet
 facet normal  0.000000e+00 -0.000000e+00 -1.000000e+00
   outer loop
     vertex  1.935784e+02 -7.605000e+01  0.000000e+00
     vertex  1.936388e+02 -7.612870e+01  0.000000e+00
     vertex  1.926375e+02 -7.802000e+01  0.000000e+00
   endloop
 endfacet
 facet normal  0.000000e+00  0.000000e+00 -1.000000e+00
   outer loop
     vertex  1.938091e+02 -7.622705e+01  0.000000e+00
     vertex  1.929062e+02 -7.813130e+01  0.000000e+00
     vertex  1.928275e+02 -7.807091e+01  0.000000e+00
   endloop
 endfacet
 facet normal -0.000000e+00  0.000000e+00 -1.000000e+00
   outer loop
     vertex  1.938091e+02 -7.622705e+01  0.000000e+00
     vertex  1.928275e+02 -7.807091e+01  0.000000e+00
     vertex  1.937175e+02 -7.618909e+01  0.000000e+00
   endloop
 endfacet
 facet normal  0.000000e+00 -0.000000e+00 -1.000000e+00
   outer loop
     vertex  1.935404e+02 -7.595835e+01  0.000000e+00
     vertex  1.935784e+02 -7.605000e+01  0.000000e+00
     vertex  1.916966e+02 -7.605000e+01  0.000000e+00
   endloop
 endfacet
 facet normal -0.000000e+00  0.000000e+00 -1.000000e+00
   outer loop
     vertex  1.935404e+02 -7.595835e+01  0.000000e+00
     vertex  1.916966e+02 -7.605000e+01  0.000000e+00
     vertex  1.917346e+02 -7.595835e+01  0.000000e+00
   endloop
 endfacet
 facet normal -0.000000e+00  0.000000e+00 -1.000000e+00
   outer loop
     vertex  1.939075e+02 -7.624000e+01  0.000000e+00
     vertex  1.929062e+02 -7.813130e+01  0.000000e+00
     vertex  1.938091e+02 -7.622705e+01  0.000000e+00
   endloop
 endfacet
 facet normal  0.000000e+00  0.000000e+00 -1.000000e+00
   outer loop
     vertex  1.939075e+02 -7.624000e+01  0.000000e+00
     vertex  1.929666e+02 -7.821000e+01  0.000000e+00
     vertex  1.929062e+02 -7.813130e+01  0.000000e+00
   endloop
 endfacet
 facet normal  0.000000e+00 -0.000000e+00 -1.000000e+00
   outer loop
     vertex  1.935275e+02 -7.586000e+01  0.000000e+00
     vertex  1.935404e+02 -7.595835e+01  0.000000e+00
     vertex  1.917346e+02 -7.595835e+01  0.000000e+00
   endloop
 endfacet
 facet normal  0.000000e+00  0.000000e+00 -1.000000e+00
   outer loop
     vertex  1.935275e+02 -7.586000e+01  0.000000e+00
     vertex  1.917475e+02 -7.586000e+01  0.000000e+00
     vertex  1.917346e+02 -7.576165e+01  0.000000e+00
   endloop
 endfacet
 facet normal -0.000000e+00  0.000000e+00 -1.000000e+00
   outer loop
     vertex  1.935275e+02 -7.586000e+01  0.000000e+00
     vertex  1.917346e+02 -7.595835e+01  0.000000e+00
     vertex  1.917475e+02 -7.586000e+01  0.000000e+00
   endloop
 endfacet
 facet normal  0.000000e+00  0.000000e+00 -1.000000e+00
   outer loop
     vertex  1.940059e+02 -7.622705e+01  0.000000e+00
     vertex  1.930046e+02 -7.830165e+01  0.000000e+00
     vertex  1.929666e+02 -7.821000e+01  0.000000e+00
   endloop
 endfacet
 facet normal  0.000000e+00  0.000000e+00 -1.000000e+00
   outer loop
     vertex  1.940059e+02 -7.622705e+01  0.000000e+00
     vertex  1.929666e+02 -7.821000e+01  0.000000e+00
     vertex  1.939075e+02 -7.624000e+01  0.000000e+00
   endloop
 endfacet
 facet normal -0.000000e+00  0.000000e+00 -1.000000e+00
   outer loop
     vertex  1.935404e+02 -7.576165e+01  0.000000e+00
     vertex  1.935275e+02 -7.586000e+01  0.000000e+00
     vertex  1.917346e+02 -7.576165e+01  0.000000e+00
   endloop
 endfacet
 facet normal  0.000000e+00  0.000000e+00 -1.000000e+00
   outer loop
     vertex  1.940975e+02 -7.618909e+01  0.000000e+00
     vertex  1.930175e+02 -7.840000e+01  0.000000e+00
     vertex  1.930046e+02 -7.830165e+01  0.000000e+00
   endloop
 endfacet
 facet normal  0.000000e+00  0.000000e+00 -1.000000e+00
   outer loop
     vertex  1.940975e+02 -7.618909e+01  0.000000e+00
     vertex  1.930046e+02 -7.830165e+01  0.000000e+00
     vertex  1.940059e+02 -7.622705e+01  0.000000e+00
   endloop
 endfacet
 facet normal  0.000000e+00  0.000000e+00 -1.000000e+00
   outer loop
     vertex  1.935784e+02 -7.567000e+01  0.000000e+00
     vertex  1.916966e+02 -7.567000e+01  0.000000e+00
     vertex  1.916362e+02 -7.559130e+01  0.000000e+00
   endloop
 endfacet
 facet normal -0.000000e+00  0.000000e+00 -1.000000e+00
   outer loop
     vertex  1.935784e+02 -7.567000e+01  0.000000e+00
     vertex  1.917346e+02 -7.576165e+01  0.000000e+00
     vertex  1.916966e+02 -7.567000e+01  0.000000e+00
   endloop
 endfacet
 facet normal  0.000000e+00  0.000000e+00 -1.000000e+00
   outer loop
     vertex  1.935784e+02 -7.567000e+01  0.000000e+00
     vertex  1.935404e+02 -7.576165e+01  0.000000e+00
     vertex  1.917346e+02 -7.576165e+01  0.000000e+00
   endloop
 endfacet
 facet normal  0.000000e+00 -0.000000e+00 -1.000000e+00
   outer loop
     vertex  1.941762e+02 -7.612870e+01  0.000000e+00
     vertex  1.955916e+02 -8.320452e+01  0.000000e+00
     vertex  1.930046e+02 -7.849835e+01  0.000000e+00
   endloop
 endfacet
 facet normal  0.000000e+00  0.000000e+00 -1.000000e+00
   outer loop
     vertex  1.941762e+02 -7.612870e+01  0.000000e+00
     vertex  1.930175e+02 -7.840000e+01  0.000000e+00
     vertex  1.940975e+02 -7.618909e+01  0.000000e+00
   endloop
 endfacet
 facet normal  0.000000e+00  0.000000e+00 -1.000000e+00
   outer loop
     vertex  1.941762e+02 -7.612870e+01  0.000000e+00
     vertex  1.930046e+02 -7.849835e+01  0.000000e+00
     vertex  1.930175e+02 -7.840000e+01  0.000000e+00
   endloop
 endfacet
 facet normal  0.000000e+00  0.000000e+00 -1.000000e+00
   outer loop
     vertex  1.941762e+02 -7.612870e+01  0.000000e+00
     vertex  1.959775e+02 -8.336436e+01  0.000000e+00
     vertex  1.955916e+02 -8.320452e+01  0.000000e+00
   endloop
 endfacet
 facet normal -0.000000e+00  0.000000e+00 -1.000000e+00
   outer loop
     vertex  1.936388e+02 -7.559130e+01  0.000000e+00
     vertex  1.935784e+02 -7.567000e+01  0.000000e+00
     vertex  1.916362e+02 -7.559130e+01  0.000000e+00
   endloop
 endfacet
 facet normal  0.000000e+00 -0.000000e+00 -1.000000e+00
   outer loop
     vertex  1.711116e+02 -5.299690e+01  0.000000e+00
     vertex  1.715855e+02 -5.456714e+01  0.000000e+00
     vertex  1.705048e+02 -5.337814e+01  0.000000e+00
   endloop
 endfacet
 facet normal  0.000000e+00  0.000000e+00 -1.000000e+00
   outer loop
     vertex  1.711116e+02 -5.299690e+01  0.000000e+00
     vertex  1.719269e+02 -5.438615e+01  0.000000e+00
     vertex  1.715855e+02 -5.456714e+01  0.000000e+00
   endloop
 endfacet
 facet normal  0.000000e+00 -0.000000e+00 -1.000000e+00
   outer loop
     vertex  1.942366e+02 -7.605000e+01  0.000000e+00
     vertex  1.959775e+02 -8.336436e+01  0.000000e+00
     vertex  1.941762e+02 -7.612870e+01  0.000000e+00
   endloop
 endfacet
 facet normal  0.000000e+00  0.000000e+00 -1.000000e+00
   outer loop
     vertex  1.937175e+02 -7.553091e+01  0.000000e+00
     vertex  1.915575e+02 -7.553091e+01  0.000000e+00
     vertex  1.914659e+02 -7.549295e+01  0.000000e+00
   endloop
 endfacet
 facet normal -0.000000e+00  0.000000e+00 -1.000000e+00
   outer loop
     vertex  1.937175e+02 -7.553091e+01  0.000000e+00
     vertex  1.916362e+02 -7.559130e+01  0.000000e+00
     vertex  1.915575e+02 -7.553091e+01  0.000000e+00
   endloop
 endfacet
 facet normal  0.000000e+00  0.000000e+00 -1.000000e+00
   outer loop
     vertex  1.937175e+02 -7.553091e+01  0.000000e+00
     vertex  1.936388e+02 -7.559130e+01  0.000000e+00
     vertex  1.916362e+02 -7.559130e+01  0.000000e+00
   endloop
 endfacet
 facet normal -0.000000e+00  0.000000e+00 -1.000000e+00
   outer loop
     vertex  1.938091e+02 -7.549295e+01  0.000000e+00
     vertex  1.937175e+02 -7.553091e+01  0.000000e+00
     vertex  1.914659e+02 -7.549295e+01  0.000000e+00
   endloop
 endfacet
 facet normal  0.000000e+00  0.000000e+00 -1.000000e+00
   outer loop
     vertex  2.061000e+02 -8.768000e+01  0.000000e+00
     vertex  1.725000e+02 -8.768000e+01  0.000000e+00
     vertex  1.837475e+02 -8.635000e+01  0.000000e+00
   endloop
 endfacet
 facet normal  0.000000e+00  0.000000e+00 -1.000000e+00
   outer loop
     vertex  2.061000e+02 -8.768000e+01  0.000000e+00
     vertex  1.837475e+02 -8.635000e+01  0.000000e+00
     vertex  1.951775e+02 -8.635000e+01  0.000000e+00
   endloop
 endfacet
 facet normal  0.000000e+00  0.000000e+00 -1.000000e+00
   outer loop
     vertex  2.061000e+02 -8.768000e+01  0.000000e+00
     vertex  1.959775e+02 -8.613564e+01  0.000000e+00
     vertex  1.963089e+02 -8.588137e+01  0.000000e+00
   endloop
 endfacet
 facet normal  0.000000e+00  0.000000e+00 -1.000000e+00
   outer loop
     vertex  2.061000e+02 -8.768000e+01  0.000000e+00
     vertex  1.955916e+02 -8.629548e+01  0.000000e+00
     vertex  1.959775e+02 -8.613564e+01  0.000000e+00
   endloop
 endfacet
 facet normal  0.000000e+00  0.000000e+00 -1.000000e+00
   outer loop
     vertex  2.061000e+02 -8.768000e+01  0.000000e+00
     vertex  1.951775e+02 -8.635000e+01  0.000000e+00
     vertex  1.955916e+02 -8.629548e+01  0.000000e+00
   endloop
 endfacet
 facet normal  0.000000e+00  0.000000e+00 -1.000000e+00
   outer loop
     vertex  1.717879e+02 -5.276023e+01  0.000000e+00
     vertex  1.723018e+02 -5.429232e+01  0.000000e+00
     vertex  1.719269e+02 -5.438615e+01  0.000000e+00
   endloop
 endfacet
 facet normal  0.000000e+00 -0.000000e+00 -1.000000e+00
   outer loop
     vertex  1.717879e+02 -5.276023e+01  0.000000e+00
     vertex  1.719269e+02 -5.438615e+01  0.000000e+00
     vertex  1.711116e+02 -5.299690e+01  0.000000e+00
   endloop
 endfacet
 facet normal  0.000000e+00 -0.000000e+00 -1.000000e+00
   outer loop
     vertex  2.048455e+02 -8.549307e+01  0.000000e+00
     vertex  2.061000e+02 -8.768000e+01  0.000000e+00
     vertex  1.963089e+02 -8.588137e+01  0.000000e+00
   endloop
 endfacet
 facet normal  0.000000e+00  0.000000e+00 -1.000000e+00
   outer loop
     vertex  2.048455e+02 -8.549307e+01  0.000000e+00
     vertex  1.963089e+02 -8.588137e+01  0.000000e+00
     vertex  1.965631e+02 -8.555000e+01  0.000000e+00
   endloop
 endfacet
 facet normal  0.000000e+00  0.000000e+00 -1.000000e+00
   outer loop
     vertex  2.048455e+02 -8.549307e+01  0.000000e+00
     vertex  2.050990e+02 -8.574823e+01  0.000000e+00
     vertex  2.061000e+02 -8.768000e+01  0.000000e+00
   endloop
 endfacet
 facet normal -0.000000e+00 -0.000000e+00 -1.000000e+00
   outer loop
     vertex  2.054032e+02 -8.594030e+01  0.000000e+00
     vertex  2.061000e+02 -8.768000e+01  0.000000e+00
     vertex  2.050990e+02 -8.574823e+01  0.000000e+00
   endloop
 endfacet
 facet normal  0.000000e+00 -0.000000e+00 -1.000000e+00
   outer loop
     vertex  2.046553e+02 -8.518772e+01  0.000000e+00
     vertex  2.048455e+02 -8.549307e+01  0.000000e+00
     vertex  1.965631e+02 -8.555000e+01  0.000000e+00
   endloop
 endfacet
 facet normal -0.000000e+00  0.000000e+00 -1.000000e+00
   outer loop
     vertex  2.046553e+02 -8.518772e+01  0.000000e+00
     vertex  1.965631e+02 -8.555000e+01  0.000000e+00
     vertex  1.967230e+02 -8.516411e+01  0.000000e+00
   endloop
 endfacet
 facet normal  0.000000e+00  0.000000e+00 -1.000000e+00
   outer loop
     vertex  1.844238e+02 -6.480870e+01  0.000000e+00
     vertex  1.859584e+02 -7.567000e+01  0.000000e+00
     vertex  1.859204e+02 -7.576165e+01  0.000000e+00
   endloop
 endfacet
 facet normal  0.000000e+00  0.000000e+00 -1.000000e+00
   outer loop
     vertex  1.845025e+02 -6.486909e+01  0.000000e+00
     vertex  1.860188e+02 -7.559130e+01  0.000000e+00
     vertex  1.859584e+02 -7.567000e+01  0.000000e+00
   endloop
 endfacet
 facet normal -0.000000e+00 -0.000000e+00 -1.000000e+00
   outer loop
     vertex  1.845025e+02 -6.486909e+01  0.000000e+00
     vertex  1.859584e+02 -7.567000e+01  0.000000e+00
     vertex  1.844238e+02 -6.480870e+01  0.000000e+00
   endloop
 endfacet
 facet normal  0.000000e+00 -0.000000e+00 -1.000000e+00
   outer loop
     vertex  1.843634e+02 -6.473000e+01  0.000000e+00
     vertex  1.846884e+02 -7.821000e+01  0.000000e+00
     vertex  1.693000e+02 -8.448000e+01  0.000000e+00
   endloop
 endfacet
 facet normal  0.000000e+00  0.000000e+00 -1.000000e+00
   outer loop
     vertex  1.843634e+02 -6.473000e+01  0.000000e+00
     vertex  1.859204e+02 -7.576165e+01  0.000000e+00
     vertex  1.846884e+02 -7.821000e+01  0.000000e+00
   endloop
 endfacet
 facet normal  0.000000e+00  0.000000e+00 -1.000000e+00
   outer loop
     vertex  1.843634e+02 -6.473000e+01  0.000000e+00
     vertex  1.844238e+02 -6.480870e+01  0.000000e+00
     vertex  1.859204e+02 -7.576165e+01  0.000000e+00
   endloop
 endfacet
 facet normal -0.000000e+00  0.000000e+00 -1.000000e+00
   outer loop
     vertex  1.843634e+02 -6.473000e+01  0.000000e+00
     vertex  1.693000e+02 -8.448000e+01  0.000000e+00
     vertex  1.725000e+02 -5.750000e+01  0.000000e+00
   endloop
 endfacet
 facet normal -0.000000e+00 -0.000000e+00 -1.000000e+00
   outer loop
     vertex  2.057426e+02 -8.605956e+01  0.000000e+00
     vertex  2.061000e+02 -8.768000e+01  0.000000e+00
     vertex  2.054032e+02 -8.594030e+01  0.000000e+00
   endloop
 endfacet
 facet normal  0.000000e+00  0.000000e+00 -1.000000e+00
   outer loop
     vertex  1.845941e+02 -6.490705e+01  0.000000e+00
     vertex  1.860975e+02 -7.553091e+01  0.000000e+00
     vertex  1.860188e+02 -7.559130e+01  0.000000e+00
   endloop
 endfacet
 facet normal -0.000000e+00 -0.000000e+00 -1.000000e+00
   outer loop
     vertex  1.845941e+02 -6.490705e+01  0.000000e+00
     vertex  1.860188e+02 -7.559130e+01  0.000000e+00
     vertex  1.845025e+02 -6.486909e+01  0.000000e+00
   endloop
 endfacet
 facet normal -0.000000e+00 -0.000000e+00 -1.000000e+00
   outer loop
     vertex  1.843254e+02 -6.463835e+01  0.000000e+00
     vertex  1.843634e+02 -6.473000e+01  0.000000e+00
     vertex  1.725000e+02 -5.750000e+01  0.000000e+00
   endloop
 endfacet
 facet normal  0.000000e+00  0.000000e+00 -1.000000e+00
   outer loop
     vertex  1.843254e+02 -6.463835e+01  0.000000e+00
     vertex  1.725000e+02 -5.750000e+01  0.000000e+00
     vertex  1.728574e+02 -5.745957e+01  0.000000e+00
   endloop
 endfacet
 facet normal  0.000000e+00 -0.000000e+00 -1.000000e+00
   outer loop
     vertex  2.045382e+02 -8.484761e+01  0.000000e+00
     vertex  2.046553e+02 -8.518772e+01  0.000000e+00
     vertex  1.967230e+02 -8.516411e+01  0.000000e+00
   endloop
 endfacet
 facet normal -0.000000e+00  0.000000e+00 -1.000000e+00
   outer loop
     vertex  2.045382e+02 -8.484761e+01  0.000000e+00
     vertex  1.967230e+02 -8.516411e+01  0.000000e+00
     vertex  1.967775e+02 -8.475000e+01  0.000000e+00
   endloop
 endfacet
 facet normal -0.000000e+00 -0.000000e+00 -1.000000e+00
   outer loop
     vertex  1.843125e+02 -6.454000e+01  0.000000e+00
     vertex  1.843254e+02 -6.463835e+01  0.000000e+00
     vertex  1.728574e+02 -5.745957e+01  0.000000e+00
   endloop
 endfacet
 facet normal  0.000000e+00  0.000000e+00 -1.000000e+00
   outer loop
     vertex  1.843125e+02 -6.454000e+01  0.000000e+00
     vertex  1.728574e+02 -5.745957e+01  0.000000e+00
     vertex  1.731968e+02 -5.734032e+01  0.000000e+00
   endloop
 endfacet
 facet normal  0.000000e+00  0.000000e+00 -1.000000e+00
   outer loop
     vertex  1.846925e+02 -6.492000e+01  0.000000e+00
     vertex  1.861891e+02 -7.549295e+01  0.000000e+00
     vertex  1.860975e+02 -7.553091e+01  0.000000e+00
   endloop
 endfacet
 facet normal -0.000000e+00 -0.000000e+00 -1.000000e+00
   outer loop
     vertex  1.846925e+02 -6.492000e+01  0.000000e+00
     vertex  1.860975e+02 -7.553091e+01  0.000000e+00
     vertex  1.845941e+02 -6.490705e+01  0.000000e+00
   endloop
 endfacet
 facet normal  0.000000e+00  0.000000e+00 -1.000000e+00
   outer loop
     vertex  1.725000e+02 -5.268000e+01  0.000000e+00
     vertex  1.736961e+02 -5.481729e+01  0.000000e+00
     vertex  1.734064e+02 -5.456150e+01  0.000000e+00
   endloop
 endfacet
 facet normal  0.000000e+00  0.000000e+00 -1.000000e+00
   outer loop
     vertex  1.725000e+02 -5.268000e+01  0.000000e+00
     vertex  1.734064e+02 -5.456150e+01  0.000000e+00
     vertex  1.730638e+02 -5.438263e+01  0.000000e+00
   endloop
 endfacet
 facet normal  0.000000e+00  0.000000e+00 -1.000000e+00
   outer loop
     vertex  1.725000e+02 -5.268000e+01  0.000000e+00
     vertex  1.730638e+02 -5.438263e+01  0.000000e+00
     vertex  1.726883e+02 -5.429112e+01  0.000000e+00
   endloop
 endfacet
 facet normal  0.000000e+00 -0.000000e+00 -1.000000e+00
   outer loop
     vertex  1.725000e+02 -5.268000e+01  0.000000e+00
     vertex  1.726883e+02 -5.429112e+01  0.000000e+00
     vertex  1.723018e+02 -5.429232e+01  0.000000e+00
   endloop
 endfacet
 facet normal  0.000000e+00  0.000000e+00 -1.000000e+00
   outer loop
     vertex  1.725000e+02 -5.268000e+01  0.000000e+00
     vertex  1.723018e+02 -5.429232e+01  0.000000e+00
     vertex  1.717879e+02 -5.276023e+01  0.000000e+00
   endloop
 endfacet
 facet normal  0.000000e+00 -0.000000e+00 -1.000000e+00
   outer loop
     vertex  1.847909e+02 -6.490705e+01  0.000000e+00
     vertex  1.861891e+02 -7.549295e+01  0.000000e+00
     vertex  1.846925e+02 -6.492000e+01  0.000000e+00
   endloop
 endfacet
 facet normal  0.000000e+00  0.000000e+00 -1.000000e+00
   outer loop
     vertex  1.847909e+02 -6.490705e+01  0.000000e+00
     vertex  1.862875e+02 -7.548000e+01  0.000000e+00
     vertex  1.861891e+02 -7.549295e+01  0.000000e+00
   endloop
 endfacet
 facet normal -0.000000e+00  0.000000e+00 -1.000000e+00
   outer loop
     vertex  1.843254e+02 -6.444165e+01  0.000000e+00
     vertex  1.843125e+02 -6.454000e+01  0.000000e+00
     vertex  1.731968e+02 -5.734032e+01  0.000000e+00
   endloop
 endfacet
 facet normal  0.000000e+00  0.000000e+00 -1.000000e+00
   outer loop
     vertex  1.843254e+02 -6.444165e+01  0.000000e+00
     vertex  1.731968e+02 -5.734032e+01  0.000000e+00
     vertex  1.735009e+02 -5.714828e+01  0.000000e+00
   endloop
 endfacet
 facet normal -0.000000e+00 -0.000000e+00 -1.000000e+00
   outer loop
     vertex  2.061000e+02 -8.610000e+01  0.000000e+00
     vertex  2.061000e+02 -8.768000e+01  0.000000e+00
     vertex  2.057426e+02 -8.605956e+01  0.000000e+00
   endloop
 endfacet
 facet normal -0.000000e+00  0.000000e+00 -1.000000e+00
   outer loop
     vertex  2.045000e+02 -8.448992e+01  0.000000e+00
     vertex  1.967775e+02 -8.475000e+01  0.000000e+00
     vertex  1.967230e+02 -8.433589e+01  0.000000e+00
   endloop
 endfacet
 facet normal  0.000000e+00 -0.000000e+00 -1.000000e+00
   outer loop
     vertex  2.045000e+02 -8.448992e+01  0.000000e+00
     vertex  2.045382e+02 -8.484761e+01  0.000000e+00
     vertex  1.967775e+02 -8.475000e+01  0.000000e+00
   endloop
 endfacet
 facet normal  0.000000e+00 -0.000000e+00 -1.000000e+00
   outer loop
     vertex  2.064574e+02 -8.605957e+01  0.000000e+00
     vertex  2.068121e+02 -8.759977e+01  0.000000e+00
     vertex  2.061000e+02 -8.768000e+01  0.000000e+00
   endloop
 endfacet
 facet normal  0.000000e+00  0.000000e+00 -1.000000e+00
   outer loop
     vertex  2.064574e+02 -8.605957e+01  0.000000e+00
     vertex  2.061000e+02 -8.768000e+01  0.000000e+00
     vertex  2.061000e+02 -8.610000e+01  0.000000e+00
   endloop
 endfacet
 facet normal  0.000000e+00  0.000000e+00 -1.000000e+00
   outer loop
     vertex  2.045443e+02 -8.410599e+01  0.000000e+00
     vertex  2.045000e+02 -8.448992e+01  0.000000e+00
     vertex  1.967230e+02 -8.433589e+01  0.000000e+00
   endloop
 endfacet
 facet normal -0.000000e+00  0.000000e+00 -1.000000e+00
   outer loop
     vertex  2.045443e+02 -8.410599e+01  0.000000e+00
     vertex  1.967230e+02 -8.433589e+01  0.000000e+00
     vertex  1.965631e+02 -8.395000e+01  0.000000e+00
   endloop
 endfacet
 facet normal  0.000000e+00  0.000000e+00 -1.000000e+00
   outer loop
     vertex  2.067968e+02 -8.594032e+01  0.000000e+00
     vertex  2.074884e+02 -8.736310e+01  0.000000e+00
     vertex  2.068121e+02 -8.759977e+01  0.000000e+00
   endloop
 endfacet
 facet normal  0.000000e+00 -0.000000e+00 -1.000000e+00
   outer loop
     vertex  2.067968e+02 -8.594032e+01  0.000000e+00
     vertex  2.068121e+02 -8.759977e+01  0.000000e+00
     vertex  2.064574e+02 -8.605957e+01  0.000000e+00
   endloop
 endfacet
 facet normal  0.000000e+00  0.000000e+00 -1.000000e+00
   outer loop
     vertex  2.046794e+02 -8.374389e+01  0.000000e+00
     vertex  2.045443e+02 -8.410599e+01  0.000000e+00
     vertex  1.965631e+02 -8.395000e+01  0.000000e+00
   endloop
 endfacet
 facet normal  0.000000e+00 -0.000000e+00 -1.000000e+00
   outer loop
     vertex  2.071009e+02 -8.574828e+01  0.000000e+00
     vertex  2.074884e+02 -8.736310e+01  0.000000e+00
     vertex  2.067968e+02 -8.594032e+01  0.000000e+00
   endloop
 endfacet
 facet normal  0.000000e+00  0.000000e+00 -1.000000e+00
   outer loop
     vertex  2.071009e+02 -8.574828e+01  0.000000e+00
     vertex  2.080952e+02 -8.698186e+01  0.000000e+00
     vertex  2.074884e+02 -8.736310e+01  0.000000e+00
   endloop
 endfacet
 facet normal  0.000000e+00  0.000000e+00 -1.000000e+00
   outer loop
     vertex  2.048973e+02 -8.342473e+01  0.000000e+00
     vertex  2.046794e+02 -8.374389e+01  0.000000e+00
     vertex  1.965631e+02 -8.395000e+01  0.000000e+00
   endloop
 endfacet
 facet normal  0.000000e+00  0.000000e+00 -1.000000e+00
   outer loop
     vertex  2.048973e+02 -8.342473e+01  0.000000e+00
     vertex  1.965631e+02 -8.395000e+01  0.000000e+00
     vertex  1.963089e+02 -8.361863e+01  0.000000e+00
   endloop
 endfacet
 facet normal  0.000000e+00 -0.000000e+00 -1.000000e+00
   outer loop
     vertex  2.073545e+02 -8.549315e+01  0.000000e+00
     vertex  2.080952e+02 -8.698186e+01  0.000000e+00
     vertex  2.071009e+02 -8.574828e+01  0.000000e+00
   endloop
 endfacet
 facet normal -0.000000e+00  0.000000e+00 -1.000000e+00
   outer loop
     vertex  2.086019e+02 -8.647517e+01  0.000000e+00
     vertex  2.080952e+02 -8.698186e+01  0.000000e+00
     vertex  2.073545e+02 -8.549315e+01  0.000000e+00
   endloop
 endfacet
 facet normal -0.000000e+00  0.000000e+00 -1.000000e+00
   outer loop
     vertex  1.869638e+02 -6.480870e+01  0.000000e+00
     vertex  1.848825e+02 -6.486909e+01  0.000000e+00
     vertex  1.849612e+02 -6.480870e+01  0.000000e+00
   endloop
 endfacet
 facet normal  0.000000e+00 -0.000000e+00 -1.000000e+00
   outer loop
     vertex  1.869034e+02 -6.473000e+01  0.000000e+00
     vertex  1.869638e+02 -6.480870e+01  0.000000e+00
     vertex  1.849612e+02 -6.480870e+01  0.000000e+00
   endloop
 endfacet
 facet normal -0.000000e+00  0.000000e+00 -1.000000e+00
   outer loop
     vertex  1.869034e+02 -6.473000e+01  0.000000e+00
     vertex  1.849612e+02 -6.480870e+01  0.000000e+00
     vertex  1.850216e+02 -6.473000e+01  0.000000e+00
   endloop
 endfacet
 facet normal  0.000000e+00  0.000000e+00 -1.000000e+00
   outer loop
     vertex  1.870425e+02 -6.486909e+01  0.000000e+00
     vertex  1.848825e+02 -6.486909e+01  0.000000e+00
     vertex  1.869638e+02 -6.480870e+01  0.000000e+00
   endloop
 endfacet
 facet normal -0.000000e+00  0.000000e+00 -1.000000e+00
   outer loop
     vertex  1.870425e+02 -6.486909e+01  0.000000e+00
     vertex  1.847909e+02 -6.490705e+01  0.000000e+00
     vertex  1.848825e+02 -6.486909e+01  0.000000e+00
   endloop
 endfacet
 facet normal  0.000000e+00 -0.000000e+00 -1.000000e+00
   outer loop
     vertex  1.868654e+02 -6.463835e+01  0.000000e+00
     vertex  1.869034e+02 -6.473000e+01  0.000000e+00
     vertex  1.850216e+02 -6.473000e+01  0.000000e+00
   endloop
 endfacet
 facet normal -0.000000e+00  0.000000e+00 -1.000000e+00
   outer loop
     vertex  1.868654e+02 -6.463835e+01  0.000000e+00
     vertex  1.850216e+02 -6.473000e+01  0.000000e+00
     vertex  1.850596e+02 -6.463835e+01  0.000000e+00
   endloop
 endfacet
 facet normal  0.000000e+00  0.000000e+00 -1.000000e+00
   outer loop
     vertex  1.871341e+02 -6.490705e+01  0.000000e+00
     vertex  1.847909e+02 -6.490705e+01  0.000000e+00
     vertex  1.870425e+02 -6.486909e+01  0.000000e+00
   endloop
 endfacet
 facet normal -0.000000e+00  0.000000e+00 -1.000000e+00
   outer loop
     vertex  1.871341e+02 -6.490705e+01  0.000000e+00
     vertex  1.862875e+02 -7.548000e+01  0.000000e+00
     vertex  1.847909e+02 -6.490705e+01  0.000000e+00
   endloop
 endfacet
 facet normal  0.000000e+00  0.000000e+00 -1.000000e+00
   outer loop
     vertex  1.872325e+02 -6.492000e+01  0.000000e+00
     vertex  1.863859e+02 -7.549295e+01  0.000000e+00
     vertex  1.862875e+02 -7.548000e+01  0.000000e+00
   endloop
 endfacet
 facet normal  0.000000e+00 -0.000000e+00 -1.000000e+00
   outer loop
     vertex  1.872325e+02 -6.492000e+01  0.000000e+00
     vertex  1.887291e+02 -7.549295e+01  0.000000e+00
     vertex  1.863859e+02 -7.549295e+01  0.000000e+00
   endloop
 endfacet
 facet normal -0.000000e+00  0.000000e+00 -1.000000e+00
   outer loop
     vertex  1.872325e+02 -6.492000e+01  0.000000e+00
     vertex  1.862875e+02 -7.548000e+01  0.000000e+00
     vertex  1.871341e+02 -6.490705e+01  0.000000e+00
   endloop
 endfacet
 facet normal  0.000000e+00 -0.000000e+00 -1.000000e+00
   outer loop
     vertex  1.868525e+02 -6.454000e+01  0.000000e+00
     vertex  1.868654e+02 -6.463835e+01  0.000000e+00
     vertex  1.850596e+02 -6.463835e+01  0.000000e+00
   endloop
 endfacet
 facet normal  0.000000e+00  0.000000e+00 -1.000000e+00
   outer loop
     vertex  1.868525e+02 -6.454000e+01  0.000000e+00
     vertex  1.850725e+02 -6.454000e+01  0.000000e+00
     vertex  1.850596e+02 -6.444165e+01  0.000000e+00
   endloop
 endfacet
 facet normal -0.000000e+00  0.000000e+00 -1.000000e+00
   outer loop
     vertex  1.868525e+02 -6.454000e+01  0.000000e+00
     vertex  1.850596e+02 -6.463835e+01  0.000000e+00
     vertex  1.850725e+02 -6.454000e+01  0.000000e+00
   endloop
 endfacet
 facet normal  0.000000e+00 -0.000000e+00 -1.000000e+00
   outer loop
     vertex  2.075446e+02 -8.518782e+01  0.000000e+00
     vertex  2.086019e+02 -8.647517e+01  0.000000e+00
     vertex  2.073545e+02 -8.549315e+01  0.000000e+00
   endloop
 endfacet
 facet normal -0.000000e+00  0.000000e+00 -1.000000e+00
   outer loop
     vertex  1.868654e+02 -6.444165e+01  0.000000e+00
     vertex  1.868525e+02 -6.454000e+01  0.000000e+00
     vertex  1.850596e+02 -6.444165e+01  0.000000e+00
   endloop
 endfacet
 facet normal  0.000000e+00 -0.000000e+00 -1.000000e+00
   outer loop
     vertex  1.873309e+02 -6.490705e+01  0.000000e+00
     vertex  1.887291e+02 -7.549295e+01  0.000000e+00
     vertex  1.872325e+02 -6.492000e+01  0.000000e+00
   endloop
 endfacet
 facet normal  0.000000e+00  0.000000e+00 -1.000000e+00
   outer loop
     vertex  1.873309e+02 -6.490705e+01  0.000000e+00
     vertex  1.888275e+02 -7.548000e+01  0.000000e+00
     vertex  1.887291e+02 -7.549295e+01  0.000000e+00
   endloop
 endfacet
 facet normal  0.000000e+00  0.000000e+00 -1.000000e+00
   outer loop
     vertex  1.869034e+02 -6.435000e+01  0.000000e+00
     vertex  1.868654e+02 -6.444165e+01  0.000000e+00
     vertex  1.850596e+02 -6.444165e+01  0.000000e+00
   endloop
 endfacet
 facet normal -0.000000e+00  0.000000e+00 -1.000000e+00
   outer loop
     vertex  1.869034e+02 -6.435000e+01  0.000000e+00
     vertex  1.850596e+02 -6.444165e+01  0.000000e+00
     vertex  1.850216e+02 -6.435000e+01  0.000000e+00
   endloop
 endfacet
 facet normal  0.000000e+00  0.000000e+00 -1.000000e+00
   outer loop
     vertex  2.089831e+02 -8.586843e+01  0.000000e+00
     vertex  2.075446e+02 -8.518782e+01  0.000000e+00
     vertex  2.076618e+02 -8.484774e+01  0.000000e+00
   endloop
 endfacet
 facet normal -0.000000e+00  0.000000e+00 -1.000000e+00
   outer loop
     vertex  2.089831e+02 -8.586843e+01  0.000000e+00
     vertex  2.086019e+02 -8.647517e+01  0.000000e+00
     vertex  2.075446e+02 -8.518782e+01  0.000000e+00
   endloop
 endfacet
 facet normal  0.000000e+00  0.000000e+00 -1.000000e+00
   outer loop
     vertex  1.856938e+02 -6.226870e+01  0.000000e+00
     vertex  1.847909e+02 -6.417295e+01  0.000000e+00
     vertex  1.846925e+02 -6.416000e+01  0.000000e+00
   endloop
 endfacet
 facet normal -0.000000e+00  0.000000e+00 -1.000000e+00
   outer loop
     vertex  1.857725e+02 -6.232909e+01  0.000000e+00
     vertex  1.847909e+02 -6.417295e+01  0.000000e+00
     vertex  1.856938e+02 -6.226870e+01  0.000000e+00
   endloop
 endfacet
 facet normal  0.000000e+00  0.000000e+00 -1.000000e+00
   outer loop
     vertex  1.857725e+02 -6.232909e+01  0.000000e+00
     vertex  1.848825e+02 -6.421091e+01  0.000000e+00
     vertex  1.847909e+02 -6.417295e+01  0.000000e+00
   endloop
 endfacet
 facet normal  0.000000e+00 -0.000000e+00 -1.000000e+00
   outer loop
     vertex  1.856334e+02 -6.219000e+01  0.000000e+00
     vertex  1.856938e+02 -6.226870e+01  0.000000e+00
     vertex  1.846925e+02 -6.416000e+01  0.000000e+00
   endloop
 endfacet
 facet normal  0.000000e+00  0.000000e+00 -1.000000e+00
   outer loop
     vertex  1.856334e+02 -6.219000e+01  0.000000e+00
     vertex  1.846925e+02 -6.416000e+01  0.000000e+00
     vertex  1.845941e+02 -6.417295e+01  0.000000e+00
   endloop
 endfacet
 facet normal -0.000000e+00  0.000000e+00 -1.000000e+00
   outer loop
     vertex  1.858641e+02 -6.236705e+01  0.000000e+00
     vertex  1.848825e+02 -6.421091e+01  0.000000e+00
     vertex  1.857725e+02 -6.232909e+01  0.000000e+00
   endloop
 endfacet
 facet normal  0.000000e+00  0.000000e+00 -1.000000e+00
   outer loop
     vertex  1.858641e+02 -6.236705e+01  0.000000e+00
     vertex  1.849612e+02 -6.427130e+01  0.000000e+00
     vertex  1.848825e+02 -6.421091e+01  0.000000e+00
   endloop
 endfacet
 facet normal  0.000000e+00 -0.000000e+00 -1.000000e+00
   outer loop
     vertex  1.855954e+02 -6.209835e+01  0.000000e+00
     vertex  1.856334e+02 -6.219000e+01  0.000000e+00
     vertex  1.845941e+02 -6.417295e+01  0.000000e+00
   endloop
 endfacet
 facet normal  0.000000e+00  0.000000e+00 -1.000000e+00
   outer loop
     vertex  1.855954e+02 -6.209835e+01  0.000000e+00
     vertex  1.845941e+02 -6.417295e+01  0.000000e+00
     vertex  1.845025e+02 -6.421091e+01  0.000000e+00
   endloop
 endfacet
 facet normal  0.000000e+00 -0.000000e+00 -1.000000e+00
   outer loop
     vertex  1.859625e+02 -6.238000e+01  0.000000e+00
     vertex  1.869034e+02 -6.435000e+01  0.000000e+00
     vertex  1.850216e+02 -6.435000e+01  0.000000e+00
   endloop
 endfacet
 facet normal  0.000000e+00  0.000000e+00 -1.000000e+00
   outer loop
     vertex  1.859625e+02 -6.238000e+01  0.000000e+00
     vertex  1.869638e+02 -6.427130e+01  0.000000e+00
     vertex  1.869034e+02 -6.435000e+01  0.000000e+00
   endloop
 endfacet
 facet normal -0.000000e+00  0.000000e+00 -1.000000e+00
   outer loop
     vertex  1.859625e+02 -6.238000e+01  0.000000e+00
     vertex  1.849612e+02 -6.427130e+01  0.000000e+00
     vertex  1.858641e+02 -6.236705e+01  0.000000e+00
   endloop
 endfacet
 facet normal  0.000000e+00  0.000000e+00 -1.000000e+00
   outer loop
     vertex  1.859625e+02 -6.238000e+01  0.000000e+00
     vertex  1.850216e+02 -6.435000e+01  0.000000e+00
     vertex  1.849612e+02 -6.427130e+01  0.000000e+00
   endloop
 endfacet
 facet normal  0.000000e+00 -0.000000e+00 -1.000000e+00
   outer loop
     vertex  1.855825e+02 -6.200000e+01  0.000000e+00
     vertex  1.855954e+02 -6.209835e+01  0.000000e+00
     vertex  1.845025e+02 -6.421091e+01  0.000000e+00
   endloop
 endfacet
 facet normal  0.000000e+00  0.000000e+00 -1.000000e+00
   outer loop
     vertex  1.855825e+02 -6.200000e+01  0.000000e+00
     vertex  1.845025e+02 -6.421091e+01  0.000000e+00
     vertex  1.844238e+02 -6.427130e+01  0.000000e+00
   endloop
 endfacet
 facet normal  0.000000e+00  0.000000e+00 -1.000000e+00
   outer loop
     vertex  1.860609e+02 -6.236705e+01  0.000000e+00
     vertex  1.870425e+02 -6.421091e+01  0.000000e+00
     vertex  1.869638e+02 -6.427130e+01  0.000000e+00
   endloop
 endfacet
 facet normal  0.000000e+00 -0.000000e+00 -1.000000e+00
   outer loop
     vertex  1.860609e+02 -6.236705e+01  0.000000e+00
     vertex  1.869638e+02 -6.427130e+01  0.000000e+00
     vertex  1.859625e+02 -6.238000e+01  0.000000e+00
   endloop
 endfacet
 facet normal  0.000000e+00  0.000000e+00 -1.000000e+00
   outer loop
     vertex  1.855954e+02 -6.190165e+01  0.000000e+00
     vertex  1.855825e+02 -6.200000e+01  0.000000e+00
     vertex  1.844238e+02 -6.427130e+01  0.000000e+00
   endloop
 endfacet
 facet normal  0.000000e+00  0.000000e+00 -1.000000e+00
   outer loop
     vertex  1.861525e+02 -6.232909e+01  0.000000e+00
     vertex  1.871341e+02 -6.417295e+01  0.000000e+00
     vertex  1.870425e+02 -6.421091e+01  0.000000e+00
   endloop
 endfacet
 facet normal  0.000000e+00 -0.000000e+00 -1.000000e+00
   outer loop
     vertex  1.861525e+02 -6.232909e+01  0.000000e+00
     vertex  1.870425e+02 -6.421091e+01  0.000000e+00
     vertex  1.860609e+02 -6.236705e+01  0.000000e+00
   endloop
 endfacet
 facet normal  0.000000e+00  0.000000e+00 -1.000000e+00
   outer loop
     vertex  1.862312e+02 -6.226870e+01  0.000000e+00
     vertex  1.872325e+02 -6.416000e+01  0.000000e+00
     vertex  1.871341e+02 -6.417295e+01  0.000000e+00
   endloop
 endfacet
 facet normal  0.000000e+00 -0.000000e+00 -1.000000e+00
   outer loop
     vertex  1.862312e+02 -6.226870e+01  0.000000e+00
     vertex  1.871341e+02 -6.417295e+01  0.000000e+00
     vertex  1.861525e+02 -6.232909e+01  0.000000e+00
   endloop
 endfacet
 facet normal  0.000000e+00  0.000000e+00 -1.000000e+00
   outer loop
     vertex  2.092198e+02 -8.519207e+01  0.000000e+00
     vertex  2.076618e+02 -8.484774e+01  0.000000e+00
     vertex  2.077000e+02 -8.449008e+01  0.000000e+00
   endloop
 endfacet
 facet normal -0.000000e+00  0.000000e+00 -1.000000e+00
   outer loop
     vertex  2.092198e+02 -8.519207e+01  0.000000e+00
     vertex  2.089831e+02 -8.586843e+01  0.000000e+00
     vertex  2.076618e+02 -8.484774e+01  0.000000e+00
   endloop
 endfacet
 facet normal  0.000000e+00 -0.000000e+00 -1.000000e+00
   outer loop
     vertex  1.862916e+02 -6.219000e+01  0.000000e+00
     vertex  1.872325e+02 -6.416000e+01  0.000000e+00
     vertex  1.862312e+02 -6.226870e+01  0.000000e+00
   endloop
 endfacet
 facet normal  0.000000e+00  0.000000e+00 -1.000000e+00
   outer loop
     vertex  1.895825e+02 -6.486909e+01  0.000000e+00
     vertex  1.874225e+02 -6.486909e+01  0.000000e+00
     vertex  1.875012e+02 -6.480870e+01  0.000000e+00
   endloop
 endfacet
 facet normal -0.000000e+00  0.000000e+00 -1.000000e+00
   outer loop
     vertex  1.895825e+02 -6.486909e+01  0.000000e+00
     vertex  1.873309e+02 -6.490705e+01  0.000000e+00
     vertex  1.874225e+02 -6.486909e+01  0.000000e+00
   endloop
 endfacet
 facet normal  0.000000e+00  0.000000e+00 -1.000000e+00
   outer loop
     vertex  1.895825e+02 -6.486909e+01  0.000000e+00
     vertex  1.875012e+02 -6.480870e+01  0.000000e+00
     vertex  1.895038e+02 -6.480870e+01  0.000000e+00
   endloop
 endfacet
 facet normal  0.000000e+00  0.000000e+00 -1.000000e+00
   outer loop
     vertex  1.894434e+02 -6.473000e+01  0.000000e+00
     vertex  1.875616e+02 -6.473000e+01  0.000000e+00
     vertex  1.875996e+02 -6.463835e+01  0.000000e+00
   endloop
 endfacet
 facet normal -0.000000e+00  0.000000e+00 -1.000000e+00
   outer loop
     vertex  1.894434e+02 -6.473000e+01  0.000000e+00
     vertex  1.875012e+02 -6.480870e+01  0.000000e+00
     vertex  1.875616e+02 -6.473000e+01  0.000000e+00
   endloop
 endfacet
 facet normal  0.000000e+00 -0.000000e+00 -1.000000e+00
   outer loop
     vertex  1.894434e+02 -6.473000e+01  0.000000e+00
     vertex  1.895038e+02 -6.480870e+01  0.000000e+00
     vertex  1.875012e+02 -6.480870e+01  0.000000e+00
   endloop
 endfacet
 facet normal  0.000000e+00  0.000000e+00 -1.000000e+00
   outer loop
     vertex  1.896741e+02 -6.490705e+01  0.000000e+00
     vertex  1.873309e+02 -6.490705e+01  0.000000e+00
     vertex  1.895825e+02 -6.486909e+01  0.000000e+00
   endloop
 endfacet
 facet normal -0.000000e+00  0.000000e+00 -1.000000e+00
   outer loop
     vertex  1.896741e+02 -6.490705e+01  0.000000e+00
     vertex  1.888275e+02 -7.548000e+01  0.000000e+00
     vertex  1.873309e+02 -6.490705e+01  0.000000e+00
   endloop
 endfacet
 facet normal -0.000000e+00 -0.000000e+00 -1.000000e+00
   outer loop
     vertex  1.894054e+02 -6.463835e+01  0.000000e+00
     vertex  1.894434e+02 -6.473000e+01  0.000000e+00
     vertex  1.875996e+02 -6.463835e+01  0.000000e+00
   endloop
 endfacet
 facet normal  0.000000e+00  0.000000e+00 -1.000000e+00
   outer loop
     vertex  2.093000e+02 -8.448000e+01  0.000000e+00
     vertex  2.077000e+02 -8.448000e+01  0.000000e+00
     vertex  2.076533e+02 -8.409636e+01  0.000000e+00
   endloop
 endfacet
 facet normal  0.000000e+00  0.000000e+00 -1.000000e+00
   outer loop
     vertex  2.093000e+02 -8.448000e+01  0.000000e+00
     vertex  2.076533e+02 -8.409636e+01  0.000000e+00
     vertex  2.075160e+02 -8.373509e+01  0.000000e+00
   endloop
 endfacet
 facet normal  0.000000e+00  0.000000e+00 -1.000000e+00
   outer loop
     vertex  2.093000e+02 -8.448000e+01  0.000000e+00
     vertex  2.075160e+02 -8.373509e+01  0.000000e+00
     vertex  2.072961e+02 -8.341729e+01  0.000000e+00
   endloop
 endfacet
 facet normal  0.000000e+00  0.000000e+00 -1.000000e+00
   outer loop
     vertex  2.093000e+02 -8.448000e+01  0.000000e+00
     vertex  2.072961e+02 -8.341729e+01  0.000000e+00
     vertex  2.070064e+02 -8.316150e+01  0.000000e+00
   endloop
 endfacet
 facet normal  0.000000e+00  0.000000e+00 -1.000000e+00
   outer loop
     vertex  2.093000e+02 -8.448000e+01  0.000000e+00
     vertex  2.092198e+02 -8.519207e+01  0.000000e+00
     vertex  2.077000e+02 -8.449008e+01  0.000000e+00
   endloop
 endfacet
 facet normal  0.000000e+00  0.000000e+00 -1.000000e+00
   outer loop
     vertex  2.093000e+02 -8.448000e+01  0.000000e+00
     vertex  2.077000e+02 -8.449008e+01  0.000000e+00
     vertex  2.077000e+02 -8.448672e+01  0.000000e+00
   endloop
 endfacet
 facet normal  0.000000e+00  0.000000e+00 -1.000000e+00
   outer loop
     vertex  2.093000e+02 -8.448000e+01  0.000000e+00
     vertex  2.077000e+02 -8.448672e+01  0.000000e+00
     vertex  2.077000e+02 -8.448336e+01  0.000000e+00
   endloop
 endfacet
 facet normal -0.000000e+00  0.000000e+00 -1.000000e+00
   outer loop
     vertex  2.093000e+02 -8.448000e+01  0.000000e+00
     vertex  2.077000e+02 -8.448336e+01  0.000000e+00
     vertex  2.077000e+02 -8.448000e+01  0.000000e+00
   endloop
 endfacet
 facet normal  0.000000e+00  0.000000e+00 -1.000000e+00
   outer loop
     vertex  1.897725e+02 -6.492000e+01  0.000000e+00
     vertex  1.889259e+02 -7.549295e+01  0.000000e+00
     vertex  1.888275e+02 -7.548000e+01  0.000000e+00
   endloop
 endfacet
 facet normal -0.000000e+00  0.000000e+00 -1.000000e+00
   outer loop
     vertex  1.897725e+02 -6.492000e+01  0.000000e+00
     vertex  1.888275e+02 -7.548000e+01  0.000000e+00
     vertex  1.896741e+02 -6.490705e+01  0.000000e+00
   endloop
 endfacet
 facet normal  0.000000e+00 -0.000000e+00 -1.000000e+00
   outer loop
     vertex  1.897725e+02 -6.492000e+01  0.000000e+00
     vertex  1.912691e+02 -7.549295e+01  0.000000e+00
     vertex  1.889259e+02 -7.549295e+01  0.000000e+00
   endloop
 endfacet
 facet normal -0.000000e+00  0.000000e+00 -1.000000e+00
   outer loop
     vertex  1.893925e+02 -6.454000e+01  0.000000e+00
     vertex  1.875996e+02 -6.463835e+01  0.000000e+00
     vertex  1.876125e+02 -6.454000e+01  0.000000e+00
   endloop
 endfacet
 facet normal  0.000000e+00 -0.000000e+00 -1.000000e+00
   outer loop
     vertex  1.893925e+02 -6.454000e+01  0.000000e+00
     vertex  1.894054e+02 -6.463835e+01  0.000000e+00
     vertex  1.875996e+02 -6.463835e+01  0.000000e+00
   endloop
 endfacet
 facet normal  0.000000e+00 -0.000000e+00 -1.000000e+00
   outer loop
     vertex  1.898709e+02 -6.490705e+01  0.000000e+00
     vertex  1.912691e+02 -7.549295e+01  0.000000e+00
     vertex  1.897725e+02 -6.492000e+01  0.000000e+00
   endloop
 endfacet
 facet normal  0.000000e+00  0.000000e+00 -1.000000e+00
   outer loop
     vertex  1.898709e+02 -6.490705e+01  0.000000e+00
     vertex  1.913675e+02 -7.548000e+01  0.000000e+00
     vertex  1.912691e+02 -7.549295e+01  0.000000e+00
   endloop
 endfacet
 facet normal  0.000000e+00  0.000000e+00 -1.000000e+00
   outer loop
     vertex  1.894054e+02 -6.444165e+01  0.000000e+00
     vertex  1.893925e+02 -6.454000e+01  0.000000e+00
     vertex  1.876125e+02 -6.454000e+01  0.000000e+00
   endloop
 endfacet
 facet normal -0.000000e+00  0.000000e+00 -1.000000e+00
   outer loop
     vertex  1.894054e+02 -6.444165e+01  0.000000e+00
     vertex  1.876125e+02 -6.454000e+01  0.000000e+00
     vertex  1.875996e+02 -6.444165e+01  0.000000e+00
   endloop
 endfacet
 facet normal  0.000000e+00  0.000000e+00 -1.000000e+00
   outer loop
     vertex  1.894434e+02 -6.435000e+01  0.000000e+00
     vertex  1.894054e+02 -6.444165e+01  0.000000e+00
     vertex  1.875996e+02 -6.444165e+01  0.000000e+00
   endloop
 endfacet
 facet normal -0.000000e+00  0.000000e+00 -1.000000e+00
   outer loop
     vertex  1.894434e+02 -6.435000e+01  0.000000e+00
     vertex  1.875996e+02 -6.444165e+01  0.000000e+00
     vertex  1.875616e+02 -6.435000e+01  0.000000e+00
   endloop
 endfacet
 facet normal  0.000000e+00  0.000000e+00 -1.000000e+00
   outer loop
     vertex  1.822911e+02 -5.678137e+01  0.000000e+00
     vertex  1.735009e+02 -5.714828e+01  0.000000e+00
     vertex  1.737545e+02 -5.689315e+01  0.000000e+00
   endloop
 endfacet
 facet normal  0.000000e+00 -0.000000e+00 -1.000000e+00
   outer loop
     vertex  1.822911e+02 -5.678137e+01  0.000000e+00
     vertex  1.843254e+02 -6.444165e+01  0.000000e+00
     vertex  1.735009e+02 -5.714828e+01  0.000000e+00
   endloop
 endfacet
 facet normal  0.000000e+00  0.000000e+00 -1.000000e+00
   outer loop
     vertex  1.822911e+02 -5.678137e+01  0.000000e+00
     vertex  1.843634e+02 -6.435000e+01  0.000000e+00
     vertex  1.843254e+02 -6.444165e+01  0.000000e+00
   endloop
 endfacet
 facet normal  0.000000e+00  0.000000e+00 -1.000000e+00
   outer loop
     vertex  1.820369e+02 -5.645000e+01  0.000000e+00
     vertex  1.737545e+02 -5.689315e+01  0.000000e+00
     vertex  1.739446e+02 -5.658782e+01  0.000000e+00
   endloop
 endfacet
 facet normal  0.000000e+00 -0.000000e+00 -1.000000e+00
   outer loop
     vertex  1.820369e+02 -5.645000e+01  0.000000e+00
     vertex  1.822911e+02 -5.678137e+01  0.000000e+00
     vertex  1.737545e+02 -5.689315e+01  0.000000e+00
   endloop
 endfacet
 facet normal -0.000000e+00 -0.000000e+00 -1.000000e+00
   outer loop
     vertex  1.826225e+02 -5.703564e+01  0.000000e+00
     vertex  1.843634e+02 -6.435000e+01  0.000000e+00
     vertex  1.822911e+02 -5.678137e+01  0.000000e+00
   endloop
 endfacet
 facet normal  0.000000e+00  0.000000e+00 -1.000000e+00
   outer loop
     vertex  1.826225e+02 -5.703564e+01  0.000000e+00
     vertex  1.844238e+02 -6.427130e+01  0.000000e+00
     vertex  1.843634e+02 -6.435000e+01  0.000000e+00
   endloop
 endfacet
 facet normal  0.000000e+00 -0.000000e+00 -1.000000e+00
   outer loop
     vertex  1.818770e+02 -5.606411e+01  0.000000e+00
     vertex  1.820369e+02 -5.645000e+01  0.000000e+00
     vertex  1.739446e+02 -5.658782e+01  0.000000e+00
   endloop
 endfacet
 facet normal -0.000000e+00  0.000000e+00 -1.000000e+00
   outer loop
     vertex  1.818770e+02 -5.606411e+01  0.000000e+00
     vertex  1.740618e+02 -5.624774e+01  0.000000e+00
     vertex  1.741000e+02 -5.589008e+01  0.000000e+00
   endloop
 endfacet
 facet normal  0.000000e+00  0.000000e+00 -1.000000e+00
   outer loop
     vertex  1.818770e+02 -5.606411e+01  0.000000e+00
     vertex  1.739446e+02 -5.658782e+01  0.000000e+00
     vertex  1.740618e+02 -5.624774e+01  0.000000e+00
   endloop
 endfacet
 facet normal -0.000000e+00 -0.000000e+00 -1.000000e+00
   outer loop
     vertex  1.830084e+02 -5.719548e+01  0.000000e+00
     vertex  1.844238e+02 -6.427130e+01  0.000000e+00
     vertex  1.826225e+02 -5.703564e+01  0.000000e+00
   endloop
 endfacet
 facet normal  0.000000e+00  0.000000e+00 -1.000000e+00
   outer loop
     vertex  1.830084e+02 -5.719548e+01  0.000000e+00
     vertex  1.855954e+02 -6.190165e+01  0.000000e+00
     vertex  1.844238e+02 -6.427130e+01  0.000000e+00
   endloop
 endfacet
 facet normal  0.000000e+00  0.000000e+00 -1.000000e+00
   outer loop
     vertex  1.830084e+02 -5.719548e+01  0.000000e+00
     vertex  1.856334e+02 -6.181000e+01  0.000000e+00
     vertex  1.855954e+02 -6.190165e+01  0.000000e+00
   endloop
 endfacet
 facet normal  0.000000e+00  0.000000e+00 -1.000000e+00
   outer loop
     vertex  1.882338e+02 -6.226870e+01  0.000000e+00
     vertex  1.873309e+02 -6.417295e+01  0.000000e+00
     vertex  1.872325e+02 -6.416000e+01  0.000000e+00
   endloop
 endfacet
 facet normal  0.000000e+00  0.000000e+00 -1.000000e+00
   outer loop
     vertex  1.883125e+02 -6.232909e+01  0.000000e+00
     vertex  1.874225e+02 -6.421091e+01  0.000000e+00
     vertex  1.873309e+02 -6.417295e+01  0.000000e+00
   endloop
 endfacet
 facet normal -0.000000e+00  0.000000e+00 -1.000000e+00
   outer loop
     vertex  1.883125e+02 -6.232909e+01  0.000000e+00
     vertex  1.873309e+02 -6.417295e+01  0.000000e+00
     vertex  1.882338e+02 -6.226870e+01  0.000000e+00
   endloop
 endfacet
 facet normal -0.000000e+00  0.000000e+00 -1.000000e+00
   outer loop
     vertex  1.881734e+02 -6.219000e+01  0.000000e+00
     vertex  1.872325e+02 -6.416000e+01  0.000000e+00
     vertex  1.862916e+02 -6.219000e+01  0.000000e+00
   endloop
 endfacet
 facet normal  0.000000e+00 -0.000000e+00 -1.000000e+00
   outer loop
     vertex  1.881734e+02 -6.219000e+01  0.000000e+00
     vertex  1.882338e+02 -6.226870e+01  0.000000e+00
     vertex  1.872325e+02 -6.416000e+01  0.000000e+00
   endloop
 endfacet
 facet normal  0.000000e+00  0.000000e+00 -1.000000e+00
   outer loop
     vertex  1.881734e+02 -6.219000e+01  0.000000e+00
     vertex  1.862916e+02 -6.219000e+01  0.000000e+00
     vertex  1.863296e+02 -6.209835e+01  0.000000e+00
   endloop
 endfacet
 facet normal  0.000000e+00  0.000000e+00 -1.000000e+00
   outer loop
     vertex  1.884041e+02 -6.236705e+01  0.000000e+00
     vertex  1.875012e+02 -6.427130e+01  0.000000e+00
     vertex  1.874225e+02 -6.421091e+01  0.000000e+00
   endloop
 endfacet
 facet normal -0.000000e+00  0.000000e+00 -1.000000e+00
   outer loop
     vertex  1.884041e+02 -6.236705e+01  0.000000e+00
     vertex  1.874225e+02 -6.421091e+01  0.000000e+00
     vertex  1.883125e+02 -6.232909e+01  0.000000e+00
   endloop
 endfacet
 facet normal -0.000000e+00 -0.000000e+00 -1.000000e+00
   outer loop
     vertex  1.881354e+02 -6.209835e+01  0.000000e+00
     vertex  1.881734e+02 -6.219000e+01  0.000000e+00
     vertex  1.863296e+02 -6.209835e+01  0.000000e+00
   endloop
 endfacet
 facet normal  0.000000e+00  0.000000e+00 -1.000000e+00
   outer loop
     vertex  1.885025e+02 -6.238000e+01  0.000000e+00
     vertex  1.875616e+02 -6.435000e+01  0.000000e+00
     vertex  1.875012e+02 -6.427130e+01  0.000000e+00
   endloop
 endfacet
 facet normal  0.000000e+00  0.000000e+00 -1.000000e+00
   outer loop
     vertex  1.885025e+02 -6.238000e+01  0.000000e+00
     vertex  1.895038e+02 -6.427130e+01  0.000000e+00
     vertex  1.894434e+02 -6.435000e+01  0.000000e+00
   endloop
 endfacet
 facet normal -0.000000e+00  0.000000e+00 -1.000000e+00
   outer loop
     vertex  1.885025e+02 -6.238000e+01  0.000000e+00
     vertex  1.875012e+02 -6.427130e+01  0.000000e+00
     vertex  1.884041e+02 -6.236705e+01  0.000000e+00
   endloop
 endfacet
 facet normal  0.000000e+00 -0.000000e+00 -1.000000e+00
   outer loop
     vertex  1.885025e+02 -6.238000e+01  0.000000e+00
     vertex  1.894434e+02 -6.435000e+01  0.000000e+00
     vertex  1.875616e+02 -6.435000e+01  0.000000e+00
   endloop
 endfacet
 facet normal  0.000000e+00 -0.000000e+00 -1.000000e+00
   outer loop
     vertex  1.881225e+02 -6.200000e+01  0.000000e+00
     vertex  1.881354e+02 -6.209835e+01  0.000000e+00
     vertex  1.863296e+02 -6.209835e+01  0.000000e+00
   endloop
 endfacet
 facet normal -0.000000e+00  0.000000e+00 -1.000000e+00
   outer loop
     vertex  1.881225e+02 -6.200000e+01  0.000000e+00
     vertex  1.863296e+02 -6.209835e+01  0.000000e+00
     vertex  1.863425e+02 -6.200000e+01  0.000000e+00
   endloop
 endfacet
 facet normal -0.000000e+00  0.000000e+00 -1.000000e+00
   outer loop
     vertex  1.818225e+02 -5.565000e+01  0.000000e+00
     vertex  1.741000e+02 -5.588000e+01  0.000000e+00
     vertex  1.740533e+02 -5.549636e+01  0.000000e+00
   endloop
 endfacet
 facet normal  0.000000e+00  0.000000e+00 -1.000000e+00
   outer loop
     vertex  1.818225e+02 -5.565000e+01  0.000000e+00
     vertex  1.741000e+02 -5.589008e+01  0.000000e+00
     vertex  1.741000e+02 -5.588672e+01  0.000000e+00
   endloop
 endfacet
 facet normal  0.000000e+00  0.000000e+00 -1.000000e+00
   outer loop
     vertex  1.818225e+02 -5.565000e+01  0.000000e+00
     vertex  1.741000e+02 -5.588672e+01  0.000000e+00
     vertex  1.741000e+02 -5.588336e+01  0.000000e+00
   endloop
 endfacet
 facet normal  0.000000e+00  0.000000e+00 -1.000000e+00
   outer loop
     vertex  1.818225e+02 -5.565000e+01  0.000000e+00
     vertex  1.741000e+02 -5.588336e+01  0.000000e+00
     vertex  1.741000e+02 -5.588000e+01  0.000000e+00
   endloop
 endfacet
 facet normal  0.000000e+00 -0.000000e+00 -1.000000e+00
   outer loop
     vertex  1.818225e+02 -5.565000e+01  0.000000e+00
     vertex  1.818770e+02 -5.606411e+01  0.000000e+00
     vertex  1.741000e+02 -5.589008e+01  0.000000e+00
   endloop
 endfacet
 facet normal  0.000000e+00  0.000000e+00 -1.000000e+00
   outer loop
     vertex  1.834225e+02 -5.725000e+01  0.000000e+00
     vertex  1.856938e+02 -6.173130e+01  0.000000e+00
     vertex  1.856334e+02 -6.181000e+01  0.000000e+00
   endloop
 endfacet
 facet normal -0.000000e+00 -0.000000e+00 -1.000000e+00
   outer loop
     vertex  1.834225e+02 -5.725000e+01  0.000000e+00
     vertex  1.856334e+02 -6.181000e+01  0.000000e+00
     vertex  1.830084e+02 -5.719548e+01  0.000000e+00
   endloop
 endfacet
 facet normal  0.000000e+00  0.000000e+00 -1.000000e+00
   outer loop
     vertex  1.886009e+02 -6.236705e+01  0.000000e+00
     vertex  1.895825e+02 -6.421091e+01  0.000000e+00
     vertex  1.895038e+02 -6.427130e+01  0.000000e+00
   endloop
 endfacet
 facet normal  0.000000e+00 -0.000000e+00 -1.000000e+00
   outer loop
     vertex  1.886009e+02 -6.236705e+01  0.000000e+00
     vertex  1.895038e+02 -6.427130e+01  0.000000e+00
     vertex  1.885025e+02 -6.238000e+01  0.000000e+00
   endloop
 endfacet
 facet normal  0.000000e+00  0.000000e+00 -1.000000e+00
   outer loop
     vertex  1.881354e+02 -6.190165e+01  0.000000e+00
     vertex  1.881225e+02 -6.200000e+01  0.000000e+00
     vertex  1.863425e+02 -6.200000e+01  0.000000e+00
   endloop
 endfacet
 facet normal -0.000000e+00  0.000000e+00 -1.000000e+00
   outer loop
     vertex  1.881354e+02 -6.190165e+01  0.000000e+00
     vertex  1.863425e+02 -6.200000e+01  0.000000e+00
     vertex  1.863296e+02 -6.190165e+01  0.000000e+00
   endloop
 endfacet
 facet normal  0.000000e+00  0.000000e+00 -1.000000e+00
   outer loop
     vertex  1.886925e+02 -6.232909e+01  0.000000e+00
     vertex  1.896741e+02 -6.417295e+01  0.000000e+00
     vertex  1.895825e+02 -6.421091e+01  0.000000e+00
   endloop
 endfacet
 facet normal  0.000000e+00 -0.000000e+00 -1.000000e+00
   outer loop
     vertex  1.886925e+02 -6.232909e+01  0.000000e+00
     vertex  1.895825e+02 -6.421091e+01  0.000000e+00
     vertex  1.886009e+02 -6.236705e+01  0.000000e+00
   endloop
 endfacet
 facet normal -0.000000e+00  0.000000e+00 -1.000000e+00
   outer loop
     vertex  1.881734e+02 -6.181000e+01  0.000000e+00
     vertex  1.863296e+02 -6.190165e+01  0.000000e+00
     vertex  1.862916e+02 -6.181000e+01  0.000000e+00
   endloop
 endfacet
 facet normal  0.000000e+00  0.000000e+00 -1.000000e+00
   outer loop
     vertex  1.881734e+02 -6.181000e+01  0.000000e+00
     vertex  1.881354e+02 -6.190165e+01  0.000000e+00
     vertex  1.863296e+02 -6.190165e+01  0.000000e+00
   endloop
 endfacet
 facet normal  0.000000e+00  0.000000e+00 -1.000000e+00
   outer loop
     vertex  1.887712e+02 -6.226870e+01  0.000000e+00
     vertex  1.897725e+02 -6.416000e+01  0.000000e+00
     vertex  1.896741e+02 -6.417295e+01  0.000000e+00
   endloop
 endfacet
 facet normal  0.000000e+00 -0.000000e+00 -1.000000e+00
   outer loop
     vertex  1.887712e+02 -6.226870e+01  0.000000e+00
     vertex  1.896741e+02 -6.417295e+01  0.000000e+00
     vertex  1.886925e+02 -6.232909e+01  0.000000e+00
   endloop
 endfacet
 facet normal  0.000000e+00  0.000000e+00 -1.000000e+00
   outer loop
     vertex  1.882338e+02 -6.173130e+01  0.000000e+00
     vertex  1.862312e+02 -6.173130e+01  0.000000e+00
     vertex  1.861525e+02 -6.167091e+01  0.000000e+00
   endloop
 endfacet
 facet normal  0.000000e+00  0.000000e+00 -1.000000e+00
   outer loop
     vertex  1.882338e+02 -6.173130e+01  0.000000e+00
     vertex  1.881734e+02 -6.181000e+01  0.000000e+00
     vertex  1.862916e+02 -6.181000e+01  0.000000e+00
   endloop
 endfacet
 facet normal -0.000000e+00  0.000000e+00 -1.000000e+00
   outer loop
     vertex  1.882338e+02 -6.173130e+01  0.000000e+00
     vertex  1.862916e+02 -6.181000e+01  0.000000e+00
     vertex  1.862312e+02 -6.173130e+01  0.000000e+00
   endloop
 endfacet
 facet normal -0.000000e+00  0.000000e+00 -1.000000e+00
   outer loop
     vertex  1.818770e+02 -5.523589e+01  0.000000e+00
     vertex  1.740533e+02 -5.549636e+01  0.000000e+00
     vertex  1.739160e+02 -5.513509e+01  0.000000e+00
   endloop
 endfacet
 facet normal  0.000000e+00  0.000000e+00 -1.000000e+00
   outer loop
     vertex  1.818770e+02 -5.523589e+01  0.000000e+00
     vertex  1.818225e+02 -5.565000e+01  0.000000e+00
     vertex  1.740533e+02 -5.549636e+01  0.000000e+00
   endloop
 endfacet
 facet normal  0.000000e+00 -0.000000e+00 -1.000000e+00
   outer loop
     vertex  1.838366e+02 -5.719548e+01  0.000000e+00
     vertex  1.856938e+02 -6.173130e+01  0.000000e+00
     vertex  1.834225e+02 -5.725000e+01  0.000000e+00
   endloop
 endfacet
 facet normal  0.000000e+00  0.000000e+00 -1.000000e+00
   outer loop
     vertex  1.838366e+02 -5.719548e+01  0.000000e+00
     vertex  1.857725e+02 -6.167091e+01  0.000000e+00
     vertex  1.856938e+02 -6.173130e+01  0.000000e+00
   endloop
 endfacet
 facet normal  0.000000e+00  0.000000e+00 -1.000000e+00
   outer loop
     vertex  1.838366e+02 -5.719548e+01  0.000000e+00
     vertex  1.858641e+02 -6.163295e+01  0.000000e+00
     vertex  1.857725e+02 -6.167091e+01  0.000000e+00
   endloop
 endfacet
 facet normal -0.000000e+00  0.000000e+00 -1.000000e+00
   outer loop
     vertex  1.883125e+02 -6.167091e+01  0.000000e+00
     vertex  1.882338e+02 -6.173130e+01  0.000000e+00
     vertex  1.861525e+02 -6.167091e+01  0.000000e+00
   endloop
 endfacet
 facet normal  0.000000e+00 -0.000000e+00 -1.000000e+00
   outer loop
     vertex  1.888316e+02 -6.219000e+01  0.000000e+00
     vertex  1.897725e+02 -6.416000e+01  0.000000e+00
     vertex  1.887712e+02 -6.226870e+01  0.000000e+00
   endloop
 endfacet
 facet normal  0.000000e+00  0.000000e+00 -1.000000e+00
   outer loop
     vertex  1.884041e+02 -6.163295e+01  0.000000e+00
     vertex  1.883125e+02 -6.167091e+01  0.000000e+00
     vertex  1.861525e+02 -6.167091e+01  0.000000e+00
   endloop
 endfacet
 facet normal -0.000000e+00  0.000000e+00 -1.000000e+00
   outer loop
     vertex  1.884041e+02 -6.163295e+01  0.000000e+00
     vertex  1.861525e+02 -6.167091e+01  0.000000e+00
     vertex  1.860609e+02 -6.163295e+01  0.000000e+00
   endloop
 endfacet
 facet normal  0.000000e+00  0.000000e+00 -1.000000e+00
   outer loop
     vertex  2.015279e+02 -7.471213e+01  0.000000e+00
     vertex  1.942366e+02 -7.605000e+01  0.000000e+00
     vertex  1.942746e+02 -7.595835e+01  0.000000e+00
   endloop
 endfacet
 facet normal  0.000000e+00 -0.000000e+00 -1.000000e+00
   outer loop
     vertex  2.014802e+02 -7.465000e+01  0.000000e+00
     vertex  2.015279e+02 -7.471213e+01  0.000000e+00
     vertex  1.942746e+02 -7.595835e+01  0.000000e+00
   endloop
 endfacet
 facet normal  0.000000e+00  0.000000e+00 -1.000000e+00
   outer loop
     vertex  2.014802e+02 -7.465000e+01  0.000000e+00
     vertex  1.942746e+02 -7.595835e+01  0.000000e+00
     vertex  1.942875e+02 -7.586000e+01  0.000000e+00
   endloop
 endfacet
 facet normal  0.000000e+00  0.000000e+00 -1.000000e+00
   outer loop
     vertex  2.015900e+02 -7.475981e+01  0.000000e+00
     vertex  1.959775e+02 -8.336436e+01  0.000000e+00
     vertex  1.942366e+02 -7.605000e+01  0.000000e+00
   endloop
 endfacet
 facet normal -0.000000e+00  0.000000e+00 -1.000000e+00
   outer loop
     vertex  2.015900e+02 -7.475981e+01  0.000000e+00
     vertex  1.942366e+02 -7.605000e+01  0.000000e+00
     vertex  2.015279e+02 -7.471213e+01  0.000000e+00
   endloop
 endfacet
 facet normal  0.000000e+00  0.000000e+00 -1.000000e+00
   outer loop
     vertex  2.015900e+02 -7.475981e+01  0.000000e+00
     vertex  1.963089e+02 -8.361863e+01  0.000000e+00
     vertex  1.959775e+02 -8.336436e+01  0.000000e+00
   endloop
 endfacet
 facet normal -0.000000e+00  0.000000e+00 -1.000000e+00
   outer loop
     vertex  2.016624e+02 -7.478978e+01  0.000000e+00
     vertex  1.963089e+02 -8.361863e+01  0.000000e+00
     vertex  2.015900e+02 -7.475981e+01  0.000000e+00
   endloop
 endfacet
 facet normal  0.000000e+00 -0.000000e+00 -1.000000e+00
   outer loop
     vertex  2.016624e+02 -7.478978e+01  0.000000e+00
     vertex  2.048973e+02 -8.342473e+01  0.000000e+00
     vertex  1.963089e+02 -8.361863e+01  0.000000e+00
   endloop
 endfacet
 facet normal  0.000000e+00 -0.000000e+00 -1.000000e+00
   outer loop
     vertex  2.014502e+02 -7.457765e+01  0.000000e+00
     vertex  2.014802e+02 -7.465000e+01  0.000000e+00
     vertex  1.942875e+02 -7.586000e+01  0.000000e+00
   endloop
 endfacet
 facet normal  0.000000e+00  0.000000e+00 -1.000000e+00
   outer loop
     vertex  2.014502e+02 -7.457765e+01  0.000000e+00
     vertex  1.942875e+02 -7.586000e+01  0.000000e+00
     vertex  1.942746e+02 -7.576165e+01  0.000000e+00
   endloop
 endfacet
 facet normal  0.000000e+00 -0.000000e+00 -1.000000e+00
   outer loop
     vertex  2.014400e+02 -7.450000e+01  0.000000e+00
     vertex  2.014502e+02 -7.457765e+01  0.000000e+00
     vertex  1.942746e+02 -7.576165e+01  0.000000e+00
   endloop
 endfacet
 facet normal  0.000000e+00  0.000000e+00 -1.000000e+00
   outer loop
     vertex  2.014400e+02 -7.450000e+01  0.000000e+00
     vertex  1.942746e+02 -7.576165e+01  0.000000e+00
     vertex  1.942366e+02 -7.567000e+01  0.000000e+00
   endloop
 endfacet
 facet normal  0.000000e+00  0.000000e+00 -1.000000e+00
   outer loop
     vertex  2.017400e+02 -7.480000e+01  0.000000e+00
     vertex  2.051855e+02 -8.316714e+01  0.000000e+00
     vertex  2.048973e+02 -8.342473e+01  0.000000e+00
   endloop
 endfacet
 facet normal -0.000000e+00 -0.000000e+00 -1.000000e+00
   outer loop
     vertex  2.017400e+02 -7.480000e+01  0.000000e+00
     vertex  2.048973e+02 -8.342473e+01  0.000000e+00
     vertex  2.016624e+02 -7.478978e+01  0.000000e+00
   endloop
 endfacet
 facet normal  0.000000e+00  0.000000e+00 -1.000000e+00
   outer loop
     vertex  2.014502e+02 -7.442236e+01  0.000000e+00
     vertex  2.014400e+02 -7.450000e+01  0.000000e+00
     vertex  1.942366e+02 -7.567000e+01  0.000000e+00
   endloop
 endfacet
 facet normal  0.000000e+00  0.000000e+00 -1.000000e+00
   outer loop
     vertex  2.014502e+02 -7.442236e+01  0.000000e+00
     vertex  1.942366e+02 -7.567000e+01  0.000000e+00
     vertex  1.941762e+02 -7.559130e+01  0.000000e+00
   endloop
 endfacet
 facet normal  0.000000e+00  0.000000e+00 -1.000000e+00
   outer loop
     vertex  2.014802e+02 -7.435000e+01  0.000000e+00
     vertex  2.014502e+02 -7.442236e+01  0.000000e+00
     vertex  1.941762e+02 -7.559130e+01  0.000000e+00
   endloop
 endfacet
 facet normal  0.000000e+00  0.000000e+00 -1.000000e+00
   outer loop
     vertex  2.014802e+02 -7.435000e+01  0.000000e+00
     vertex  1.941762e+02 -7.559130e+01  0.000000e+00
     vertex  1.940975e+02 -7.553091e+01  0.000000e+00
   endloop
 endfacet
 facet normal -0.000000e+00  0.000000e+00 -1.000000e+00
   outer loop
     vertex  1.820369e+02 -5.485000e+01  0.000000e+00
     vertex  1.739160e+02 -5.513509e+01  0.000000e+00
     vertex  1.736961e+02 -5.481729e+01  0.000000e+00
   endloop
 endfacet
 facet normal  0.000000e+00  0.000000e+00 -1.000000e+00
   outer loop
     vertex  1.820369e+02 -5.485000e+01  0.000000e+00
     vertex  1.818770e+02 -5.523589e+01  0.000000e+00
     vertex  1.739160e+02 -5.513509e+01  0.000000e+00
   endloop
 endfacet
 facet normal  0.000000e+00 -0.000000e+00 -1.000000e+00
   outer loop
     vertex  1.842225e+02 -5.703564e+01  0.000000e+00
     vertex  1.858641e+02 -6.163295e+01  0.000000e+00
     vertex  1.838366e+02 -5.719548e+01  0.000000e+00
   endloop
 endfacet
 facet normal  0.000000e+00  0.000000e+00 -1.000000e+00
   outer loop
     vertex  1.842225e+02 -5.703564e+01  0.000000e+00
     vertex  1.859625e+02 -6.162000e+01  0.000000e+00
     vertex  1.858641e+02 -6.163295e+01  0.000000e+00
   endloop
 endfacet
 facet normal  0.000000e+00  0.000000e+00 -1.000000e+00
   outer loop
     vertex  2.015279e+02 -7.428787e+01  0.000000e+00
     vertex  2.014802e+02 -7.435000e+01  0.000000e+00
     vertex  1.940975e+02 -7.553091e+01  0.000000e+00
   endloop
 endfacet
 facet normal  0.000000e+00  0.000000e+00 -1.000000e+00
   outer loop
     vertex  1.921225e+02 -6.486909e+01  0.000000e+00
     vertex  1.900412e+02 -6.480870e+01  0.000000e+00
     vertex  1.920438e+02 -6.480870e+01  0.000000e+00
   endloop
 endfacet
 facet normal  0.000000e+00  0.000000e+00 -1.000000e+00
   outer loop
     vertex  1.921225e+02 -6.486909e+01  0.000000e+00
     vertex  1.899625e+02 -6.486909e+01  0.000000e+00
     vertex  1.900412e+02 -6.480870e+01  0.000000e+00
   endloop
 endfacet
 facet normal -0.000000e+00  0.000000e+00 -1.000000e+00
   outer loop
     vertex  1.921225e+02 -6.486909e+01  0.000000e+00
     vertex  1.898709e+02 -6.490705e+01  0.000000e+00
     vertex  1.899625e+02 -6.486909e+01  0.000000e+00
   endloop
 endfacet
 facet normal  0.000000e+00 -0.000000e+00 -1.000000e+00
   outer loop
     vertex  1.919834e+02 -6.473000e+01  0.000000e+00
     vertex  1.920438e+02 -6.480870e+01  0.000000e+00
     vertex  1.900412e+02 -6.480870e+01  0.000000e+00
   endloop
 endfacet
 facet normal -0.000000e+00  0.000000e+00 -1.000000e+00
   outer loop
     vertex  1.919834e+02 -6.473000e+01  0.000000e+00
     vertex  1.900412e+02 -6.480870e+01  0.000000e+00
     vertex  1.901016e+02 -6.473000e+01  0.000000e+00
   endloop
 endfacet
 facet normal -0.000000e+00  0.000000e+00 -1.000000e+00
   outer loop
     vertex  1.922141e+02 -6.490705e+01  0.000000e+00
     vertex  1.913675e+02 -7.548000e+01  0.000000e+00
     vertex  1.898709e+02 -6.490705e+01  0.000000e+00
   endloop
 endfacet
 facet normal  0.000000e+00  0.000000e+00 -1.000000e+00
   outer loop
     vertex  1.922141e+02 -6.490705e+01  0.000000e+00
     vertex  1.898709e+02 -6.490705e+01  0.000000e+00
     vertex  1.921225e+02 -6.486909e+01  0.000000e+00
   endloop
 endfacet
 facet normal  0.000000e+00 -0.000000e+00 -1.000000e+00
   outer loop
     vertex  1.919454e+02 -6.463835e+01  0.000000e+00
     vertex  1.919834e+02 -6.473000e+01  0.000000e+00
     vertex  1.901016e+02 -6.473000e+01  0.000000e+00
   endloop
 endfacet
 facet normal -0.000000e+00  0.000000e+00 -1.000000e+00
   outer loop
     vertex  1.919454e+02 -6.463835e+01  0.000000e+00
     vertex  1.901016e+02 -6.473000e+01  0.000000e+00
     vertex  1.901396e+02 -6.463835e+01  0.000000e+00
   endloop
 endfacet
 facet normal  0.000000e+00 -0.000000e+00 -1.000000e+00
   outer loop
     vertex  1.923125e+02 -6.492000e+01  0.000000e+00
     vertex  1.938091e+02 -7.549295e+01  0.000000e+00
     vertex  1.914659e+02 -7.549295e+01  0.000000e+00
   endloop
 endfacet
 facet normal -0.000000e+00  0.000000e+00 -1.000000e+00
   outer loop
     vertex  1.923125e+02 -6.492000e+01  0.000000e+00
     vertex  1.913675e+02 -7.548000e+01  0.000000e+00
     vertex  1.922141e+02 -6.490705e+01  0.000000e+00
   endloop
 endfacet
 facet normal  0.000000e+00  0.000000e+00 -1.000000e+00
   outer loop
     vertex  1.923125e+02 -6.492000e+01  0.000000e+00
     vertex  1.914659e+02 -7.549295e+01  0.000000e+00
     vertex  1.913675e+02 -7.548000e+01  0.000000e+00
   endloop
 endfacet
 facet normal  0.000000e+00 -0.000000e+00 -1.000000e+00
   outer loop
     vertex  1.919325e+02 -6.454000e+01  0.000000e+00
     vertex  1.919454e+02 -6.463835e+01  0.000000e+00
     vertex  1.901396e+02 -6.463835e+01  0.000000e+00
   endloop
 endfacet
 facet normal -0.000000e+00  0.000000e+00 -1.000000e+00
   outer loop
     vertex  1.919325e+02 -6.454000e+01  0.000000e+00
     vertex  1.901396e+02 -6.463835e+01  0.000000e+00
     vertex  1.901525e+02 -6.454000e+01  0.000000e+00
   endloop
 endfacet
 facet normal  0.000000e+00 -0.000000e+00 -1.000000e+00
   outer loop
     vertex  1.924109e+02 -6.490705e+01  0.000000e+00
     vertex  1.938091e+02 -7.549295e+01  0.000000e+00
     vertex  1.923125e+02 -6.492000e+01  0.000000e+00
   endloop
 endfacet
 facet normal  0.000000e+00  0.000000e+00 -1.000000e+00
   outer loop
     vertex  1.924109e+02 -6.490705e+01  0.000000e+00
     vertex  1.939075e+02 -7.548000e+01  0.000000e+00
     vertex  1.938091e+02 -7.549295e+01  0.000000e+00
   endloop
 endfacet
 facet normal  0.000000e+00  0.000000e+00 -1.000000e+00
   outer loop
     vertex  1.919454e+02 -6.444165e+01  0.000000e+00
     vertex  1.919325e+02 -6.454000e+01  0.000000e+00
     vertex  1.901525e+02 -6.454000e+01  0.000000e+00
   endloop
 endfacet
 facet normal -0.000000e+00  0.000000e+00 -1.000000e+00
   outer loop
     vertex  1.919454e+02 -6.444165e+01  0.000000e+00
     vertex  1.901525e+02 -6.454000e+01  0.000000e+00
     vertex  1.901396e+02 -6.444165e+01  0.000000e+00
   endloop
 endfacet
 facet normal  0.000000e+00 -0.000000e+00 -1.000000e+00
   outer loop
     vertex  1.925025e+02 -6.486909e+01  0.000000e+00
     vertex  1.939075e+02 -7.548000e+01  0.000000e+00
     vertex  1.924109e+02 -6.490705e+01  0.000000e+00
   endloop
 endfacet
 facet normal  0.000000e+00  0.000000e+00 -1.000000e+00
   outer loop
     vertex  1.925025e+02 -6.486909e+01  0.000000e+00
     vertex  1.940059e+02 -7.549295e+01  0.000000e+00
     vertex  1.939075e+02 -7.548000e+01  0.000000e+00
   endloop
 endfacet
 facet normal -0.000000e+00  0.000000e+00 -1.000000e+00
   outer loop
     vertex  1.919834e+02 -6.435000e+01  0.000000e+00
     vertex  1.901396e+02 -6.444165e+01  0.000000e+00
     vertex  1.901016e+02 -6.435000e+01  0.000000e+00
   endloop
 endfacet
 facet normal  0.000000e+00  0.000000e+00 -1.000000e+00
   outer loop
     vertex  1.919834e+02 -6.435000e+01  0.000000e+00
     vertex  1.919454e+02 -6.444165e+01  0.000000e+00
     vertex  1.901396e+02 -6.444165e+01  0.000000e+00
   endloop
 endfacet
 facet normal  0.000000e+00 -0.000000e+00 -1.000000e+00
   outer loop
     vertex  1.925812e+02 -6.480870e+01  0.000000e+00
     vertex  1.940059e+02 -7.549295e+01  0.000000e+00
     vertex  1.925025e+02 -6.486909e+01  0.000000e+00
   endloop
 endfacet
 facet normal  0.000000e+00 -0.000000e+00 -1.000000e+00
   outer loop
     vertex  1.845539e+02 -5.678137e+01  0.000000e+00
     vertex  1.859625e+02 -6.162000e+01  0.000000e+00
     vertex  1.842225e+02 -5.703564e+01  0.000000e+00
   endloop
 endfacet
 facet normal  0.000000e+00  0.000000e+00 -1.000000e+00
   outer loop
     vertex  1.845539e+02 -5.678137e+01  0.000000e+00
     vertex  1.884041e+02 -6.163295e+01  0.000000e+00
     vertex  1.860609e+02 -6.163295e+01  0.000000e+00
   endloop
 endfacet
 facet normal  0.000000e+00  0.000000e+00 -1.000000e+00
   outer loop
     vertex  1.845539e+02 -5.678137e+01  0.000000e+00
     vertex  1.860609e+02 -6.163295e+01  0.000000e+00
     vertex  1.859625e+02 -6.162000e+01  0.000000e+00
   endloop
 endfacet
 facet normal -0.000000e+00  0.000000e+00 -1.000000e+00
   outer loop
     vertex  1.822911e+02 -5.451863e+01  0.000000e+00
     vertex  1.736961e+02 -5.481729e+01  0.000000e+00
     vertex  1.725000e+02 -5.268000e+01  0.000000e+00
   endloop
 endfacet
 facet normal  0.000000e+00  0.000000e+00 -1.000000e+00
   outer loop
     vertex  1.822911e+02 -5.451863e+01  0.000000e+00
     vertex  1.820369e+02 -5.485000e+01  0.000000e+00
     vertex  1.736961e+02 -5.481729e+01  0.000000e+00
   endloop
 endfacet
 facet normal -0.000000e+00 -0.000000e+00 -1.000000e+00
   outer loop
     vertex  2.028400e+02 -7.480000e+01  0.000000e+00
     vertex  2.051855e+02 -8.316714e+01  0.000000e+00
     vertex  2.017400e+02 -7.480000e+01  0.000000e+00
   endloop
 endfacet
 facet normal  0.000000e+00  0.000000e+00 -1.000000e+00
   outer loop
     vertex  2.028400e+02 -7.480000e+01  0.000000e+00
     vertex  2.055269e+02 -8.298615e+01  0.000000e+00
     vertex  2.051855e+02 -8.316714e+01  0.000000e+00
   endloop
 endfacet
 facet normal  0.000000e+00 -0.000000e+00 -1.000000e+00
   outer loop
     vertex  2.029176e+02 -7.478978e+01  0.000000e+00
     vertex  2.055269e+02 -8.298615e+01  0.000000e+00
     vertex  2.028400e+02 -7.480000e+01  0.000000e+00
   endloop
 endfacet
 facet normal -0.000000e+00  0.000000e+00 -1.000000e+00
   outer loop
     vertex  1.826225e+02 -5.426436e+01  0.000000e+00
     vertex  1.822911e+02 -5.451863e+01  0.000000e+00
     vertex  1.725000e+02 -5.268000e+01  0.000000e+00
   endloop
 endfacet
 facet normal  0.000000e+00 -0.000000e+00 -1.000000e+00
   outer loop
     vertex  1.848081e+02 -5.645000e+01  0.000000e+00
     vertex  1.884041e+02 -6.163295e+01  0.000000e+00
     vertex  1.845539e+02 -5.678137e+01  0.000000e+00
   endloop
 endfacet
 facet normal  0.000000e+00  0.000000e+00 -1.000000e+00
   outer loop
     vertex  1.848081e+02 -5.645000e+01  0.000000e+00
     vertex  1.885025e+02 -6.162000e+01  0.000000e+00
     vertex  1.884041e+02 -6.163295e+01  0.000000e+00
   endloop
 endfacet
 facet normal  0.000000e+00  0.000000e+00 -1.000000e+00
   outer loop
     vertex  1.907738e+02 -6.226870e+01  0.000000e+00
     vertex  1.898709e+02 -6.417295e+01  0.000000e+00
     vertex  1.897725e+02 -6.416000e+01  0.000000e+00
   endloop
 endfacet
 facet normal  0.000000e+00  0.000000e+00 -1.000000e+00
   outer loop
     vertex  1.908525e+02 -6.232909e+01  0.000000e+00
     vertex  1.899625e+02 -6.421091e+01  0.000000e+00
     vertex  1.898709e+02 -6.417295e+01  0.000000e+00
   endloop
 endfacet
 facet normal -0.000000e+00  0.000000e+00 -1.000000e+00
   outer loop
     vertex  1.908525e+02 -6.232909e+01  0.000000e+00
     vertex  1.898709e+02 -6.417295e+01  0.000000e+00
     vertex  1.907738e+02 -6.226870e+01  0.000000e+00
   endloop
 endfacet
 facet normal  0.000000e+00  0.000000e+00 -1.000000e+00
   outer loop
     vertex  1.907134e+02 -6.219000e+01  0.000000e+00
     vertex  1.897725e+02 -6.416000e+01  0.000000e+00
     vertex  1.888316e+02 -6.219000e+01  0.000000e+00
   endloop
 endfacet
 facet normal  0.000000e+00 -0.000000e+00 -1.000000e+00
   outer loop
     vertex  1.907134e+02 -6.219000e+01  0.000000e+00
     vertex  1.907738e+02 -6.226870e+01  0.000000e+00
     vertex  1.897725e+02 -6.416000e+01  0.000000e+00
   endloop
 endfacet
 facet normal -0.000000e+00  0.000000e+00 -1.000000e+00
   outer loop
     vertex  1.907134e+02 -6.219000e+01  0.000000e+00
     vertex  1.888316e+02 -6.219000e+01  0.000000e+00
     vertex  1.888696e+02 -6.209835e+01  0.000000e+00
   endloop
 endfacet
 facet normal  0.000000e+00  0.000000e+00 -1.000000e+00
   outer loop
     vertex  1.909441e+02 -6.236705e+01  0.000000e+00
     vertex  1.900412e+02 -6.427130e+01  0.000000e+00
     vertex  1.899625e+02 -6.421091e+01  0.000000e+00
   endloop
 endfacet
 facet normal -0.000000e+00  0.000000e+00 -1.000000e+00
   outer loop
     vertex  1.909441e+02 -6.236705e+01  0.000000e+00
     vertex  1.899625e+02 -6.421091e+01  0.000000e+00
     vertex  1.908525e+02 -6.232909e+01  0.000000e+00
   endloop
 endfacet
 facet normal  0.000000e+00 -0.000000e+00 -1.000000e+00
   outer loop
     vertex  1.906754e+02 -6.209835e+01  0.000000e+00
     vertex  1.907134e+02 -6.219000e+01  0.000000e+00
     vertex  1.888696e+02 -6.209835e+01  0.000000e+00
   endloop
 endfacet
 facet normal  0.000000e+00  0.000000e+00 -1.000000e+00
   outer loop
     vertex  1.910425e+02 -6.238000e+01  0.000000e+00
     vertex  1.901016e+02 -6.435000e+01  0.000000e+00
     vertex  1.900412e+02 -6.427130e+01  0.000000e+00
   endloop
 endfacet
 facet normal  0.000000e+00 -0.000000e+00 -1.000000e+00
   outer loop
     vertex  1.910425e+02 -6.238000e+01  0.000000e+00
     vertex  1.919834e+02 -6.435000e+01  0.000000e+00
     vertex  1.901016e+02 -6.435000e+01  0.000000e+00
   endloop
 endfacet
 facet normal  0.000000e+00  0.000000e+00 -1.000000e+00
   outer loop
     vertex  1.910425e+02 -6.238000e+01  0.000000e+00
     vertex  1.920438e+02 -6.427130e+01  0.000000e+00
     vertex  1.919834e+02 -6.435000e+01  0.000000e+00
   endloop
 endfacet
 facet normal -0.000000e+00  0.000000e+00 -1.000000e+00
   outer loop
     vertex  1.910425e+02 -6.238000e+01  0.000000e+00
     vertex  1.900412e+02 -6.427130e+01  0.000000e+00
     vertex  1.909441e+02 -6.236705e+01  0.000000e+00
   endloop
 endfacet
 facet normal  0.000000e+00 -0.000000e+00 -1.000000e+00
   outer loop
     vertex  1.906625e+02 -6.200000e+01  0.000000e+00
     vertex  1.906754e+02 -6.209835e+01  0.000000e+00
     vertex  1.888696e+02 -6.209835e+01  0.000000e+00
   endloop
 endfacet
 facet normal  0.000000e+00  0.000000e+00 -1.000000e+00
   outer loop
     vertex  1.906625e+02 -6.200000e+01  0.000000e+00
     vertex  1.888696e+02 -6.209835e+01  0.000000e+00
     vertex  1.888825e+02 -6.200000e+01  0.000000e+00
   endloop
 endfacet
 facet normal  0.000000e+00 -0.000000e+00 -1.000000e+00
   outer loop
     vertex  1.911409e+02 -6.236705e+01  0.000000e+00
     vertex  1.920438e+02 -6.427130e+01  0.000000e+00
     vertex  1.910425e+02 -6.238000e+01  0.000000e+00
   endloop
 endfacet
 facet normal  0.000000e+00  0.000000e+00 -1.000000e+00
   outer loop
     vertex  1.911409e+02 -6.236705e+01  0.000000e+00
     vertex  1.921225e+02 -6.421091e+01  0.000000e+00
     vertex  1.920438e+02 -6.427130e+01  0.000000e+00
   endloop
 endfacet
 facet normal  0.000000e+00  0.000000e+00 -1.000000e+00
   outer loop
     vertex  1.906754e+02 -6.190165e+01  0.000000e+00
     vertex  1.906625e+02 -6.200000e+01  0.000000e+00
     vertex  1.888825e+02 -6.200000e+01  0.000000e+00
   endloop
 endfacet
 facet normal  0.000000e+00  0.000000e+00 -1.000000e+00
   outer loop
     vertex  1.906754e+02 -6.190165e+01  0.000000e+00
     vertex  1.888825e+02 -6.200000e+01  0.000000e+00
     vertex  1.888696e+02 -6.190165e+01  0.000000e+00
   endloop
 endfacet
 facet normal  0.000000e+00  0.000000e+00 -1.000000e+00
   outer loop
     vertex  1.912325e+02 -6.232909e+01  0.000000e+00
     vertex  1.922141e+02 -6.417295e+01  0.000000e+00
     vertex  1.921225e+02 -6.421091e+01  0.000000e+00
   endloop
 endfacet
 facet normal  0.000000e+00 -0.000000e+00 -1.000000e+00
   outer loop
     vertex  1.912325e+02 -6.232909e+01  0.000000e+00
     vertex  1.921225e+02 -6.421091e+01  0.000000e+00
     vertex  1.911409e+02 -6.236705e+01  0.000000e+00
   endloop
 endfacet
 facet normal  0.000000e+00  0.000000e+00 -1.000000e+00
   outer loop
     vertex  1.907134e+02 -6.181000e+01  0.000000e+00
     vertex  1.906754e+02 -6.190165e+01  0.000000e+00
     vertex  1.888696e+02 -6.190165e+01  0.000000e+00
   endloop
 endfacet
 facet normal -0.000000e+00  0.000000e+00 -1.000000e+00
   outer loop
     vertex  1.907134e+02 -6.181000e+01  0.000000e+00
     vertex  1.888316e+02 -6.181000e+01  0.000000e+00
     vertex  1.887712e+02 -6.173130e+01  0.000000e+00
   endloop
 endfacet
 facet normal  0.000000e+00  0.000000e+00 -1.000000e+00
   outer loop
     vertex  1.907134e+02 -6.181000e+01  0.000000e+00
     vertex  1.888696e+02 -6.190165e+01  0.000000e+00
     vertex  1.888316e+02 -6.181000e+01  0.000000e+00
   endloop
 endfacet
 facet normal -0.000000e+00  0.000000e+00 -1.000000e+00
   outer loop
     vertex  1.830084e+02 -5.410452e+01  0.000000e+00
     vertex  1.826225e+02 -5.426436e+01  0.000000e+00
     vertex  1.725000e+02 -5.268000e+01  0.000000e+00
   endloop
 endfacet
 facet normal  0.000000e+00 -0.000000e+00 -1.000000e+00
   outer loop
     vertex  1.849680e+02 -5.606411e+01  0.000000e+00
     vertex  1.885025e+02 -6.162000e+01  0.000000e+00
     vertex  1.848081e+02 -5.645000e+01  0.000000e+00
   endloop
 endfacet
 facet normal  0.000000e+00  0.000000e+00 -1.000000e+00
   outer loop
     vertex  1.849680e+02 -5.606411e+01  0.000000e+00
     vertex  1.886009e+02 -6.163295e+01  0.000000e+00
     vertex  1.885025e+02 -6.162000e+01  0.000000e+00
   endloop
 endfacet
 facet normal  0.000000e+00 -0.000000e+00 -1.000000e+00
   outer loop
     vertex  1.913112e+02 -6.226870e+01  0.000000e+00
     vertex  1.922141e+02 -6.417295e+01  0.000000e+00
     vertex  1.912325e+02 -6.232909e+01  0.000000e+00
   endloop
 endfacet
 facet normal  0.000000e+00  0.000000e+00 -1.000000e+00
   outer loop
     vertex  1.913112e+02 -6.226870e+01  0.000000e+00
     vertex  1.923125e+02 -6.416000e+01  0.000000e+00
     vertex  1.922141e+02 -6.417295e+01  0.000000e+00
   endloop
 endfacet
 facet normal  0.000000e+00  0.000000e+00 -1.000000e+00
   outer loop
     vertex  1.907738e+02 -6.173130e+01  0.000000e+00
     vertex  1.907134e+02 -6.181000e+01  0.000000e+00
     vertex  1.887712e+02 -6.173130e+01  0.000000e+00
   endloop
 endfacet
 facet normal  0.000000e+00 -0.000000e+00 -1.000000e+00
   outer loop
     vertex  1.913716e+02 -6.219000e+01  0.000000e+00
     vertex  1.923125e+02 -6.416000e+01  0.000000e+00
     vertex  1.913112e+02 -6.226870e+01  0.000000e+00
   endloop
 endfacet
 facet normal  0.000000e+00  0.000000e+00 -1.000000e+00
   outer loop
     vertex  1.908525e+02 -6.167091e+01  0.000000e+00
     vertex  1.907738e+02 -6.173130e+01  0.000000e+00
     vertex  1.887712e+02 -6.173130e+01  0.000000e+00
   endloop
 endfacet
 facet normal -0.000000e+00  0.000000e+00 -1.000000e+00
   outer loop
     vertex  1.908525e+02 -6.167091e+01  0.000000e+00
     vertex  1.886925e+02 -6.167091e+01  0.000000e+00
     vertex  1.886009e+02 -6.163295e+01  0.000000e+00
   endloop
 endfacet
 facet normal  0.000000e+00  0.000000e+00 -1.000000e+00
   outer loop
     vertex  1.908525e+02 -6.167091e+01  0.000000e+00
     vertex  1.887712e+02 -6.173130e+01  0.000000e+00
     vertex  1.886925e+02 -6.167091e+01  0.000000e+00
   endloop
 endfacet
 facet normal  0.000000e+00 -0.000000e+00 -1.000000e+00
   outer loop
     vertex  2.026275e+02 -7.335146e+01  0.000000e+00
     vertex  2.028400e+02 -7.420000e+01  0.000000e+00
     vertex  2.017400e+02 -7.420000e+01  0.000000e+00
   endloop
 endfacet
 facet normal -0.000000e+00  0.000000e+00 -1.000000e+00
   outer loop
     vertex  2.026275e+02 -7.335146e+01  0.000000e+00
     vertex  2.017400e+02 -7.420000e+01  0.000000e+00
     vertex  2.025602e+02 -7.329981e+01  0.000000e+00
   endloop
 endfacet
 facet normal  0.000000e+00 -0.000000e+00 -1.000000e+00
   outer loop
     vertex  2.025085e+02 -7.323250e+01  0.000000e+00
     vertex  2.025602e+02 -7.329981e+01  0.000000e+00
     vertex  2.017400e+02 -7.420000e+01  0.000000e+00
   endloop
 endfacet
 facet normal  0.000000e+00  0.000000e+00 -1.000000e+00
   outer loop
     vertex  1.909441e+02 -6.163295e+01  0.000000e+00
     vertex  1.908525e+02 -6.167091e+01  0.000000e+00
     vertex  1.886009e+02 -6.163295e+01  0.000000e+00
   endloop
 endfacet
 facet normal -0.000000e+00 -0.000000e+00 -1.000000e+00
   outer loop
     vertex  2.027059e+02 -7.338393e+01  0.000000e+00
     vertex  2.028400e+02 -7.420000e+01  0.000000e+00
     vertex  2.026275e+02 -7.335146e+01  0.000000e+00
   endloop
 endfacet
 facet normal  0.000000e+00  0.000000e+00 -1.000000e+00
   outer loop
     vertex  2.024761e+02 -7.315412e+01  0.000000e+00
     vertex  2.017400e+02 -7.420000e+01  0.000000e+00
     vertex  2.016624e+02 -7.421022e+01  0.000000e+00
   endloop
 endfacet
 facet normal  0.000000e+00 -0.000000e+00 -1.000000e+00
   outer loop
     vertex  2.024761e+02 -7.315412e+01  0.000000e+00
     vertex  2.025085e+02 -7.323250e+01  0.000000e+00
     vertex  2.017400e+02 -7.420000e+01  0.000000e+00
   endloop
 endfacet
 facet normal -0.000000e+00  0.000000e+00 -1.000000e+00
   outer loop
     vertex  1.834225e+02 -5.405000e+01  0.000000e+00
     vertex  1.830084e+02 -5.410452e+01  0.000000e+00
     vertex  1.725000e+02 -5.268000e+01  0.000000e+00
   endloop
 endfacet
 facet normal -0.000000e+00 -0.000000e+00 -1.000000e+00
   outer loop
     vertex  2.027900e+02 -7.339500e+01  0.000000e+00
     vertex  2.028400e+02 -7.420000e+01  0.000000e+00
     vertex  2.027059e+02 -7.338393e+01  0.000000e+00
   endloop
 endfacet
 facet normal  0.000000e+00  0.000000e+00 -1.000000e+00
   outer loop
     vertex  2.024650e+02 -7.307000e+01  0.000000e+00
     vertex  2.016624e+02 -7.421022e+01  0.000000e+00
     vertex  2.015900e+02 -7.424019e+01  0.000000e+00
   endloop
 endfacet
 facet normal  0.000000e+00 -0.000000e+00 -1.000000e+00
   outer loop
     vertex  2.024650e+02 -7.307000e+01  0.000000e+00
     vertex  2.024761e+02 -7.315412e+01  0.000000e+00
     vertex  2.016624e+02 -7.421022e+01  0.000000e+00
   endloop
 endfacet
 facet normal  0.000000e+00 -0.000000e+00 -1.000000e+00
   outer loop
     vertex  2.028741e+02 -7.338393e+01  0.000000e+00
     vertex  2.029176e+02 -7.421022e+01  0.000000e+00
     vertex  2.028400e+02 -7.420000e+01  0.000000e+00
   endloop
 endfacet
 facet normal  0.000000e+00  0.000000e+00 -1.000000e+00
   outer loop
     vertex  2.028741e+02 -7.338393e+01  0.000000e+00
     vertex  2.028400e+02 -7.420000e+01  0.000000e+00
     vertex  2.027900e+02 -7.339500e+01  0.000000e+00
   endloop
 endfacet
 facet normal  0.000000e+00  0.000000e+00 -1.000000e+00
   outer loop
     vertex  2.024761e+02 -7.298588e+01  0.000000e+00
     vertex  2.015900e+02 -7.424019e+01  0.000000e+00
     vertex  2.015279e+02 -7.428787e+01  0.000000e+00
   endloop
 endfacet
 facet normal  0.000000e+00  0.000000e+00 -1.000000e+00
   outer loop
     vertex  2.024761e+02 -7.298588e+01  0.000000e+00
     vertex  2.024650e+02 -7.307000e+01  0.000000e+00
     vertex  2.015900e+02 -7.424019e+01  0.000000e+00
   endloop
 endfacet
 facet normal  0.000000e+00 -0.000000e+00 -1.000000e+00
   outer loop
     vertex  2.029525e+02 -7.335146e+01  0.000000e+00
     vertex  2.029900e+02 -7.424019e+01  0.000000e+00
     vertex  2.029176e+02 -7.421022e+01  0.000000e+00
   endloop
 endfacet
 facet normal  0.000000e+00  0.000000e+00 -1.000000e+00
   outer loop
     vertex  2.029525e+02 -7.335146e+01  0.000000e+00
     vertex  2.029176e+02 -7.421022e+01  0.000000e+00
     vertex  2.028741e+02 -7.338393e+01  0.000000e+00
   endloop
 endfacet
 facet normal  0.000000e+00  0.000000e+00 -1.000000e+00
   outer loop
     vertex  2.025085e+02 -7.290750e+01  0.000000e+00
     vertex  2.024761e+02 -7.298588e+01  0.000000e+00
     vertex  2.015279e+02 -7.428787e+01  0.000000e+00
   endloop
 endfacet
 facet normal  0.000000e+00 -0.000000e+00 -1.000000e+00
   outer loop
     vertex  2.030198e+02 -7.329981e+01  0.000000e+00
     vertex  2.030521e+02 -7.428787e+01  0.000000e+00
     vertex  2.029900e+02 -7.424019e+01  0.000000e+00
   endloop
 endfacet
 facet normal  0.000000e+00  0.000000e+00 -1.000000e+00
   outer loop
     vertex  2.030198e+02 -7.329981e+01  0.000000e+00
     vertex  2.029900e+02 -7.424019e+01  0.000000e+00
     vertex  2.029525e+02 -7.335146e+01  0.000000e+00
   endloop
 endfacet
 facet normal  0.000000e+00 -0.000000e+00 -1.000000e+00
   outer loop
     vertex  2.030715e+02 -7.323250e+01  0.000000e+00
     vertex  2.030998e+02 -7.435000e+01  0.000000e+00
     vertex  2.030521e+02 -7.428787e+01  0.000000e+00
   endloop
 endfacet
 facet normal  0.000000e+00  0.000000e+00 -1.000000e+00
   outer loop
     vertex  2.030715e+02 -7.323250e+01  0.000000e+00
     vertex  2.030521e+02 -7.428787e+01  0.000000e+00
     vertex  2.030198e+02 -7.329981e+01  0.000000e+00
   endloop
 endfacet
 facet normal  0.000000e+00  0.000000e+00 -1.000000e+00
   outer loop
     vertex  2.031039e+02 -7.315412e+01  0.000000e+00
     vertex  2.030998e+02 -7.435000e+01  0.000000e+00
     vertex  2.030715e+02 -7.323250e+01  0.000000e+00
   endloop
 endfacet
 facet normal  0.000000e+00  0.000000e+00 -1.000000e+00
   outer loop
     vertex  1.933138e+02 -6.226870e+01  0.000000e+00
     vertex  1.924109e+02 -6.417295e+01  0.000000e+00
     vertex  1.923125e+02 -6.416000e+01  0.000000e+00
   endloop
 endfacet
 facet normal -0.000000e+00  0.000000e+00 -1.000000e+00
   outer loop
     vertex  1.933925e+02 -6.232909e+01  0.000000e+00
     vertex  1.924109e+02 -6.417295e+01  0.000000e+00
     vertex  1.933138e+02 -6.226870e+01  0.000000e+00
   endloop
 endfacet
 facet normal  0.000000e+00  0.000000e+00 -1.000000e+00
   outer loop
     vertex  1.933925e+02 -6.232909e+01  0.000000e+00
     vertex  1.925025e+02 -6.421091e+01  0.000000e+00
     vertex  1.924109e+02 -6.417295e+01  0.000000e+00
   endloop
 endfacet
 facet normal  0.000000e+00  0.000000e+00 -1.000000e+00
   outer loop
     vertex  1.932534e+02 -6.219000e+01  0.000000e+00
     vertex  1.923125e+02 -6.416000e+01  0.000000e+00
     vertex  1.913716e+02 -6.219000e+01  0.000000e+00
   endloop
 endfacet
 facet normal  0.000000e+00 -0.000000e+00 -1.000000e+00
   outer loop
     vertex  1.932534e+02 -6.219000e+01  0.000000e+00
     vertex  1.933138e+02 -6.226870e+01  0.000000e+00
     vertex  1.923125e+02 -6.416000e+01  0.000000e+00
   endloop
 endfacet
 facet normal -0.000000e+00  0.000000e+00 -1.000000e+00
   outer loop
     vertex  1.932534e+02 -6.219000e+01  0.000000e+00
     vertex  1.913716e+02 -6.219000e+01  0.000000e+00
     vertex  1.914096e+02 -6.209835e+01  0.000000e+00
   endloop
 endfacet
 facet normal  0.000000e+00  0.000000e+00 -1.000000e+00
   outer loop
     vertex  1.934841e+02 -6.236705e+01  0.000000e+00
     vertex  1.925812e+02 -6.427130e+01  0.000000e+00
     vertex  1.925025e+02 -6.421091e+01  0.000000e+00
   endloop
 endfacet
 facet normal -0.000000e+00  0.000000e+00 -1.000000e+00
   outer loop
     vertex  1.934841e+02 -6.236705e+01  0.000000e+00
     vertex  1.925025e+02 -6.421091e+01  0.000000e+00
     vertex  1.933925e+02 -6.232909e+01  0.000000e+00
   endloop
 endfacet
 facet normal  0.000000e+00 -0.000000e+00 -1.000000e+00
   outer loop
     vertex  1.932154e+02 -6.209835e+01  0.000000e+00
     vertex  1.932534e+02 -6.219000e+01  0.000000e+00
     vertex  1.914096e+02 -6.209835e+01  0.000000e+00
   endloop
 endfacet
 facet normal -0.000000e+00  0.000000e+00 -1.000000e+00
   outer loop
     vertex  2.058579e+02 -7.471213e+01  0.000000e+00
     vertex  2.029900e+02 -7.475981e+01  0.000000e+00
     vertex  2.030521e+02 -7.471213e+01  0.000000e+00
   endloop
 endfacet
 facet normal -0.000000e+00  0.000000e+00 -1.000000e+00
   outer loop
     vertex  2.059200e+02 -7.475981e+01  0.000000e+00
     vertex  2.029900e+02 -7.475981e+01  0.000000e+00
     vertex  2.058579e+02 -7.471213e+01  0.000000e+00
   endloop
 endfacet
 facet normal  0.000000e+00  0.000000e+00 -1.000000e+00
   outer loop
     vertex  2.058102e+02 -7.465000e+01  0.000000e+00
     vertex  2.030521e+02 -7.471213e+01  0.000000e+00
     vertex  2.030998e+02 -7.465000e+01  0.000000e+00
   endloop
 endfacet
 facet normal  0.000000e+00 -0.000000e+00 -1.000000e+00
   outer loop
     vertex  2.058102e+02 -7.465000e+01  0.000000e+00
     vertex  2.058579e+02 -7.471213e+01  0.000000e+00
     vertex  2.030521e+02 -7.471213e+01  0.000000e+00
   endloop
 endfacet
 facet normal  0.000000e+00 -0.000000e+00 -1.000000e+00
   outer loop
     vertex  1.932025e+02 -6.200000e+01  0.000000e+00
     vertex  1.932154e+02 -6.209835e+01  0.000000e+00
     vertex  1.914096e+02 -6.209835e+01  0.000000e+00
   endloop
 endfacet
 facet normal  0.000000e+00  0.000000e+00 -1.000000e+00
   outer loop
     vertex  1.932025e+02 -6.200000e+01  0.000000e+00
     vertex  1.914096e+02 -6.209835e+01  0.000000e+00
     vertex  1.914225e+02 -6.200000e+01  0.000000e+00
   endloop
 endfacet
 facet normal -0.000000e+00  0.000000e+00 -1.000000e+00
   outer loop
     vertex  1.935825e+02 -6.238000e+01  0.000000e+00
     vertex  1.925812e+02 -6.427130e+01  0.000000e+00
     vertex  1.934841e+02 -6.236705e+01  0.000000e+00
   endloop
 endfacet
 facet normal  0.000000e+00  0.000000e+00 -1.000000e+00
   outer loop
     vertex  1.935825e+02 -6.238000e+01  0.000000e+00
     vertex  1.926416e+02 -6.435000e+01  0.000000e+00
     vertex  1.925812e+02 -6.427130e+01  0.000000e+00
   endloop
 endfacet
 facet normal  0.000000e+00  0.000000e+00 -1.000000e+00
   outer loop
     vertex  2.059924e+02 -7.478978e+01  0.000000e+00
     vertex  2.029900e+02 -7.475981e+01  0.000000e+00
     vertex  2.059200e+02 -7.475981e+01  0.000000e+00
   endloop
 endfacet
 facet normal  0.000000e+00  0.000000e+00 -1.000000e+00
   outer loop
     vertex  2.059924e+02 -7.478978e+01  0.000000e+00
     vertex  2.029176e+02 -7.478978e+01  0.000000e+00
     vertex  2.029900e+02 -7.475981e+01  0.000000e+00
   endloop
 endfacet
 facet normal  0.000000e+00  0.000000e+00 -1.000000e+00
   outer loop
     vertex  2.059924e+02 -7.478978e+01  0.000000e+00
     vertex  2.059018e+02 -8.289232e+01  0.000000e+00
     vertex  2.055269e+02 -8.298615e+01  0.000000e+00
   endloop
 endfacet
 facet normal -0.000000e+00  0.000000e+00 -1.000000e+00
   outer loop
     vertex  2.059924e+02 -7.478978e+01  0.000000e+00
     vertex  2.055269e+02 -8.298615e+01  0.000000e+00
     vertex  2.029176e+02 -7.478978e+01  0.000000e+00
   endloop
 endfacet
 facet normal -0.000000e+00  0.000000e+00 -1.000000e+00
   outer loop
     vertex  2.057802e+02 -7.457765e+01  0.000000e+00
     vertex  2.030998e+02 -7.465000e+01  0.000000e+00
     vertex  2.031298e+02 -7.457765e+01  0.000000e+00
   endloop
 endfacet
 facet normal  0.000000e+00 -0.000000e+00 -1.000000e+00
   outer loop
     vertex  2.057802e+02 -7.457765e+01  0.000000e+00
     vertex  2.058102e+02 -7.465000e+01  0.000000e+00
     vertex  2.030998e+02 -7.465000e+01  0.000000e+00
   endloop
 endfacet
 facet normal -0.000000e+00  0.000000e+00 -1.000000e+00
   outer loop
     vertex  2.060700e+02 -7.480000e+01  0.000000e+00
     vertex  2.059018e+02 -8.289232e+01  0.000000e+00
     vertex  2.059924e+02 -7.478978e+01  0.000000e+00
   endloop
 endfacet
 facet normal  0.000000e+00 -0.000000e+00 -1.000000e+00
   outer loop
     vertex  2.060700e+02 -7.480000e+01  0.000000e+00
     vertex  2.062883e+02 -8.289112e+01  0.000000e+00
     vertex  2.059018e+02 -8.289232e+01  0.000000e+00
   endloop
 endfacet
 facet normal -0.000000e+00  0.000000e+00 -1.000000e+00
   outer loop
     vertex  2.057700e+02 -7.450000e+01  0.000000e+00
     vertex  2.031298e+02 -7.457765e+01  0.000000e+00
     vertex  2.031400e+02 -7.450000e+01  0.000000e+00
   endloop
 endfacet
 facet normal  0.000000e+00 -0.000000e+00 -1.000000e+00
   outer loop
     vertex  2.057700e+02 -7.450000e+01  0.000000e+00
     vertex  2.057802e+02 -7.457765e+01  0.000000e+00
     vertex  2.031298e+02 -7.457765e+01  0.000000e+00
   endloop
 endfacet
 facet normal  0.000000e+00  0.000000e+00 -1.000000e+00
   outer loop
     vertex  1.936809e+02 -6.236705e+01  0.000000e+00
     vertex  1.926796e+02 -6.444165e+01  0.000000e+00
     vertex  1.926416e+02 -6.435000e+01  0.000000e+00
   endloop
 endfacet
 facet normal  0.000000e+00  0.000000e+00 -1.000000e+00
   outer loop
     vertex  1.936809e+02 -6.236705e+01  0.000000e+00
     vertex  1.926416e+02 -6.435000e+01  0.000000e+00
     vertex  1.935825e+02 -6.238000e+01  0.000000e+00
   endloop
 endfacet
 facet normal  0.000000e+00  0.000000e+00 -1.000000e+00
   outer loop
     vertex  1.932154e+02 -6.190165e+01  0.000000e+00
     vertex  1.932025e+02 -6.200000e+01  0.000000e+00
     vertex  1.914225e+02 -6.200000e+01  0.000000e+00
   endloop
 endfacet
 facet normal  0.000000e+00  0.000000e+00 -1.000000e+00
   outer loop
     vertex  1.932154e+02 -6.190165e+01  0.000000e+00
     vertex  1.914225e+02 -6.200000e+01  0.000000e+00
     vertex  1.914096e+02 -6.190165e+01  0.000000e+00
   endloop
 endfacet
 facet normal -0.000000e+00  0.000000e+00 -1.000000e+00
   outer loop
     vertex  2.057802e+02 -7.442236e+01  0.000000e+00
     vertex  2.031400e+02 -7.450000e+01  0.000000e+00
     vertex  2.031298e+02 -7.442236e+01  0.000000e+00
   endloop
 endfacet
 facet normal  0.000000e+00  0.000000e+00 -1.000000e+00
   outer loop
     vertex  2.057802e+02 -7.442236e+01  0.000000e+00
     vertex  2.057700e+02 -7.450000e+01  0.000000e+00
     vertex  2.031400e+02 -7.450000e+01  0.000000e+00
   endloop
 endfacet
 facet normal  0.000000e+00  0.000000e+00 -1.000000e+00
   outer loop
     vertex  1.937725e+02 -6.232909e+01  0.000000e+00
     vertex  1.926796e+02 -6.444165e+01  0.000000e+00
     vertex  1.936809e+02 -6.236705e+01  0.000000e+00
   endloop
 endfacet
 facet normal  0.000000e+00  0.000000e+00 -1.000000e+00
   outer loop
     vertex  1.937725e+02 -6.232909e+01  0.000000e+00
     vertex  1.926925e+02 -6.454000e+01  0.000000e+00
     vertex  1.926796e+02 -6.444165e+01  0.000000e+00
   endloop
 endfacet
 facet normal  0.000000e+00  0.000000e+00 -1.000000e+00
   outer loop
     vertex  1.932534e+02 -6.181000e+01  0.000000e+00
     vertex  1.932154e+02 -6.190165e+01  0.000000e+00
     vertex  1.914096e+02 -6.190165e+01  0.000000e+00
   endloop
 endfacet
 facet normal  0.000000e+00  0.000000e+00 -1.000000e+00
   outer loop
     vertex  1.932534e+02 -6.181000e+01  0.000000e+00
     vertex  1.913716e+02 -6.181000e+01  0.000000e+00
     vertex  1.913112e+02 -6.173130e+01  0.000000e+00
   endloop
 endfacet
 facet normal -0.000000e+00  0.000000e+00 -1.000000e+00
   outer loop
     vertex  1.932534e+02 -6.181000e+01  0.000000e+00
     vertex  1.914096e+02 -6.190165e+01  0.000000e+00
     vertex  1.913716e+02 -6.181000e+01  0.000000e+00
   endloop
 endfacet
 facet normal -0.000000e+00  0.000000e+00 -1.000000e+00
   outer loop
     vertex  2.058102e+02 -7.435000e+01  0.000000e+00
     vertex  2.031298e+02 -7.442236e+01  0.000000e+00
     vertex  2.030998e+02 -7.435000e+01  0.000000e+00
   endloop
 endfacet
 facet normal  0.000000e+00  0.000000e+00 -1.000000e+00
   outer loop
     vertex  2.058102e+02 -7.435000e+01  0.000000e+00
     vertex  2.030998e+02 -7.435000e+01  0.000000e+00
     vertex  2.031039e+02 -7.315412e+01  0.000000e+00
   endloop
 endfacet
 facet normal  0.000000e+00  0.000000e+00 -1.000000e+00
   outer loop
     vertex  2.058102e+02 -7.435000e+01  0.000000e+00
     vertex  2.057802e+02 -7.442236e+01  0.000000e+00
     vertex  2.031298e+02 -7.442236e+01  0.000000e+00
   endloop
 endfacet
 facet normal  0.000000e+00  0.000000e+00 -1.000000e+00
   outer loop
     vertex  2.058579e+02 -7.428787e+01  0.000000e+00
     vertex  2.031039e+02 -7.315412e+01  0.000000e+00
     vertex  2.031150e+02 -7.307000e+01  0.000000e+00
   endloop
 endfacet
 facet normal -0.000000e+00  0.000000e+00 -1.000000e+00
   outer loop
     vertex  2.058579e+02 -7.428787e+01  0.000000e+00
     vertex  2.058102e+02 -7.435000e+01  0.000000e+00
     vertex  2.031039e+02 -7.315412e+01  0.000000e+00
   endloop
 endfacet
 facet normal  0.000000e+00  0.000000e+00 -1.000000e+00
   outer loop
     vertex  1.938512e+02 -6.226870e+01  0.000000e+00
     vertex  1.926925e+02 -6.454000e+01  0.000000e+00
     vertex  1.937725e+02 -6.232909e+01  0.000000e+00
   endloop
 endfacet
 facet normal -0.000000e+00  0.000000e+00 -1.000000e+00
   outer loop
     vertex  1.933138e+02 -6.173130e+01  0.000000e+00
     vertex  1.932534e+02 -6.181000e+01  0.000000e+00
     vertex  1.913112e+02 -6.173130e+01  0.000000e+00
   endloop
 endfacet
 facet normal  0.000000e+00  0.000000e+00 -1.000000e+00
   outer loop
     vertex  2.059200e+02 -7.424019e+01  0.000000e+00
     vertex  2.031150e+02 -7.307000e+01  0.000000e+00
     vertex  2.031039e+02 -7.298588e+01  0.000000e+00
   endloop
 endfacet
 facet normal -0.000000e+00  0.000000e+00 -1.000000e+00
   outer loop
     vertex  2.059200e+02 -7.424019e+01  0.000000e+00
     vertex  2.058579e+02 -7.428787e+01  0.000000e+00
     vertex  2.031150e+02 -7.307000e+01  0.000000e+00
   endloop
 endfacet
 facet normal  0.000000e+00  0.000000e+00 -1.000000e+00
   outer loop
     vertex  1.933925e+02 -6.167091e+01  0.000000e+00
     vertex  1.933138e+02 -6.173130e+01  0.000000e+00
     vertex  1.913112e+02 -6.173130e+01  0.000000e+00
   endloop
 endfacet
 facet normal -0.000000e+00  0.000000e+00 -1.000000e+00
   outer loop
     vertex  1.933925e+02 -6.167091e+01  0.000000e+00
     vertex  1.913112e+02 -6.173130e+01  0.000000e+00
     vertex  1.912325e+02 -6.167091e+01  0.000000e+00
   endloop
 endfacet
 facet normal  0.000000e+00  0.000000e+00 -1.000000e+00
   outer loop
     vertex  2.059924e+02 -7.421022e+01  0.000000e+00
     vertex  2.031039e+02 -7.298588e+01  0.000000e+00
     vertex  2.030715e+02 -7.290750e+01  0.000000e+00
   endloop
 endfacet
 facet normal -0.000000e+00  0.000000e+00 -1.000000e+00
   outer loop
     vertex  2.059924e+02 -7.421022e+01  0.000000e+00
     vertex  2.059200e+02 -7.424019e+01  0.000000e+00
     vertex  2.031039e+02 -7.298588e+01  0.000000e+00
   endloop
 endfacet
 facet normal -0.000000e+00  0.000000e+00 -1.000000e+00
   outer loop
     vertex  2.060700e+02 -7.420000e+01  0.000000e+00
     vertex  2.059924e+02 -7.421022e+01  0.000000e+00
     vertex  2.030715e+02 -7.290750e+01  0.000000e+00
   endloop
 endfacet
 facet normal  0.000000e+00  0.000000e+00 -1.000000e+00
   outer loop
     vertex  2.060700e+02 -7.420000e+01  0.000000e+00
     vertex  2.030715e+02 -7.290750e+01  0.000000e+00
     vertex  2.030198e+02 -7.284019e+01  0.000000e+00
   endloop
 endfacet
 facet normal -0.000000e+00  0.000000e+00 -1.000000e+00
   outer loop
     vertex  2.068700e+02 -7.480000e+01  0.000000e+00
     vertex  2.062883e+02 -8.289112e+01  0.000000e+00
     vertex  2.060700e+02 -7.480000e+01  0.000000e+00
   endloop
 endfacet
 facet normal  0.000000e+00  0.000000e+00 -1.000000e+00
   outer loop
     vertex  2.069476e+02 -7.478978e+01  0.000000e+00
     vertex  2.066638e+02 -8.298263e+01  0.000000e+00
     vertex  2.062883e+02 -8.289112e+01  0.000000e+00
   endloop
 endfacet
 facet normal  0.000000e+00  0.000000e+00 -1.000000e+00
   outer loop
     vertex  2.069476e+02 -7.478978e+01  0.000000e+00
     vertex  2.062883e+02 -8.289112e+01  0.000000e+00
     vertex  2.068700e+02 -7.480000e+01  0.000000e+00
   endloop
 endfacet
 facet normal  0.000000e+00  0.000000e+00 -1.000000e+00
   outer loop
     vertex  2.070200e+02 -7.475981e+01  0.000000e+00
     vertex  2.070064e+02 -8.316150e+01  0.000000e+00
     vertex  2.066638e+02 -8.298263e+01  0.000000e+00
   endloop
 endfacet
 facet normal  0.000000e+00  0.000000e+00 -1.000000e+00
   outer loop
     vertex  2.070200e+02 -7.475981e+01  0.000000e+00
     vertex  2.066638e+02 -8.298263e+01  0.000000e+00
     vertex  2.069476e+02 -7.478978e+01  0.000000e+00
   endloop
 endfacet
 facet normal  0.000000e+00  0.000000e+00 -1.000000e+00
   outer loop
     vertex  2.070821e+02 -7.471213e+01  0.000000e+00
     vertex  2.070064e+02 -8.316150e+01  0.000000e+00
     vertex  2.070200e+02 -7.475981e+01  0.000000e+00
   endloop
 endfacet
 facet normal  0.000000e+00 -0.000000e+00 -1.000000e+00
   outer loop
     vertex  2.070821e+02 -7.471213e+01  0.000000e+00
     vertex  2.093000e+02 -8.448000e+01  0.000000e+00
     vertex  2.070064e+02 -8.316150e+01  0.000000e+00
   endloop
 endfacet
 facet normal  0.000000e+00 -0.000000e+00 -1.000000e+00
   outer loop
     vertex  2.071298e+02 -7.465000e+01  0.000000e+00
     vertex  2.093000e+02 -8.448000e+01  0.000000e+00
     vertex  2.070821e+02 -7.471213e+01  0.000000e+00
   endloop
 endfacet
 facet normal  0.000000e+00 -0.000000e+00 -1.000000e+00
   outer loop
     vertex  2.071598e+02 -7.457765e+01  0.000000e+00
     vertex  2.093000e+02 -8.448000e+01  0.000000e+00
     vertex  2.071298e+02 -7.465000e+01  0.000000e+00
   endloop
 endfacet
 facet normal  0.000000e+00 -0.000000e+00 -1.000000e+00
   outer loop
     vertex  2.071700e+02 -7.450000e+01  0.000000e+00
     vertex  2.093000e+02 -8.448000e+01  0.000000e+00
     vertex  2.071598e+02 -7.457765e+01  0.000000e+00
   endloop
 endfacet
 facet normal  0.000000e+00 -0.000000e+00 -1.000000e+00
   outer loop
     vertex  2.026275e+02 -6.757146e+01  0.000000e+00
     vertex  2.026275e+02 -7.278854e+01  0.000000e+00
     vertex  2.025602e+02 -7.284019e+01  0.000000e+00
   endloop
 endfacet
 facet normal -0.000000e+00  0.000000e+00 -1.000000e+00
   outer loop
     vertex  2.026275e+02 -6.757146e+01  0.000000e+00
     vertex  2.025602e+02 -7.284019e+01  0.000000e+00
     vertex  2.025602e+02 -6.751981e+01  0.000000e+00
   endloop
 endfacet
 facet normal  0.000000e+00 -0.000000e+00 -1.000000e+00
   outer loop
     vertex  2.025085e+02 -6.745250e+01  0.000000e+00
     vertex  2.025085e+02 -7.290750e+01  0.000000e+00
     vertex  2.015279e+02 -7.428787e+01  0.000000e+00
   endloop
 endfacet
 facet normal  0.000000e+00  0.000000e+00 -1.000000e+00
   outer loop
     vertex  2.025085e+02 -6.745250e+01  0.000000e+00
     vertex  2.025602e+02 -7.284019e+01  0.000000e+00
     vertex  2.025085e+02 -7.290750e+01  0.000000e+00
   endloop
 endfacet
 facet normal  0.000000e+00  0.000000e+00 -1.000000e+00
   outer loop
     vertex  2.025085e+02 -6.745250e+01  0.000000e+00
     vertex  2.025602e+02 -6.751981e+01  0.000000e+00
     vertex  2.025602e+02 -7.284019e+01  0.000000e+00
   endloop
 endfacet
 facet normal -0.000000e+00  0.000000e+00 -1.000000e+00
   outer loop
     vertex  2.027059e+02 -6.760393e+01  0.000000e+00
     vertex  2.026275e+02 -7.278854e+01  0.000000e+00
     vertex  2.026275e+02 -6.757146e+01  0.000000e+00
   endloop
 endfacet
 facet normal  0.000000e+00 -0.000000e+00 -1.000000e+00
   outer loop
     vertex  2.027059e+02 -6.760393e+01  0.000000e+00
     vertex  2.027059e+02 -7.275608e+01  0.000000e+00
     vertex  2.026275e+02 -7.278854e+01  0.000000e+00
   endloop
 endfacet
 facet normal  0.000000e+00  0.000000e+00 -1.000000e+00
   outer loop
     vertex  2.027059e+02 -6.760393e+01  0.000000e+00
     vertex  2.027900e+02 -7.274500e+01  0.000000e+00
     vertex  2.027059e+02 -7.275608e+01  0.000000e+00
   endloop
 endfacet
 facet normal -0.000000e+00 -0.000000e+00 -1.000000e+00
   outer loop
     vertex  2.027900e+02 -6.761500e+01  0.000000e+00
     vertex  2.027900e+02 -7.274500e+01  0.000000e+00
     vertex  2.027059e+02 -6.760393e+01  0.000000e+00
   endloop
 endfacet
 facet normal  0.000000e+00 -0.000000e+00 -1.000000e+00
   outer loop
     vertex  2.028741e+02 -6.760393e+01  0.000000e+00
     vertex  2.028741e+02 -7.275608e+01  0.000000e+00
     vertex  2.027900e+02 -7.274500e+01  0.000000e+00
   endloop
 endfacet
 facet normal  0.000000e+00  0.000000e+00 -1.000000e+00
   outer loop
     vertex  2.028741e+02 -6.760393e+01  0.000000e+00
     vertex  2.029525e+02 -7.278854e+01  0.000000e+00
     vertex  2.028741e+02 -7.275608e+01  0.000000e+00
   endloop
 endfacet
 facet normal  0.000000e+00  0.000000e+00 -1.000000e+00
   outer loop
     vertex  2.028741e+02 -6.760393e+01  0.000000e+00
     vertex  2.027900e+02 -7.274500e+01  0.000000e+00
     vertex  2.027900e+02 -6.761500e+01  0.000000e+00
   endloop
 endfacet
 facet normal  0.000000e+00 -0.000000e+00 -1.000000e+00
   outer loop
     vertex  2.029525e+02 -6.757146e+01  0.000000e+00
     vertex  2.029525e+02 -7.278854e+01  0.000000e+00
     vertex  2.028741e+02 -6.760393e+01  0.000000e+00
   endloop
 endfacet
 facet normal  0.000000e+00  0.000000e+00 -1.000000e+00
   outer loop
     vertex  2.029525e+02 -6.757146e+01  0.000000e+00
     vertex  2.030198e+02 -7.284019e+01  0.000000e+00
     vertex  2.029525e+02 -7.278854e+01  0.000000e+00
   endloop
 endfacet
 facet normal  0.000000e+00  0.000000e+00 -1.000000e+00
   outer loop
     vertex  2.015411e+02 -6.608455e+01  0.000000e+00
     vertex  2.015279e+02 -7.428787e+01  0.000000e+00
     vertex  1.940975e+02 -7.553091e+01  0.000000e+00
   endloop
 endfacet
 facet normal  0.000000e+00  0.000000e+00 -1.000000e+00
   outer loop
     vertex  2.015411e+02 -6.608455e+01  0.000000e+00
     vertex  2.024761e+02 -6.737412e+01  0.000000e+00
     vertex  2.025085e+02 -6.745250e+01  0.000000e+00
   endloop
 endfacet
 facet normal  0.000000e+00 -0.000000e+00 -1.000000e+00
   outer loop
     vertex  2.015411e+02 -6.608455e+01  0.000000e+00
     vertex  2.025085e+02 -6.745250e+01  0.000000e+00
     vertex  2.015279e+02 -7.428787e+01  0.000000e+00
   endloop
 endfacet
 facet normal  0.000000e+00 -0.000000e+00 -1.000000e+00
   outer loop
     vertex  2.014931e+02 -6.603042e+01  0.000000e+00
     vertex  2.015411e+02 -6.608455e+01  0.000000e+00
     vertex  1.940975e+02 -7.553091e+01  0.000000e+00
   endloop
 endfacet
 facet normal -0.000000e+00  0.000000e+00 -1.000000e+00
   outer loop
     vertex  2.014931e+02 -6.603042e+01  0.000000e+00
     vertex  1.940059e+02 -7.549295e+01  0.000000e+00
     vertex  1.925812e+02 -6.480870e+01  0.000000e+00
   endloop
 endfacet
 facet normal  0.000000e+00  0.000000e+00 -1.000000e+00
   outer loop
     vertex  2.014931e+02 -6.603042e+01  0.000000e+00
     vertex  1.940975e+02 -7.553091e+01  0.000000e+00
     vertex  1.940059e+02 -7.549295e+01  0.000000e+00
   endloop
 endfacet
 facet normal -0.000000e+00 -0.000000e+00 -1.000000e+00
   outer loop
     vertex  2.016006e+02 -6.612564e+01  0.000000e+00
     vertex  2.024761e+02 -6.737412e+01  0.000000e+00
     vertex  2.015411e+02 -6.608455e+01  0.000000e+00
   endloop
 endfacet
 facet normal  0.000000e+00  0.000000e+00 -1.000000e+00
   outer loop
     vertex  2.016006e+02 -6.612564e+01  0.000000e+00
     vertex  2.024650e+02 -6.729000e+01  0.000000e+00
     vertex  2.024761e+02 -6.737412e+01  0.000000e+00
   endloop
 endfacet
 facet normal -0.000000e+00 -0.000000e+00 -1.000000e+00
   outer loop
     vertex  2.014595e+02 -6.596638e+01  0.000000e+00
     vertex  2.014931e+02 -6.603042e+01  0.000000e+00
     vertex  1.925812e+02 -6.480870e+01  0.000000e+00
   endloop
 endfacet
 facet normal  0.000000e+00 -0.000000e+00 -1.000000e+00
   outer loop
     vertex  2.030198e+02 -6.751981e+01  0.000000e+00
     vertex  2.030198e+02 -7.284019e+01  0.000000e+00
     vertex  2.029525e+02 -6.757146e+01  0.000000e+00
   endloop
 endfacet
 facet normal  0.000000e+00  0.000000e+00 -1.000000e+00
   outer loop
     vertex  2.030198e+02 -6.751981e+01  0.000000e+00
     vertex  2.060700e+02 -7.420000e+01  0.000000e+00
     vertex  2.030198e+02 -7.284019e+01  0.000000e+00
   endloop
 endfacet
 facet normal -0.000000e+00 -0.000000e+00 -1.000000e+00
   outer loop
     vertex  2.016682e+02 -6.615128e+01  0.000000e+00
     vertex  2.024650e+02 -6.729000e+01  0.000000e+00
     vertex  2.016006e+02 -6.612564e+01  0.000000e+00
   endloop
 endfacet
 facet normal  0.000000e+00  0.000000e+00 -1.000000e+00
   outer loop
     vertex  2.016682e+02 -6.615128e+01  0.000000e+00
     vertex  2.024761e+02 -6.720588e+01  0.000000e+00
     vertex  2.024650e+02 -6.729000e+01  0.000000e+00
   endloop
 endfacet
 facet normal  0.000000e+00  0.000000e+00 -1.000000e+00
   outer loop
     vertex  1.987464e+02 -6.317855e+01  0.000000e+00
     vertex  1.926416e+02 -6.473000e+01  0.000000e+00
     vertex  1.926796e+02 -6.463835e+01  0.000000e+00
   endloop
 endfacet
 facet normal -0.000000e+00 -0.000000e+00 -1.000000e+00
   outer loop
     vertex  2.017400e+02 -6.616000e+01  0.000000e+00
     vertex  2.024761e+02 -6.720588e+01  0.000000e+00
     vertex  2.016682e+02 -6.615128e+01  0.000000e+00
   endloop
 endfacet
 facet normal  0.000000e+00  0.000000e+00 -1.000000e+00
   outer loop
     vertex  2.017400e+02 -6.616000e+01  0.000000e+00
     vertex  2.025085e+02 -6.712750e+01  0.000000e+00
     vertex  2.024761e+02 -6.720588e+01  0.000000e+00
   endloop
 endfacet
 facet normal  0.000000e+00  0.000000e+00 -1.000000e+00
   outer loop
     vertex  2.017400e+02 -6.616000e+01  0.000000e+00
     vertex  2.025602e+02 -6.706019e+01  0.000000e+00
     vertex  2.025085e+02 -6.712750e+01  0.000000e+00
   endloop
 endfacet
 facet normal  0.000000e+00 -0.000000e+00 -1.000000e+00
   outer loop
     vertex  1.988500e+02 -6.325801e+01  0.000000e+00
     vertex  2.014595e+02 -6.596638e+01  0.000000e+00
     vertex  1.925812e+02 -6.480870e+01  0.000000e+00
   endloop
 endfacet
 facet normal  0.000000e+00  0.000000e+00 -1.000000e+00
   outer loop
     vertex  1.988500e+02 -6.325801e+01  0.000000e+00
     vertex  1.925812e+02 -6.480870e+01  0.000000e+00
     vertex  1.926416e+02 -6.473000e+01  0.000000e+00
   endloop
 endfacet
 facet normal -0.000000e+00  0.000000e+00 -1.000000e+00
   outer loop
     vertex  1.988500e+02 -6.325801e+01  0.000000e+00
     vertex  1.926416e+02 -6.473000e+01  0.000000e+00
     vertex  1.987464e+02 -6.317855e+01  0.000000e+00
   endloop
 endfacet
 facet normal -0.000000e+00  0.000000e+00 -1.000000e+00
   outer loop
     vertex  1.986670e+02 -6.307500e+01  0.000000e+00
     vertex  1.926925e+02 -6.454000e+01  0.000000e+00
     vertex  1.938512e+02 -6.226870e+01  0.000000e+00
   endloop
 endfacet
 facet normal  0.000000e+00  0.000000e+00 -1.000000e+00
   outer loop
     vertex  1.986670e+02 -6.307500e+01  0.000000e+00
     vertex  1.926796e+02 -6.463835e+01  0.000000e+00
     vertex  1.926925e+02 -6.454000e+01  0.000000e+00
   endloop
 endfacet
 facet normal  0.000000e+00 -0.000000e+00 -1.000000e+00
   outer loop
     vertex  1.986670e+02 -6.307500e+01  0.000000e+00
     vertex  1.987464e+02 -6.317855e+01  0.000000e+00
     vertex  1.926796e+02 -6.463835e+01  0.000000e+00
   endloop
 endfacet
 facet normal -0.000000e+00  0.000000e+00 -1.000000e+00
   outer loop
     vertex  2.026275e+02 -6.700854e+01  0.000000e+00
     vertex  2.025602e+02 -6.706019e+01  0.000000e+00
     vertex  2.017400e+02 -6.616000e+01  0.000000e+00
   endloop
 endfacet
 facet normal  0.000000e+00  0.000000e+00 -1.000000e+00
   outer loop
     vertex  1.986170e+02 -6.295441e+01  0.000000e+00
     vertex  1.938512e+02 -6.226870e+01  0.000000e+00
     vertex  1.939116e+02 -6.219000e+01  0.000000e+00
   endloop
 endfacet
 facet normal -0.000000e+00 -0.000000e+00 -1.000000e+00
   outer loop
     vertex  1.986170e+02 -6.295441e+01  0.000000e+00
     vertex  1.986670e+02 -6.307500e+01  0.000000e+00
     vertex  1.938512e+02 -6.226870e+01  0.000000e+00
   endloop
 endfacet
 facet normal  0.000000e+00  0.000000e+00 -1.000000e+00
   outer loop
     vertex  1.989706e+02 -6.330796e+01  0.000000e+00
     vertex  2.014422e+02 -6.589616e+01  0.000000e+00
     vertex  2.014595e+02 -6.596638e+01  0.000000e+00
   endloop
 endfacet
 facet normal -0.000000e+00 -0.000000e+00 -1.000000e+00
   outer loop
     vertex  1.989706e+02 -6.330796e+01  0.000000e+00
     vertex  2.014595e+02 -6.596638e+01  0.000000e+00
     vertex  1.988500e+02 -6.325801e+01  0.000000e+00
   endloop
 endfacet
 facet normal  0.000000e+00  0.000000e+00 -1.000000e+00
   outer loop
     vertex  1.991000e+02 -6.332500e+01  0.000000e+00
     vertex  2.014422e+02 -6.582384e+01  0.000000e+00
     vertex  2.014422e+02 -6.589616e+01  0.000000e+00
   endloop
 endfacet
 facet normal -0.000000e+00 -0.000000e+00 -1.000000e+00
   outer loop
     vertex  1.991000e+02 -6.332500e+01  0.000000e+00
     vertex  2.014422e+02 -6.589616e+01  0.000000e+00
     vertex  1.989706e+02 -6.330796e+01  0.000000e+00
   endloop
 endfacet
 facet normal -0.000000e+00 -0.000000e+00 -1.000000e+00
   outer loop
     vertex  1.986000e+02 -6.282500e+01  0.000000e+00
     vertex  1.986170e+02 -6.295441e+01  0.000000e+00
     vertex  1.939116e+02 -6.219000e+01  0.000000e+00
   endloop
 endfacet
 facet normal  0.000000e+00  0.000000e+00 -1.000000e+00
   outer loop
     vertex  1.986000e+02 -6.282500e+01  0.000000e+00
     vertex  1.939116e+02 -6.219000e+01  0.000000e+00
     vertex  1.939496e+02 -6.209835e+01  0.000000e+00
   endloop
 endfacet
 facet normal  0.000000e+00  0.000000e+00 -1.000000e+00
   outer loop
     vertex  1.986170e+02 -6.269559e+01  0.000000e+00
     vertex  1.939496e+02 -6.209835e+01  0.000000e+00
     vertex  1.939625e+02 -6.200000e+01  0.000000e+00
   endloop
 endfacet
 facet normal -0.000000e+00  0.000000e+00 -1.000000e+00
   outer loop
     vertex  1.986170e+02 -6.269559e+01  0.000000e+00
     vertex  1.986000e+02 -6.282500e+01  0.000000e+00
     vertex  1.939496e+02 -6.209835e+01  0.000000e+00
   endloop
 endfacet
 facet normal  0.000000e+00  0.000000e+00 -1.000000e+00
   outer loop
     vertex  1.992294e+02 -6.330796e+01  0.000000e+00
     vertex  2.014595e+02 -6.575362e+01  0.000000e+00
     vertex  2.014422e+02 -6.582384e+01  0.000000e+00
   endloop
 endfacet
 facet normal  0.000000e+00  0.000000e+00 -1.000000e+00
   outer loop
     vertex  1.992294e+02 -6.330796e+01  0.000000e+00
     vertex  2.014931e+02 -6.568958e+01  0.000000e+00
     vertex  2.014595e+02 -6.575362e+01  0.000000e+00
   endloop
 endfacet
 facet normal  0.000000e+00 -0.000000e+00 -1.000000e+00
   outer loop
     vertex  1.992294e+02 -6.330796e+01  0.000000e+00
     vertex  2.014422e+02 -6.582384e+01  0.000000e+00
     vertex  1.991000e+02 -6.332500e+01  0.000000e+00
   endloop
 endfacet
 facet normal  0.000000e+00 -0.000000e+00 -1.000000e+00
   outer loop
     vertex  1.993500e+02 -6.325801e+01  0.000000e+00
     vertex  2.014931e+02 -6.568958e+01  0.000000e+00
     vertex  1.992294e+02 -6.330796e+01  0.000000e+00
   endloop
 endfacet
 facet normal  0.000000e+00  0.000000e+00 -1.000000e+00
   outer loop
     vertex  1.993500e+02 -6.325801e+01  0.000000e+00
     vertex  2.015411e+02 -6.563545e+01  0.000000e+00
     vertex  2.014931e+02 -6.568958e+01  0.000000e+00
   endloop
 endfacet
 facet normal  0.000000e+00  0.000000e+00 -1.000000e+00
   outer loop
     vertex  1.986670e+02 -6.257500e+01  0.000000e+00
     vertex  1.939625e+02 -6.200000e+01  0.000000e+00
     vertex  1.939496e+02 -6.190165e+01  0.000000e+00
   endloop
 endfacet
 facet normal -0.000000e+00  0.000000e+00 -1.000000e+00
   outer loop
     vertex  1.986670e+02 -6.257500e+01  0.000000e+00
     vertex  1.986170e+02 -6.269559e+01  0.000000e+00
     vertex  1.939625e+02 -6.200000e+01  0.000000e+00
   endloop
 endfacet
 facet normal  0.000000e+00  0.000000e+00 -1.000000e+00
   outer loop
     vertex  1.994536e+02 -6.317855e+01  0.000000e+00
     vertex  2.016006e+02 -6.559436e+01  0.000000e+00
     vertex  2.015411e+02 -6.563545e+01  0.000000e+00
   endloop
 endfacet
 facet normal  0.000000e+00 -0.000000e+00 -1.000000e+00
   outer loop
     vertex  1.994536e+02 -6.317855e+01  0.000000e+00
     vertex  2.015411e+02 -6.563545e+01  0.000000e+00
     vertex  1.993500e+02 -6.325801e+01  0.000000e+00
   endloop
 endfacet
 facet normal  0.000000e+00  0.000000e+00 -1.000000e+00
   outer loop
     vertex  1.995330e+02 -6.307500e+01  0.000000e+00
     vertex  2.016682e+02 -6.556872e+01  0.000000e+00
     vertex  2.016006e+02 -6.559436e+01  0.000000e+00
   endloop
 endfacet
 facet normal  0.000000e+00 -0.000000e+00 -1.000000e+00
   outer loop
     vertex  1.995330e+02 -6.307500e+01  0.000000e+00
     vertex  2.016006e+02 -6.559436e+01  0.000000e+00
     vertex  1.994536e+02 -6.317855e+01  0.000000e+00
   endloop
 endfacet
 facet normal  0.000000e+00  0.000000e+00 -1.000000e+00
   outer loop
     vertex  1.995830e+02 -6.295441e+01  0.000000e+00
     vertex  2.017400e+02 -6.556000e+01  0.000000e+00
     vertex  2.016682e+02 -6.556872e+01  0.000000e+00
   endloop
 endfacet
 facet normal  0.000000e+00 -0.000000e+00 -1.000000e+00
   outer loop
     vertex  1.995830e+02 -6.295441e+01  0.000000e+00
     vertex  2.016682e+02 -6.556872e+01  0.000000e+00
     vertex  1.995330e+02 -6.307500e+01  0.000000e+00
   endloop
 endfacet
 facet normal -0.000000e+00  0.000000e+00 -1.000000e+00
   outer loop
     vertex  2.028400e+02 -6.616000e+01  0.000000e+00
     vertex  2.026275e+02 -6.700854e+01  0.000000e+00
     vertex  2.017400e+02 -6.616000e+01  0.000000e+00
   endloop
 endfacet
 facet normal  0.000000e+00  0.000000e+00 -1.000000e+00
   outer loop
     vertex  2.028400e+02 -6.616000e+01  0.000000e+00
     vertex  2.027059e+02 -6.697608e+01  0.000000e+00
     vertex  2.026275e+02 -6.700854e+01  0.000000e+00
   endloop
 endfacet
 facet normal  0.000000e+00  0.000000e+00 -1.000000e+00
   outer loop
     vertex  2.028400e+02 -6.616000e+01  0.000000e+00
     vertex  2.027900e+02 -6.696500e+01  0.000000e+00
     vertex  2.027059e+02 -6.697608e+01  0.000000e+00
   endloop
 endfacet
 facet normal  0.000000e+00 -0.000000e+00 -1.000000e+00
   outer loop
     vertex  2.028400e+02 -6.616000e+01  0.000000e+00
     vertex  2.028741e+02 -6.697608e+01  0.000000e+00
     vertex  2.027900e+02 -6.696500e+01  0.000000e+00
   endloop
 endfacet
 facet normal  0.000000e+00  0.000000e+00 -1.000000e+00
   outer loop
     vertex  2.029118e+02 -6.615128e+01  0.000000e+00
     vertex  2.028741e+02 -6.697608e+01  0.000000e+00
     vertex  2.028400e+02 -6.616000e+01  0.000000e+00
   endloop
 endfacet
 facet normal  0.000000e+00 -0.000000e+00 -1.000000e+00
   outer loop
     vertex  2.029118e+02 -6.615128e+01  0.000000e+00
     vertex  2.029525e+02 -6.700854e+01  0.000000e+00
     vertex  2.028741e+02 -6.697608e+01  0.000000e+00
   endloop
 endfacet
 facet normal  0.000000e+00 -0.000000e+00 -1.000000e+00
   outer loop
     vertex  1.996000e+02 -6.282500e+01  0.000000e+00
     vertex  2.017400e+02 -6.556000e+01  0.000000e+00
     vertex  1.995830e+02 -6.295441e+01  0.000000e+00
   endloop
 endfacet
 facet normal  0.000000e+00  0.000000e+00 -1.000000e+00
   outer loop
     vertex  2.029794e+02 -6.612564e+01  0.000000e+00
     vertex  2.029525e+02 -6.700854e+01  0.000000e+00
     vertex  2.029118e+02 -6.615128e+01  0.000000e+00
   endloop
 endfacet
 facet normal  0.000000e+00  0.000000e+00 -1.000000e+00
   outer loop
     vertex  1.937211e+02 -5.678137e+01  0.000000e+00
     vertex  1.911409e+02 -6.163295e+01  0.000000e+00
     vertex  1.910425e+02 -6.162000e+01  0.000000e+00
   endloop
 endfacet
 facet normal  0.000000e+00  0.000000e+00 -1.000000e+00
   outer loop
     vertex  2.030389e+02 -6.608455e+01  0.000000e+00
     vertex  2.029525e+02 -6.700854e+01  0.000000e+00
     vertex  2.029794e+02 -6.612564e+01  0.000000e+00
   endloop
 endfacet
 facet normal  0.000000e+00  0.000000e+00 -1.000000e+00
   outer loop
     vertex  2.030389e+02 -6.608455e+01  0.000000e+00
     vertex  2.030198e+02 -6.706019e+01  0.000000e+00
     vertex  2.029525e+02 -6.700854e+01  0.000000e+00
   endloop
 endfacet
 facet normal  0.000000e+00  0.000000e+00 -1.000000e+00
   outer loop
     vertex  1.940525e+02 -5.703564e+01  0.000000e+00
     vertex  1.934841e+02 -6.163295e+01  0.000000e+00
     vertex  1.933925e+02 -6.167091e+01  0.000000e+00
   endloop
 endfacet
 facet normal  0.000000e+00  0.000000e+00 -1.000000e+00
   outer loop
     vertex  1.940525e+02 -5.703564e+01  0.000000e+00
     vertex  1.935825e+02 -6.162000e+01  0.000000e+00
     vertex  1.934841e+02 -6.163295e+01  0.000000e+00
   endloop
 endfacet
 facet normal -0.000000e+00  0.000000e+00 -1.000000e+00
   outer loop
     vertex  1.940525e+02 -5.703564e+01  0.000000e+00
     vertex  1.911409e+02 -6.163295e+01  0.000000e+00
     vertex  1.937211e+02 -5.678137e+01  0.000000e+00
   endloop
 endfacet
 facet normal  0.000000e+00  0.000000e+00 -1.000000e+00
   outer loop
     vertex  1.940525e+02 -5.703564e+01  0.000000e+00
     vertex  1.912325e+02 -6.167091e+01  0.000000e+00
     vertex  1.911409e+02 -6.163295e+01  0.000000e+00
   endloop
 endfacet
 facet normal  0.000000e+00  0.000000e+00 -1.000000e+00
   outer loop
     vertex  1.940525e+02 -5.703564e+01  0.000000e+00
     vertex  1.933925e+02 -6.167091e+01  0.000000e+00
     vertex  1.912325e+02 -6.167091e+01  0.000000e+00
   endloop
 endfacet
 facet normal  0.000000e+00 -0.000000e+00 -1.000000e+00
   outer loop
     vertex  1.934669e+02 -5.645000e+01  0.000000e+00
     vertex  1.937211e+02 -5.678137e+01  0.000000e+00
     vertex  1.910425e+02 -6.162000e+01  0.000000e+00
   endloop
 endfacet
 facet normal  0.000000e+00  0.000000e+00 -1.000000e+00
   outer loop
     vertex  1.934669e+02 -5.645000e+01  0.000000e+00
     vertex  1.909441e+02 -6.163295e+01  0.000000e+00
     vertex  1.886009e+02 -6.163295e+01  0.000000e+00
   endloop
 endfacet
 facet normal  0.000000e+00  0.000000e+00 -1.000000e+00
   outer loop
     vertex  1.934669e+02 -5.645000e+01  0.000000e+00
     vertex  1.910425e+02 -6.162000e+01  0.000000e+00
     vertex  1.909441e+02 -6.163295e+01  0.000000e+00
   endloop
 endfacet
 facet normal  0.000000e+00  0.000000e+00 -1.000000e+00
   outer loop
     vertex  2.030869e+02 -6.603042e+01  0.000000e+00
     vertex  2.030198e+02 -6.706019e+01  0.000000e+00
     vertex  2.030389e+02 -6.608455e+01  0.000000e+00
   endloop
 endfacet
 facet normal  0.000000e+00  0.000000e+00 -1.000000e+00
   outer loop
     vertex  2.030869e+02 -6.603042e+01  0.000000e+00
     vertex  2.030715e+02 -6.712750e+01  0.000000e+00
     vertex  2.030198e+02 -6.706019e+01  0.000000e+00
   endloop
 endfacet
 facet normal  0.000000e+00  0.000000e+00 -1.000000e+00
   outer loop
     vertex  2.031205e+02 -6.596638e+01  0.000000e+00
     vertex  2.030715e+02 -6.712750e+01  0.000000e+00
     vertex  2.030869e+02 -6.603042e+01  0.000000e+00
   endloop
 endfacet
 facet normal  0.000000e+00  0.000000e+00 -1.000000e+00
   outer loop
     vertex  2.031205e+02 -6.596638e+01  0.000000e+00
     vertex  2.031039e+02 -6.720588e+01  0.000000e+00
     vertex  2.030715e+02 -6.712750e+01  0.000000e+00
   endloop
 endfacet
 facet normal  0.000000e+00  0.000000e+00 -1.000000e+00
   outer loop
     vertex  1.944384e+02 -5.719548e+01  0.000000e+00
     vertex  1.936809e+02 -6.163295e+01  0.000000e+00
     vertex  1.935825e+02 -6.162000e+01  0.000000e+00
   endloop
 endfacet
 facet normal -0.000000e+00  0.000000e+00 -1.000000e+00
   outer loop
     vertex  1.944384e+02 -5.719548e+01  0.000000e+00
     vertex  1.935825e+02 -6.162000e+01  0.000000e+00
     vertex  1.940525e+02 -5.703564e+01  0.000000e+00
   endloop
 endfacet
 facet normal -0.000000e+00  0.000000e+00 -1.000000e+00
   outer loop
     vertex  1.933070e+02 -5.606411e+01  0.000000e+00
     vertex  1.849680e+02 -5.606411e+01  0.000000e+00
     vertex  1.850225e+02 -5.565000e+01  0.000000e+00
   endloop
 endfacet
 facet normal  0.000000e+00 -0.000000e+00 -1.000000e+00
   outer loop
     vertex  1.933070e+02 -5.606411e+01  0.000000e+00
     vertex  1.934669e+02 -5.645000e+01  0.000000e+00
     vertex  1.886009e+02 -6.163295e+01  0.000000e+00
   endloop
 endfacet
 facet normal  0.000000e+00  0.000000e+00 -1.000000e+00
   outer loop
     vertex  1.933070e+02 -5.606411e+01  0.000000e+00
     vertex  1.886009e+02 -6.163295e+01  0.000000e+00
     vertex  1.849680e+02 -5.606411e+01  0.000000e+00
   endloop
 endfacet
 facet normal  0.000000e+00  0.000000e+00 -1.000000e+00
   outer loop
     vertex  2.028400e+02 -6.556000e+01  0.000000e+00
     vertex  1.996000e+02 -6.282500e+01  0.000000e+00
     vertex  1.995830e+02 -6.269559e+01  0.000000e+00
   endloop
 endfacet
 facet normal  0.000000e+00  0.000000e+00 -1.000000e+00
   outer loop
     vertex  2.028400e+02 -6.556000e+01  0.000000e+00
     vertex  2.017400e+02 -6.556000e+01  0.000000e+00
     vertex  1.996000e+02 -6.282500e+01  0.000000e+00
   endloop
 endfacet
 facet normal  0.000000e+00  0.000000e+00 -1.000000e+00
   outer loop
     vertex  2.029118e+02 -6.556872e+01  0.000000e+00
     vertex  2.028400e+02 -6.556000e+01  0.000000e+00
     vertex  1.995830e+02 -6.269559e+01  0.000000e+00
   endloop
 endfacet
 facet normal  0.000000e+00  0.000000e+00 -1.000000e+00
   outer loop
     vertex  1.948525e+02 -5.725000e+01  0.000000e+00
     vertex  1.937725e+02 -6.167091e+01  0.000000e+00
     vertex  1.936809e+02 -6.163295e+01  0.000000e+00
   endloop
 endfacet
 facet normal  0.000000e+00  0.000000e+00 -1.000000e+00
   outer loop
     vertex  1.948525e+02 -5.725000e+01  0.000000e+00
     vertex  1.938512e+02 -6.173130e+01  0.000000e+00
     vertex  1.937725e+02 -6.167091e+01  0.000000e+00
   endloop
 endfacet
 facet normal -0.000000e+00  0.000000e+00 -1.000000e+00
   outer loop
     vertex  1.948525e+02 -5.725000e+01  0.000000e+00
     vertex  1.936809e+02 -6.163295e+01  0.000000e+00
     vertex  1.944384e+02 -5.719548e+01  0.000000e+00
   endloop
 endfacet
 facet normal  0.000000e+00 -0.000000e+00 -1.000000e+00
   outer loop
     vertex  1.932525e+02 -5.565000e+01  0.000000e+00
     vertex  1.933070e+02 -5.606411e+01  0.000000e+00
     vertex  1.850225e+02 -5.565000e+01  0.000000e+00
   endloop
 endfacet
 facet normal  0.000000e+00  0.000000e+00 -1.000000e+00
   outer loop
     vertex  1.952666e+02 -5.719548e+01  0.000000e+00
     vertex  1.938512e+02 -6.173130e+01  0.000000e+00
     vertex  1.948525e+02 -5.725000e+01  0.000000e+00
   endloop
 endfacet
 facet normal  0.000000e+00  0.000000e+00 -1.000000e+00
   outer loop
     vertex  1.933070e+02 -5.523589e+01  0.000000e+00
     vertex  1.932525e+02 -5.565000e+01  0.000000e+00
     vertex  1.850225e+02 -5.565000e+01  0.000000e+00
   endloop
 endfacet
 facet normal  0.000000e+00  0.000000e+00 -1.000000e+00
   outer loop
     vertex  1.933070e+02 -5.523589e+01  0.000000e+00
     vertex  1.850225e+02 -5.565000e+01  0.000000e+00
     vertex  1.849680e+02 -5.523589e+01  0.000000e+00
   endloop
 endfacet
 facet normal  0.000000e+00 -0.000000e+00 -1.000000e+00
   outer loop
     vertex  1.986670e+02 -6.053500e+01  0.000000e+00
     vertex  1.986670e+02 -6.257500e+01  0.000000e+00
     vertex  1.939496e+02 -6.190165e+01  0.000000e+00
   endloop
 endfacet
 facet normal  0.000000e+00  0.000000e+00 -1.000000e+00
   outer loop
     vertex  1.986670e+02 -6.053500e+01  0.000000e+00
     vertex  1.987464e+02 -6.063855e+01  0.000000e+00
     vertex  1.987464e+02 -6.247145e+01  0.000000e+00
   endloop
 endfacet
 facet normal  0.000000e+00  0.000000e+00 -1.000000e+00
   outer loop
     vertex  1.986670e+02 -6.053500e+01  0.000000e+00
     vertex  1.987464e+02 -6.247145e+01  0.000000e+00
     vertex  1.986670e+02 -6.257500e+01  0.000000e+00
   endloop
 endfacet
 facet normal -0.000000e+00  0.000000e+00 -1.000000e+00
   outer loop
     vertex  1.988500e+02 -6.071801e+01  0.000000e+00
     vertex  1.987464e+02 -6.247145e+01  0.000000e+00
     vertex  1.987464e+02 -6.063855e+01  0.000000e+00
   endloop
 endfacet
 facet normal  0.000000e+00 -0.000000e+00 -1.000000e+00
   outer loop
     vertex  1.988500e+02 -6.071801e+01  0.000000e+00
     vertex  1.988500e+02 -6.239199e+01  0.000000e+00
     vertex  1.987464e+02 -6.247145e+01  0.000000e+00
   endloop
 endfacet
 facet normal -0.000000e+00  0.000000e+00 -1.000000e+00
   outer loop
     vertex  1.989706e+02 -6.076796e+01  0.000000e+00
     vertex  1.988500e+02 -6.239199e+01  0.000000e+00
     vertex  1.988500e+02 -6.071801e+01  0.000000e+00
   endloop
 endfacet
 facet normal  0.000000e+00 -0.000000e+00 -1.000000e+00
   outer loop
     vertex  1.989706e+02 -6.076796e+01  0.000000e+00
     vertex  1.989706e+02 -6.234204e+01  0.000000e+00
     vertex  1.988500e+02 -6.239199e+01  0.000000e+00
   endloop
 endfacet
 facet normal  0.000000e+00  0.000000e+00 -1.000000e+00
   outer loop
     vertex  1.986170e+02 -6.041441e+01  0.000000e+00
     vertex  1.939496e+02 -6.190165e+01  0.000000e+00
     vertex  1.939116e+02 -6.181000e+01  0.000000e+00
   endloop
 endfacet
 facet normal  0.000000e+00 -0.000000e+00 -1.000000e+00
   outer loop
     vertex  1.986170e+02 -6.041441e+01  0.000000e+00
     vertex  1.986670e+02 -6.053500e+01  0.000000e+00
     vertex  1.939496e+02 -6.190165e+01  0.000000e+00
   endloop
 endfacet
 facet normal  0.000000e+00 -0.000000e+00 -1.000000e+00
   outer loop
     vertex  1.991000e+02 -6.078500e+01  0.000000e+00
     vertex  1.991000e+02 -6.232500e+01  0.000000e+00
     vertex  1.989706e+02 -6.234204e+01  0.000000e+00
   endloop
 endfacet
 facet normal -0.000000e+00  0.000000e+00 -1.000000e+00
   outer loop
     vertex  1.991000e+02 -6.078500e+01  0.000000e+00
     vertex  1.989706e+02 -6.234204e+01  0.000000e+00
     vertex  1.989706e+02 -6.076796e+01  0.000000e+00
   endloop
 endfacet
 facet normal  0.000000e+00 -0.000000e+00 -1.000000e+00
   outer loop
     vertex  1.986000e+02 -6.028500e+01  0.000000e+00
     vertex  1.986170e+02 -6.041441e+01  0.000000e+00
     vertex  1.939116e+02 -6.181000e+01  0.000000e+00
   endloop
 endfacet
 facet normal  0.000000e+00  0.000000e+00 -1.000000e+00
   outer loop
     vertex  1.986000e+02 -6.028500e+01  0.000000e+00
     vertex  1.939116e+02 -6.181000e+01  0.000000e+00
     vertex  1.938512e+02 -6.173130e+01  0.000000e+00
   endloop
 endfacet
 facet normal -0.000000e+00  0.000000e+00 -1.000000e+00
   outer loop
     vertex  1.986000e+02 -6.028500e+01  0.000000e+00
     vertex  1.938512e+02 -6.173130e+01  0.000000e+00
     vertex  1.952666e+02 -5.719548e+01  0.000000e+00
   endloop
 endfacet
 facet normal -0.000000e+00  0.000000e+00 -1.000000e+00
   outer loop
     vertex  1.986170e+02 -6.015559e+01  0.000000e+00
     vertex  1.986000e+02 -6.028500e+01  0.000000e+00
     vertex  1.952666e+02 -5.719548e+01  0.000000e+00
   endloop
 endfacet
 facet normal  0.000000e+00  0.000000e+00 -1.000000e+00
   outer loop
     vertex  1.992294e+02 -6.076796e+01  0.000000e+00
     vertex  1.991000e+02 -6.232500e+01  0.000000e+00
     vertex  1.991000e+02 -6.078500e+01  0.000000e+00
   endloop
 endfacet
 facet normal  0.000000e+00 -0.000000e+00 -1.000000e+00
   outer loop
     vertex  1.992294e+02 -6.076796e+01  0.000000e+00
     vertex  1.992294e+02 -6.234204e+01  0.000000e+00
     vertex  1.991000e+02 -6.232500e+01  0.000000e+00
   endloop
 endfacet
 facet normal  0.000000e+00 -0.000000e+00 -1.000000e+00
   outer loop
     vertex  1.956525e+02 -5.703564e+01  0.000000e+00
     vertex  1.986170e+02 -6.015559e+01  0.000000e+00
     vertex  1.952666e+02 -5.719548e+01  0.000000e+00
   endloop
 endfacet
 facet normal  0.000000e+00  0.000000e+00 -1.000000e+00
   outer loop
     vertex  1.934669e+02 -5.485000e+01  0.000000e+00
     vertex  1.933070e+02 -5.523589e+01  0.000000e+00
     vertex  1.849680e+02 -5.523589e+01  0.000000e+00
   endloop
 endfacet
 facet normal  0.000000e+00  0.000000e+00 -1.000000e+00
   outer loop
     vertex  1.934669e+02 -5.485000e+01  0.000000e+00
     vertex  1.849680e+02 -5.523589e+01  0.000000e+00
     vertex  1.848081e+02 -5.485000e+01  0.000000e+00
   endloop
 endfacet
 facet normal -0.000000e+00  0.000000e+00 -1.000000e+00
   outer loop
     vertex  1.986670e+02 -6.003500e+01  0.000000e+00
     vertex  1.986170e+02 -6.015559e+01  0.000000e+00
     vertex  1.956525e+02 -5.703564e+01  0.000000e+00
   endloop
 endfacet
 facet normal  0.000000e+00 -0.000000e+00 -1.000000e+00
   outer loop
     vertex  1.993500e+02 -6.071801e+01  0.000000e+00
     vertex  1.993500e+02 -6.239199e+01  0.000000e+00
     vertex  1.992294e+02 -6.234204e+01  0.000000e+00
   endloop
 endfacet
 facet normal  0.000000e+00  0.000000e+00 -1.000000e+00
   outer loop
     vertex  1.993500e+02 -6.071801e+01  0.000000e+00
     vertex  1.994536e+02 -6.247145e+01  0.000000e+00
     vertex  1.993500e+02 -6.239199e+01  0.000000e+00
   endloop
 endfacet
 facet normal  0.000000e+00  0.000000e+00 -1.000000e+00
   outer loop
     vertex  1.993500e+02 -6.071801e+01  0.000000e+00
     vertex  1.992294e+02 -6.234204e+01  0.000000e+00
     vertex  1.992294e+02 -6.076796e+01  0.000000e+00
   endloop
 endfacet
 facet normal  0.000000e+00  0.000000e+00 -1.000000e+00
   outer loop
     vertex  1.994536e+02 -6.063855e+01  0.000000e+00
     vertex  1.995330e+02 -6.257500e+01  0.000000e+00
     vertex  1.994536e+02 -6.247145e+01  0.000000e+00
   endloop
 endfacet
 facet normal  0.000000e+00 -0.000000e+00 -1.000000e+00
   outer loop
     vertex  1.994536e+02 -6.063855e+01  0.000000e+00
     vertex  1.994536e+02 -6.247145e+01  0.000000e+00
     vertex  1.993500e+02 -6.071801e+01  0.000000e+00
   endloop
 endfacet
 facet normal  0.000000e+00 -0.000000e+00 -1.000000e+00
   outer loop
     vertex  1.995330e+02 -6.053500e+01  0.000000e+00
     vertex  1.995330e+02 -6.257500e+01  0.000000e+00
     vertex  1.994536e+02 -6.063855e+01  0.000000e+00
   endloop
 endfacet
 facet normal  0.000000e+00  0.000000e+00 -1.000000e+00
   outer loop
     vertex  1.995830e+02 -6.041441e+01  0.000000e+00
     vertex  1.995330e+02 -6.257500e+01  0.000000e+00
     vertex  1.995330e+02 -6.053500e+01  0.000000e+00
   endloop
 endfacet
 facet normal  0.000000e+00 -0.000000e+00 -1.000000e+00
   outer loop
     vertex  1.995830e+02 -6.041441e+01  0.000000e+00
     vertex  1.995830e+02 -6.269559e+01  0.000000e+00
     vertex  1.995330e+02 -6.257500e+01  0.000000e+00
   endloop
 endfacet
 facet normal  0.000000e+00  0.000000e+00 -1.000000e+00
   outer loop
     vertex  1.995830e+02 -6.041441e+01  0.000000e+00
     vertex  2.029118e+02 -6.556872e+01  0.000000e+00
     vertex  1.995830e+02 -6.269559e+01  0.000000e+00
   endloop
 endfacet
 facet normal -0.000000e+00  0.000000e+00 -1.000000e+00
   outer loop
     vertex  1.937211e+02 -5.451863e+01  0.000000e+00
     vertex  1.845539e+02 -5.451863e+01  0.000000e+00
     vertex  1.842225e+02 -5.426436e+01  0.000000e+00
   endloop
 endfacet
 facet normal  0.000000e+00  0.000000e+00 -1.000000e+00
   outer loop
     vertex  1.937211e+02 -5.451863e+01  0.000000e+00
     vertex  1.848081e+02 -5.485000e+01  0.000000e+00
     vertex  1.845539e+02 -5.451863e+01  0.000000e+00
   endloop
 endfacet
 facet normal  0.000000e+00  0.000000e+00 -1.000000e+00
   outer loop
     vertex  1.937211e+02 -5.451863e+01  0.000000e+00
     vertex  1.934669e+02 -5.485000e+01  0.000000e+00
     vertex  1.848081e+02 -5.485000e+01  0.000000e+00
   endloop
 endfacet
 facet normal  0.000000e+00 -0.000000e+00 -1.000000e+00
   outer loop
     vertex  1.996000e+02 -6.028500e+01  0.000000e+00
     vertex  2.029118e+02 -6.556872e+01  0.000000e+00
     vertex  1.995830e+02 -6.041441e+01  0.000000e+00
   endloop
 endfacet
 facet normal  0.000000e+00  0.000000e+00 -1.000000e+00
   outer loop
     vertex  2.058579e+02 -6.607213e+01  0.000000e+00
     vertex  2.031150e+02 -6.729000e+01  0.000000e+00
     vertex  2.031039e+02 -6.720588e+01  0.000000e+00
   endloop
 endfacet
 facet normal -0.000000e+00  0.000000e+00 -1.000000e+00
   outer loop
     vertex  1.940525e+02 -5.426436e+01  0.000000e+00
     vertex  1.937211e+02 -5.451863e+01  0.000000e+00
     vertex  1.842225e+02 -5.426436e+01  0.000000e+00
   endloop
 endfacet
 facet normal  0.000000e+00  0.000000e+00 -1.000000e+00
   outer loop
     vertex  1.940525e+02 -5.426436e+01  0.000000e+00
     vertex  1.842225e+02 -5.426436e+01  0.000000e+00
     vertex  1.838366e+02 -5.410452e+01  0.000000e+00
   endloop
 endfacet
 facet normal -0.000000e+00  0.000000e+00 -1.000000e+00
   outer loop
     vertex  2.059200e+02 -6.611981e+01  0.000000e+00
     vertex  2.031150e+02 -6.729000e+01  0.000000e+00
     vertex  2.058579e+02 -6.607213e+01  0.000000e+00
   endloop
 endfacet
 facet normal  0.000000e+00  0.000000e+00 -1.000000e+00
   outer loop
     vertex  2.059200e+02 -6.611981e+01  0.000000e+00
     vertex  2.031039e+02 -6.737412e+01  0.000000e+00
     vertex  2.031150e+02 -6.729000e+01  0.000000e+00
   endloop
 endfacet
 facet normal  0.000000e+00 -0.000000e+00 -1.000000e+00
   outer loop
     vertex  2.058102e+02 -6.601000e+01  0.000000e+00
     vertex  2.058579e+02 -6.607213e+01  0.000000e+00
     vertex  2.031039e+02 -6.720588e+01  0.000000e+00
   endloop
 endfacet
 facet normal -0.000000e+00  0.000000e+00 -1.000000e+00
   outer loop
     vertex  2.058102e+02 -6.601000e+01  0.000000e+00
     vertex  2.031039e+02 -6.720588e+01  0.000000e+00
     vertex  2.031205e+02 -6.596638e+01  0.000000e+00
   endloop
 endfacet
 facet normal -0.000000e+00  0.000000e+00 -1.000000e+00
   outer loop
     vertex  2.059924e+02 -6.614978e+01  0.000000e+00
     vertex  2.031039e+02 -6.737412e+01  0.000000e+00
     vertex  2.059200e+02 -6.611981e+01  0.000000e+00
   endloop
 endfacet
 facet normal  0.000000e+00  0.000000e+00 -1.000000e+00
   outer loop
     vertex  2.059924e+02 -6.614978e+01  0.000000e+00
     vertex  2.030715e+02 -6.745250e+01  0.000000e+00
     vertex  2.031039e+02 -6.737412e+01  0.000000e+00
   endloop
 endfacet
 facet normal -0.000000e+00  0.000000e+00 -1.000000e+00
   outer loop
     vertex  2.057802e+02 -6.593765e+01  0.000000e+00
     vertex  2.031205e+02 -6.596638e+01  0.000000e+00
     vertex  2.031378e+02 -6.589616e+01  0.000000e+00
   endloop
 endfacet
 facet normal  0.000000e+00 -0.000000e+00 -1.000000e+00
   outer loop
     vertex  2.057802e+02 -6.593765e+01  0.000000e+00
     vertex  2.058102e+02 -6.601000e+01  0.000000e+00
     vertex  2.031205e+02 -6.596638e+01  0.000000e+00
   endloop
 endfacet
 facet normal  0.000000e+00 -0.000000e+00 -1.000000e+00
   outer loop
     vertex  2.060700e+02 -6.616000e+01  0.000000e+00
     vertex  2.060700e+02 -7.420000e+01  0.000000e+00
     vertex  2.030198e+02 -6.751981e+01  0.000000e+00
   endloop
 endfacet
 facet normal -0.000000e+00  0.000000e+00 -1.000000e+00
   outer loop
     vertex  2.060700e+02 -6.616000e+01  0.000000e+00
     vertex  2.030715e+02 -6.745250e+01  0.000000e+00
     vertex  2.059924e+02 -6.614978e+01  0.000000e+00
   endloop
 endfacet
 facet normal  0.000000e+00  0.000000e+00 -1.000000e+00
   outer loop
     vertex  2.060700e+02 -6.616000e+01  0.000000e+00
     vertex  2.030198e+02 -6.751981e+01  0.000000e+00
     vertex  2.030715e+02 -6.745250e+01  0.000000e+00
   endloop
 endfacet
 facet normal -0.000000e+00  0.000000e+00 -1.000000e+00
   outer loop
     vertex  2.057700e+02 -6.586000e+01  0.000000e+00
     vertex  2.031378e+02 -6.589616e+01  0.000000e+00
     vertex  2.031378e+02 -6.582384e+01  0.000000e+00
   endloop
 endfacet
 facet normal  0.000000e+00 -0.000000e+00 -1.000000e+00
   outer loop
     vertex  2.057700e+02 -6.586000e+01  0.000000e+00
     vertex  2.057802e+02 -6.593765e+01  0.000000e+00
     vertex  2.031378e+02 -6.589616e+01  0.000000e+00
   endloop
 endfacet
 facet normal -0.000000e+00  0.000000e+00 -1.000000e+00
   outer loop
     vertex  2.057802e+02 -6.578236e+01  0.000000e+00
     vertex  2.031378e+02 -6.582384e+01  0.000000e+00
     vertex  2.031205e+02 -6.575362e+01  0.000000e+00
   endloop
 endfacet
 facet normal  0.000000e+00  0.000000e+00 -1.000000e+00
   outer loop
     vertex  2.057802e+02 -6.578236e+01  0.000000e+00
     vertex  2.057700e+02 -6.586000e+01  0.000000e+00
     vertex  2.031378e+02 -6.582384e+01  0.000000e+00
   endloop
 endfacet
 facet normal  0.000000e+00  0.000000e+00 -1.000000e+00
   outer loop
     vertex  2.058102e+02 -6.571000e+01  0.000000e+00
     vertex  2.057802e+02 -6.578236e+01  0.000000e+00
     vertex  2.031205e+02 -6.575362e+01  0.000000e+00
   endloop
 endfacet
 facet normal -0.000000e+00  0.000000e+00 -1.000000e+00
   outer loop
     vertex  2.058102e+02 -6.571000e+01  0.000000e+00
     vertex  2.031205e+02 -6.575362e+01  0.000000e+00
     vertex  2.030869e+02 -6.568958e+01  0.000000e+00
   endloop
 endfacet
 facet normal  0.000000e+00  0.000000e+00 -1.000000e+00
   outer loop
     vertex  2.058579e+02 -6.564787e+01  0.000000e+00
     vertex  2.058102e+02 -6.571000e+01  0.000000e+00
     vertex  2.030869e+02 -6.568958e+01  0.000000e+00
   endloop
 endfacet
 facet normal -0.000000e+00  0.000000e+00 -1.000000e+00
   outer loop
     vertex  2.058579e+02 -6.564787e+01  0.000000e+00
     vertex  2.030869e+02 -6.568958e+01  0.000000e+00
     vertex  2.030389e+02 -6.563545e+01  0.000000e+00
   endloop
 endfacet
 facet normal  0.000000e+00  0.000000e+00 -1.000000e+00
   outer loop
     vertex  2.059200e+02 -6.560019e+01  0.000000e+00
     vertex  2.058579e+02 -6.564787e+01  0.000000e+00
     vertex  2.030389e+02 -6.563545e+01  0.000000e+00
   endloop
 endfacet
 facet normal -0.000000e+00  0.000000e+00 -1.000000e+00
   outer loop
     vertex  2.059200e+02 -6.560019e+01  0.000000e+00
     vertex  2.030389e+02 -6.563545e+01  0.000000e+00
     vertex  2.029794e+02 -6.559436e+01  0.000000e+00
   endloop
 endfacet
 facet normal -0.000000e+00  0.000000e+00 -1.000000e+00
   outer loop
     vertex  1.944384e+02 -5.410452e+01  0.000000e+00
     vertex  1.940525e+02 -5.426436e+01  0.000000e+00
     vertex  1.838366e+02 -5.410452e+01  0.000000e+00
   endloop
 endfacet
 facet normal  0.000000e+00  0.000000e+00 -1.000000e+00
   outer loop
     vertex  2.059924e+02 -6.557022e+01  0.000000e+00
     vertex  2.029118e+02 -6.556872e+01  0.000000e+00
     vertex  1.996000e+02 -6.028500e+01  0.000000e+00
   endloop
 endfacet
 facet normal  0.000000e+00  0.000000e+00 -1.000000e+00
   outer loop
     vertex  2.059924e+02 -6.557022e+01  0.000000e+00
     vertex  2.059200e+02 -6.560019e+01  0.000000e+00
     vertex  2.029794e+02 -6.559436e+01  0.000000e+00
   endloop
 endfacet
 facet normal -0.000000e+00  0.000000e+00 -1.000000e+00
   outer loop
     vertex  2.059924e+02 -6.557022e+01  0.000000e+00
     vertex  2.029794e+02 -6.559436e+01  0.000000e+00
     vertex  2.029118e+02 -6.556872e+01  0.000000e+00
   endloop
 endfacet
 facet normal -0.000000e+00  0.000000e+00 -1.000000e+00
   outer loop
     vertex  1.988500e+02 -5.817801e+01  0.000000e+00
     vertex  1.987464e+02 -5.993145e+01  0.000000e+00
     vertex  1.987464e+02 -5.809855e+01  0.000000e+00
   endloop
 endfacet
 facet normal  0.000000e+00 -0.000000e+00 -1.000000e+00
   outer loop
     vertex  1.988500e+02 -5.817801e+01  0.000000e+00
     vertex  1.988500e+02 -5.985199e+01  0.000000e+00
     vertex  1.987464e+02 -5.993145e+01  0.000000e+00
   endloop
 endfacet
 facet normal -0.000000e+00 -0.000000e+00 -1.000000e+00
   outer loop
     vertex  1.986670e+02 -5.799500e+01  0.000000e+00
     vertex  1.986670e+02 -6.003500e+01  0.000000e+00
     vertex  1.956525e+02 -5.703564e+01  0.000000e+00
   endloop
 endfacet
 facet normal  0.000000e+00  0.000000e+00 -1.000000e+00
   outer loop
     vertex  1.986670e+02 -5.799500e+01  0.000000e+00
     vertex  1.987464e+02 -5.809855e+01  0.000000e+00
     vertex  1.987464e+02 -5.993145e+01  0.000000e+00
   endloop
 endfacet
 facet normal  0.000000e+00  0.000000e+00 -1.000000e+00
   outer loop
     vertex  1.986670e+02 -5.799500e+01  0.000000e+00
     vertex  1.987464e+02 -5.993145e+01  0.000000e+00
     vertex  1.986670e+02 -6.003500e+01  0.000000e+00
   endloop
 endfacet
 facet normal  0.000000e+00 -0.000000e+00 -1.000000e+00
   outer loop
     vertex  2.068700e+02 -6.616000e+01  0.000000e+00
     vertex  2.068700e+02 -7.420000e+01  0.000000e+00
     vertex  2.060700e+02 -7.420000e+01  0.000000e+00
   endloop
 endfacet
 facet normal -0.000000e+00  0.000000e+00 -1.000000e+00
   outer loop
     vertex  2.068700e+02 -6.616000e+01  0.000000e+00
     vertex  2.060700e+02 -7.420000e+01  0.000000e+00
     vertex  2.060700e+02 -6.616000e+01  0.000000e+00
   endloop
 endfacet
 facet normal  0.000000e+00  0.000000e+00 -1.000000e+00
   outer loop
     vertex  1.986170e+02 -5.787441e+01  0.000000e+00
     vertex  1.956525e+02 -5.703564e+01  0.000000e+00
     vertex  1.959839e+02 -5.678137e+01  0.000000e+00
   endloop
 endfacet
 facet normal -0.000000e+00 -0.000000e+00 -1.000000e+00
   outer loop
     vertex  1.986170e+02 -5.787441e+01  0.000000e+00
     vertex  1.986670e+02 -5.799500e+01  0.000000e+00
     vertex  1.956525e+02 -5.703564e+01  0.000000e+00
   endloop
 endfacet
 facet normal -0.000000e+00  0.000000e+00 -1.000000e+00
   outer loop
     vertex  1.989706e+02 -5.822796e+01  0.000000e+00
     vertex  1.988500e+02 -5.985199e+01  0.000000e+00
     vertex  1.988500e+02 -5.817801e+01  0.000000e+00
   endloop
 endfacet
 facet normal  0.000000e+00 -0.000000e+00 -1.000000e+00
   outer loop
     vertex  1.989706e+02 -5.822796e+01  0.000000e+00
     vertex  1.989706e+02 -5.980204e+01  0.000000e+00
     vertex  1.988500e+02 -5.985199e+01  0.000000e+00
   endloop
 endfacet
 facet normal  0.000000e+00 -0.000000e+00 -1.000000e+00
   outer loop
     vertex  2.069418e+02 -6.615128e+01  0.000000e+00
     vertex  2.069476e+02 -7.421022e+01  0.000000e+00
     vertex  2.068700e+02 -7.420000e+01  0.000000e+00
   endloop
 endfacet
 facet normal  0.000000e+00  0.000000e+00 -1.000000e+00
   outer loop
     vertex  2.069418e+02 -6.615128e+01  0.000000e+00
     vertex  2.068700e+02 -7.420000e+01  0.000000e+00
     vertex  2.068700e+02 -6.616000e+01  0.000000e+00
   endloop
 endfacet
 facet normal -0.000000e+00  0.000000e+00 -1.000000e+00
   outer loop
     vertex  1.991000e+02 -5.824500e+01  0.000000e+00
     vertex  1.989706e+02 -5.980204e+01  0.000000e+00
     vertex  1.989706e+02 -5.822796e+01  0.000000e+00
   endloop
 endfacet
 facet normal  0.000000e+00 -0.000000e+00 -1.000000e+00
   outer loop
     vertex  1.991000e+02 -5.824500e+01  0.000000e+00
     vertex  1.991000e+02 -5.978500e+01  0.000000e+00
     vertex  1.989706e+02 -5.980204e+01  0.000000e+00
   endloop
 endfacet
 facet normal -0.000000e+00 -0.000000e+00 -1.000000e+00
   outer loop
     vertex  1.986000e+02 -5.774500e+01  0.000000e+00
     vertex  1.986170e+02 -5.787441e+01  0.000000e+00
     vertex  1.959839e+02 -5.678137e+01  0.000000e+00
   endloop
 endfacet
 facet normal  0.000000e+00  0.000000e+00 -1.000000e+00
   outer loop
     vertex  2.070094e+02 -6.612564e+01  0.000000e+00
     vertex  2.069476e+02 -7.421022e+01  0.000000e+00
     vertex  2.069418e+02 -6.615128e+01  0.000000e+00
   endloop
 endfacet
 facet normal  0.000000e+00 -0.000000e+00 -1.000000e+00
   outer loop
     vertex  2.070094e+02 -6.612564e+01  0.000000e+00
     vertex  2.070200e+02 -7.424019e+01  0.000000e+00
     vertex  2.069476e+02 -7.421022e+01  0.000000e+00
   endloop
 endfacet
 facet normal  0.000000e+00  0.000000e+00 -1.000000e+00
   outer loop
     vertex  2.070689e+02 -6.608455e+01  0.000000e+00
     vertex  2.070200e+02 -7.424019e+01  0.000000e+00
     vertex  2.070094e+02 -6.612564e+01  0.000000e+00
   endloop
 endfacet
 facet normal  0.000000e+00 -0.000000e+00 -1.000000e+00
   outer loop
     vertex  2.070689e+02 -6.608455e+01  0.000000e+00
     vertex  2.070821e+02 -7.428787e+01  0.000000e+00
     vertex  2.070200e+02 -7.424019e+01  0.000000e+00
   endloop
 endfacet
 facet normal -0.000000e+00  0.000000e+00 -1.000000e+00
   outer loop
     vertex  1.986170e+02 -5.761559e+01  0.000000e+00
     vertex  1.986000e+02 -5.774500e+01  0.000000e+00
     vertex  1.959839e+02 -5.678137e+01  0.000000e+00
   endloop
 endfacet
 facet normal  0.000000e+00  0.000000e+00 -1.000000e+00
   outer loop
     vertex  1.986170e+02 -5.761559e+01  0.000000e+00
     vertex  1.959839e+02 -5.678137e+01  0.000000e+00
     vertex  1.962381e+02 -5.645000e+01  0.000000e+00
   endloop
 endfacet
 facet normal  0.000000e+00  0.000000e+00 -1.000000e+00
   outer loop
     vertex  1.992294e+02 -5.822796e+01  0.000000e+00
     vertex  1.991000e+02 -5.978500e+01  0.000000e+00
     vertex  1.991000e+02 -5.824500e+01  0.000000e+00
   endloop
 endfacet
 facet normal  0.000000e+00 -0.000000e+00 -1.000000e+00
   outer loop
     vertex  1.992294e+02 -5.822796e+01  0.000000e+00
     vertex  1.992294e+02 -5.980204e+01  0.000000e+00
     vertex  1.991000e+02 -5.978500e+01  0.000000e+00
   endloop
 endfacet
 facet normal  0.000000e+00  0.000000e+00 -1.000000e+00
   outer loop
     vertex  2.071169e+02 -6.603042e+01  0.000000e+00
     vertex  2.070821e+02 -7.428787e+01  0.000000e+00
     vertex  2.070689e+02 -6.608455e+01  0.000000e+00
   endloop
 endfacet
 facet normal  0.000000e+00 -0.000000e+00 -1.000000e+00
   outer loop
     vertex  2.071169e+02 -6.603042e+01  0.000000e+00
     vertex  2.071298e+02 -7.435000e+01  0.000000e+00
     vertex  2.070821e+02 -7.428787e+01  0.000000e+00
   endloop
 endfacet
 facet normal  0.000000e+00  0.000000e+00 -1.000000e+00
   outer loop
     vertex  1.993500e+02 -5.817801e+01  0.000000e+00
     vertex  1.992294e+02 -5.980204e+01  0.000000e+00
     vertex  1.992294e+02 -5.822796e+01  0.000000e+00
   endloop
 endfacet
 facet normal  0.000000e+00 -0.000000e+00 -1.000000e+00
   outer loop
     vertex  1.993500e+02 -5.817801e+01  0.000000e+00
     vertex  1.993500e+02 -5.985199e+01  0.000000e+00
     vertex  1.992294e+02 -5.980204e+01  0.000000e+00
   endloop
 endfacet
 facet normal  0.000000e+00  0.000000e+00 -1.000000e+00
   outer loop
     vertex  1.986670e+02 -5.749500e+01  0.000000e+00
     vertex  1.962381e+02 -5.645000e+01  0.000000e+00
     vertex  1.963980e+02 -5.606411e+01  0.000000e+00
   endloop
 endfacet
 facet normal -0.000000e+00  0.000000e+00 -1.000000e+00
   outer loop
     vertex  1.986670e+02 -5.749500e+01  0.000000e+00
     vertex  1.986170e+02 -5.761559e+01  0.000000e+00
     vertex  1.962381e+02 -5.645000e+01  0.000000e+00
   endloop
 endfacet
 facet normal  0.000000e+00 -0.000000e+00 -1.000000e+00
   outer loop
     vertex  2.071505e+02 -6.596638e+01  0.000000e+00
     vertex  2.071598e+02 -7.442236e+01  0.000000e+00
     vertex  2.071298e+02 -7.435000e+01  0.000000e+00
   endloop
 endfacet
 facet normal  0.000000e+00  0.000000e+00 -1.000000e+00
   outer loop
     vertex  2.071505e+02 -6.596638e+01  0.000000e+00
     vertex  2.071298e+02 -7.435000e+01  0.000000e+00
     vertex  2.071169e+02 -6.603042e+01  0.000000e+00
   endloop
 endfacet
 facet normal  0.000000e+00  0.000000e+00 -1.000000e+00
   outer loop
     vertex  2.071678e+02 -6.589616e+01  0.000000e+00
     vertex  2.071598e+02 -7.442236e+01  0.000000e+00
     vertex  2.071505e+02 -6.596638e+01  0.000000e+00
   endloop
 endfacet
 facet normal  0.000000e+00  0.000000e+00 -1.000000e+00
   outer loop
     vertex  2.071678e+02 -6.589616e+01  0.000000e+00
     vertex  2.093000e+02 -8.448000e+01  0.000000e+00
     vertex  2.071700e+02 -7.450000e+01  0.000000e+00
   endloop
 endfacet
 facet normal  0.000000e+00 -0.000000e+00 -1.000000e+00
   outer loop
     vertex  2.071678e+02 -6.589616e+01  0.000000e+00
     vertex  2.071700e+02 -7.450000e+01  0.000000e+00
     vertex  2.071598e+02 -7.442236e+01  0.000000e+00
   endloop
 endfacet
 facet normal -0.000000e+00  0.000000e+00 -1.000000e+00
   outer loop
     vertex  1.987464e+02 -5.739145e+01  0.000000e+00
     vertex  1.986670e+02 -5.749500e+01  0.000000e+00
     vertex  1.963980e+02 -5.606411e+01  0.000000e+00
   endloop
 endfacet
 facet normal  0.000000e+00  0.000000e+00 -1.000000e+00
   outer loop
     vertex  1.994536e+02 -5.809855e+01  0.000000e+00
     vertex  1.993500e+02 -5.985199e+01  0.000000e+00
     vertex  1.993500e+02 -5.817801e+01  0.000000e+00
   endloop
 endfacet
 facet normal  0.000000e+00 -0.000000e+00 -1.000000e+00
   outer loop
     vertex  1.994536e+02 -5.809855e+01  0.000000e+00
     vertex  1.994536e+02 -5.993145e+01  0.000000e+00
     vertex  1.993500e+02 -5.985199e+01  0.000000e+00
   endloop
 endfacet
 facet normal  0.000000e+00  0.000000e+00 -1.000000e+00
   outer loop
     vertex  1.995330e+02 -5.799500e+01  0.000000e+00
     vertex  1.994536e+02 -5.993145e+01  0.000000e+00
     vertex  1.994536e+02 -5.809855e+01  0.000000e+00
   endloop
 endfacet
 facet normal  0.000000e+00 -0.000000e+00 -1.000000e+00
   outer loop
     vertex  1.995330e+02 -5.799500e+01  0.000000e+00
     vertex  1.995330e+02 -6.003500e+01  0.000000e+00
     vertex  1.994536e+02 -5.993145e+01  0.000000e+00
   endloop
 endfacet
 facet normal  0.000000e+00  0.000000e+00 -1.000000e+00
   outer loop
     vertex  1.995330e+02 -5.799500e+01  0.000000e+00
     vertex  1.995830e+02 -6.015559e+01  0.000000e+00
     vertex  1.995330e+02 -6.003500e+01  0.000000e+00
   endloop
 endfacet
 facet normal  0.000000e+00 -0.000000e+00 -1.000000e+00
   outer loop
     vertex  1.995830e+02 -5.787441e+01  0.000000e+00
     vertex  1.995830e+02 -6.015559e+01  0.000000e+00
     vertex  1.995330e+02 -5.799500e+01  0.000000e+00
   endloop
 endfacet
 facet normal  0.000000e+00 -0.000000e+00 -1.000000e+00
   outer loop
     vertex  1.987464e+02 -5.555855e+01  0.000000e+00
     vertex  1.987464e+02 -5.739145e+01  0.000000e+00
     vertex  1.963980e+02 -5.606411e+01  0.000000e+00
   endloop
 endfacet
 facet normal -0.000000e+00  0.000000e+00 -1.000000e+00
   outer loop
     vertex  1.988500e+02 -5.563801e+01  0.000000e+00
     vertex  1.987464e+02 -5.739145e+01  0.000000e+00
     vertex  1.987464e+02 -5.555855e+01  0.000000e+00
   endloop
 endfacet
 facet normal  0.000000e+00 -0.000000e+00 -1.000000e+00
   outer loop
     vertex  1.988500e+02 -5.563801e+01  0.000000e+00
     vertex  1.988500e+02 -5.731199e+01  0.000000e+00
     vertex  1.987464e+02 -5.739145e+01  0.000000e+00
   endloop
 endfacet
 facet normal  0.000000e+00  0.000000e+00 -1.000000e+00
   outer loop
     vertex  1.986670e+02 -5.545500e+01  0.000000e+00
     vertex  1.963980e+02 -5.606411e+01  0.000000e+00
     vertex  1.964525e+02 -5.565000e+01  0.000000e+00
   endloop
 endfacet
 facet normal  0.000000e+00 -0.000000e+00 -1.000000e+00
   outer loop
     vertex  1.986670e+02 -5.545500e+01  0.000000e+00
     vertex  1.987464e+02 -5.555855e+01  0.000000e+00
     vertex  1.963980e+02 -5.606411e+01  0.000000e+00
   endloop
 endfacet
 facet normal  0.000000e+00 -0.000000e+00 -1.000000e+00
   outer loop
     vertex  1.986170e+02 -5.533441e+01  0.000000e+00
     vertex  1.986670e+02 -5.545500e+01  0.000000e+00
     vertex  1.964525e+02 -5.565000e+01  0.000000e+00
   endloop
 endfacet
 facet normal  0.000000e+00 -0.000000e+00 -1.000000e+00
   outer loop
     vertex  1.989706e+02 -5.568796e+01  0.000000e+00
     vertex  1.989706e+02 -5.726204e+01  0.000000e+00
     vertex  1.988500e+02 -5.731199e+01  0.000000e+00
   endloop
 endfacet
 facet normal -0.000000e+00  0.000000e+00 -1.000000e+00
   outer loop
     vertex  1.989706e+02 -5.568796e+01  0.000000e+00
     vertex  1.988500e+02 -5.731199e+01  0.000000e+00
     vertex  1.988500e+02 -5.563801e+01  0.000000e+00
   endloop
 endfacet
 facet normal  0.000000e+00 -0.000000e+00 -1.000000e+00
   outer loop
     vertex  1.991000e+02 -5.570500e+01  0.000000e+00
     vertex  1.991000e+02 -5.724500e+01  0.000000e+00
     vertex  1.989706e+02 -5.726204e+01  0.000000e+00
   endloop
 endfacet
 facet normal -0.000000e+00  0.000000e+00 -1.000000e+00
   outer loop
     vertex  1.991000e+02 -5.570500e+01  0.000000e+00
     vertex  1.989706e+02 -5.726204e+01  0.000000e+00
     vertex  1.989706e+02 -5.568796e+01  0.000000e+00
   endloop
 endfacet
 facet normal  0.000000e+00  0.000000e+00 -1.000000e+00
   outer loop
     vertex  1.986000e+02 -5.520500e+01  0.000000e+00
     vertex  1.964525e+02 -5.565000e+01  0.000000e+00
     vertex  1.963980e+02 -5.523589e+01  0.000000e+00
   endloop
 endfacet
 facet normal  0.000000e+00 -0.000000e+00 -1.000000e+00
   outer loop
     vertex  1.986000e+02 -5.520500e+01  0.000000e+00
     vertex  1.986170e+02 -5.533441e+01  0.000000e+00
     vertex  1.964525e+02 -5.565000e+01  0.000000e+00
   endloop
 endfacet
 facet normal -0.000000e+00  0.000000e+00 -1.000000e+00
   outer loop
     vertex  1.986170e+02 -5.507559e+01  0.000000e+00
     vertex  1.963980e+02 -5.523589e+01  0.000000e+00
     vertex  1.962381e+02 -5.485000e+01  0.000000e+00
   endloop
 endfacet
 facet normal  0.000000e+00  0.000000e+00 -1.000000e+00
   outer loop
     vertex  1.986170e+02 -5.507559e+01  0.000000e+00
     vertex  1.986000e+02 -5.520500e+01  0.000000e+00
     vertex  1.963980e+02 -5.523589e+01  0.000000e+00
   endloop
 endfacet
 facet normal  0.000000e+00  0.000000e+00 -1.000000e+00
   outer loop
     vertex  1.992294e+02 -5.568796e+01  0.000000e+00
     vertex  1.991000e+02 -5.724500e+01  0.000000e+00
     vertex  1.991000e+02 -5.570500e+01  0.000000e+00
   endloop
 endfacet
 facet normal  0.000000e+00 -0.000000e+00 -1.000000e+00
   outer loop
     vertex  1.992294e+02 -5.568796e+01  0.000000e+00
     vertex  1.992294e+02 -5.726204e+01  0.000000e+00
     vertex  1.991000e+02 -5.724500e+01  0.000000e+00
   endloop
 endfacet
 facet normal  0.000000e+00  0.000000e+00 -1.000000e+00
   outer loop
     vertex  1.993500e+02 -5.563801e+01  0.000000e+00
     vertex  1.992294e+02 -5.726204e+01  0.000000e+00
     vertex  1.992294e+02 -5.568796e+01  0.000000e+00
   endloop
 endfacet
 facet normal  0.000000e+00 -0.000000e+00 -1.000000e+00
   outer loop
     vertex  1.993500e+02 -5.563801e+01  0.000000e+00
     vertex  1.993500e+02 -5.731199e+01  0.000000e+00
     vertex  1.992294e+02 -5.726204e+01  0.000000e+00
   endloop
 endfacet
 facet normal  0.000000e+00  0.000000e+00 -1.000000e+00
   outer loop
     vertex  1.993500e+02 -5.563801e+01  0.000000e+00
     vertex  1.994536e+02 -5.739145e+01  0.000000e+00
     vertex  1.993500e+02 -5.731199e+01  0.000000e+00
   endloop
 endfacet
 facet normal -0.000000e+00  0.000000e+00 -1.000000e+00
   outer loop
     vertex  1.986670e+02 -5.495500e+01  0.000000e+00
     vertex  1.986170e+02 -5.507559e+01  0.000000e+00
     vertex  1.962381e+02 -5.485000e+01  0.000000e+00
   endloop
 endfacet
 facet normal -0.000000e+00  0.000000e+00 -1.000000e+00
   outer loop
     vertex  1.987464e+02 -5.485145e+01  0.000000e+00
     vertex  1.986670e+02 -5.495500e+01  0.000000e+00
     vertex  1.962381e+02 -5.485000e+01  0.000000e+00
   endloop
 endfacet
 facet normal  0.000000e+00  0.000000e+00 -1.000000e+00
   outer loop
     vertex  1.987464e+02 -5.485145e+01  0.000000e+00
     vertex  1.962381e+02 -5.485000e+01  0.000000e+00
     vertex  1.959839e+02 -5.451863e+01  0.000000e+00
   endloop
 endfacet
 facet normal  0.000000e+00 -0.000000e+00 -1.000000e+00
   outer loop
     vertex  1.994536e+02 -5.555855e+01  0.000000e+00
     vertex  1.994536e+02 -5.739145e+01  0.000000e+00
     vertex  1.993500e+02 -5.563801e+01  0.000000e+00
   endloop
 endfacet
 facet normal  0.000000e+00  0.000000e+00 -1.000000e+00
   outer loop
     vertex  1.994536e+02 -5.555855e+01  0.000000e+00
     vertex  1.995330e+02 -5.749500e+01  0.000000e+00
     vertex  1.994536e+02 -5.739145e+01  0.000000e+00
   endloop
 endfacet
 facet normal  0.000000e+00 -0.000000e+00 -1.000000e+00
   outer loop
     vertex  1.995330e+02 -5.545500e+01  0.000000e+00
     vertex  1.995330e+02 -5.749500e+01  0.000000e+00
     vertex  1.994536e+02 -5.555855e+01  0.000000e+00
   endloop
 endfacet
 facet normal  0.000000e+00  0.000000e+00 -1.000000e+00
   outer loop
     vertex  1.995330e+02 -5.545500e+01  0.000000e+00
     vertex  1.995830e+02 -5.761559e+01  0.000000e+00
     vertex  1.995330e+02 -5.749500e+01  0.000000e+00
   endloop
 endfacet
 facet normal  0.000000e+00  0.000000e+00 -1.000000e+00
   outer loop
     vertex  1.988500e+02 -5.477199e+01  0.000000e+00
     vertex  1.959839e+02 -5.451863e+01  0.000000e+00
     vertex  1.956525e+02 -5.426436e+01  0.000000e+00
   endloop
 endfacet
 facet normal -0.000000e+00  0.000000e+00 -1.000000e+00
   outer loop
     vertex  1.988500e+02 -5.477199e+01  0.000000e+00
     vertex  1.987464e+02 -5.485145e+01  0.000000e+00
     vertex  1.959839e+02 -5.451863e+01  0.000000e+00
   endloop
 endfacet
 facet normal -0.000000e+00  0.000000e+00 -1.000000e+00
   outer loop
     vertex  1.989706e+02 -5.472204e+01  0.000000e+00
     vertex  1.988500e+02 -5.477199e+01  0.000000e+00
     vertex  1.956525e+02 -5.426436e+01  0.000000e+00
   endloop
 endfacet
 facet normal  0.000000e+00 -0.000000e+00 -1.000000e+00
   outer loop
     vertex  1.995830e+02 -5.533441e+01  0.000000e+00
     vertex  1.995830e+02 -5.761559e+01  0.000000e+00
     vertex  1.995330e+02 -5.545500e+01  0.000000e+00
   endloop
 endfacet
 facet normal -0.000000e+00  0.000000e+00 -1.000000e+00
   outer loop
     vertex  1.991000e+02 -5.470500e+01  0.000000e+00
     vertex  1.989706e+02 -5.472204e+01  0.000000e+00
     vertex  1.956525e+02 -5.426436e+01  0.000000e+00
   endloop
 endfacet
 facet normal  0.000000e+00  0.000000e+00 -1.000000e+00
   outer loop
     vertex  1.991000e+02 -5.470500e+01  0.000000e+00
     vertex  1.956525e+02 -5.426436e+01  0.000000e+00
     vertex  1.952666e+02 -5.410452e+01  0.000000e+00
   endloop
 endfacet
 facet normal  0.000000e+00  0.000000e+00 -1.000000e+00
   outer loop
     vertex  2.061000e+02 -5.268000e+01  0.000000e+00
     vertex  1.992294e+02 -5.472204e+01  0.000000e+00
     vertex  1.991000e+02 -5.470500e+01  0.000000e+00
   endloop
 endfacet
 facet normal  0.000000e+00  0.000000e+00 -1.000000e+00
   outer loop
     vertex  2.061000e+02 -5.268000e+01  0.000000e+00
     vertex  1.993500e+02 -5.477199e+01  0.000000e+00
     vertex  1.992294e+02 -5.472204e+01  0.000000e+00
   endloop
 endfacet
 facet normal  0.000000e+00  0.000000e+00 -1.000000e+00
   outer loop
     vertex  2.061000e+02 -5.268000e+01  0.000000e+00
     vertex  1.994536e+02 -5.485145e+01  0.000000e+00
     vertex  1.993500e+02 -5.477199e+01  0.000000e+00
   endloop
 endfacet
 facet normal  0.000000e+00  0.000000e+00 -1.000000e+00
   outer loop
     vertex  2.061000e+02 -5.268000e+01  0.000000e+00
     vertex  1.995330e+02 -5.495500e+01  0.000000e+00
     vertex  1.994536e+02 -5.485145e+01  0.000000e+00
   endloop
 endfacet
 facet normal  0.000000e+00  0.000000e+00 -1.000000e+00
   outer loop
     vertex  2.061000e+02 -5.268000e+01  0.000000e+00
     vertex  1.995830e+02 -5.507559e+01  0.000000e+00
     vertex  1.995330e+02 -5.495500e+01  0.000000e+00
   endloop
 endfacet
 facet normal  0.000000e+00  0.000000e+00 -1.000000e+00
   outer loop
     vertex  2.061000e+02 -5.268000e+01  0.000000e+00
     vertex  1.996000e+02 -5.520500e+01  0.000000e+00
     vertex  1.995830e+02 -5.507559e+01  0.000000e+00
   endloop
 endfacet
 facet normal  0.000000e+00  0.000000e+00 -1.000000e+00
   outer loop
     vertex  2.061000e+02 -5.268000e+01  0.000000e+00
     vertex  1.995830e+02 -5.533441e+01  0.000000e+00
     vertex  1.996000e+02 -5.520500e+01  0.000000e+00
   endloop
 endfacet
 facet normal  0.000000e+00  0.000000e+00 -1.000000e+00
   outer loop
     vertex  2.061000e+02 -5.268000e+01  0.000000e+00
     vertex  1.991000e+02 -5.470500e+01  0.000000e+00
     vertex  1.952666e+02 -5.410452e+01  0.000000e+00
   endloop
 endfacet
 facet normal  0.000000e+00  0.000000e+00 -1.000000e+00
   outer loop
     vertex  2.061000e+02 -5.268000e+01  0.000000e+00
     vertex  1.995830e+02 -5.761559e+01  0.000000e+00
     vertex  1.995830e+02 -5.533441e+01  0.000000e+00
   endloop
 endfacet
 facet normal  0.000000e+00  0.000000e+00 -1.000000e+00
   outer loop
     vertex  2.061000e+02 -5.268000e+01  0.000000e+00
     vertex  1.996000e+02 -5.774500e+01  0.000000e+00
     vertex  1.995830e+02 -5.761559e+01  0.000000e+00
   endloop
 endfacet
 facet normal -0.000000e+00  0.000000e+00 -1.000000e+00
   outer loop
     vertex  2.093000e+02 -5.588000e+01  0.000000e+00
     vertex  1.996000e+02 -5.774500e+01  0.000000e+00
     vertex  2.061000e+02 -5.268000e+01  0.000000e+00
   endloop
 endfacet
 facet normal  0.000000e+00 -0.000000e+00 -1.000000e+00
   outer loop
     vertex  2.093000e+02 -5.588000e+01  0.000000e+00
     vertex  2.093000e+02 -8.448000e+01  0.000000e+00
     vertex  2.071678e+02 -6.589616e+01  0.000000e+00
   endloop
 endfacet
 facet normal  0.000000e+00  0.000000e+00 -1.000000e+00
   outer loop
     vertex  2.093000e+02 -5.588000e+01  0.000000e+00
     vertex  2.069418e+02 -6.556872e+01  0.000000e+00
     vertex  2.068700e+02 -6.556000e+01  0.000000e+00
   endloop
 endfacet
 facet normal  0.000000e+00  0.000000e+00 -1.000000e+00
   outer loop
     vertex  2.093000e+02 -5.588000e+01  0.000000e+00
     vertex  2.070094e+02 -6.559436e+01  0.000000e+00
     vertex  2.069418e+02 -6.556872e+01  0.000000e+00
   endloop
 endfacet
 facet normal  0.000000e+00  0.000000e+00 -1.000000e+00
   outer loop
     vertex  2.093000e+02 -5.588000e+01  0.000000e+00
     vertex  2.070689e+02 -6.563545e+01  0.000000e+00
     vertex  2.070094e+02 -6.559436e+01  0.000000e+00
   endloop
 endfacet
 facet normal  0.000000e+00  0.000000e+00 -1.000000e+00
   outer loop
     vertex  2.093000e+02 -5.588000e+01  0.000000e+00
     vertex  2.071169e+02 -6.568958e+01  0.000000e+00
     vertex  2.070689e+02 -6.563545e+01  0.000000e+00
   endloop
 endfacet
 facet normal  0.000000e+00  0.000000e+00 -1.000000e+00
   outer loop
     vertex  2.093000e+02 -5.588000e+01  0.000000e+00
     vertex  2.071505e+02 -6.575362e+01  0.000000e+00
     vertex  2.071169e+02 -6.568958e+01  0.000000e+00
   endloop
 endfacet
 facet normal  0.000000e+00  0.000000e+00 -1.000000e+00
   outer loop
     vertex  2.093000e+02 -5.588000e+01  0.000000e+00
     vertex  2.071678e+02 -6.582384e+01  0.000000e+00
     vertex  2.071505e+02 -6.575362e+01  0.000000e+00
   endloop
 endfacet
 facet normal  0.000000e+00  0.000000e+00 -1.000000e+00
   outer loop
     vertex  2.093000e+02 -5.588000e+01  0.000000e+00
     vertex  2.071678e+02 -6.589616e+01  0.000000e+00
     vertex  2.071678e+02 -6.582384e+01  0.000000e+00
   endloop
 endfacet
 facet normal  0.000000e+00  0.000000e+00 -1.000000e+00
   outer loop
     vertex  2.093000e+02 -5.588000e+01  0.000000e+00
     vertex  1.996000e+02 -6.028500e+01  0.000000e+00
     vertex  1.995830e+02 -6.015559e+01  0.000000e+00
   endloop
 endfacet
 facet normal  0.000000e+00  0.000000e+00 -1.000000e+00
   outer loop
     vertex  2.093000e+02 -5.588000e+01  0.000000e+00
     vertex  1.995830e+02 -6.015559e+01  0.000000e+00
     vertex  1.995830e+02 -5.787441e+01  0.000000e+00
   endloop
 endfacet
 facet normal  0.000000e+00  0.000000e+00 -1.000000e+00
   outer loop
     vertex  2.093000e+02 -5.588000e+01  0.000000e+00
     vertex  2.060700e+02 -6.556000e+01  0.000000e+00
     vertex  2.059924e+02 -6.557022e+01  0.000000e+00
   endloop
 endfacet
 facet normal  0.000000e+00  0.000000e+00 -1.000000e+00
   outer loop
     vertex  2.093000e+02 -5.588000e+01  0.000000e+00
     vertex  2.068700e+02 -6.556000e+01  0.000000e+00
     vertex  2.060700e+02 -6.556000e+01  0.000000e+00
   endloop
 endfacet
 facet normal  0.000000e+00  0.000000e+00 -1.000000e+00
   outer loop
     vertex  2.093000e+02 -5.588000e+01  0.000000e+00
     vertex  2.059924e+02 -6.557022e+01  0.000000e+00
     vertex  1.996000e+02 -6.028500e+01  0.000000e+00
   endloop
 endfacet
 facet normal  0.000000e+00  0.000000e+00 -1.000000e+00
   outer loop
     vertex  2.093000e+02 -5.588000e+01  0.000000e+00
     vertex  1.995830e+02 -5.787441e+01  0.000000e+00
     vertex  1.996000e+02 -5.774500e+01  0.000000e+00
   endloop
 endfacet
 facet normal  0.000000e+00  0.000000e+00 -1.000000e+00
   outer loop
     vertex  2.092198e+02 -5.516793e+01  0.000000e+00
     vertex  2.061000e+02 -5.268000e+01  0.000000e+00
     vertex  2.068121e+02 -5.276023e+01  0.000000e+00
   endloop
 endfacet
 facet normal -0.000000e+00 -0.000000e+00 -1.000000e+00
   outer loop
     vertex  2.092198e+02 -5.516793e+01  0.000000e+00
     vertex  2.093000e+02 -5.588000e+01  0.000000e+00
     vertex  2.061000e+02 -5.268000e+01  0.000000e+00
   endloop
 endfacet
 facet normal -0.000000e+00 -0.000000e+00 -1.000000e+00
   outer loop
     vertex  2.089831e+02 -5.449157e+01  0.000000e+00
     vertex  2.092198e+02 -5.516793e+01  0.000000e+00
     vertex  2.068121e+02 -5.276023e+01  0.000000e+00
   endloop
 endfacet
 facet normal  0.000000e+00  0.000000e+00 -1.000000e+00
   outer loop
     vertex  2.086019e+02 -5.388483e+01  0.000000e+00
     vertex  2.068121e+02 -5.276023e+01  0.000000e+00
     vertex  2.074884e+02 -5.299690e+01  0.000000e+00
   endloop
 endfacet
 facet normal  0.000000e+00  0.000000e+00 -1.000000e+00
   outer loop
     vertex  2.086019e+02 -5.388483e+01  0.000000e+00
     vertex  2.074884e+02 -5.299690e+01  0.000000e+00
     vertex  2.080952e+02 -5.337814e+01  0.000000e+00
   endloop
 endfacet
 facet normal -0.000000e+00 -0.000000e+00 -1.000000e+00
   outer loop
     vertex  2.086019e+02 -5.388483e+01  0.000000e+00
     vertex  2.089831e+02 -5.449157e+01  0.000000e+00
     vertex  2.068121e+02 -5.276023e+01  0.000000e+00
   endloop
 endfacet
 facet normal  0.000000e+00  0.000000e+00 -1.000000e+00
   outer loop
     vertex  2.061000e+02 -5.268000e+01  0.000000e+00
     vertex  1.834225e+02 -5.405000e+01  0.000000e+00
     vertex  1.725000e+02 -5.268000e+01  0.000000e+00
   endloop
 endfacet
 facet normal  0.000000e+00  0.000000e+00 -1.000000e+00
   outer loop
     vertex  2.061000e+02 -5.268000e+01  0.000000e+00
     vertex  1.838366e+02 -5.410452e+01  0.000000e+00
     vertex  1.834225e+02 -5.405000e+01  0.000000e+00
   endloop
 endfacet
 facet normal  0.000000e+00  0.000000e+00 -1.000000e+00
   outer loop
     vertex  2.061000e+02 -5.268000e+01  0.000000e+00
     vertex  1.948525e+02 -5.405000e+01  0.000000e+00
     vertex  1.838366e+02 -5.410452e+01  0.000000e+00
   endloop
 endfacet
 facet normal  0.000000e+00  0.000000e+00 -1.000000e+00
   outer loop
     vertex  1.948525e+02 -5.405000e+01  0.000000e+00
     vertex  1.944384e+02 -5.410452e+01  0.000000e+00
     vertex  1.838366e+02 -5.410452e+01  0.000000e+00
   endloop
 endfacet
 facet normal  0.000000e+00  0.000000e+00 -1.000000e+00
   outer loop
     vertex  2.061000e+02 -5.268000e+01  0.000000e+00
     vertex  1.952666e+02 -5.410452e+01  0.000000e+00
     vertex  1.948525e+02 -5.405000e+01  0.000000e+00
   endloop
 endfacet
 facet normal  0.000000e+00  0.000000e+00  1.000000e+00
   outer loop
     vertex  1.711116e+02 -8.736310e+01  1.510000e+00
     vertex  1.699981e+02 -8.647517e+01  1.510000e+00
     vertex  1.705048e+02 -8.698186e+01  1.510000e+00
   endloop
 endfacet
 facet normal  0.000000e+00  0.000000e+00  1.000000e+00
   outer loop
     vertex  1.725000e+02 -8.768000e+01  1.510000e+00
     vertex  1.711116e+02 -8.736310e+01  1.510000e+00
     vertex  1.717879e+02 -8.759977e+01  1.510000e+00
   endloop
 endfacet
 facet normal  0.000000e+00  0.000000e+00  1.000000e+00
   outer loop
     vertex  1.725000e+02 -8.768000e+01  1.510000e+00
     vertex  1.696169e+02 -8.586843e+01  1.510000e+00
     vertex  1.699981e+02 -8.647517e+01  1.510000e+00
   endloop
 endfacet
 facet normal  0.000000e+00  0.000000e+00  1.000000e+00
   outer loop
     vertex  1.725000e+02 -8.768000e+01  1.510000e+00
     vertex  1.699981e+02 -8.647517e+01  1.510000e+00
     vertex  1.711116e+02 -8.736310e+01  1.510000e+00
   endloop
 endfacet
 facet normal  0.000000e+00  0.000000e+00  1.000000e+00
   outer loop
     vertex  1.693000e+02 -8.448000e+01  1.510000e+00
     vertex  1.693802e+02 -8.519207e+01  1.510000e+00
     vertex  1.696169e+02 -8.586843e+01  1.510000e+00
   endloop
 endfacet
 facet normal  0.000000e+00  0.000000e+00  1.000000e+00
   outer loop
     vertex  1.693000e+02 -8.448000e+01  1.510000e+00
     vertex  1.696169e+02 -8.586843e+01  1.510000e+00
     vertex  1.725000e+02 -8.768000e+01  1.510000e+00
   endloop
 endfacet
 facet normal  0.000000e+00  0.000000e+00  1.000000e+00
   outer loop
     vertex  1.829475e+02 -8.613564e+01  1.510000e+00
     vertex  1.826161e+02 -8.588137e+01  1.510000e+00
     vertex  1.725000e+02 -8.768000e+01  1.510000e+00
   endloop
 endfacet
 facet normal  0.000000e+00  0.000000e+00  1.000000e+00
   outer loop
     vertex  1.823619e+02 -8.555000e+01  1.510000e+00
     vertex  1.725000e+02 -8.768000e+01  1.510000e+00
     vertex  1.826161e+02 -8.588137e+01  1.510000e+00
   endloop
 endfacet
 facet normal  0.000000e+00  0.000000e+00  1.000000e+00
   outer loop
     vertex  1.822020e+02 -8.516411e+01  1.510000e+00
     vertex  1.725000e+02 -8.768000e+01  1.510000e+00
     vertex  1.823619e+02 -8.555000e+01  1.510000e+00
   endloop
 endfacet
 facet normal  0.000000e+00  0.000000e+00  1.000000e+00
   outer loop
     vertex  1.833334e+02 -8.629548e+01  1.510000e+00
     vertex  1.829475e+02 -8.613564e+01  1.510000e+00
     vertex  1.725000e+02 -8.768000e+01  1.510000e+00
   endloop
 endfacet
 facet normal  0.000000e+00  0.000000e+00  1.000000e+00
   outer loop
     vertex  1.821475e+02 -8.475000e+01  1.510000e+00
     vertex  1.725000e+02 -8.768000e+01  1.510000e+00
     vertex  1.822020e+02 -8.516411e+01  1.510000e+00
   endloop
 endfacet
 facet normal  0.000000e+00  0.000000e+00  1.000000e+00
   outer loop
     vertex  1.837475e+02 -8.635000e+01  1.510000e+00
     vertex  1.833334e+02 -8.629548e+01  1.510000e+00
     vertex  1.725000e+02 -8.768000e+01  1.510000e+00
   endloop
 endfacet
 facet normal  0.000000e+00  0.000000e+00  1.000000e+00
   outer loop
     vertex  1.822020e+02 -8.433589e+01  1.510000e+00
     vertex  1.725000e+02 -8.768000e+01  1.510000e+00
     vertex  1.821475e+02 -8.475000e+01  1.510000e+00
   endloop
 endfacet
 facet normal  0.000000e+00  0.000000e+00  1.000000e+00
   outer loop
     vertex  1.823619e+02 -8.395000e+01  1.510000e+00
     vertex  1.693000e+02 -8.448000e+01  1.510000e+00
     vertex  1.725000e+02 -8.768000e+01  1.510000e+00
   endloop
 endfacet
 facet normal  0.000000e+00  0.000000e+00  1.000000e+00
   outer loop
     vertex  1.823619e+02 -8.395000e+01  1.510000e+00
     vertex  1.725000e+02 -8.768000e+01  1.510000e+00
     vertex  1.822020e+02 -8.433589e+01  1.510000e+00
   endloop
 endfacet
 facet normal  0.000000e+00  0.000000e+00  1.000000e+00
   outer loop
     vertex  1.826161e+02 -8.361863e+01  1.510000e+00
     vertex  1.693000e+02 -8.448000e+01  1.510000e+00
     vertex  1.823619e+02 -8.395000e+01  1.510000e+00
   endloop
 endfacet
 facet normal  0.000000e+00  0.000000e+00  1.000000e+00
   outer loop
     vertex  1.847488e+02 -7.866870e+01  1.510000e+00
     vertex  1.833334e+02 -8.320452e+01  1.510000e+00
     vertex  1.837475e+02 -8.315000e+01  1.510000e+00
   endloop
 endfacet
 facet normal  0.000000e+00  0.000000e+00  1.000000e+00
   outer loop
     vertex  1.846884e+02 -7.859000e+01  1.510000e+00
     vertex  1.829475e+02 -8.336436e+01  1.510000e+00
     vertex  1.833334e+02 -8.320452e+01  1.510000e+00
   endloop
 endfacet
 facet normal  0.000000e+00  0.000000e+00  1.000000e+00
   outer loop
     vertex  1.846884e+02 -7.859000e+01  1.510000e+00
     vertex  1.833334e+02 -8.320452e+01  1.510000e+00
     vertex  1.847488e+02 -7.866870e+01  1.510000e+00
   endloop
 endfacet
 facet normal  0.000000e+00  0.000000e+00  1.000000e+00
   outer loop
     vertex  1.848275e+02 -7.872909e+01  1.510000e+00
     vertex  1.847488e+02 -7.866870e+01  1.510000e+00
     vertex  1.837475e+02 -8.315000e+01  1.510000e+00
   endloop
 endfacet
 facet normal  0.000000e+00  0.000000e+00  1.000000e+00
   outer loop
     vertex  1.846504e+02 -7.849835e+01  1.510000e+00
     vertex  1.826161e+02 -8.361863e+01  1.510000e+00
     vertex  1.829475e+02 -8.336436e+01  1.510000e+00
   endloop
 endfacet
 facet normal  0.000000e+00  0.000000e+00  1.000000e+00
   outer loop
     vertex  1.846504e+02 -7.849835e+01  1.510000e+00
     vertex  1.829475e+02 -8.336436e+01  1.510000e+00
     vertex  1.846884e+02 -7.859000e+01  1.510000e+00
   endloop
 endfacet
 facet normal  0.000000e+00  0.000000e+00  1.000000e+00
   outer loop
     vertex  1.849191e+02 -7.876705e+01  1.510000e+00
     vertex  1.837475e+02 -8.315000e+01  1.510000e+00
     vertex  1.841616e+02 -8.320452e+01  1.510000e+00
   endloop
 endfacet
 facet normal  0.000000e+00  0.000000e+00  1.000000e+00
   outer loop
     vertex  1.849191e+02 -7.876705e+01  1.510000e+00
     vertex  1.848275e+02 -7.872909e+01  1.510000e+00
     vertex  1.837475e+02 -8.315000e+01  1.510000e+00
   endloop
 endfacet
 facet normal  0.000000e+00  0.000000e+00  1.000000e+00
   outer loop
     vertex  1.846375e+02 -7.840000e+01  1.510000e+00
     vertex  1.693000e+02 -8.448000e+01  1.510000e+00
     vertex  1.826161e+02 -8.361863e+01  1.510000e+00
   endloop
 endfacet
 facet normal  0.000000e+00  0.000000e+00  1.000000e+00
   outer loop
     vertex  1.846375e+02 -7.840000e+01  1.510000e+00
     vertex  1.826161e+02 -8.361863e+01  1.510000e+00
     vertex  1.846504e+02 -7.849835e+01  1.510000e+00
   endloop
 endfacet
 facet normal  0.000000e+00  0.000000e+00  1.000000e+00
   outer loop
     vertex  1.850175e+02 -7.878000e+01  1.510000e+00
     vertex  1.841616e+02 -8.320452e+01  1.510000e+00
     vertex  1.845475e+02 -8.336436e+01  1.510000e+00
   endloop
 endfacet
 facet normal  0.000000e+00  0.000000e+00  1.000000e+00
   outer loop
     vertex  1.850175e+02 -7.878000e+01  1.510000e+00
     vertex  1.849191e+02 -7.876705e+01  1.510000e+00
     vertex  1.841616e+02 -8.320452e+01  1.510000e+00
   endloop
 endfacet
 facet normal  0.000000e+00  0.000000e+00  1.000000e+00
   outer loop
     vertex  1.846504e+02 -7.830165e+01  1.510000e+00
     vertex  1.693000e+02 -8.448000e+01  1.510000e+00
     vertex  1.846375e+02 -7.840000e+01  1.510000e+00
   endloop
 endfacet
 facet normal  0.000000e+00  0.000000e+00  1.000000e+00
   outer loop
     vertex  1.851159e+02 -7.876705e+01  1.510000e+00
     vertex  1.850175e+02 -7.878000e+01  1.510000e+00
     vertex  1.845475e+02 -8.336436e+01  1.510000e+00
   endloop
 endfacet
 facet normal  0.000000e+00  0.000000e+00  1.000000e+00
   outer loop
     vertex  1.846884e+02 -7.821000e+01  1.510000e+00
     vertex  1.693000e+02 -8.448000e+01  1.510000e+00
     vertex  1.846504e+02 -7.830165e+01  1.510000e+00
   endloop
 endfacet
 facet normal  0.000000e+00  0.000000e+00  1.000000e+00
   outer loop
     vertex  1.852075e+02 -7.872909e+01  1.510000e+00
     vertex  1.851159e+02 -7.876705e+01  1.510000e+00
     vertex  1.845475e+02 -8.336436e+01  1.510000e+00
   endloop
 endfacet
 facet normal  0.000000e+00  0.000000e+00  1.000000e+00
   outer loop
     vertex  1.940461e+02 -8.588137e+01  1.510000e+00
     vertex  1.851331e+02 -8.555000e+01  1.510000e+00
     vertex  1.848789e+02 -8.588137e+01  1.510000e+00
   endloop
 endfacet
 facet normal  0.000000e+00  0.000000e+00  1.000000e+00
   outer loop
     vertex  1.943775e+02 -8.613564e+01  1.510000e+00
     vertex  1.848789e+02 -8.588137e+01  1.510000e+00
     vertex  1.845475e+02 -8.613564e+01  1.510000e+00
   endloop
 endfacet
 facet normal  0.000000e+00  0.000000e+00  1.000000e+00
   outer loop
     vertex  1.943775e+02 -8.613564e+01  1.510000e+00
     vertex  1.845475e+02 -8.613564e+01  1.510000e+00
     vertex  1.841616e+02 -8.629548e+01  1.510000e+00
   endloop
 endfacet
 facet normal  0.000000e+00  0.000000e+00  1.000000e+00
   outer loop
     vertex  1.943775e+02 -8.613564e+01  1.510000e+00
     vertex  1.940461e+02 -8.588137e+01  1.510000e+00
     vertex  1.848789e+02 -8.588137e+01  1.510000e+00
   endloop
 endfacet
 facet normal  0.000000e+00  0.000000e+00  1.000000e+00
   outer loop
     vertex  1.937919e+02 -8.555000e+01  1.510000e+00
     vertex  1.851331e+02 -8.555000e+01  1.510000e+00
     vertex  1.940461e+02 -8.588137e+01  1.510000e+00
   endloop
 endfacet
 facet normal  0.000000e+00  0.000000e+00  1.000000e+00
   outer loop
     vertex  1.947634e+02 -8.629548e+01  1.510000e+00
     vertex  1.943775e+02 -8.613564e+01  1.510000e+00
     vertex  1.841616e+02 -8.629548e+01  1.510000e+00
   endloop
 endfacet
 facet normal  0.000000e+00  0.000000e+00  1.000000e+00
   outer loop
     vertex  1.936320e+02 -8.516411e+01  1.510000e+00
     vertex  1.851331e+02 -8.555000e+01  1.510000e+00
     vertex  1.937919e+02 -8.555000e+01  1.510000e+00
   endloop
 endfacet
 facet normal  0.000000e+00  0.000000e+00  1.000000e+00
   outer loop
     vertex  1.936320e+02 -8.516411e+01  1.510000e+00
     vertex  1.852930e+02 -8.516411e+01  1.510000e+00
     vertex  1.851331e+02 -8.555000e+01  1.510000e+00
   endloop
 endfacet
 facet normal  0.000000e+00  0.000000e+00  1.000000e+00
   outer loop
     vertex  1.873675e+02 -7.872909e+01  1.510000e+00
     vertex  1.872888e+02 -7.866870e+01  1.510000e+00
     vertex  1.852862e+02 -7.866870e+01  1.510000e+00
   endloop
 endfacet
 facet normal  0.000000e+00  0.000000e+00  1.000000e+00
   outer loop
     vertex  1.873675e+02 -7.872909e+01  1.510000e+00
     vertex  1.852075e+02 -7.872909e+01  1.510000e+00
     vertex  1.845475e+02 -8.336436e+01  1.510000e+00
   endloop
 endfacet
 facet normal  0.000000e+00  0.000000e+00  1.000000e+00
   outer loop
     vertex  1.873675e+02 -7.872909e+01  1.510000e+00
     vertex  1.852862e+02 -7.866870e+01  1.510000e+00
     vertex  1.852075e+02 -7.872909e+01  1.510000e+00
   endloop
 endfacet
 facet normal  0.000000e+00  0.000000e+00  1.000000e+00
   outer loop
     vertex  1.872284e+02 -7.859000e+01  1.510000e+00
     vertex  1.852862e+02 -7.866870e+01  1.510000e+00
     vertex  1.872888e+02 -7.866870e+01  1.510000e+00
   endloop
 endfacet
 facet normal  0.000000e+00  0.000000e+00  1.000000e+00
   outer loop
     vertex  1.872284e+02 -7.859000e+01  1.510000e+00
     vertex  1.853466e+02 -7.859000e+01  1.510000e+00
     vertex  1.852862e+02 -7.866870e+01  1.510000e+00
   endloop
 endfacet
 facet normal  0.000000e+00  0.000000e+00  1.000000e+00
   outer loop
     vertex  1.874591e+02 -7.876705e+01  1.510000e+00
     vertex  1.873675e+02 -7.872909e+01  1.510000e+00
     vertex  1.845475e+02 -8.336436e+01  1.510000e+00
   endloop
 endfacet
 facet normal  0.000000e+00  0.000000e+00  1.000000e+00
   outer loop
     vertex  1.874591e+02 -7.876705e+01  1.510000e+00
     vertex  1.845475e+02 -8.336436e+01  1.510000e+00
     vertex  1.848789e+02 -8.361863e+01  1.510000e+00
   endloop
 endfacet
 facet normal  0.000000e+00  0.000000e+00  1.000000e+00
   outer loop
     vertex  1.871904e+02 -7.849835e+01  1.510000e+00
     vertex  1.853466e+02 -7.859000e+01  1.510000e+00
     vertex  1.872284e+02 -7.859000e+01  1.510000e+00
   endloop
 endfacet
 facet normal  0.000000e+00  0.000000e+00  1.000000e+00
   outer loop
     vertex  1.871904e+02 -7.849835e+01  1.510000e+00
     vertex  1.853846e+02 -7.849835e+01  1.510000e+00
     vertex  1.853466e+02 -7.859000e+01  1.510000e+00
   endloop
 endfacet
 facet normal  0.000000e+00  0.000000e+00  1.000000e+00
   outer loop
     vertex  1.871775e+02 -7.840000e+01  1.510000e+00
     vertex  1.853846e+02 -7.849835e+01  1.510000e+00
     vertex  1.871904e+02 -7.849835e+01  1.510000e+00
   endloop
 endfacet
 facet normal  0.000000e+00  0.000000e+00  1.000000e+00
   outer loop
     vertex  1.871775e+02 -7.840000e+01  1.510000e+00
     vertex  1.853975e+02 -7.840000e+01  1.510000e+00
     vertex  1.853846e+02 -7.849835e+01  1.510000e+00
   endloop
 endfacet
 facet normal  0.000000e+00  0.000000e+00  1.000000e+00
   outer loop
     vertex  1.875575e+02 -7.878000e+01  1.510000e+00
     vertex  1.874591e+02 -7.876705e+01  1.510000e+00
     vertex  1.848789e+02 -8.361863e+01  1.510000e+00
   endloop
 endfacet
 facet normal  0.000000e+00  0.000000e+00  1.000000e+00
   outer loop
     vertex  1.875575e+02 -7.878000e+01  1.510000e+00
     vertex  1.848789e+02 -8.361863e+01  1.510000e+00
     vertex  1.851331e+02 -8.395000e+01  1.510000e+00
   endloop
 endfacet
 facet normal  0.000000e+00  0.000000e+00  1.000000e+00
   outer loop
     vertex  1.951775e+02 -8.635000e+01  1.510000e+00
     vertex  1.947634e+02 -8.629548e+01  1.510000e+00
     vertex  1.841616e+02 -8.629548e+01  1.510000e+00
   endloop
 endfacet
 facet normal  0.000000e+00  0.000000e+00  1.000000e+00
   outer loop
     vertex  1.951775e+02 -8.635000e+01  1.510000e+00
     vertex  1.841616e+02 -8.629548e+01  1.510000e+00
     vertex  1.837475e+02 -8.635000e+01  1.510000e+00
   endloop
 endfacet
 facet normal  0.000000e+00  0.000000e+00  1.000000e+00
   outer loop
     vertex  1.935775e+02 -8.475000e+01  1.510000e+00
     vertex  1.852930e+02 -8.516411e+01  1.510000e+00
     vertex  1.936320e+02 -8.516411e+01  1.510000e+00
   endloop
 endfacet
 facet normal  0.000000e+00  0.000000e+00  1.000000e+00
   outer loop
     vertex  1.935775e+02 -8.475000e+01  1.510000e+00
     vertex  1.853475e+02 -8.475000e+01  1.510000e+00
     vertex  1.852930e+02 -8.516411e+01  1.510000e+00
   endloop
 endfacet
 facet normal  0.000000e+00  0.000000e+00  1.000000e+00
   outer loop
     vertex  1.876559e+02 -7.876705e+01  1.510000e+00
     vertex  1.875575e+02 -7.878000e+01  1.510000e+00
     vertex  1.851331e+02 -8.395000e+01  1.510000e+00
   endloop
 endfacet
 facet normal  0.000000e+00  0.000000e+00  1.000000e+00
   outer loop
     vertex  1.871904e+02 -7.830165e+01  1.510000e+00
     vertex  1.853975e+02 -7.840000e+01  1.510000e+00
     vertex  1.871775e+02 -7.840000e+01  1.510000e+00
   endloop
 endfacet
 facet normal  0.000000e+00  0.000000e+00  1.000000e+00
   outer loop
     vertex  1.871904e+02 -7.830165e+01  1.510000e+00
     vertex  1.853846e+02 -7.830165e+01  1.510000e+00
     vertex  1.853975e+02 -7.840000e+01  1.510000e+00
   endloop
 endfacet
 facet normal  0.000000e+00  0.000000e+00  1.000000e+00
   outer loop
     vertex  1.872284e+02 -7.821000e+01  1.510000e+00
     vertex  1.853846e+02 -7.830165e+01  1.510000e+00
     vertex  1.871904e+02 -7.830165e+01  1.510000e+00
   endloop
 endfacet
 facet normal  0.000000e+00  0.000000e+00  1.000000e+00
   outer loop
     vertex  1.872284e+02 -7.821000e+01  1.510000e+00
     vertex  1.853466e+02 -7.821000e+01  1.510000e+00
     vertex  1.853846e+02 -7.830165e+01  1.510000e+00
   endloop
 endfacet
 facet normal  0.000000e+00  0.000000e+00  1.000000e+00
   outer loop
     vertex  1.936320e+02 -8.433589e+01  1.510000e+00
     vertex  1.852930e+02 -8.433589e+01  1.510000e+00
     vertex  1.853475e+02 -8.475000e+01  1.510000e+00
   endloop
 endfacet
 facet normal  0.000000e+00  0.000000e+00  1.000000e+00
   outer loop
     vertex  1.936320e+02 -8.433589e+01  1.510000e+00
     vertex  1.853475e+02 -8.475000e+01  1.510000e+00
     vertex  1.935775e+02 -8.475000e+01  1.510000e+00
   endloop
 endfacet
 facet normal  0.000000e+00  0.000000e+00  1.000000e+00
   outer loop
     vertex  1.860188e+02 -7.612870e+01  1.510000e+00
     vertex  1.850175e+02 -7.802000e+01  1.510000e+00
     vertex  1.851159e+02 -7.803295e+01  1.510000e+00
   endloop
 endfacet
 facet normal  0.000000e+00  0.000000e+00  1.000000e+00
   outer loop
     vertex  1.860975e+02 -7.618909e+01  1.510000e+00
     vertex  1.851159e+02 -7.803295e+01  1.510000e+00
     vertex  1.852075e+02 -7.807091e+01  1.510000e+00
   endloop
 endfacet
 facet normal  0.000000e+00  0.000000e+00  1.000000e+00
   outer loop
     vertex  1.860975e+02 -7.618909e+01  1.510000e+00
     vertex  1.860188e+02 -7.612870e+01  1.510000e+00
     vertex  1.851159e+02 -7.803295e+01  1.510000e+00
   endloop
 endfacet
 facet normal  0.000000e+00  0.000000e+00  1.000000e+00
   outer loop
     vertex  1.859584e+02 -7.605000e+01  1.510000e+00
     vertex  1.849191e+02 -7.803295e+01  1.510000e+00
     vertex  1.850175e+02 -7.802000e+01  1.510000e+00
   endloop
 endfacet
 facet normal  0.000000e+00  0.000000e+00  1.000000e+00
   outer loop
     vertex  1.859584e+02 -7.605000e+01  1.510000e+00
     vertex  1.850175e+02 -7.802000e+01  1.510000e+00
     vertex  1.860188e+02 -7.612870e+01  1.510000e+00
   endloop
 endfacet
 facet normal  0.000000e+00  0.000000e+00  1.000000e+00
   outer loop
     vertex  1.861891e+02 -7.622705e+01  1.510000e+00
     vertex  1.860975e+02 -7.618909e+01  1.510000e+00
     vertex  1.852075e+02 -7.807091e+01  1.510000e+00
   endloop
 endfacet
 facet normal  0.000000e+00  0.000000e+00  1.000000e+00
   outer loop
     vertex  1.861891e+02 -7.622705e+01  1.510000e+00
     vertex  1.852075e+02 -7.807091e+01  1.510000e+00
     vertex  1.852862e+02 -7.813130e+01  1.510000e+00
   endloop
 endfacet
 facet normal  0.000000e+00  0.000000e+00  1.000000e+00
   outer loop
     vertex  1.859204e+02 -7.595835e+01  1.510000e+00
     vertex  1.849191e+02 -7.803295e+01  1.510000e+00
     vertex  1.859584e+02 -7.605000e+01  1.510000e+00
   endloop
 endfacet
 facet normal  0.000000e+00  0.000000e+00  1.000000e+00
   outer loop
     vertex  1.859204e+02 -7.595835e+01  1.510000e+00
     vertex  1.848275e+02 -7.807091e+01  1.510000e+00
     vertex  1.849191e+02 -7.803295e+01  1.510000e+00
   endloop
 endfacet
 facet normal  0.000000e+00  0.000000e+00  1.000000e+00
   outer loop
     vertex  1.859075e+02 -7.586000e+01  1.510000e+00
     vertex  1.848275e+02 -7.807091e+01  1.510000e+00
     vertex  1.859204e+02 -7.595835e+01  1.510000e+00
   endloop
 endfacet
 facet normal  0.000000e+00  0.000000e+00  1.000000e+00
   outer loop
     vertex  1.859075e+02 -7.586000e+01  1.510000e+00
     vertex  1.847488e+02 -7.813130e+01  1.510000e+00
     vertex  1.848275e+02 -7.807091e+01  1.510000e+00
   endloop
 endfacet
 facet normal  0.000000e+00  0.000000e+00  1.000000e+00
   outer loop
     vertex  1.862875e+02 -7.624000e+01  1.510000e+00
     vertex  1.861891e+02 -7.622705e+01  1.510000e+00
     vertex  1.852862e+02 -7.813130e+01  1.510000e+00
   endloop
 endfacet
 facet normal  0.000000e+00  0.000000e+00  1.000000e+00
   outer loop
     vertex  1.862875e+02 -7.624000e+01  1.510000e+00
     vertex  1.853466e+02 -7.821000e+01  1.510000e+00
     vertex  1.872284e+02 -7.821000e+01  1.510000e+00
   endloop
 endfacet
 facet normal  0.000000e+00  0.000000e+00  1.000000e+00
   outer loop
     vertex  1.862875e+02 -7.624000e+01  1.510000e+00
     vertex  1.852862e+02 -7.813130e+01  1.510000e+00
     vertex  1.853466e+02 -7.821000e+01  1.510000e+00
   endloop
 endfacet
 facet normal  0.000000e+00  0.000000e+00  1.000000e+00
   outer loop
     vertex  1.862875e+02 -7.624000e+01  1.510000e+00
     vertex  1.872284e+02 -7.821000e+01  1.510000e+00
     vertex  1.872888e+02 -7.813130e+01  1.510000e+00
   endloop
 endfacet
 facet normal  0.000000e+00  0.000000e+00  1.000000e+00
   outer loop
     vertex  1.863859e+02 -7.622705e+01  1.510000e+00
     vertex  1.862875e+02 -7.624000e+01  1.510000e+00
     vertex  1.872888e+02 -7.813130e+01  1.510000e+00
   endloop
 endfacet
 facet normal  0.000000e+00  0.000000e+00  1.000000e+00
   outer loop
     vertex  1.863859e+02 -7.622705e+01  1.510000e+00
     vertex  1.872888e+02 -7.813130e+01  1.510000e+00
     vertex  1.873675e+02 -7.807091e+01  1.510000e+00
   endloop
 endfacet
 facet normal  0.000000e+00  0.000000e+00  1.000000e+00
   outer loop
     vertex  1.859204e+02 -7.576165e+01  1.510000e+00
     vertex  1.846884e+02 -7.821000e+01  1.510000e+00
     vertex  1.847488e+02 -7.813130e+01  1.510000e+00
   endloop
 endfacet
 facet normal  0.000000e+00  0.000000e+00  1.000000e+00
   outer loop
     vertex  1.859204e+02 -7.576165e+01  1.510000e+00
     vertex  1.847488e+02 -7.813130e+01  1.510000e+00
     vertex  1.859075e+02 -7.586000e+01  1.510000e+00
   endloop
 endfacet
 facet normal  0.000000e+00  0.000000e+00  1.000000e+00
   outer loop
     vertex  1.864775e+02 -7.618909e+01  1.510000e+00
     vertex  1.873675e+02 -7.807091e+01  1.510000e+00
     vertex  1.874591e+02 -7.803295e+01  1.510000e+00
   endloop
 endfacet
 facet normal  0.000000e+00  0.000000e+00  1.000000e+00
   outer loop
     vertex  1.864775e+02 -7.618909e+01  1.510000e+00
     vertex  1.863859e+02 -7.622705e+01  1.510000e+00
     vertex  1.873675e+02 -7.807091e+01  1.510000e+00
   endloop
 endfacet
 facet normal  0.000000e+00  0.000000e+00  1.000000e+00
   outer loop
     vertex  1.865562e+02 -7.612870e+01  1.510000e+00
     vertex  1.864775e+02 -7.618909e+01  1.510000e+00
     vertex  1.874591e+02 -7.803295e+01  1.510000e+00
   endloop
 endfacet
 facet normal  0.000000e+00  0.000000e+00  1.000000e+00
   outer loop
     vertex  1.865562e+02 -7.612870e+01  1.510000e+00
     vertex  1.874591e+02 -7.803295e+01  1.510000e+00
     vertex  1.875575e+02 -7.802000e+01  1.510000e+00
   endloop
 endfacet
 facet normal  0.000000e+00  0.000000e+00  1.000000e+00
   outer loop
     vertex  1.866166e+02 -7.605000e+01  1.510000e+00
     vertex  1.865562e+02 -7.612870e+01  1.510000e+00
     vertex  1.875575e+02 -7.802000e+01  1.510000e+00
   endloop
 endfacet
 facet normal  0.000000e+00  0.000000e+00  1.000000e+00
   outer loop
     vertex  1.899075e+02 -7.872909e+01  1.510000e+00
     vertex  1.878262e+02 -7.866870e+01  1.510000e+00
     vertex  1.877475e+02 -7.872909e+01  1.510000e+00
   endloop
 endfacet
 facet normal  0.000000e+00  0.000000e+00  1.000000e+00
   outer loop
     vertex  1.899075e+02 -7.872909e+01  1.510000e+00
     vertex  1.877475e+02 -7.872909e+01  1.510000e+00
     vertex  1.876559e+02 -7.876705e+01  1.510000e+00
   endloop
 endfacet
 facet normal  0.000000e+00  0.000000e+00  1.000000e+00
   outer loop
     vertex  1.899075e+02 -7.872909e+01  1.510000e+00
     vertex  1.898288e+02 -7.866870e+01  1.510000e+00
     vertex  1.878262e+02 -7.866870e+01  1.510000e+00
   endloop
 endfacet
 facet normal  0.000000e+00  0.000000e+00  1.000000e+00
   outer loop
     vertex  1.897684e+02 -7.859000e+01  1.510000e+00
     vertex  1.878866e+02 -7.859000e+01  1.510000e+00
     vertex  1.878262e+02 -7.866870e+01  1.510000e+00
   endloop
 endfacet
 facet normal  0.000000e+00  0.000000e+00  1.000000e+00
   outer loop
     vertex  1.897684e+02 -7.859000e+01  1.510000e+00
     vertex  1.878262e+02 -7.866870e+01  1.510000e+00
     vertex  1.898288e+02 -7.866870e+01  1.510000e+00
   endloop
 endfacet
 facet normal  0.000000e+00  0.000000e+00  1.000000e+00
   outer loop
     vertex  1.897684e+02 -7.859000e+01  1.510000e+00
     vertex  1.879246e+02 -7.849835e+01  1.510000e+00
     vertex  1.878866e+02 -7.859000e+01  1.510000e+00
   endloop
 endfacet
 facet normal  0.000000e+00  0.000000e+00  1.000000e+00
   outer loop
     vertex  1.899991e+02 -7.876705e+01  1.510000e+00
     vertex  1.851331e+02 -8.395000e+01  1.510000e+00
     vertex  1.852930e+02 -8.433589e+01  1.510000e+00
   endloop
 endfacet
 facet normal  0.000000e+00  0.000000e+00  1.000000e+00
   outer loop
     vertex  1.899991e+02 -7.876705e+01  1.510000e+00
     vertex  1.876559e+02 -7.876705e+01  1.510000e+00
     vertex  1.851331e+02 -8.395000e+01  1.510000e+00
   endloop
 endfacet
 facet normal  0.000000e+00  0.000000e+00  1.000000e+00
   outer loop
     vertex  1.899991e+02 -7.876705e+01  1.510000e+00
     vertex  1.852930e+02 -8.433589e+01  1.510000e+00
     vertex  1.936320e+02 -8.433589e+01  1.510000e+00
   endloop
 endfacet
 facet normal  0.000000e+00  0.000000e+00  1.000000e+00
   outer loop
     vertex  1.899991e+02 -7.876705e+01  1.510000e+00
     vertex  1.899075e+02 -7.872909e+01  1.510000e+00
     vertex  1.876559e+02 -7.876705e+01  1.510000e+00
   endloop
 endfacet
 facet normal  0.000000e+00  0.000000e+00  1.000000e+00
   outer loop
     vertex  1.897304e+02 -7.849835e+01  1.510000e+00
     vertex  1.879246e+02 -7.849835e+01  1.510000e+00
     vertex  1.897684e+02 -7.859000e+01  1.510000e+00
   endloop
 endfacet
 facet normal  0.000000e+00  0.000000e+00  1.000000e+00
   outer loop
     vertex  1.900975e+02 -7.878000e+01  1.510000e+00
     vertex  1.899991e+02 -7.876705e+01  1.510000e+00
     vertex  1.936320e+02 -8.433589e+01  1.510000e+00
   endloop
 endfacet
 facet normal  0.000000e+00  0.000000e+00  1.000000e+00
   outer loop
     vertex  1.900975e+02 -7.878000e+01  1.510000e+00
     vertex  1.936320e+02 -8.433589e+01  1.510000e+00
     vertex  1.937919e+02 -8.395000e+01  1.510000e+00
   endloop
 endfacet
 facet normal  0.000000e+00  0.000000e+00  1.000000e+00
   outer loop
     vertex  1.897175e+02 -7.840000e+01  1.510000e+00
     vertex  1.879246e+02 -7.849835e+01  1.510000e+00
     vertex  1.897304e+02 -7.849835e+01  1.510000e+00
   endloop
 endfacet
 facet normal  0.000000e+00  0.000000e+00  1.000000e+00
   outer loop
     vertex  1.897175e+02 -7.840000e+01  1.510000e+00
     vertex  1.879375e+02 -7.840000e+01  1.510000e+00
     vertex  1.879246e+02 -7.849835e+01  1.510000e+00
   endloop
 endfacet
 facet normal  0.000000e+00  0.000000e+00  1.000000e+00
   outer loop
     vertex  1.901959e+02 -7.876705e+01  1.510000e+00
     vertex  1.937919e+02 -8.395000e+01  1.510000e+00
     vertex  1.940461e+02 -8.361863e+01  1.510000e+00
   endloop
 endfacet
 facet normal  0.000000e+00  0.000000e+00  1.000000e+00
   outer loop
     vertex  1.901959e+02 -7.876705e+01  1.510000e+00
     vertex  1.900975e+02 -7.878000e+01  1.510000e+00
     vertex  1.937919e+02 -8.395000e+01  1.510000e+00
   endloop
 endfacet
 facet normal  0.000000e+00  0.000000e+00  1.000000e+00
   outer loop
     vertex  1.897304e+02 -7.830165e+01  1.510000e+00
     vertex  1.879375e+02 -7.840000e+01  1.510000e+00
     vertex  1.897175e+02 -7.840000e+01  1.510000e+00
   endloop
 endfacet
 facet normal  0.000000e+00  0.000000e+00  1.000000e+00
   outer loop
     vertex  1.897304e+02 -7.830165e+01  1.510000e+00
     vertex  1.878866e+02 -7.821000e+01  1.510000e+00
     vertex  1.879246e+02 -7.830165e+01  1.510000e+00
   endloop
 endfacet
 facet normal  0.000000e+00  0.000000e+00  1.000000e+00
   outer loop
     vertex  1.897304e+02 -7.830165e+01  1.510000e+00
     vertex  1.879246e+02 -7.830165e+01  1.510000e+00
     vertex  1.879375e+02 -7.840000e+01  1.510000e+00
   endloop
 endfacet
 facet normal  0.000000e+00  0.000000e+00  1.000000e+00
   outer loop
     vertex  1.897684e+02 -7.821000e+01  1.510000e+00
     vertex  1.878866e+02 -7.821000e+01  1.510000e+00
     vertex  1.897304e+02 -7.830165e+01  1.510000e+00
   endloop
 endfacet
 facet normal  0.000000e+00  0.000000e+00  1.000000e+00
   outer loop
     vertex  1.885588e+02 -7.612870e+01  1.510000e+00
     vertex  1.875575e+02 -7.802000e+01  1.510000e+00
     vertex  1.876559e+02 -7.803295e+01  1.510000e+00
   endloop
 endfacet
 facet normal  0.000000e+00  0.000000e+00  1.000000e+00
   outer loop
     vertex  1.884984e+02 -7.605000e+01  1.510000e+00
     vertex  1.866546e+02 -7.595835e+01  1.510000e+00
     vertex  1.866166e+02 -7.605000e+01  1.510000e+00
   endloop
 endfacet
 facet normal  0.000000e+00  0.000000e+00  1.000000e+00
   outer loop
     vertex  1.884984e+02 -7.605000e+01  1.510000e+00
     vertex  1.866166e+02 -7.605000e+01  1.510000e+00
     vertex  1.875575e+02 -7.802000e+01  1.510000e+00
   endloop
 endfacet
 facet normal  0.000000e+00  0.000000e+00  1.000000e+00
   outer loop
     vertex  1.884984e+02 -7.605000e+01  1.510000e+00
     vertex  1.875575e+02 -7.802000e+01  1.510000e+00
     vertex  1.885588e+02 -7.612870e+01  1.510000e+00
   endloop
 endfacet
 facet normal  0.000000e+00  0.000000e+00  1.000000e+00
   outer loop
     vertex  1.886375e+02 -7.618909e+01  1.510000e+00
     vertex  1.885588e+02 -7.612870e+01  1.510000e+00
     vertex  1.876559e+02 -7.803295e+01  1.510000e+00
   endloop
 endfacet
 facet normal  0.000000e+00  0.000000e+00  1.000000e+00
   outer loop
     vertex  1.886375e+02 -7.618909e+01  1.510000e+00
     vertex  1.876559e+02 -7.803295e+01  1.510000e+00
     vertex  1.877475e+02 -7.807091e+01  1.510000e+00
   endloop
 endfacet
 facet normal  0.000000e+00  0.000000e+00  1.000000e+00
   outer loop
     vertex  1.884604e+02 -7.595835e+01  1.510000e+00
     vertex  1.866546e+02 -7.595835e+01  1.510000e+00
     vertex  1.884984e+02 -7.605000e+01  1.510000e+00
   endloop
 endfacet
 facet normal  0.000000e+00  0.000000e+00  1.000000e+00
   outer loop
     vertex  1.887291e+02 -7.622705e+01  1.510000e+00
     vertex  1.886375e+02 -7.618909e+01  1.510000e+00
     vertex  1.877475e+02 -7.807091e+01  1.510000e+00
   endloop
 endfacet
 facet normal  0.000000e+00  0.000000e+00  1.000000e+00
   outer loop
     vertex  1.887291e+02 -7.622705e+01  1.510000e+00
     vertex  1.877475e+02 -7.807091e+01  1.510000e+00
     vertex  1.878262e+02 -7.813130e+01  1.510000e+00
   endloop
 endfacet
 facet normal  0.000000e+00  0.000000e+00  1.000000e+00
   outer loop
     vertex  1.884475e+02 -7.586000e+01  1.510000e+00
     vertex  1.866675e+02 -7.586000e+01  1.510000e+00
     vertex  1.866546e+02 -7.595835e+01  1.510000e+00
   endloop
 endfacet
 facet normal  0.000000e+00  0.000000e+00  1.000000e+00
   outer loop
     vertex  1.884475e+02 -7.586000e+01  1.510000e+00
     vertex  1.866546e+02 -7.595835e+01  1.510000e+00
     vertex  1.884604e+02 -7.595835e+01  1.510000e+00
   endloop
 endfacet
 facet normal  0.000000e+00  0.000000e+00  1.000000e+00
   outer loop
     vertex  1.888275e+02 -7.624000e+01  1.510000e+00
     vertex  1.887291e+02 -7.622705e+01  1.510000e+00
     vertex  1.878262e+02 -7.813130e+01  1.510000e+00
   endloop
 endfacet
 facet normal  0.000000e+00  0.000000e+00  1.000000e+00
   outer loop
     vertex  1.888275e+02 -7.624000e+01  1.510000e+00
     vertex  1.878866e+02 -7.821000e+01  1.510000e+00
     vertex  1.897684e+02 -7.821000e+01  1.510000e+00
   endloop
 endfacet
 facet normal  0.000000e+00  0.000000e+00  1.000000e+00
   outer loop
     vertex  1.888275e+02 -7.624000e+01  1.510000e+00
     vertex  1.897684e+02 -7.821000e+01  1.510000e+00
     vertex  1.898288e+02 -7.813130e+01  1.510000e+00
   endloop
 endfacet
 facet normal  0.000000e+00  0.000000e+00  1.000000e+00
   outer loop
     vertex  1.888275e+02 -7.624000e+01  1.510000e+00
     vertex  1.878262e+02 -7.813130e+01  1.510000e+00
     vertex  1.878866e+02 -7.821000e+01  1.510000e+00
   endloop
 endfacet
 facet normal  0.000000e+00  0.000000e+00  1.000000e+00
   outer loop
     vertex  1.884604e+02 -7.576165e+01  1.510000e+00
     vertex  1.866166e+02 -7.567000e+01  1.510000e+00
     vertex  1.866546e+02 -7.576165e+01  1.510000e+00
   endloop
 endfacet
 facet normal  0.000000e+00  0.000000e+00  1.000000e+00
   outer loop
     vertex  1.884604e+02 -7.576165e+01  1.510000e+00
     vertex  1.866546e+02 -7.576165e+01  1.510000e+00
     vertex  1.866675e+02 -7.586000e+01  1.510000e+00
   endloop
 endfacet
 facet normal  0.000000e+00  0.000000e+00  1.000000e+00
   outer loop
     vertex  1.884604e+02 -7.576165e+01  1.510000e+00
     vertex  1.866675e+02 -7.586000e+01  1.510000e+00
     vertex  1.884475e+02 -7.586000e+01  1.510000e+00
   endloop
 endfacet
 facet normal  0.000000e+00  0.000000e+00  1.000000e+00
   outer loop
     vertex  1.889259e+02 -7.622705e+01  1.510000e+00
     vertex  1.888275e+02 -7.624000e+01  1.510000e+00
     vertex  1.898288e+02 -7.813130e+01  1.510000e+00
   endloop
 endfacet
 facet normal  0.000000e+00  0.000000e+00  1.000000e+00
   outer loop
     vertex  1.889259e+02 -7.622705e+01  1.510000e+00
     vertex  1.898288e+02 -7.813130e+01  1.510000e+00
     vertex  1.899075e+02 -7.807091e+01  1.510000e+00
   endloop
 endfacet
 facet normal  0.000000e+00  0.000000e+00  1.000000e+00
   outer loop
     vertex  1.884984e+02 -7.567000e+01  1.510000e+00
     vertex  1.866166e+02 -7.567000e+01  1.510000e+00
     vertex  1.884604e+02 -7.576165e+01  1.510000e+00
   endloop
 endfacet
 facet normal  0.000000e+00  0.000000e+00  1.000000e+00
   outer loop
     vertex  1.890175e+02 -7.618909e+01  1.510000e+00
     vertex  1.899075e+02 -7.807091e+01  1.510000e+00
     vertex  1.899991e+02 -7.803295e+01  1.510000e+00
   endloop
 endfacet
 facet normal  0.000000e+00  0.000000e+00  1.000000e+00
   outer loop
     vertex  1.890175e+02 -7.618909e+01  1.510000e+00
     vertex  1.889259e+02 -7.622705e+01  1.510000e+00
     vertex  1.899075e+02 -7.807091e+01  1.510000e+00
   endloop
 endfacet
 facet normal  0.000000e+00  0.000000e+00  1.000000e+00
   outer loop
     vertex  1.885588e+02 -7.559130e+01  1.510000e+00
     vertex  1.865562e+02 -7.559130e+01  1.510000e+00
     vertex  1.866166e+02 -7.567000e+01  1.510000e+00
   endloop
 endfacet
 facet normal  0.000000e+00  0.000000e+00  1.000000e+00
   outer loop
     vertex  1.885588e+02 -7.559130e+01  1.510000e+00
     vertex  1.866166e+02 -7.567000e+01  1.510000e+00
     vertex  1.884984e+02 -7.567000e+01  1.510000e+00
   endloop
 endfacet
 facet normal  0.000000e+00  0.000000e+00  1.000000e+00
   outer loop
     vertex  1.890962e+02 -7.612870e+01  1.510000e+00
     vertex  1.890175e+02 -7.618909e+01  1.510000e+00
     vertex  1.899991e+02 -7.803295e+01  1.510000e+00
   endloop
 endfacet
 facet normal  0.000000e+00  0.000000e+00  1.000000e+00
   outer loop
     vertex  1.890962e+02 -7.612870e+01  1.510000e+00
     vertex  1.899991e+02 -7.803295e+01  1.510000e+00
     vertex  1.900975e+02 -7.802000e+01  1.510000e+00
   endloop
 endfacet
 facet normal  0.000000e+00  0.000000e+00  1.000000e+00
   outer loop
     vertex  1.886375e+02 -7.553091e+01  1.510000e+00
     vertex  1.863859e+02 -7.549295e+01  1.510000e+00
     vertex  1.864775e+02 -7.553091e+01  1.510000e+00
   endloop
 endfacet
 facet normal  0.000000e+00  0.000000e+00  1.000000e+00
   outer loop
     vertex  1.886375e+02 -7.553091e+01  1.510000e+00
     vertex  1.864775e+02 -7.553091e+01  1.510000e+00
     vertex  1.865562e+02 -7.559130e+01  1.510000e+00
   endloop
 endfacet
 facet normal  0.000000e+00  0.000000e+00  1.000000e+00
   outer loop
     vertex  1.886375e+02 -7.553091e+01  1.510000e+00
     vertex  1.865562e+02 -7.559130e+01  1.510000e+00
     vertex  1.885588e+02 -7.559130e+01  1.510000e+00
   endloop
 endfacet
 facet normal  0.000000e+00  0.000000e+00  1.000000e+00
   outer loop
     vertex  1.891566e+02 -7.605000e+01  1.510000e+00
     vertex  1.890962e+02 -7.612870e+01  1.510000e+00
     vertex  1.900975e+02 -7.802000e+01  1.510000e+00
   endloop
 endfacet
 facet normal  0.000000e+00  0.000000e+00  1.000000e+00
   outer loop
     vertex  1.887291e+02 -7.549295e+01  1.510000e+00
     vertex  1.863859e+02 -7.549295e+01  1.510000e+00
     vertex  1.886375e+02 -7.553091e+01  1.510000e+00
   endloop
 endfacet
 facet normal  0.000000e+00  0.000000e+00  1.000000e+00
   outer loop
     vertex  1.923688e+02 -7.866870e+01  1.510000e+00
     vertex  1.903662e+02 -7.866870e+01  1.510000e+00
     vertex  1.902875e+02 -7.872909e+01  1.510000e+00
   endloop
 endfacet
 facet normal  0.000000e+00  0.000000e+00  1.000000e+00
   outer loop
     vertex  1.923084e+02 -7.859000e+01  1.510000e+00
     vertex  1.903662e+02 -7.866870e+01  1.510000e+00
     vertex  1.923688e+02 -7.866870e+01  1.510000e+00
   endloop
 endfacet
 facet normal  0.000000e+00  0.000000e+00  1.000000e+00
   outer loop
     vertex  1.923084e+02 -7.859000e+01  1.510000e+00
     vertex  1.904266e+02 -7.859000e+01  1.510000e+00
     vertex  1.903662e+02 -7.866870e+01  1.510000e+00
   endloop
 endfacet
 facet normal  0.000000e+00  0.000000e+00  1.000000e+00
   outer loop
     vertex  1.924475e+02 -7.872909e+01  1.510000e+00
     vertex  1.923688e+02 -7.866870e+01  1.510000e+00
     vertex  1.902875e+02 -7.872909e+01  1.510000e+00
   endloop
 endfacet
 facet normal  0.000000e+00  0.000000e+00  1.000000e+00
   outer loop
     vertex  1.925391e+02 -7.876705e+01  1.510000e+00
     vertex  1.901959e+02 -7.876705e+01  1.510000e+00
     vertex  1.940461e+02 -8.361863e+01  1.510000e+00
   endloop
 endfacet
 facet normal  0.000000e+00  0.000000e+00  1.000000e+00
   outer loop
     vertex  1.925391e+02 -7.876705e+01  1.510000e+00
     vertex  1.924475e+02 -7.872909e+01  1.510000e+00
     vertex  1.902875e+02 -7.872909e+01  1.510000e+00
   endloop
 endfacet
 facet normal  0.000000e+00  0.000000e+00  1.000000e+00
   outer loop
     vertex  1.925391e+02 -7.876705e+01  1.510000e+00
     vertex  1.902875e+02 -7.872909e+01  1.510000e+00
     vertex  1.901959e+02 -7.876705e+01  1.510000e+00
   endloop
 endfacet
 facet normal  0.000000e+00  0.000000e+00  1.000000e+00
   outer loop
     vertex  1.922704e+02 -7.849835e+01  1.510000e+00
     vertex  1.904266e+02 -7.859000e+01  1.510000e+00
     vertex  1.923084e+02 -7.859000e+01  1.510000e+00
   endloop
 endfacet
 facet normal  0.000000e+00  0.000000e+00  1.000000e+00
   outer loop
     vertex  1.922704e+02 -7.849835e+01  1.510000e+00
     vertex  1.904775e+02 -7.840000e+01  1.510000e+00
     vertex  1.904646e+02 -7.849835e+01  1.510000e+00
   endloop
 endfacet
 facet normal  0.000000e+00  0.000000e+00  1.000000e+00
   outer loop
     vertex  1.922704e+02 -7.849835e+01  1.510000e+00
     vertex  1.904646e+02 -7.849835e+01  1.510000e+00
     vertex  1.904266e+02 -7.859000e+01  1.510000e+00
   endloop
 endfacet
 facet normal  0.000000e+00  0.000000e+00  1.000000e+00
   outer loop
     vertex  1.926375e+02 -7.878000e+01  1.510000e+00
     vertex  1.940461e+02 -8.361863e+01  1.510000e+00
     vertex  1.943775e+02 -8.336436e+01  1.510000e+00
   endloop
 endfacet
 facet normal  0.000000e+00  0.000000e+00  1.000000e+00
   outer loop
     vertex  1.926375e+02 -7.878000e+01  1.510000e+00
     vertex  1.925391e+02 -7.876705e+01  1.510000e+00
     vertex  1.940461e+02 -8.361863e+01  1.510000e+00
   endloop
 endfacet
 facet normal  0.000000e+00  0.000000e+00  1.000000e+00
   outer loop
     vertex  1.922575e+02 -7.840000e+01  1.510000e+00
     vertex  1.904775e+02 -7.840000e+01  1.510000e+00
     vertex  1.922704e+02 -7.849835e+01  1.510000e+00
   endloop
 endfacet
 facet normal  0.000000e+00  0.000000e+00  1.000000e+00
   outer loop
     vertex  1.927359e+02 -7.876705e+01  1.510000e+00
     vertex  1.943775e+02 -8.336436e+01  1.510000e+00
     vertex  1.947634e+02 -8.320452e+01  1.510000e+00
   endloop
 endfacet
 facet normal  0.000000e+00  0.000000e+00  1.000000e+00
   outer loop
     vertex  1.927359e+02 -7.876705e+01  1.510000e+00
     vertex  1.926375e+02 -7.878000e+01  1.510000e+00
     vertex  1.943775e+02 -8.336436e+01  1.510000e+00
   endloop
 endfacet
 facet normal  0.000000e+00  0.000000e+00  1.000000e+00
   outer loop
     vertex  1.922704e+02 -7.830165e+01  1.510000e+00
     vertex  1.904775e+02 -7.840000e+01  1.510000e+00
     vertex  1.922575e+02 -7.840000e+01  1.510000e+00
   endloop
 endfacet
 facet normal  0.000000e+00  0.000000e+00  1.000000e+00
   outer loop
     vertex  1.922704e+02 -7.830165e+01  1.510000e+00
     vertex  1.904646e+02 -7.830165e+01  1.510000e+00
     vertex  1.904775e+02 -7.840000e+01  1.510000e+00
   endloop
 endfacet
 facet normal  0.000000e+00  0.000000e+00  1.000000e+00
   outer loop
     vertex  1.923084e+02 -7.821000e+01  1.510000e+00
     vertex  1.904646e+02 -7.830165e+01  1.510000e+00
     vertex  1.922704e+02 -7.830165e+01  1.510000e+00
   endloop
 endfacet
 facet normal  0.000000e+00  0.000000e+00  1.000000e+00
   outer loop
     vertex  1.923084e+02 -7.821000e+01  1.510000e+00
     vertex  1.904266e+02 -7.821000e+01  1.510000e+00
     vertex  1.904646e+02 -7.830165e+01  1.510000e+00
   endloop
 endfacet
 facet normal  0.000000e+00  0.000000e+00  1.000000e+00
   outer loop
     vertex  1.928275e+02 -7.872909e+01  1.510000e+00
     vertex  1.927359e+02 -7.876705e+01  1.510000e+00
     vertex  1.947634e+02 -8.320452e+01  1.510000e+00
   endloop
 endfacet
 facet normal  0.000000e+00  0.000000e+00  1.000000e+00
   outer loop
     vertex  1.929062e+02 -7.866870e+01  1.510000e+00
     vertex  1.928275e+02 -7.872909e+01  1.510000e+00
     vertex  1.947634e+02 -8.320452e+01  1.510000e+00
   endloop
 endfacet
 facet normal  0.000000e+00  0.000000e+00  1.000000e+00
   outer loop
     vertex  1.929062e+02 -7.866870e+01  1.510000e+00
     vertex  1.947634e+02 -8.320452e+01  1.510000e+00
     vertex  1.951775e+02 -8.315000e+01  1.510000e+00
   endloop
 endfacet
 facet normal  0.000000e+00  0.000000e+00  1.000000e+00
   outer loop
     vertex  1.714990e+02 -5.714823e+01  1.510000e+00
     vertex  1.693000e+02 -5.588000e+01  1.510000e+00
     vertex  1.693000e+02 -8.448000e+01  1.510000e+00
   endloop
 endfacet
 facet normal  0.000000e+00  0.000000e+00  1.000000e+00
   outer loop
     vertex  1.712455e+02 -5.689307e+01  1.510000e+00
     vertex  1.693000e+02 -5.588000e+01  1.510000e+00
     vertex  1.714990e+02 -5.714823e+01  1.510000e+00
   endloop
 endfacet
 facet normal  0.000000e+00  0.000000e+00  1.000000e+00
   outer loop
     vertex  1.929666e+02 -7.859000e+01  1.510000e+00
     vertex  1.951775e+02 -8.315000e+01  1.510000e+00
     vertex  1.955916e+02 -8.320452e+01  1.510000e+00
   endloop
 endfacet
 facet normal  0.000000e+00  0.000000e+00  1.000000e+00
   outer loop
     vertex  1.929666e+02 -7.859000e+01  1.510000e+00
     vertex  1.929062e+02 -7.866870e+01  1.510000e+00
     vertex  1.951775e+02 -8.315000e+01  1.510000e+00
   endloop
 endfacet
 facet normal  0.000000e+00  0.000000e+00  1.000000e+00
   outer loop
     vertex  1.718032e+02 -5.734030e+01  1.510000e+00
     vertex  1.714990e+02 -5.714823e+01  1.510000e+00
     vertex  1.693000e+02 -8.448000e+01  1.510000e+00
   endloop
 endfacet
 facet normal  0.000000e+00  0.000000e+00  1.000000e+00
   outer loop
     vertex  1.710553e+02 -5.658772e+01  1.510000e+00
     vertex  1.693000e+02 -5.588000e+01  1.510000e+00
     vertex  1.712455e+02 -5.689307e+01  1.510000e+00
   endloop
 endfacet
 facet normal  0.000000e+00  0.000000e+00  1.000000e+00
   outer loop
     vertex  1.930046e+02 -7.849835e+01  1.510000e+00
     vertex  1.929666e+02 -7.859000e+01  1.510000e+00
     vertex  1.955916e+02 -8.320452e+01  1.510000e+00
   endloop
 endfacet
 facet normal  0.000000e+00  0.000000e+00  1.000000e+00
   outer loop
     vertex  1.721426e+02 -5.745956e+01  1.510000e+00
     vertex  1.718032e+02 -5.734030e+01  1.510000e+00
     vertex  1.693000e+02 -8.448000e+01  1.510000e+00
   endloop
 endfacet
 facet normal  0.000000e+00  0.000000e+00  1.000000e+00
   outer loop
     vertex  1.709382e+02 -5.624761e+01  1.510000e+00
     vertex  1.693000e+02 -5.588000e+01  1.510000e+00
     vertex  1.710553e+02 -5.658772e+01  1.510000e+00
   endloop
 endfacet
 facet normal  0.000000e+00  0.000000e+00  1.000000e+00
   outer loop
     vertex  1.910988e+02 -7.612870e+01  1.510000e+00
     vertex  1.900975e+02 -7.802000e+01  1.510000e+00
     vertex  1.901959e+02 -7.803295e+01  1.510000e+00
   endloop
 endfacet
 facet normal  0.000000e+00  0.000000e+00  1.000000e+00
   outer loop
     vertex  1.911775e+02 -7.618909e+01  1.510000e+00
     vertex  1.910988e+02 -7.612870e+01  1.510000e+00
     vertex  1.901959e+02 -7.803295e+01  1.510000e+00
   endloop
 endfacet
 facet normal  0.000000e+00  0.000000e+00  1.000000e+00
   outer loop
     vertex  1.911775e+02 -7.618909e+01  1.510000e+00
     vertex  1.901959e+02 -7.803295e+01  1.510000e+00
     vertex  1.902875e+02 -7.807091e+01  1.510000e+00
   endloop
 endfacet
 facet normal  0.000000e+00  0.000000e+00  1.000000e+00
   outer loop
     vertex  1.910384e+02 -7.605000e+01  1.510000e+00
     vertex  1.891566e+02 -7.605000e+01  1.510000e+00
     vertex  1.900975e+02 -7.802000e+01  1.510000e+00
   endloop
 endfacet
 facet normal  0.000000e+00  0.000000e+00  1.000000e+00
   outer loop
     vertex  1.910384e+02 -7.605000e+01  1.510000e+00
     vertex  1.900975e+02 -7.802000e+01  1.510000e+00
     vertex  1.910988e+02 -7.612870e+01  1.510000e+00
   endloop
 endfacet
 facet normal  0.000000e+00  0.000000e+00  1.000000e+00
   outer loop
     vertex  1.725000e+02 -5.750000e+01  1.510000e+00
     vertex  1.721426e+02 -5.745956e+01  1.510000e+00
     vertex  1.693000e+02 -8.448000e+01  1.510000e+00
   endloop
 endfacet
 facet normal  0.000000e+00  0.000000e+00  1.000000e+00
   outer loop
     vertex  1.709000e+02 -5.588992e+01  1.510000e+00
     vertex  1.693802e+02 -5.516793e+01  1.510000e+00
     vertex  1.693000e+02 -5.588000e+01  1.510000e+00
   endloop
 endfacet
 facet normal  0.000000e+00  0.000000e+00  1.000000e+00
   outer loop
     vertex  1.709000e+02 -5.588992e+01  1.510000e+00
     vertex  1.693000e+02 -5.588000e+01  1.510000e+00
     vertex  1.709382e+02 -5.624761e+01  1.510000e+00
   endloop
 endfacet
 facet normal  0.000000e+00  0.000000e+00  1.000000e+00
   outer loop
     vertex  1.912691e+02 -7.622705e+01  1.510000e+00
     vertex  1.911775e+02 -7.618909e+01  1.510000e+00
     vertex  1.902875e+02 -7.807091e+01  1.510000e+00
   endloop
 endfacet
 facet normal  0.000000e+00  0.000000e+00  1.000000e+00
   outer loop
     vertex  1.912691e+02 -7.622705e+01  1.510000e+00
     vertex  1.902875e+02 -7.807091e+01  1.510000e+00
     vertex  1.903662e+02 -7.813130e+01  1.510000e+00
   endloop
 endfacet
 facet normal  0.000000e+00  0.000000e+00  1.000000e+00
   outer loop
     vertex  1.910004e+02 -7.595835e+01  1.510000e+00
     vertex  1.891946e+02 -7.595835e+01  1.510000e+00
     vertex  1.891566e+02 -7.605000e+01  1.510000e+00
   endloop
 endfacet
 facet normal  0.000000e+00  0.000000e+00  1.000000e+00
   outer loop
     vertex  1.910004e+02 -7.595835e+01  1.510000e+00
     vertex  1.891566e+02 -7.605000e+01  1.510000e+00
     vertex  1.910384e+02 -7.605000e+01  1.510000e+00
   endloop
 endfacet
 facet normal  0.000000e+00  0.000000e+00  1.000000e+00
   outer loop
     vertex  1.913675e+02 -7.624000e+01  1.510000e+00
     vertex  1.923084e+02 -7.821000e+01  1.510000e+00
     vertex  1.923688e+02 -7.813130e+01  1.510000e+00
   endloop
 endfacet
 facet normal  0.000000e+00  0.000000e+00  1.000000e+00
   outer loop
     vertex  1.913675e+02 -7.624000e+01  1.510000e+00
     vertex  1.912691e+02 -7.622705e+01  1.510000e+00
     vertex  1.903662e+02 -7.813130e+01  1.510000e+00
   endloop
 endfacet
 facet normal  0.000000e+00  0.000000e+00  1.000000e+00
   outer loop
     vertex  1.913675e+02 -7.624000e+01  1.510000e+00
     vertex  1.903662e+02 -7.813130e+01  1.510000e+00
     vertex  1.904266e+02 -7.821000e+01  1.510000e+00
   endloop
 endfacet
 facet normal  0.000000e+00  0.000000e+00  1.000000e+00
   outer loop
     vertex  1.913675e+02 -7.624000e+01  1.510000e+00
     vertex  1.904266e+02 -7.821000e+01  1.510000e+00
     vertex  1.923084e+02 -7.821000e+01  1.510000e+00
   endloop
 endfacet
 facet normal  0.000000e+00  0.000000e+00  1.000000e+00
   outer loop
     vertex  1.909875e+02 -7.586000e+01  1.510000e+00
     vertex  1.891946e+02 -7.595835e+01  1.510000e+00
     vertex  1.910004e+02 -7.595835e+01  1.510000e+00
   endloop
 endfacet
 facet normal  0.000000e+00  0.000000e+00  1.000000e+00
   outer loop
     vertex  1.909875e+02 -7.586000e+01  1.510000e+00
     vertex  1.891946e+02 -7.576165e+01  1.510000e+00
     vertex  1.892075e+02 -7.586000e+01  1.510000e+00
   endloop
 endfacet
 facet normal  0.000000e+00  0.000000e+00  1.000000e+00
   outer loop
     vertex  1.909875e+02 -7.586000e+01  1.510000e+00
     vertex  1.892075e+02 -7.586000e+01  1.510000e+00
     vertex  1.891946e+02 -7.595835e+01  1.510000e+00
   endloop
 endfacet
 facet normal  0.000000e+00  0.000000e+00  1.000000e+00
   outer loop
     vertex  1.914659e+02 -7.622705e+01  1.510000e+00
     vertex  1.923688e+02 -7.813130e+01  1.510000e+00
     vertex  1.924475e+02 -7.807091e+01  1.510000e+00
   endloop
 endfacet
 facet normal  0.000000e+00  0.000000e+00  1.000000e+00
   outer loop
     vertex  1.914659e+02 -7.622705e+01  1.510000e+00
     vertex  1.913675e+02 -7.624000e+01  1.510000e+00
     vertex  1.923688e+02 -7.813130e+01  1.510000e+00
   endloop
 endfacet
 facet normal  0.000000e+00  0.000000e+00  1.000000e+00
   outer loop
     vertex  1.910004e+02 -7.576165e+01  1.510000e+00
     vertex  1.891946e+02 -7.576165e+01  1.510000e+00
     vertex  1.909875e+02 -7.586000e+01  1.510000e+00
   endloop
 endfacet
 facet normal  0.000000e+00  0.000000e+00  1.000000e+00
   outer loop
     vertex  1.915575e+02 -7.618909e+01  1.510000e+00
     vertex  1.924475e+02 -7.807091e+01  1.510000e+00
     vertex  1.925391e+02 -7.803295e+01  1.510000e+00
   endloop
 endfacet
 facet normal  0.000000e+00  0.000000e+00  1.000000e+00
   outer loop
     vertex  1.915575e+02 -7.618909e+01  1.510000e+00
     vertex  1.914659e+02 -7.622705e+01  1.510000e+00
     vertex  1.924475e+02 -7.807091e+01  1.510000e+00
   endloop
 endfacet
 facet normal  0.000000e+00  0.000000e+00  1.000000e+00
   outer loop
     vertex  1.910384e+02 -7.567000e+01  1.510000e+00
     vertex  1.891946e+02 -7.576165e+01  1.510000e+00
     vertex  1.910004e+02 -7.576165e+01  1.510000e+00
   endloop
 endfacet
 facet normal  0.000000e+00  0.000000e+00  1.000000e+00
   outer loop
     vertex  1.910384e+02 -7.567000e+01  1.510000e+00
     vertex  1.890962e+02 -7.559130e+01  1.510000e+00
     vertex  1.891566e+02 -7.567000e+01  1.510000e+00
   endloop
 endfacet
 facet normal  0.000000e+00  0.000000e+00  1.000000e+00
   outer loop
     vertex  1.910384e+02 -7.567000e+01  1.510000e+00
     vertex  1.891566e+02 -7.567000e+01  1.510000e+00
     vertex  1.891946e+02 -7.576165e+01  1.510000e+00
   endloop
 endfacet
 facet normal  0.000000e+00  0.000000e+00  1.000000e+00
   outer loop
     vertex  1.709443e+02 -5.550599e+01  1.510000e+00
     vertex  1.693802e+02 -5.516793e+01  1.510000e+00
     vertex  1.709000e+02 -5.588992e+01  1.510000e+00
   endloop
 endfacet
 facet normal  0.000000e+00  0.000000e+00  1.000000e+00
   outer loop
     vertex  1.709443e+02 -5.550599e+01  1.510000e+00
     vertex  1.696169e+02 -5.449157e+01  1.510000e+00
     vertex  1.693802e+02 -5.516793e+01  1.510000e+00
   endloop
 endfacet
 facet normal  0.000000e+00  0.000000e+00  1.000000e+00
   outer loop
     vertex  1.916362e+02 -7.612870e+01  1.510000e+00
     vertex  1.925391e+02 -7.803295e+01  1.510000e+00
     vertex  1.926375e+02 -7.802000e+01  1.510000e+00
   endloop
 endfacet
 facet normal  0.000000e+00  0.000000e+00  1.000000e+00
   outer loop
     vertex  1.916362e+02 -7.612870e+01  1.510000e+00
     vertex  1.915575e+02 -7.618909e+01  1.510000e+00
     vertex  1.925391e+02 -7.803295e+01  1.510000e+00
   endloop
 endfacet
 facet normal  0.000000e+00  0.000000e+00  1.000000e+00
   outer loop
     vertex  1.910988e+02 -7.559130e+01  1.510000e+00
     vertex  1.890962e+02 -7.559130e+01  1.510000e+00
     vertex  1.910384e+02 -7.567000e+01  1.510000e+00
   endloop
 endfacet
 facet normal  0.000000e+00  0.000000e+00  1.000000e+00
   outer loop
     vertex  1.916966e+02 -7.605000e+01  1.510000e+00
     vertex  1.916362e+02 -7.612870e+01  1.510000e+00
     vertex  1.926375e+02 -7.802000e+01  1.510000e+00
   endloop
 endfacet
 facet normal  0.000000e+00  0.000000e+00  1.000000e+00
   outer loop
     vertex  1.911775e+02 -7.553091e+01  1.510000e+00
     vertex  1.890175e+02 -7.553091e+01  1.510000e+00
     vertex  1.890962e+02 -7.559130e+01  1.510000e+00
   endloop
 endfacet
 facet normal  0.000000e+00  0.000000e+00  1.000000e+00
   outer loop
     vertex  1.911775e+02 -7.553091e+01  1.510000e+00
     vertex  1.890962e+02 -7.559130e+01  1.510000e+00
     vertex  1.910988e+02 -7.559130e+01  1.510000e+00
   endloop
 endfacet
 facet normal  0.000000e+00  0.000000e+00  1.000000e+00
   outer loop
     vertex  1.912691e+02 -7.549295e+01  1.510000e+00
     vertex  1.889259e+02 -7.549295e+01  1.510000e+00
     vertex  1.890175e+02 -7.553091e+01  1.510000e+00
   endloop
 endfacet
 facet normal  0.000000e+00  0.000000e+00  1.000000e+00
   outer loop
     vertex  1.912691e+02 -7.549295e+01  1.510000e+00
     vertex  1.890175e+02 -7.553091e+01  1.510000e+00
     vertex  1.911775e+02 -7.553091e+01  1.510000e+00
   endloop
 endfacet
 facet normal  0.000000e+00  0.000000e+00  1.000000e+00
   outer loop
     vertex  1.710794e+02 -5.514389e+01  1.510000e+00
     vertex  1.696169e+02 -5.449157e+01  1.510000e+00
     vertex  1.709443e+02 -5.550599e+01  1.510000e+00
   endloop
 endfacet
 facet normal  0.000000e+00  0.000000e+00  1.000000e+00
   outer loop
     vertex  1.699981e+02 -5.388483e+01  1.510000e+00
     vertex  1.696169e+02 -5.449157e+01  1.510000e+00
     vertex  1.710794e+02 -5.514389e+01  1.510000e+00
   endloop
 endfacet
 facet normal  0.000000e+00  0.000000e+00  1.000000e+00
   outer loop
     vertex  1.712973e+02 -5.482473e+01  1.510000e+00
     vertex  1.699981e+02 -5.388483e+01  1.510000e+00
     vertex  1.710794e+02 -5.514389e+01  1.510000e+00
   endloop
 endfacet
 facet normal  0.000000e+00  0.000000e+00  1.000000e+00
   outer loop
     vertex  1.705048e+02 -5.337814e+01  1.510000e+00
     vertex  1.712973e+02 -5.482473e+01  1.510000e+00
     vertex  1.715855e+02 -5.456714e+01  1.510000e+00
   endloop
 endfacet
 facet normal  0.000000e+00  0.000000e+00  1.000000e+00
   outer loop
     vertex  1.705048e+02 -5.337814e+01  1.510000e+00
     vertex  1.699981e+02 -5.388483e+01  1.510000e+00
     vertex  1.712973e+02 -5.482473e+01  1.510000e+00
   endloop
 endfacet
 facet normal  0.000000e+00  0.000000e+00  1.000000e+00
   outer loop
     vertex  1.936388e+02 -7.612870e+01  1.510000e+00
     vertex  1.926375e+02 -7.802000e+01  1.510000e+00
     vertex  1.927359e+02 -7.803295e+01  1.510000e+00
   endloop
 endfacet
 facet normal  0.000000e+00  0.000000e+00  1.000000e+00
   outer loop
     vertex  1.937175e+02 -7.618909e+01  1.510000e+00
     vertex  1.927359e+02 -7.803295e+01  1.510000e+00
     vertex  1.928275e+02 -7.807091e+01  1.510000e+00
   endloop
 endfacet
 facet normal  0.000000e+00  0.000000e+00  1.000000e+00
   outer loop
     vertex  1.937175e+02 -7.618909e+01  1.510000e+00
     vertex  1.936388e+02 -7.612870e+01  1.510000e+00
     vertex  1.927359e+02 -7.803295e+01  1.510000e+00
   endloop
 endfacet
 facet normal  0.000000e+00  0.000000e+00  1.000000e+00
   outer loop
     vertex  1.935784e+02 -7.605000e+01  1.510000e+00
     vertex  1.916966e+02 -7.605000e+01  1.510000e+00
     vertex  1.926375e+02 -7.802000e+01  1.510000e+00
   endloop
 endfacet
 facet normal  0.000000e+00  0.000000e+00  1.000000e+00
   outer loop
     vertex  1.935784e+02 -7.605000e+01  1.510000e+00
     vertex  1.926375e+02 -7.802000e+01  1.510000e+00
     vertex  1.936388e+02 -7.612870e+01  1.510000e+00
   endloop
 endfacet
 facet normal  0.000000e+00  0.000000e+00  1.000000e+00
   outer loop
     vertex  1.938091e+02 -7.622705e+01  1.510000e+00
     vertex  1.928275e+02 -7.807091e+01  1.510000e+00
     vertex  1.929062e+02 -7.813130e+01  1.510000e+00
   endloop
 endfacet
 facet normal  0.000000e+00  0.000000e+00  1.000000e+00
   outer loop
     vertex  1.938091e+02 -7.622705e+01  1.510000e+00
     vertex  1.937175e+02 -7.618909e+01  1.510000e+00
     vertex  1.928275e+02 -7.807091e+01  1.510000e+00
   endloop
 endfacet
 facet normal  0.000000e+00  0.000000e+00  1.000000e+00
   outer loop
     vertex  1.935404e+02 -7.595835e+01  1.510000e+00
     vertex  1.916966e+02 -7.605000e+01  1.510000e+00
     vertex  1.935784e+02 -7.605000e+01  1.510000e+00
   endloop
 endfacet
 facet normal  0.000000e+00  0.000000e+00  1.000000e+00
   outer loop
     vertex  1.935404e+02 -7.595835e+01  1.510000e+00
     vertex  1.917346e+02 -7.595835e+01  1.510000e+00
     vertex  1.916966e+02 -7.605000e+01  1.510000e+00
   endloop
 endfacet
 facet normal  0.000000e+00  0.000000e+00  1.000000e+00
   outer loop
     vertex  1.939075e+02 -7.624000e+01  1.510000e+00
     vertex  1.938091e+02 -7.622705e+01  1.510000e+00
     vertex  1.929062e+02 -7.813130e+01  1.510000e+00
   endloop
 endfacet
 facet normal  0.000000e+00  0.000000e+00  1.000000e+00
   outer loop
     vertex  1.939075e+02 -7.624000e+01  1.510000e+00
     vertex  1.929062e+02 -7.813130e+01  1.510000e+00
     vertex  1.929666e+02 -7.821000e+01  1.510000e+00
   endloop
 endfacet
 facet normal  0.000000e+00  0.000000e+00  1.000000e+00
   outer loop
     vertex  1.935275e+02 -7.586000e+01  1.510000e+00
     vertex  1.917346e+02 -7.595835e+01  1.510000e+00
     vertex  1.935404e+02 -7.595835e+01  1.510000e+00
   endloop
 endfacet
 facet normal  0.000000e+00  0.000000e+00  1.000000e+00
   outer loop
     vertex  1.935275e+02 -7.586000e+01  1.510000e+00
     vertex  1.917346e+02 -7.576165e+01  1.510000e+00
     vertex  1.917475e+02 -7.586000e+01  1.510000e+00
   endloop
 endfacet
 facet normal  0.000000e+00  0.000000e+00  1.000000e+00
   outer loop
     vertex  1.935275e+02 -7.586000e+01  1.510000e+00
     vertex  1.917475e+02 -7.586000e+01  1.510000e+00
     vertex  1.917346e+02 -7.595835e+01  1.510000e+00
   endloop
 endfacet
 facet normal  0.000000e+00  0.000000e+00  1.000000e+00
   outer loop
     vertex  1.940059e+02 -7.622705e+01  1.510000e+00
     vertex  1.929666e+02 -7.821000e+01  1.510000e+00
     vertex  1.930046e+02 -7.830165e+01  1.510000e+00
   endloop
 endfacet
 facet normal  0.000000e+00  0.000000e+00  1.000000e+00
   outer loop
     vertex  1.940059e+02 -7.622705e+01  1.510000e+00
     vertex  1.939075e+02 -7.624000e+01  1.510000e+00
     vertex  1.929666e+02 -7.821000e+01  1.510000e+00
   endloop
 endfacet
 facet normal  0.000000e+00  0.000000e+00  1.000000e+00
   outer loop
     vertex  1.935404e+02 -7.576165e+01  1.510000e+00
     vertex  1.917346e+02 -7.576165e+01  1.510000e+00
     vertex  1.935275e+02 -7.586000e+01  1.510000e+00
   endloop
 endfacet
 facet normal  0.000000e+00  0.000000e+00  1.000000e+00
   outer loop
     vertex  1.940975e+02 -7.618909e+01  1.510000e+00
     vertex  1.930046e+02 -7.830165e+01  1.510000e+00
     vertex  1.930175e+02 -7.840000e+01  1.510000e+00
   endloop
 endfacet
 facet normal  0.000000e+00  0.000000e+00  1.000000e+00
   outer loop
     vertex  1.940975e+02 -7.618909e+01  1.510000e+00
     vertex  1.940059e+02 -7.622705e+01  1.510000e+00
     vertex  1.930046e+02 -7.830165e+01  1.510000e+00
   endloop
 endfacet
 facet normal  0.000000e+00  0.000000e+00  1.000000e+00
   outer loop
     vertex  1.935784e+02 -7.567000e+01  1.510000e+00
     vertex  1.916362e+02 -7.559130e+01  1.510000e+00
     vertex  1.916966e+02 -7.567000e+01  1.510000e+00
   endloop
 endfacet
 facet normal  0.000000e+00  0.000000e+00  1.000000e+00
   outer loop
     vertex  1.935784e+02 -7.567000e+01  1.510000e+00
     vertex  1.916966e+02 -7.567000e+01  1.510000e+00
     vertex  1.917346e+02 -7.576165e+01  1.510000e+00
   endloop
 endfacet
 facet normal  0.000000e+00  0.000000e+00  1.000000e+00
   outer loop
     vertex  1.935784e+02 -7.567000e+01  1.510000e+00
     vertex  1.917346e+02 -7.576165e+01  1.510000e+00
     vertex  1.935404e+02 -7.576165e+01  1.510000e+00
   endloop
 endfacet
 facet normal  0.000000e+00  0.000000e+00  1.000000e+00
   outer loop
     vertex  1.941762e+02 -7.612870e+01  1.510000e+00
     vertex  1.930046e+02 -7.849835e+01  1.510000e+00
     vertex  1.955916e+02 -8.320452e+01  1.510000e+00
   endloop
 endfacet
 facet normal  0.000000e+00  0.000000e+00  1.000000e+00
   outer loop
     vertex  1.941762e+02 -7.612870e+01  1.510000e+00
     vertex  1.940975e+02 -7.618909e+01  1.510000e+00
     vertex  1.930175e+02 -7.840000e+01  1.510000e+00
   endloop
 endfacet
 facet normal  0.000000e+00  0.000000e+00  1.000000e+00
   outer loop
     vertex  1.941762e+02 -7.612870e+01  1.510000e+00
     vertex  1.930175e+02 -7.840000e+01  1.510000e+00
     vertex  1.930046e+02 -7.849835e+01  1.510000e+00
   endloop
 endfacet
 facet normal  0.000000e+00  0.000000e+00  1.000000e+00
   outer loop
     vertex  1.941762e+02 -7.612870e+01  1.510000e+00
     vertex  1.955916e+02 -8.320452e+01  1.510000e+00
     vertex  1.959775e+02 -8.336436e+01  1.510000e+00
   endloop
 endfacet
 facet normal  0.000000e+00  0.000000e+00  1.000000e+00
   outer loop
     vertex  1.936388e+02 -7.559130e+01  1.510000e+00
     vertex  1.916362e+02 -7.559130e+01  1.510000e+00
     vertex  1.935784e+02 -7.567000e+01  1.510000e+00
   endloop
 endfacet
 facet normal  0.000000e+00  0.000000e+00  1.000000e+00
   outer loop
     vertex  1.711116e+02 -5.299690e+01  1.510000e+00
     vertex  1.705048e+02 -5.337814e+01  1.510000e+00
     vertex  1.715855e+02 -5.456714e+01  1.510000e+00
   endloop
 endfacet
 facet normal  0.000000e+00  0.000000e+00  1.000000e+00
   outer loop
     vertex  1.711116e+02 -5.299690e+01  1.510000e+00
     vertex  1.715855e+02 -5.456714e+01  1.510000e+00
     vertex  1.719269e+02 -5.438615e+01  1.510000e+00
   endloop
 endfacet
 facet normal  0.000000e+00  0.000000e+00  1.000000e+00
   outer loop
     vertex  1.942366e+02 -7.605000e+01  1.510000e+00
     vertex  1.941762e+02 -7.612870e+01  1.510000e+00
     vertex  1.959775e+02 -8.336436e+01  1.510000e+00
   endloop
 endfacet
 facet normal  0.000000e+00  0.000000e+00  1.000000e+00
   outer loop
     vertex  1.937175e+02 -7.553091e+01  1.510000e+00
     vertex  1.914659e+02 -7.549295e+01  1.510000e+00
     vertex  1.915575e+02 -7.553091e+01  1.510000e+00
   endloop
 endfacet
 facet normal  0.000000e+00  0.000000e+00  1.000000e+00
   outer loop
     vertex  1.937175e+02 -7.553091e+01  1.510000e+00
     vertex  1.915575e+02 -7.553091e+01  1.510000e+00
     vertex  1.916362e+02 -7.559130e+01  1.510000e+00
   endloop
 endfacet
 facet normal  0.000000e+00  0.000000e+00  1.000000e+00
   outer loop
     vertex  1.937175e+02 -7.553091e+01  1.510000e+00
     vertex  1.916362e+02 -7.559130e+01  1.510000e+00
     vertex  1.936388e+02 -7.559130e+01  1.510000e+00
   endloop
 endfacet
 facet normal  0.000000e+00  0.000000e+00  1.000000e+00
   outer loop
     vertex  1.938091e+02 -7.549295e+01  1.510000e+00
     vertex  1.914659e+02 -7.549295e+01  1.510000e+00
     vertex  1.937175e+02 -7.553091e+01  1.510000e+00
   endloop
 endfacet
 facet normal  0.000000e+00  0.000000e+00  1.000000e+00
   outer loop
     vertex  2.061000e+02 -8.768000e+01  1.510000e+00
     vertex  1.837475e+02 -8.635000e+01  1.510000e+00
     vertex  1.725000e+02 -8.768000e+01  1.510000e+00
   endloop
 endfacet
 facet normal  0.000000e+00  0.000000e+00  1.000000e+00
   outer loop
     vertex  2.061000e+02 -8.768000e+01  1.510000e+00
     vertex  1.951775e+02 -8.635000e+01  1.510000e+00
     vertex  1.837475e+02 -8.635000e+01  1.510000e+00
   endloop
 endfacet
 facet normal  0.000000e+00  0.000000e+00  1.000000e+00
   outer loop
     vertex  2.061000e+02 -8.768000e+01  1.510000e+00
     vertex  1.963089e+02 -8.588137e+01  1.510000e+00
     vertex  1.959775e+02 -8.613564e+01  1.510000e+00
   endloop
 endfacet
 facet normal  0.000000e+00  0.000000e+00  1.000000e+00
   outer loop
     vertex  2.061000e+02 -8.768000e+01  1.510000e+00
     vertex  1.959775e+02 -8.613564e+01  1.510000e+00
     vertex  1.955916e+02 -8.629548e+01  1.510000e+00
   endloop
 endfacet
 facet normal  0.000000e+00  0.000000e+00  1.000000e+00
   outer loop
     vertex  2.061000e+02 -8.768000e+01  1.510000e+00
     vertex  1.955916e+02 -8.629548e+01  1.510000e+00
     vertex  1.951775e+02 -8.635000e+01  1.510000e+00
   endloop
 endfacet
 facet normal  0.000000e+00  0.000000e+00  1.000000e+00
   outer loop
     vertex  1.717879e+02 -5.276023e+01  1.510000e+00
     vertex  1.719269e+02 -5.438615e+01  1.510000e+00
     vertex  1.723018e+02 -5.429232e+01  1.510000e+00
   endloop
 endfacet
 facet normal  0.000000e+00  0.000000e+00  1.000000e+00
   outer loop
     vertex  1.717879e+02 -5.276023e+01  1.510000e+00
     vertex  1.711116e+02 -5.299690e+01  1.510000e+00
     vertex  1.719269e+02 -5.438615e+01  1.510000e+00
   endloop
 endfacet
 facet normal  0.000000e+00  0.000000e+00  1.000000e+00
   outer loop
     vertex  2.048455e+02 -8.549307e+01  1.510000e+00
     vertex  1.963089e+02 -8.588137e+01  1.510000e+00
     vertex  2.061000e+02 -8.768000e+01  1.510000e+00
   endloop
 endfacet
 facet normal  0.000000e+00  0.000000e+00  1.000000e+00
   outer loop
     vertex  2.048455e+02 -8.549307e+01  1.510000e+00
     vertex  1.965631e+02 -8.555000e+01  1.510000e+00
     vertex  1.963089e+02 -8.588137e+01  1.510000e+00
   endloop
 endfacet
 facet normal  0.000000e+00  0.000000e+00  1.000000e+00
   outer loop
     vertex  2.048455e+02 -8.549307e+01  1.510000e+00
     vertex  2.061000e+02 -8.768000e+01  1.510000e+00
     vertex  2.050990e+02 -8.574823e+01  1.510000e+00
   endloop
 endfacet
 facet normal  0.000000e+00  0.000000e+00  1.000000e+00
   outer loop
     vertex  2.054032e+02 -8.594030e+01  1.510000e+00
     vertex  2.050990e+02 -8.574823e+01  1.510000e+00
     vertex  2.061000e+02 -8.768000e+01  1.510000e+00
   endloop
 endfacet
 facet normal  0.000000e+00  0.000000e+00  1.000000e+00
   outer loop
     vertex  2.046553e+02 -8.518772e+01  1.510000e+00
     vertex  1.965631e+02 -8.555000e+01  1.510000e+00
     vertex  2.048455e+02 -8.549307e+01  1.510000e+00
   endloop
 endfacet
 facet normal  0.000000e+00  0.000000e+00  1.000000e+00
   outer loop
     vertex  2.046553e+02 -8.518772e+01  1.510000e+00
     vertex  1.967230e+02 -8.516411e+01  1.510000e+00
     vertex  1.965631e+02 -8.555000e+01  1.510000e+00
   endloop
 endfacet
 facet normal  0.000000e+00  0.000000e+00  1.000000e+00
   outer loop
     vertex  1.844238e+02 -6.480870e+01  1.510000e+00
     vertex  1.859204e+02 -7.576165e+01  1.510000e+00
     vertex  1.859584e+02 -7.567000e+01  1.510000e+00
   endloop
 endfacet
 facet normal  0.000000e+00  0.000000e+00  1.000000e+00
   outer loop
     vertex  1.845025e+02 -6.486909e+01  1.510000e+00
     vertex  1.859584e+02 -7.567000e+01  1.510000e+00
     vertex  1.860188e+02 -7.559130e+01  1.510000e+00
   endloop
 endfacet
 facet normal  0.000000e+00  0.000000e+00  1.000000e+00
   outer loop
     vertex  1.845025e+02 -6.486909e+01  1.510000e+00
     vertex  1.844238e+02 -6.480870e+01  1.510000e+00
     vertex  1.859584e+02 -7.567000e+01  1.510000e+00
   endloop
 endfacet
 facet normal  0.000000e+00  0.000000e+00  1.000000e+00
   outer loop
     vertex  1.843634e+02 -6.473000e+01  1.510000e+00
     vertex  1.693000e+02 -8.448000e+01  1.510000e+00
     vertex  1.846884e+02 -7.821000e+01  1.510000e+00
   endloop
 endfacet
 facet normal  0.000000e+00  0.000000e+00  1.000000e+00
   outer loop
     vertex  1.843634e+02 -6.473000e+01  1.510000e+00
     vertex  1.846884e+02 -7.821000e+01  1.510000e+00
     vertex  1.859204e+02 -7.576165e+01  1.510000e+00
   endloop
 endfacet
 facet normal  0.000000e+00  0.000000e+00  1.000000e+00
   outer loop
     vertex  1.843634e+02 -6.473000e+01  1.510000e+00
     vertex  1.859204e+02 -7.576165e+01  1.510000e+00
     vertex  1.844238e+02 -6.480870e+01  1.510000e+00
   endloop
 endfacet
 facet normal  0.000000e+00  0.000000e+00  1.000000e+00
   outer loop
     vertex  1.843634e+02 -6.473000e+01  1.510000e+00
     vertex  1.725000e+02 -5.750000e+01  1.510000e+00
     vertex  1.693000e+02 -8.448000e+01  1.510000e+00
   endloop
 endfacet
 facet normal  0.000000e+00  0.000000e+00  1.000000e+00
   outer loop
     vertex  2.057426e+02 -8.605956e+01  1.510000e+00
     vertex  2.054032e+02 -8.594030e+01  1.510000e+00
     vertex  2.061000e+02 -8.768000e+01  1.510000e+00
   endloop
 endfacet
 facet normal  0.000000e+00  0.000000e+00  1.000000e+00
   outer loop
     vertex  1.845941e+02 -6.490705e+01  1.510000e+00
     vertex  1.860188e+02 -7.559130e+01  1.510000e+00
     vertex  1.860975e+02 -7.553091e+01  1.510000e+00
   endloop
 endfacet
 facet normal  0.000000e+00  0.000000e+00  1.000000e+00
   outer loop
     vertex  1.845941e+02 -6.490705e+01  1.510000e+00
     vertex  1.845025e+02 -6.486909e+01  1.510000e+00
     vertex  1.860188e+02 -7.559130e+01  1.510000e+00
   endloop
 endfacet
 facet normal  0.000000e+00  0.000000e+00  1.000000e+00
   outer loop
     vertex  1.843254e+02 -6.463835e+01  1.510000e+00
     vertex  1.725000e+02 -5.750000e+01  1.510000e+00
     vertex  1.843634e+02 -6.473000e+01  1.510000e+00
   endloop
 endfacet
 facet normal  0.000000e+00  0.000000e+00  1.000000e+00
   outer loop
     vertex  1.843254e+02 -6.463835e+01  1.510000e+00
     vertex  1.728574e+02 -5.745957e+01  1.510000e+00
     vertex  1.725000e+02 -5.750000e+01  1.510000e+00
   endloop
 endfacet
 facet normal  0.000000e+00  0.000000e+00  1.000000e+00
   outer loop
     vertex  2.045382e+02 -8.484761e+01  1.510000e+00
     vertex  1.967230e+02 -8.516411e+01  1.510000e+00
     vertex  2.046553e+02 -8.518772e+01  1.510000e+00
   endloop
 endfacet
 facet normal  0.000000e+00  0.000000e+00  1.000000e+00
   outer loop
     vertex  2.045382e+02 -8.484761e+01  1.510000e+00
     vertex  1.967775e+02 -8.475000e+01  1.510000e+00
     vertex  1.967230e+02 -8.516411e+01  1.510000e+00
   endloop
 endfacet
 facet normal  0.000000e+00  0.000000e+00  1.000000e+00
   outer loop
     vertex  1.843125e+02 -6.454000e+01  1.510000e+00
     vertex  1.728574e+02 -5.745957e+01  1.510000e+00
     vertex  1.843254e+02 -6.463835e+01  1.510000e+00
   endloop
 endfacet
 facet normal  0.000000e+00  0.000000e+00  1.000000e+00
   outer loop
     vertex  1.843125e+02 -6.454000e+01  1.510000e+00
     vertex  1.731968e+02 -5.734032e+01  1.510000e+00
     vertex  1.728574e+02 -5.745957e+01  1.510000e+00
   endloop
 endfacet
 facet normal  0.000000e+00  0.000000e+00  1.000000e+00
   outer loop
     vertex  1.846925e+02 -6.492000e+01  1.510000e+00
     vertex  1.860975e+02 -7.553091e+01  1.510000e+00
     vertex  1.861891e+02 -7.549295e+01  1.510000e+00
   endloop
 endfacet
 facet normal  0.000000e+00  0.000000e+00  1.000000e+00
   outer loop
     vertex  1.846925e+02 -6.492000e+01  1.510000e+00
     vertex  1.845941e+02 -6.490705e+01  1.510000e+00
     vertex  1.860975e+02 -7.553091e+01  1.510000e+00
   endloop
 endfacet
 facet normal  0.000000e+00  0.000000e+00  1.000000e+00
   outer loop
     vertex  1.725000e+02 -5.268000e+01  1.510000e+00
     vertex  1.734064e+02 -5.456150e+01  1.510000e+00
     vertex  1.736961e+02 -5.481729e+01  1.510000e+00
   endloop
 endfacet
 facet normal  0.000000e+00  0.000000e+00  1.000000e+00
   outer loop
     vertex  1.725000e+02 -5.268000e+01  1.510000e+00
     vertex  1.730638e+02 -5.438263e+01  1.510000e+00
     vertex  1.734064e+02 -5.456150e+01  1.510000e+00
   endloop
 endfacet
 facet normal  0.000000e+00  0.000000e+00  1.000000e+00
   outer loop
     vertex  1.725000e+02 -5.268000e+01  1.510000e+00
     vertex  1.726883e+02 -5.429112e+01  1.510000e+00
     vertex  1.730638e+02 -5.438263e+01  1.510000e+00
   endloop
 endfacet
 facet normal  0.000000e+00  0.000000e+00  1.000000e+00
   outer loop
     vertex  1.725000e+02 -5.268000e+01  1.510000e+00
     vertex  1.723018e+02 -5.429232e+01  1.510000e+00
     vertex  1.726883e+02 -5.429112e+01  1.510000e+00
   endloop
 endfacet
 facet normal  0.000000e+00  0.000000e+00  1.000000e+00
   outer loop
     vertex  1.725000e+02 -5.268000e+01  1.510000e+00
     vertex  1.717879e+02 -5.276023e+01  1.510000e+00
     vertex  1.723018e+02 -5.429232e+01  1.510000e+00
   endloop
 endfacet
 facet normal  0.000000e+00  0.000000e+00  1.000000e+00
   outer loop
     vertex  1.847909e+02 -6.490705e+01  1.510000e+00
     vertex  1.846925e+02 -6.492000e+01  1.510000e+00
     vertex  1.861891e+02 -7.549295e+01  1.510000e+00
   endloop
 endfacet
 facet normal  0.000000e+00  0.000000e+00  1.000000e+00
   outer loop
     vertex  1.847909e+02 -6.490705e+01  1.510000e+00
     vertex  1.861891e+02 -7.549295e+01  1.510000e+00
     vertex  1.862875e+02 -7.548000e+01  1.510000e+00
   endloop
 endfacet
 facet normal  0.000000e+00  0.000000e+00  1.000000e+00
   outer loop
     vertex  1.843254e+02 -6.444165e+01  1.510000e+00
     vertex  1.731968e+02 -5.734032e+01  1.510000e+00
     vertex  1.843125e+02 -6.454000e+01  1.510000e+00
   endloop
 endfacet
 facet normal  0.000000e+00  0.000000e+00  1.000000e+00
   outer loop
     vertex  1.843254e+02 -6.444165e+01  1.510000e+00
     vertex  1.735009e+02 -5.714828e+01  1.510000e+00
     vertex  1.731968e+02 -5.734032e+01  1.510000e+00
   endloop
 endfacet
 facet normal  0.000000e+00  0.000000e+00  1.000000e+00
   outer loop
     vertex  2.061000e+02 -8.610000e+01  1.510000e+00
     vertex  2.057426e+02 -8.605956e+01  1.510000e+00
     vertex  2.061000e+02 -8.768000e+01  1.510000e+00
   endloop
 endfacet
 facet normal  0.000000e+00  0.000000e+00  1.000000e+00
   outer loop
     vertex  2.045000e+02 -8.448992e+01  1.510000e+00
     vertex  1.967230e+02 -8.433589e+01  1.510000e+00
     vertex  1.967775e+02 -8.475000e+01  1.510000e+00
   endloop
 endfacet
 facet normal  0.000000e+00  0.000000e+00  1.000000e+00
   outer loop
     vertex  2.045000e+02 -8.448992e+01  1.510000e+00
     vertex  1.967775e+02 -8.475000e+01  1.510000e+00
     vertex  2.045382e+02 -8.484761e+01  1.510000e+00
   endloop
 endfacet
 facet normal  0.000000e+00  0.000000e+00  1.000000e+00
   outer loop
     vertex  2.064574e+02 -8.605957e+01  1.510000e+00
     vertex  2.061000e+02 -8.768000e+01  1.510000e+00
     vertex  2.068121e+02 -8.759977e+01  1.510000e+00
   endloop
 endfacet
 facet normal  0.000000e+00  0.000000e+00  1.000000e+00
   outer loop
     vertex  2.064574e+02 -8.605957e+01  1.510000e+00
     vertex  2.061000e+02 -8.610000e+01  1.510000e+00
     vertex  2.061000e+02 -8.768000e+01  1.510000e+00
   endloop
 endfacet
 facet normal  0.000000e+00  0.000000e+00  1.000000e+00
   outer loop
     vertex  2.045443e+02 -8.410599e+01  1.510000e+00
     vertex  1.967230e+02 -8.433589e+01  1.510000e+00
     vertex  2.045000e+02 -8.448992e+01  1.510000e+00
   endloop
 endfacet
 facet normal  0.000000e+00  0.000000e+00  1.000000e+00
   outer loop
     vertex  2.045443e+02 -8.410599e+01  1.510000e+00
     vertex  1.965631e+02 -8.395000e+01  1.510000e+00
     vertex  1.967230e+02 -8.433589e+01  1.510000e+00
   endloop
 endfacet
 facet normal  0.000000e+00  0.000000e+00  1.000000e+00
   outer loop
     vertex  2.067968e+02 -8.594032e+01  1.510000e+00
     vertex  2.068121e+02 -8.759977e+01  1.510000e+00
     vertex  2.074884e+02 -8.736310e+01  1.510000e+00
   endloop
 endfacet
 facet normal  0.000000e+00  0.000000e+00  1.000000e+00
   outer loop
     vertex  2.067968e+02 -8.594032e+01  1.510000e+00
     vertex  2.064574e+02 -8.605957e+01  1.510000e+00
     vertex  2.068121e+02 -8.759977e+01  1.510000e+00
   endloop
 endfacet
 facet normal  0.000000e+00  0.000000e+00  1.000000e+00
   outer loop
     vertex  2.046794e+02 -8.374389e+01  1.510000e+00
     vertex  1.965631e+02 -8.395000e+01  1.510000e+00
     vertex  2.045443e+02 -8.410599e+01  1.510000e+00
   endloop
 endfacet
 facet normal  0.000000e+00  0.000000e+00  1.000000e+00
   outer loop
     vertex  2.071009e+02 -8.574828e+01  1.510000e+00
     vertex  2.067968e+02 -8.594032e+01  1.510000e+00
     vertex  2.074884e+02 -8.736310e+01  1.510000e+00
   endloop
 endfacet
 facet normal  0.000000e+00  0.000000e+00  1.000000e+00
   outer loop
     vertex  2.071009e+02 -8.574828e+01  1.510000e+00
     vertex  2.074884e+02 -8.736310e+01  1.510000e+00
     vertex  2.080952e+02 -8.698186e+01  1.510000e+00
   endloop
 endfacet
 facet normal  0.000000e+00  0.000000e+00  1.000000e+00
   outer loop
     vertex  2.048973e+02 -8.342473e+01  1.510000e+00
     vertex  1.965631e+02 -8.395000e+01  1.510000e+00
     vertex  2.046794e+02 -8.374389e+01  1.510000e+00
   endloop
 endfacet
 facet normal  0.000000e+00  0.000000e+00  1.000000e+00
   outer loop
     vertex  2.048973e+02 -8.342473e+01  1.510000e+00
     vertex  1.963089e+02 -8.361863e+01  1.510000e+00
     vertex  1.965631e+02 -8.395000e+01  1.510000e+00
   endloop
 endfacet
 facet normal  0.000000e+00  0.000000e+00  1.000000e+00
   outer loop
     vertex  2.073545e+02 -8.549315e+01  1.510000e+00
     vertex  2.071009e+02 -8.574828e+01  1.510000e+00
     vertex  2.080952e+02 -8.698186e+01  1.510000e+00
   endloop
 endfacet
 facet normal  0.000000e+00  0.000000e+00  1.000000e+00
   outer loop
     vertex  2.086019e+02 -8.647517e+01  1.510000e+00
     vertex  2.073545e+02 -8.549315e+01  1.510000e+00
     vertex  2.080952e+02 -8.698186e+01  1.510000e+00
   endloop
 endfacet
 facet normal  0.000000e+00  0.000000e+00  1.000000e+00
   outer loop
     vertex  1.869638e+02 -6.480870e+01  1.510000e+00
     vertex  1.849612e+02 -6.480870e+01  1.510000e+00
     vertex  1.848825e+02 -6.486909e+01  1.510000e+00
   endloop
 endfacet
 facet normal  0.000000e+00  0.000000e+00  1.000000e+00
   outer loop
     vertex  1.869034e+02 -6.473000e+01  1.510000e+00
     vertex  1.849612e+02 -6.480870e+01  1.510000e+00
     vertex  1.869638e+02 -6.480870e+01  1.510000e+00
   endloop
 endfacet
 facet normal  0.000000e+00  0.000000e+00  1.000000e+00
   outer loop
     vertex  1.869034e+02 -6.473000e+01  1.510000e+00
     vertex  1.850216e+02 -6.473000e+01  1.510000e+00
     vertex  1.849612e+02 -6.480870e+01  1.510000e+00
   endloop
 endfacet
 facet normal  0.000000e+00  0.000000e+00  1.000000e+00
   outer loop
     vertex  1.870425e+02 -6.486909e+01  1.510000e+00
     vertex  1.869638e+02 -6.480870e+01  1.510000e+00
     vertex  1.848825e+02 -6.486909e+01  1.510000e+00
   endloop
 endfacet
 facet normal  0.000000e+00  0.000000e+00  1.000000e+00
   outer loop
     vertex  1.870425e+02 -6.486909e+01  1.510000e+00
     vertex  1.848825e+02 -6.486909e+01  1.510000e+00
     vertex  1.847909e+02 -6.490705e+01  1.510000e+00
   endloop
 endfacet
 facet normal  0.000000e+00  0.000000e+00  1.000000e+00
   outer loop
     vertex  1.868654e+02 -6.463835e+01  1.510000e+00
     vertex  1.850216e+02 -6.473000e+01  1.510000e+00
     vertex  1.869034e+02 -6.473000e+01  1.510000e+00
   endloop
 endfacet
 facet normal  0.000000e+00  0.000000e+00  1.000000e+00
   outer loop
     vertex  1.868654e+02 -6.463835e+01  1.510000e+00
     vertex  1.850596e+02 -6.463835e+01  1.510000e+00
     vertex  1.850216e+02 -6.473000e+01  1.510000e+00
   endloop
 endfacet
 facet normal  0.000000e+00  0.000000e+00  1.000000e+00
   outer loop
     vertex  1.871341e+02 -6.490705e+01  1.510000e+00
     vertex  1.870425e+02 -6.486909e+01  1.510000e+00
     vertex  1.847909e+02 -6.490705e+01  1.510000e+00
   endloop
 endfacet
 facet normal  0.000000e+00  0.000000e+00  1.000000e+00
   outer loop
     vertex  1.871341e+02 -6.490705e+01  1.510000e+00
     vertex  1.847909e+02 -6.490705e+01  1.510000e+00
     vertex  1.862875e+02 -7.548000e+01  1.510000e+00
   endloop
 endfacet
 facet normal  0.000000e+00  0.000000e+00  1.000000e+00
   outer loop
     vertex  1.872325e+02 -6.492000e+01  1.510000e+00
     vertex  1.862875e+02 -7.548000e+01  1.510000e+00
     vertex  1.863859e+02 -7.549295e+01  1.510000e+00
   endloop
 endfacet
 facet normal  0.000000e+00  0.000000e+00  1.000000e+00
   outer loop
     vertex  1.872325e+02 -6.492000e+01  1.510000e+00
     vertex  1.863859e+02 -7.549295e+01  1.510000e+00
     vertex  1.887291e+02 -7.549295e+01  1.510000e+00
   endloop
 endfacet
 facet normal  0.000000e+00  0.000000e+00  1.000000e+00
   outer loop
     vertex  1.872325e+02 -6.492000e+01  1.510000e+00
     vertex  1.871341e+02 -6.490705e+01  1.510000e+00
     vertex  1.862875e+02 -7.548000e+01  1.510000e+00
   endloop
 endfacet
 facet normal  0.000000e+00  0.000000e+00  1.000000e+00
   outer loop
     vertex  1.868525e+02 -6.454000e+01  1.510000e+00
     vertex  1.850596e+02 -6.463835e+01  1.510000e+00
     vertex  1.868654e+02 -6.463835e+01  1.510000e+00
   endloop
 endfacet
 facet normal  0.000000e+00  0.000000e+00  1.000000e+00
   outer loop
     vertex  1.868525e+02 -6.454000e+01  1.510000e+00
     vertex  1.850596e+02 -6.444165e+01  1.510000e+00
     vertex  1.850725e+02 -6.454000e+01  1.510000e+00
   endloop
 endfacet
 facet normal  0.000000e+00  0.000000e+00  1.000000e+00
   outer loop
     vertex  1.868525e+02 -6.454000e+01  1.510000e+00
     vertex  1.850725e+02 -6.454000e+01  1.510000e+00
     vertex  1.850596e+02 -6.463835e+01  1.510000e+00
   endloop
 endfacet
 facet normal  0.000000e+00  0.000000e+00  1.000000e+00
   outer loop
     vertex  2.075446e+02 -8.518782e+01  1.510000e+00
     vertex  2.073545e+02 -8.549315e+01  1.510000e+00
     vertex  2.086019e+02 -8.647517e+01  1.510000e+00
   endloop
 endfacet
 facet normal  0.000000e+00  0.000000e+00  1.000000e+00
   outer loop
     vertex  1.868654e+02 -6.444165e+01  1.510000e+00
     vertex  1.850596e+02 -6.444165e+01  1.510000e+00
     vertex  1.868525e+02 -6.454000e+01  1.510000e+00
   endloop
 endfacet
 facet normal  0.000000e+00  0.000000e+00  1.000000e+00
   outer loop
     vertex  1.873309e+02 -6.490705e+01  1.510000e+00
     vertex  1.872325e+02 -6.492000e+01  1.510000e+00
     vertex  1.887291e+02 -7.549295e+01  1.510000e+00
   endloop
 endfacet
 facet normal  0.000000e+00  0.000000e+00  1.000000e+00
   outer loop
     vertex  1.873309e+02 -6.490705e+01  1.510000e+00
     vertex  1.887291e+02 -7.549295e+01  1.510000e+00
     vertex  1.888275e+02 -7.548000e+01  1.510000e+00
   endloop
 endfacet
 facet normal  0.000000e+00  0.000000e+00  1.000000e+00
   outer loop
     vertex  1.869034e+02 -6.435000e+01  1.510000e+00
     vertex  1.850596e+02 -6.444165e+01  1.510000e+00
     vertex  1.868654e+02 -6.444165e+01  1.510000e+00
   endloop
 endfacet
 facet normal  0.000000e+00  0.000000e+00  1.000000e+00
   outer loop
     vertex  1.869034e+02 -6.435000e+01  1.510000e+00
     vertex  1.850216e+02 -6.435000e+01  1.510000e+00
     vertex  1.850596e+02 -6.444165e+01  1.510000e+00
   endloop
 endfacet
 facet normal  0.000000e+00  0.000000e+00  1.000000e+00
   outer loop
     vertex  2.089831e+02 -8.586843e+01  1.510000e+00
     vertex  2.076618e+02 -8.484774e+01  1.510000e+00
     vertex  2.075446e+02 -8.518782e+01  1.510000e+00
   endloop
 endfacet
 facet normal  0.000000e+00  0.000000e+00  1.000000e+00
   outer loop
     vertex  2.089831e+02 -8.586843e+01  1.510000e+00
     vertex  2.075446e+02 -8.518782e+01  1.510000e+00
     vertex  2.086019e+02 -8.647517e+01  1.510000e+00
   endloop
 endfacet
 facet normal  0.000000e+00  0.000000e+00  1.000000e+00
   outer loop
     vertex  1.856938e+02 -6.226870e+01  1.510000e+00
     vertex  1.846925e+02 -6.416000e+01  1.510000e+00
     vertex  1.847909e+02 -6.417295e+01  1.510000e+00
   endloop
 endfacet
 facet normal  0.000000e+00  0.000000e+00  1.000000e+00
   outer loop
     vertex  1.857725e+02 -6.232909e+01  1.510000e+00
     vertex  1.856938e+02 -6.226870e+01  1.510000e+00
     vertex  1.847909e+02 -6.417295e+01  1.510000e+00
   endloop
 endfacet
 facet normal  0.000000e+00  0.000000e+00  1.000000e+00
   outer loop
     vertex  1.857725e+02 -6.232909e+01  1.510000e+00
     vertex  1.847909e+02 -6.417295e+01  1.510000e+00
     vertex  1.848825e+02 -6.421091e+01  1.510000e+00
   endloop
 endfacet
 facet normal  0.000000e+00  0.000000e+00  1.000000e+00
   outer loop
     vertex  1.856334e+02 -6.219000e+01  1.510000e+00
     vertex  1.846925e+02 -6.416000e+01  1.510000e+00
     vertex  1.856938e+02 -6.226870e+01  1.510000e+00
   endloop
 endfacet
 facet normal  0.000000e+00  0.000000e+00  1.000000e+00
   outer loop
     vertex  1.856334e+02 -6.219000e+01  1.510000e+00
     vertex  1.845941e+02 -6.417295e+01  1.510000e+00
     vertex  1.846925e+02 -6.416000e+01  1.510000e+00
   endloop
 endfacet
 facet normal  0.000000e+00  0.000000e+00  1.000000e+00
   outer loop
     vertex  1.858641e+02 -6.236705e+01  1.510000e+00
     vertex  1.857725e+02 -6.232909e+01  1.510000e+00
     vertex  1.848825e+02 -6.421091e+01  1.510000e+00
   endloop
 endfacet
 facet normal  0.000000e+00  0.000000e+00  1.000000e+00
   outer loop
     vertex  1.858641e+02 -6.236705e+01  1.510000e+00
     vertex  1.848825e+02 -6.421091e+01  1.510000e+00
     vertex  1.849612e+02 -6.427130e+01  1.510000e+00
   endloop
 endfacet
 facet normal  0.000000e+00  0.000000e+00  1.000000e+00
   outer loop
     vertex  1.855954e+02 -6.209835e+01  1.510000e+00
     vertex  1.845941e+02 -6.417295e+01  1.510000e+00
     vertex  1.856334e+02 -6.219000e+01  1.510000e+00
   endloop
 endfacet
 facet normal  0.000000e+00  0.000000e+00  1.000000e+00
   outer loop
     vertex  1.855954e+02 -6.209835e+01  1.510000e+00
     vertex  1.845025e+02 -6.421091e+01  1.510000e+00
     vertex  1.845941e+02 -6.417295e+01  1.510000e+00
   endloop
 endfacet
 facet normal  0.000000e+00  0.000000e+00  1.000000e+00
   outer loop
     vertex  1.859625e+02 -6.238000e+01  1.510000e+00
     vertex  1.850216e+02 -6.435000e+01  1.510000e+00
     vertex  1.869034e+02 -6.435000e+01  1.510000e+00
   endloop
 endfacet
 facet normal  0.000000e+00  0.000000e+00  1.000000e+00
   outer loop
     vertex  1.859625e+02 -6.238000e+01  1.510000e+00
     vertex  1.869034e+02 -6.435000e+01  1.510000e+00
     vertex  1.869638e+02 -6.427130e+01  1.510000e+00
   endloop
 endfacet
 facet normal  0.000000e+00  0.000000e+00  1.000000e+00
   outer loop
     vertex  1.859625e+02 -6.238000e+01  1.510000e+00
     vertex  1.858641e+02 -6.236705e+01  1.510000e+00
     vertex  1.849612e+02 -6.427130e+01  1.510000e+00
   endloop
 endfacet
 facet normal  0.000000e+00  0.000000e+00  1.000000e+00
   outer loop
     vertex  1.859625e+02 -6.238000e+01  1.510000e+00
     vertex  1.849612e+02 -6.427130e+01  1.510000e+00
     vertex  1.850216e+02 -6.435000e+01  1.510000e+00
   endloop
 endfacet
 facet normal  0.000000e+00  0.000000e+00  1.000000e+00
   outer loop
     vertex  1.855825e+02 -6.200000e+01  1.510000e+00
     vertex  1.845025e+02 -6.421091e+01  1.510000e+00
     vertex  1.855954e+02 -6.209835e+01  1.510000e+00
   endloop
 endfacet
 facet normal  0.000000e+00  0.000000e+00  1.000000e+00
   outer loop
     vertex  1.855825e+02 -6.200000e+01  1.510000e+00
     vertex  1.844238e+02 -6.427130e+01  1.510000e+00
     vertex  1.845025e+02 -6.421091e+01  1.510000e+00
   endloop
 endfacet
 facet normal  0.000000e+00  0.000000e+00  1.000000e+00
   outer loop
     vertex  1.860609e+02 -6.236705e+01  1.510000e+00
     vertex  1.869638e+02 -6.427130e+01  1.510000e+00
     vertex  1.870425e+02 -6.421091e+01  1.510000e+00
   endloop
 endfacet
 facet normal  0.000000e+00  0.000000e+00  1.000000e+00
   outer loop
     vertex  1.860609e+02 -6.236705e+01  1.510000e+00
     vertex  1.859625e+02 -6.238000e+01  1.510000e+00
     vertex  1.869638e+02 -6.427130e+01  1.510000e+00
   endloop
 endfacet
 facet normal  0.000000e+00  0.000000e+00  1.000000e+00
   outer loop
     vertex  1.855954e+02 -6.190165e+01  1.510000e+00
     vertex  1.844238e+02 -6.427130e+01  1.510000e+00
     vertex  1.855825e+02 -6.200000e+01  1.510000e+00
   endloop
 endfacet
 facet normal  0.000000e+00  0.000000e+00  1.000000e+00
   outer loop
     vertex  1.861525e+02 -6.232909e+01  1.510000e+00
     vertex  1.870425e+02 -6.421091e+01  1.510000e+00
     vertex  1.871341e+02 -6.417295e+01  1.510000e+00
   endloop
 endfacet
 facet normal  0.000000e+00  0.000000e+00  1.000000e+00
   outer loop
     vertex  1.861525e+02 -6.232909e+01  1.510000e+00
     vertex  1.860609e+02 -6.236705e+01  1.510000e+00
     vertex  1.870425e+02 -6.421091e+01  1.510000e+00
   endloop
 endfacet
 facet normal  0.000000e+00  0.000000e+00  1.000000e+00
   outer loop
     vertex  1.862312e+02 -6.226870e+01  1.510000e+00
     vertex  1.871341e+02 -6.417295e+01  1.510000e+00
     vertex  1.872325e+02 -6.416000e+01  1.510000e+00
   endloop
 endfacet
 facet normal  0.000000e+00  0.000000e+00  1.000000e+00
   outer loop
     vertex  1.862312e+02 -6.226870e+01  1.510000e+00
     vertex  1.861525e+02 -6.232909e+01  1.510000e+00
     vertex  1.871341e+02 -6.417295e+01  1.510000e+00
   endloop
 endfacet
 facet normal  0.000000e+00  0.000000e+00  1.000000e+00
   outer loop
     vertex  2.092198e+02 -8.519207e+01  1.510000e+00
     vertex  2.077000e+02 -8.449008e+01  1.510000e+00
     vertex  2.076618e+02 -8.484774e+01  1.510000e+00
   endloop
 endfacet
 facet normal  0.000000e+00  0.000000e+00  1.000000e+00
   outer loop
     vertex  2.092198e+02 -8.519207e+01  1.510000e+00
     vertex  2.076618e+02 -8.484774e+01  1.510000e+00
     vertex  2.089831e+02 -8.586843e+01  1.510000e+00
   endloop
 endfacet
 facet normal  0.000000e+00  0.000000e+00  1.000000e+00
   outer loop
     vertex  1.862916e+02 -6.219000e+01  1.510000e+00
     vertex  1.862312e+02 -6.226870e+01  1.510000e+00
     vertex  1.872325e+02 -6.416000e+01  1.510000e+00
   endloop
 endfacet
 facet normal  0.000000e+00  0.000000e+00  1.000000e+00
   outer loop
     vertex  1.895825e+02 -6.486909e+01  1.510000e+00
     vertex  1.875012e+02 -6.480870e+01  1.510000e+00
     vertex  1.874225e+02 -6.486909e+01  1.510000e+00
   endloop
 endfacet
 facet normal  0.000000e+00  0.000000e+00  1.000000e+00
   outer loop
     vertex  1.895825e+02 -6.486909e+01  1.510000e+00
     vertex  1.874225e+02 -6.486909e+01  1.510000e+00
     vertex  1.873309e+02 -6.490705e+01  1.510000e+00
   endloop
 endfacet
 facet normal  0.000000e+00  0.000000e+00  1.000000e+00
   outer loop
     vertex  1.895825e+02 -6.486909e+01  1.510000e+00
     vertex  1.895038e+02 -6.480870e+01  1.510000e+00
     vertex  1.875012e+02 -6.480870e+01  1.510000e+00
   endloop
 endfacet
 facet normal  0.000000e+00  0.000000e+00  1.000000e+00
   outer loop
     vertex  1.894434e+02 -6.473000e+01  1.510000e+00
     vertex  1.875996e+02 -6.463835e+01  1.510000e+00
     vertex  1.875616e+02 -6.473000e+01  1.510000e+00
   endloop
 endfacet
 facet normal  0.000000e+00  0.000000e+00  1.000000e+00
   outer loop
     vertex  1.894434e+02 -6.473000e+01  1.510000e+00
     vertex  1.875616e+02 -6.473000e+01  1.510000e+00
     vertex  1.875012e+02 -6.480870e+01  1.510000e+00
   endloop
 endfacet
 facet normal  0.000000e+00  0.000000e+00  1.000000e+00
   outer loop
     vertex  1.894434e+02 -6.473000e+01  1.510000e+00
     vertex  1.875012e+02 -6.480870e+01  1.510000e+00
     vertex  1.895038e+02 -6.480870e+01  1.510000e+00
   endloop
 endfacet
 facet normal  0.000000e+00  0.000000e+00  1.000000e+00
   outer loop
     vertex  1.896741e+02 -6.490705e+01  1.510000e+00
     vertex  1.895825e+02 -6.486909e+01  1.510000e+00
     vertex  1.873309e+02 -6.490705e+01  1.510000e+00
   endloop
 endfacet
 facet normal  0.000000e+00  0.000000e+00  1.000000e+00
   outer loop
     vertex  1.896741e+02 -6.490705e+01  1.510000e+00
     vertex  1.873309e+02 -6.490705e+01  1.510000e+00
     vertex  1.888275e+02 -7.548000e+01  1.510000e+00
   endloop
 endfacet
 facet normal  0.000000e+00  0.000000e+00  1.000000e+00
   outer loop
     vertex  1.894054e+02 -6.463835e+01  1.510000e+00
     vertex  1.875996e+02 -6.463835e+01  1.510000e+00
     vertex  1.894434e+02 -6.473000e+01  1.510000e+00
   endloop
 endfacet
 facet normal  0.000000e+00  0.000000e+00  1.000000e+00
   outer loop
     vertex  2.093000e+02 -8.448000e+01  1.510000e+00
     vertex  2.076533e+02 -8.409636e+01  1.510000e+00
     vertex  2.077000e+02 -8.448000e+01  1.510000e+00
   endloop
 endfacet
 facet normal  0.000000e+00  0.000000e+00  1.000000e+00
   outer loop
     vertex  2.093000e+02 -8.448000e+01  1.510000e+00
     vertex  2.075160e+02 -8.373509e+01  1.510000e+00
     vertex  2.076533e+02 -8.409636e+01  1.510000e+00
   endloop
 endfacet
 facet normal  0.000000e+00  0.000000e+00  1.000000e+00
   outer loop
     vertex  2.093000e+02 -8.448000e+01  1.510000e+00
     vertex  2.072961e+02 -8.341729e+01  1.510000e+00
     vertex  2.075160e+02 -8.373509e+01  1.510000e+00
   endloop
 endfacet
 facet normal  0.000000e+00  0.000000e+00  1.000000e+00
   outer loop
     vertex  2.093000e+02 -8.448000e+01  1.510000e+00
     vertex  2.070064e+02 -8.316150e+01  1.510000e+00
     vertex  2.072961e+02 -8.341729e+01  1.510000e+00
   endloop
 endfacet
 facet normal  0.000000e+00  0.000000e+00  1.000000e+00
   outer loop
     vertex  2.093000e+02 -8.448000e+01  1.510000e+00
     vertex  2.077000e+02 -8.449008e+01  1.510000e+00
     vertex  2.092198e+02 -8.519207e+01  1.510000e+00
   endloop
 endfacet
 facet normal  0.000000e+00  0.000000e+00  1.000000e+00
   outer loop
     vertex  2.093000e+02 -8.448000e+01  1.510000e+00
     vertex  2.077000e+02 -8.448672e+01  1.510000e+00
     vertex  2.077000e+02 -8.449008e+01  1.510000e+00
   endloop
 endfacet
 facet normal  0.000000e+00  0.000000e+00  1.000000e+00
   outer loop
     vertex  2.093000e+02 -8.448000e+01  1.510000e+00
     vertex  2.077000e+02 -8.448336e+01  1.510000e+00
     vertex  2.077000e+02 -8.448672e+01  1.510000e+00
   endloop
 endfacet
 facet normal  0.000000e+00  0.000000e+00  1.000000e+00
   outer loop
     vertex  2.093000e+02 -8.448000e+01  1.510000e+00
     vertex  2.077000e+02 -8.448000e+01  1.510000e+00
     vertex  2.077000e+02 -8.448336e+01  1.510000e+00
   endloop
 endfacet
 facet normal  0.000000e+00  0.000000e+00  1.000000e+00
   outer loop
     vertex  1.897725e+02 -6.492000e+01  1.510000e+00
     vertex  1.888275e+02 -7.548000e+01  1.510000e+00
     vertex  1.889259e+02 -7.549295e+01  1.510000e+00
   endloop
 endfacet
 facet normal  0.000000e+00  0.000000e+00  1.000000e+00
   outer loop
     vertex  1.897725e+02 -6.492000e+01  1.510000e+00
     vertex  1.896741e+02 -6.490705e+01  1.510000e+00
     vertex  1.888275e+02 -7.548000e+01  1.510000e+00
   endloop
 endfacet
 facet normal  0.000000e+00  0.000000e+00  1.000000e+00
   outer loop
     vertex  1.897725e+02 -6.492000e+01  1.510000e+00
     vertex  1.889259e+02 -7.549295e+01  1.510000e+00
     vertex  1.912691e+02 -7.549295e+01  1.510000e+00
   endloop
 endfacet
 facet normal  0.000000e+00  0.000000e+00  1.000000e+00
   outer loop
     vertex  1.893925e+02 -6.454000e+01  1.510000e+00
     vertex  1.876125e+02 -6.454000e+01  1.510000e+00
     vertex  1.875996e+02 -6.463835e+01  1.510000e+00
   endloop
 endfacet
 facet normal  0.000000e+00  0.000000e+00  1.000000e+00
   outer loop
     vertex  1.893925e+02 -6.454000e+01  1.510000e+00
     vertex  1.875996e+02 -6.463835e+01  1.510000e+00
     vertex  1.894054e+02 -6.463835e+01  1.510000e+00
   endloop
 endfacet
 facet normal  0.000000e+00  0.000000e+00  1.000000e+00
   outer loop
     vertex  1.898709e+02 -6.490705e+01  1.510000e+00
     vertex  1.897725e+02 -6.492000e+01  1.510000e+00
     vertex  1.912691e+02 -7.549295e+01  1.510000e+00
   endloop
 endfacet
 facet normal  0.000000e+00  0.000000e+00  1.000000e+00
   outer loop
     vertex  1.898709e+02 -6.490705e+01  1.510000e+00
     vertex  1.912691e+02 -7.549295e+01  1.510000e+00
     vertex  1.913675e+02 -7.548000e+01  1.510000e+00
   endloop
 endfacet
 facet normal  0.000000e+00  0.000000e+00  1.000000e+00
   outer loop
     vertex  1.894054e+02 -6.444165e+01  1.510000e+00
     vertex  1.876125e+02 -6.454000e+01  1.510000e+00
     vertex  1.893925e+02 -6.454000e+01  1.510000e+00
   endloop
 endfacet
 facet normal  0.000000e+00  0.000000e+00  1.000000e+00
   outer loop
     vertex  1.894054e+02 -6.444165e+01  1.510000e+00
     vertex  1.875996e+02 -6.444165e+01  1.510000e+00
     vertex  1.876125e+02 -6.454000e+01  1.510000e+00
   endloop
 endfacet
 facet normal  0.000000e+00  0.000000e+00  1.000000e+00
   outer loop
     vertex  1.894434e+02 -6.435000e+01  1.510000e+00
     vertex  1.875996e+02 -6.444165e+01  1.510000e+00
     vertex  1.894054e+02 -6.444165e+01  1.510000e+00
   endloop
 endfacet
 facet normal  0.000000e+00  0.000000e+00  1.000000e+00
   outer loop
     vertex  1.894434e+02 -6.435000e+01  1.510000e+00
     vertex  1.875616e+02 -6.435000e+01  1.510000e+00
     vertex  1.875996e+02 -6.444165e+01  1.510000e+00
   endloop
 endfacet
 facet normal  0.000000e+00  0.000000e+00  1.000000e+00
   outer loop
     vertex  1.822911e+02 -5.678137e+01  1.510000e+00
     vertex  1.737545e+02 -5.689315e+01  1.510000e+00
     vertex  1.735009e+02 -5.714828e+01  1.510000e+00
   endloop
 endfacet
 facet normal  0.000000e+00  0.000000e+00  1.000000e+00
   outer loop
     vertex  1.822911e+02 -5.678137e+01  1.510000e+00
     vertex  1.735009e+02 -5.714828e+01  1.510000e+00
     vertex  1.843254e+02 -6.444165e+01  1.510000e+00
   endloop
 endfacet
 facet normal  0.000000e+00  0.000000e+00  1.000000e+00
   outer loop
     vertex  1.822911e+02 -5.678137e+01  1.510000e+00
     vertex  1.843254e+02 -6.444165e+01  1.510000e+00
     vertex  1.843634e+02 -6.435000e+01  1.510000e+00
   endloop
 endfacet
 facet normal  0.000000e+00  0.000000e+00  1.000000e+00
   outer loop
     vertex  1.820369e+02 -5.645000e+01  1.510000e+00
     vertex  1.739446e+02 -5.658782e+01  1.510000e+00
     vertex  1.737545e+02 -5.689315e+01  1.510000e+00
   endloop
 endfacet
 facet normal  0.000000e+00  0.000000e+00  1.000000e+00
   outer loop
     vertex  1.820369e+02 -5.645000e+01  1.510000e+00
     vertex  1.737545e+02 -5.689315e+01  1.510000e+00
     vertex  1.822911e+02 -5.678137e+01  1.510000e+00
   endloop
 endfacet
 facet normal  0.000000e+00  0.000000e+00  1.000000e+00
   outer loop
     vertex  1.826225e+02 -5.703564e+01  1.510000e+00
     vertex  1.822911e+02 -5.678137e+01  1.510000e+00
     vertex  1.843634e+02 -6.435000e+01  1.510000e+00
   endloop
 endfacet
 facet normal  0.000000e+00  0.000000e+00  1.000000e+00
   outer loop
     vertex  1.826225e+02 -5.703564e+01  1.510000e+00
     vertex  1.843634e+02 -6.435000e+01  1.510000e+00
     vertex  1.844238e+02 -6.427130e+01  1.510000e+00
   endloop
 endfacet
 facet normal  0.000000e+00  0.000000e+00  1.000000e+00
   outer loop
     vertex  1.818770e+02 -5.606411e+01  1.510000e+00
     vertex  1.739446e+02 -5.658782e+01  1.510000e+00
     vertex  1.820369e+02 -5.645000e+01  1.510000e+00
   endloop
 endfacet
 facet normal  0.000000e+00  0.000000e+00  1.000000e+00
   outer loop
     vertex  1.818770e+02 -5.606411e+01  1.510000e+00
     vertex  1.741000e+02 -5.589008e+01  1.510000e+00
     vertex  1.740618e+02 -5.624774e+01  1.510000e+00
   endloop
 endfacet
 facet normal  0.000000e+00  0.000000e+00  1.000000e+00
   outer loop
     vertex  1.818770e+02 -5.606411e+01  1.510000e+00
     vertex  1.740618e+02 -5.624774e+01  1.510000e+00
     vertex  1.739446e+02 -5.658782e+01  1.510000e+00
   endloop
 endfacet
 facet normal  0.000000e+00  0.000000e+00  1.000000e+00
   outer loop
     vertex  1.830084e+02 -5.719548e+01  1.510000e+00
     vertex  1.826225e+02 -5.703564e+01  1.510000e+00
     vertex  1.844238e+02 -6.427130e+01  1.510000e+00
   endloop
 endfacet
 facet normal  0.000000e+00  0.000000e+00  1.000000e+00
   outer loop
     vertex  1.830084e+02 -5.719548e+01  1.510000e+00
     vertex  1.844238e+02 -6.427130e+01  1.510000e+00
     vertex  1.855954e+02 -6.190165e+01  1.510000e+00
   endloop
 endfacet
 facet normal  0.000000e+00  0.000000e+00  1.000000e+00
   outer loop
     vertex  1.830084e+02 -5.719548e+01  1.510000e+00
     vertex  1.855954e+02 -6.190165e+01  1.510000e+00
     vertex  1.856334e+02 -6.181000e+01  1.510000e+00
   endloop
 endfacet
 facet normal  0.000000e+00  0.000000e+00  1.000000e+00
   outer loop
     vertex  1.882338e+02 -6.226870e+01  1.510000e+00
     vertex  1.872325e+02 -6.416000e+01  1.510000e+00
     vertex  1.873309e+02 -6.417295e+01  1.510000e+00
   endloop
 endfacet
 facet normal  0.000000e+00  0.000000e+00  1.000000e+00
   outer loop
     vertex  1.883125e+02 -6.232909e+01  1.510000e+00
     vertex  1.873309e+02 -6.417295e+01  1.510000e+00
     vertex  1.874225e+02 -6.421091e+01  1.510000e+00
   endloop
 endfacet
 facet normal  0.000000e+00  0.000000e+00  1.000000e+00
   outer loop
     vertex  1.883125e+02 -6.232909e+01  1.510000e+00
     vertex  1.882338e+02 -6.226870e+01  1.510000e+00
     vertex  1.873309e+02 -6.417295e+01  1.510000e+00
   endloop
 endfacet
 facet normal  0.000000e+00  0.000000e+00  1.000000e+00
   outer loop
     vertex  1.881734e+02 -6.219000e+01  1.510000e+00
     vertex  1.862916e+02 -6.219000e+01  1.510000e+00
     vertex  1.872325e+02 -6.416000e+01  1.510000e+00
   endloop
 endfacet
 facet normal  0.000000e+00  0.000000e+00  1.000000e+00
   outer loop
     vertex  1.881734e+02 -6.219000e+01  1.510000e+00
     vertex  1.872325e+02 -6.416000e+01  1.510000e+00
     vertex  1.882338e+02 -6.226870e+01  1.510000e+00
   endloop
 endfacet
 facet normal  0.000000e+00  0.000000e+00  1.000000e+00
   outer loop
     vertex  1.881734e+02 -6.219000e+01  1.510000e+00
     vertex  1.863296e+02 -6.209835e+01  1.510000e+00
     vertex  1.862916e+02 -6.219000e+01  1.510000e+00
   endloop
 endfacet
 facet normal  0.000000e+00  0.000000e+00  1.000000e+00
   outer loop
     vertex  1.884041e+02 -6.236705e+01  1.510000e+00
     vertex  1.874225e+02 -6.421091e+01  1.510000e+00
     vertex  1.875012e+02 -6.427130e+01  1.510000e+00
   endloop
 endfacet
 facet normal  0.000000e+00  0.000000e+00  1.000000e+00
   outer loop
     vertex  1.884041e+02 -6.236705e+01  1.510000e+00
     vertex  1.883125e+02 -6.232909e+01  1.510000e+00
     vertex  1.874225e+02 -6.421091e+01  1.510000e+00
   endloop
 endfacet
 facet normal  0.000000e+00  0.000000e+00  1.000000e+00
   outer loop
     vertex  1.881354e+02 -6.209835e+01  1.510000e+00
     vertex  1.863296e+02 -6.209835e+01  1.510000e+00
     vertex  1.881734e+02 -6.219000e+01  1.510000e+00
   endloop
 endfacet
 facet normal  0.000000e+00  0.000000e+00  1.000000e+00
   outer loop
     vertex  1.885025e+02 -6.238000e+01  1.510000e+00
     vertex  1.875012e+02 -6.427130e+01  1.510000e+00
     vertex  1.875616e+02 -6.435000e+01  1.510000e+00
   endloop
 endfacet
 facet normal  0.000000e+00  0.000000e+00  1.000000e+00
   outer loop
     vertex  1.885025e+02 -6.238000e+01  1.510000e+00
     vertex  1.894434e+02 -6.435000e+01  1.510000e+00
     vertex  1.895038e+02 -6.427130e+01  1.510000e+00
   endloop
 endfacet
 facet normal  0.000000e+00  0.000000e+00  1.000000e+00
   outer loop
     vertex  1.885025e+02 -6.238000e+01  1.510000e+00
     vertex  1.884041e+02 -6.236705e+01  1.510000e+00
     vertex  1.875012e+02 -6.427130e+01  1.510000e+00
   endloop
 endfacet
 facet normal  0.000000e+00  0.000000e+00  1.000000e+00
   outer loop
     vertex  1.885025e+02 -6.238000e+01  1.510000e+00
     vertex  1.875616e+02 -6.435000e+01  1.510000e+00
     vertex  1.894434e+02 -6.435000e+01  1.510000e+00
   endloop
 endfacet
 facet normal  0.000000e+00  0.000000e+00  1.000000e+00
   outer loop
     vertex  1.881225e+02 -6.200000e+01  1.510000e+00
     vertex  1.863296e+02 -6.209835e+01  1.510000e+00
     vertex  1.881354e+02 -6.209835e+01  1.510000e+00
   endloop
 endfacet
 facet normal  0.000000e+00  0.000000e+00  1.000000e+00
   outer loop
     vertex  1.881225e+02 -6.200000e+01  1.510000e+00
     vertex  1.863425e+02 -6.200000e+01  1.510000e+00
     vertex  1.863296e+02 -6.209835e+01  1.510000e+00
   endloop
 endfacet
 facet normal  0.000000e+00  0.000000e+00  1.000000e+00
   outer loop
     vertex  1.818225e+02 -5.565000e+01  1.510000e+00
     vertex  1.740533e+02 -5.549636e+01  1.510000e+00
     vertex  1.741000e+02 -5.588000e+01  1.510000e+00
   endloop
 endfacet
 facet normal  0.000000e+00  0.000000e+00  1.000000e+00
   outer loop
     vertex  1.818225e+02 -5.565000e+01  1.510000e+00
     vertex  1.741000e+02 -5.588672e+01  1.510000e+00
     vertex  1.741000e+02 -5.589008e+01  1.510000e+00
   endloop
 endfacet
 facet normal  0.000000e+00  0.000000e+00  1.000000e+00
   outer loop
     vertex  1.818225e+02 -5.565000e+01  1.510000e+00
     vertex  1.741000e+02 -5.588336e+01  1.510000e+00
     vertex  1.741000e+02 -5.588672e+01  1.510000e+00
   endloop
 endfacet
 facet normal  0.000000e+00  0.000000e+00  1.000000e+00
   outer loop
     vertex  1.818225e+02 -5.565000e+01  1.510000e+00
     vertex  1.741000e+02 -5.588000e+01  1.510000e+00
     vertex  1.741000e+02 -5.588336e+01  1.510000e+00
   endloop
 endfacet
 facet normal  0.000000e+00  0.000000e+00  1.000000e+00
   outer loop
     vertex  1.818225e+02 -5.565000e+01  1.510000e+00
     vertex  1.741000e+02 -5.589008e+01  1.510000e+00
     vertex  1.818770e+02 -5.606411e+01  1.510000e+00
   endloop
 endfacet
 facet normal  0.000000e+00  0.000000e+00  1.000000e+00
   outer loop
     vertex  1.834225e+02 -5.725000e+01  1.510000e+00
     vertex  1.856334e+02 -6.181000e+01  1.510000e+00
     vertex  1.856938e+02 -6.173130e+01  1.510000e+00
   endloop
 endfacet
 facet normal  0.000000e+00  0.000000e+00  1.000000e+00
   outer loop
     vertex  1.834225e+02 -5.725000e+01  1.510000e+00
     vertex  1.830084e+02 -5.719548e+01  1.510000e+00
     vertex  1.856334e+02 -6.181000e+01  1.510000e+00
   endloop
 endfacet
 facet normal  0.000000e+00  0.000000e+00  1.000000e+00
   outer loop
     vertex  1.886009e+02 -6.236705e+01  1.510000e+00
     vertex  1.895038e+02 -6.427130e+01  1.510000e+00
     vertex  1.895825e+02 -6.421091e+01  1.510000e+00
   endloop
 endfacet
 facet normal  0.000000e+00  0.000000e+00  1.000000e+00
   outer loop
     vertex  1.886009e+02 -6.236705e+01  1.510000e+00
     vertex  1.885025e+02 -6.238000e+01  1.510000e+00
     vertex  1.895038e+02 -6.427130e+01  1.510000e+00
   endloop
 endfacet
 facet normal  0.000000e+00  0.000000e+00  1.000000e+00
   outer loop
     vertex  1.881354e+02 -6.190165e+01  1.510000e+00
     vertex  1.863425e+02 -6.200000e+01  1.510000e+00
     vertex  1.881225e+02 -6.200000e+01  1.510000e+00
   endloop
 endfacet
 facet normal  0.000000e+00  0.000000e+00  1.000000e+00
   outer loop
     vertex  1.881354e+02 -6.190165e+01  1.510000e+00
     vertex  1.863296e+02 -6.190165e+01  1.510000e+00
     vertex  1.863425e+02 -6.200000e+01  1.510000e+00
   endloop
 endfacet
 facet normal  0.000000e+00  0.000000e+00  1.000000e+00
   outer loop
     vertex  1.886925e+02 -6.232909e+01  1.510000e+00
     vertex  1.895825e+02 -6.421091e+01  1.510000e+00
     vertex  1.896741e+02 -6.417295e+01  1.510000e+00
   endloop
 endfacet
 facet normal  0.000000e+00  0.000000e+00  1.000000e+00
   outer loop
     vertex  1.886925e+02 -6.232909e+01  1.510000e+00
     vertex  1.886009e+02 -6.236705e+01  1.510000e+00
     vertex  1.895825e+02 -6.421091e+01  1.510000e+00
   endloop
 endfacet
 facet normal  0.000000e+00  0.000000e+00  1.000000e+00
   outer loop
     vertex  1.881734e+02 -6.181000e+01  1.510000e+00
     vertex  1.862916e+02 -6.181000e+01  1.510000e+00
     vertex  1.863296e+02 -6.190165e+01  1.510000e+00
   endloop
 endfacet
 facet normal  0.000000e+00  0.000000e+00  1.000000e+00
   outer loop
     vertex  1.881734e+02 -6.181000e+01  1.510000e+00
     vertex  1.863296e+02 -6.190165e+01  1.510000e+00
     vertex  1.881354e+02 -6.190165e+01  1.510000e+00
   endloop
 endfacet
 facet normal  0.000000e+00  0.000000e+00  1.000000e+00
   outer loop
     vertex  1.887712e+02 -6.226870e+01  1.510000e+00
     vertex  1.896741e+02 -6.417295e+01  1.510000e+00
     vertex  1.897725e+02 -6.416000e+01  1.510000e+00
   endloop
 endfacet
 facet normal  0.000000e+00  0.000000e+00  1.000000e+00
   outer loop
     vertex  1.887712e+02 -6.226870e+01  1.510000e+00
     vertex  1.886925e+02 -6.232909e+01  1.510000e+00
     vertex  1.896741e+02 -6.417295e+01  1.510000e+00
   endloop
 endfacet
 facet normal  0.000000e+00  0.000000e+00  1.000000e+00
   outer loop
     vertex  1.882338e+02 -6.173130e+01  1.510000e+00
     vertex  1.861525e+02 -6.167091e+01  1.510000e+00
     vertex  1.862312e+02 -6.173130e+01  1.510000e+00
   endloop
 endfacet
 facet normal  0.000000e+00  0.000000e+00  1.000000e+00
   outer loop
     vertex  1.882338e+02 -6.173130e+01  1.510000e+00
     vertex  1.862916e+02 -6.181000e+01  1.510000e+00
     vertex  1.881734e+02 -6.181000e+01  1.510000e+00
   endloop
 endfacet
 facet normal  0.000000e+00  0.000000e+00  1.000000e+00
   outer loop
     vertex  1.882338e+02 -6.173130e+01  1.510000e+00
     vertex  1.862312e+02 -6.173130e+01  1.510000e+00
     vertex  1.862916e+02 -6.181000e+01  1.510000e+00
   endloop
 endfacet
 facet normal  0.000000e+00  0.000000e+00  1.000000e+00
   outer loop
     vertex  1.818770e+02 -5.523589e+01  1.510000e+00
     vertex  1.739160e+02 -5.513509e+01  1.510000e+00
     vertex  1.740533e+02 -5.549636e+01  1.510000e+00
   endloop
 endfacet
 facet normal  0.000000e+00  0.000000e+00  1.000000e+00
   outer loop
     vertex  1.818770e+02 -5.523589e+01  1.510000e+00
     vertex  1.740533e+02 -5.549636e+01  1.510000e+00
     vertex  1.818225e+02 -5.565000e+01  1.510000e+00
   endloop
 endfacet
 facet normal  0.000000e+00  0.000000e+00  1.000000e+00
   outer loop
     vertex  1.838366e+02 -5.719548e+01  1.510000e+00
     vertex  1.834225e+02 -5.725000e+01  1.510000e+00
     vertex  1.856938e+02 -6.173130e+01  1.510000e+00
   endloop
 endfacet
 facet normal  0.000000e+00  0.000000e+00  1.000000e+00
   outer loop
     vertex  1.838366e+02 -5.719548e+01  1.510000e+00
     vertex  1.856938e+02 -6.173130e+01  1.510000e+00
     vertex  1.857725e+02 -6.167091e+01  1.510000e+00
   endloop
 endfacet
 facet normal  0.000000e+00  0.000000e+00  1.000000e+00
   outer loop
     vertex  1.838366e+02 -5.719548e+01  1.510000e+00
     vertex  1.857725e+02 -6.167091e+01  1.510000e+00
     vertex  1.858641e+02 -6.163295e+01  1.510000e+00
   endloop
 endfacet
 facet normal  0.000000e+00  0.000000e+00  1.000000e+00
   outer loop
     vertex  1.883125e+02 -6.167091e+01  1.510000e+00
     vertex  1.861525e+02 -6.167091e+01  1.510000e+00
     vertex  1.882338e+02 -6.173130e+01  1.510000e+00
   endloop
 endfacet
 facet normal  0.000000e+00  0.000000e+00  1.000000e+00
   outer loop
     vertex  1.888316e+02 -6.219000e+01  1.510000e+00
     vertex  1.887712e+02 -6.226870e+01  1.510000e+00
     vertex  1.897725e+02 -6.416000e+01  1.510000e+00
   endloop
 endfacet
 facet normal  0.000000e+00  0.000000e+00  1.000000e+00
   outer loop
     vertex  1.884041e+02 -6.163295e+01  1.510000e+00
     vertex  1.861525e+02 -6.167091e+01  1.510000e+00
     vertex  1.883125e+02 -6.167091e+01  1.510000e+00
   endloop
 endfacet
 facet normal  0.000000e+00  0.000000e+00  1.000000e+00
   outer loop
     vertex  1.884041e+02 -6.163295e+01  1.510000e+00
     vertex  1.860609e+02 -6.163295e+01  1.510000e+00
     vertex  1.861525e+02 -6.167091e+01  1.510000e+00
   endloop
 endfacet
 facet normal  0.000000e+00  0.000000e+00  1.000000e+00
   outer loop
     vertex  2.015279e+02 -7.471213e+01  1.510000e+00
     vertex  1.942746e+02 -7.595835e+01  1.510000e+00
     vertex  1.942366e+02 -7.605000e+01  1.510000e+00
   endloop
 endfacet
 facet normal  0.000000e+00  0.000000e+00  1.000000e+00
   outer loop
     vertex  2.014802e+02 -7.465000e+01  1.510000e+00
     vertex  1.942746e+02 -7.595835e+01  1.510000e+00
     vertex  2.015279e+02 -7.471213e+01  1.510000e+00
   endloop
 endfacet
 facet normal  0.000000e+00  0.000000e+00  1.000000e+00
   outer loop
     vertex  2.014802e+02 -7.465000e+01  1.510000e+00
     vertex  1.942875e+02 -7.586000e+01  1.510000e+00
     vertex  1.942746e+02 -7.595835e+01  1.510000e+00
   endloop
 endfacet
 facet normal  0.000000e+00  0.000000e+00  1.000000e+00
   outer loop
     vertex  2.015900e+02 -7.475981e+01  1.510000e+00
     vertex  1.942366e+02 -7.605000e+01  1.510000e+00
     vertex  1.959775e+02 -8.336436e+01  1.510000e+00
   endloop
 endfacet
 facet normal  0.000000e+00  0.000000e+00  1.000000e+00
   outer loop
     vertex  2.015900e+02 -7.475981e+01  1.510000e+00
     vertex  2.015279e+02 -7.471213e+01  1.510000e+00
     vertex  1.942366e+02 -7.605000e+01  1.510000e+00
   endloop
 endfacet
 facet normal  0.000000e+00  0.000000e+00  1.000000e+00
   outer loop
     vertex  2.015900e+02 -7.475981e+01  1.510000e+00
     vertex  1.959775e+02 -8.336436e+01  1.510000e+00
     vertex  1.963089e+02 -8.361863e+01  1.510000e+00
   endloop
 endfacet
 facet normal  0.000000e+00  0.000000e+00  1.000000e+00
   outer loop
     vertex  2.016624e+02 -7.478978e+01  1.510000e+00
     vertex  2.015900e+02 -7.475981e+01  1.510000e+00
     vertex  1.963089e+02 -8.361863e+01  1.510000e+00
   endloop
 endfacet
 facet normal  0.000000e+00  0.000000e+00  1.000000e+00
   outer loop
     vertex  2.016624e+02 -7.478978e+01  1.510000e+00
     vertex  1.963089e+02 -8.361863e+01  1.510000e+00
     vertex  2.048973e+02 -8.342473e+01  1.510000e+00
   endloop
 endfacet
 facet normal  0.000000e+00  0.000000e+00  1.000000e+00
   outer loop
     vertex  2.014502e+02 -7.457765e+01  1.510000e+00
     vertex  1.942875e+02 -7.586000e+01  1.510000e+00
     vertex  2.014802e+02 -7.465000e+01  1.510000e+00
   endloop
 endfacet
 facet normal  0.000000e+00  0.000000e+00  1.000000e+00
   outer loop
     vertex  2.014502e+02 -7.457765e+01  1.510000e+00
     vertex  1.942746e+02 -7.576165e+01  1.510000e+00
     vertex  1.942875e+02 -7.586000e+01  1.510000e+00
   endloop
 endfacet
 facet normal  0.000000e+00  0.000000e+00  1.000000e+00
   outer loop
     vertex  2.014400e+02 -7.450000e+01  1.510000e+00
     vertex  1.942746e+02 -7.576165e+01  1.510000e+00
     vertex  2.014502e+02 -7.457765e+01  1.510000e+00
   endloop
 endfacet
 facet normal  0.000000e+00  0.000000e+00  1.000000e+00
   outer loop
     vertex  2.014400e+02 -7.450000e+01  1.510000e+00
     vertex  1.942366e+02 -7.567000e+01  1.510000e+00
     vertex  1.942746e+02 -7.576165e+01  1.510000e+00
   endloop
 endfacet
 facet normal  0.000000e+00  0.000000e+00  1.000000e+00
   outer loop
     vertex  2.017400e+02 -7.480000e+01  1.510000e+00
     vertex  2.048973e+02 -8.342473e+01  1.510000e+00
     vertex  2.051855e+02 -8.316714e+01  1.510000e+00
   endloop
 endfacet
 facet normal  0.000000e+00  0.000000e+00  1.000000e+00
   outer loop
     vertex  2.017400e+02 -7.480000e+01  1.510000e+00
     vertex  2.016624e+02 -7.478978e+01  1.510000e+00
     vertex  2.048973e+02 -8.342473e+01  1.510000e+00
   endloop
 endfacet
 facet normal  0.000000e+00  0.000000e+00  1.000000e+00
   outer loop
     vertex  2.014502e+02 -7.442236e+01  1.510000e+00
     vertex  1.942366e+02 -7.567000e+01  1.510000e+00
     vertex  2.014400e+02 -7.450000e+01  1.510000e+00
   endloop
 endfacet
 facet normal  0.000000e+00  0.000000e+00  1.000000e+00
   outer loop
     vertex  2.014502e+02 -7.442236e+01  1.510000e+00
     vertex  1.941762e+02 -7.559130e+01  1.510000e+00
     vertex  1.942366e+02 -7.567000e+01  1.510000e+00
   endloop
 endfacet
 facet normal  0.000000e+00  0.000000e+00  1.000000e+00
   outer loop
     vertex  2.014802e+02 -7.435000e+01  1.510000e+00
     vertex  1.941762e+02 -7.559130e+01  1.510000e+00
     vertex  2.014502e+02 -7.442236e+01  1.510000e+00
   endloop
 endfacet
 facet normal  0.000000e+00  0.000000e+00  1.000000e+00
   outer loop
     vertex  2.014802e+02 -7.435000e+01  1.510000e+00
     vertex  1.940975e+02 -7.553091e+01  1.510000e+00
     vertex  1.941762e+02 -7.559130e+01  1.510000e+00
   endloop
 endfacet
 facet normal  0.000000e+00  0.000000e+00  1.000000e+00
   outer loop
     vertex  1.820369e+02 -5.485000e+01  1.510000e+00
     vertex  1.736961e+02 -5.481729e+01  1.510000e+00
     vertex  1.739160e+02 -5.513509e+01  1.510000e+00
   endloop
 endfacet
 facet normal  0.000000e+00  0.000000e+00  1.000000e+00
   outer loop
     vertex  1.820369e+02 -5.485000e+01  1.510000e+00
     vertex  1.739160e+02 -5.513509e+01  1.510000e+00
     vertex  1.818770e+02 -5.523589e+01  1.510000e+00
   endloop
 endfacet
 facet normal  0.000000e+00  0.000000e+00  1.000000e+00
   outer loop
     vertex  1.842225e+02 -5.703564e+01  1.510000e+00
     vertex  1.838366e+02 -5.719548e+01  1.510000e+00
     vertex  1.858641e+02 -6.163295e+01  1.510000e+00
   endloop
 endfacet
 facet normal  0.000000e+00  0.000000e+00  1.000000e+00
   outer loop
     vertex  1.842225e+02 -5.703564e+01  1.510000e+00
     vertex  1.858641e+02 -6.163295e+01  1.510000e+00
     vertex  1.859625e+02 -6.162000e+01  1.510000e+00
   endloop
 endfacet
 facet normal  0.000000e+00  0.000000e+00  1.000000e+00
   outer loop
     vertex  2.015279e+02 -7.428787e+01  1.510000e+00
     vertex  1.940975e+02 -7.553091e+01  1.510000e+00
     vertex  2.014802e+02 -7.435000e+01  1.510000e+00
   endloop
 endfacet
 facet normal  0.000000e+00  0.000000e+00  1.000000e+00
   outer loop
     vertex  1.921225e+02 -6.486909e+01  1.510000e+00
     vertex  1.920438e+02 -6.480870e+01  1.510000e+00
     vertex  1.900412e+02 -6.480870e+01  1.510000e+00
   endloop
 endfacet
 facet normal  0.000000e+00  0.000000e+00  1.000000e+00
   outer loop
     vertex  1.921225e+02 -6.486909e+01  1.510000e+00
     vertex  1.900412e+02 -6.480870e+01  1.510000e+00
     vertex  1.899625e+02 -6.486909e+01  1.510000e+00
   endloop
 endfacet
 facet normal  0.000000e+00  0.000000e+00  1.000000e+00
   outer loop
     vertex  1.921225e+02 -6.486909e+01  1.510000e+00
     vertex  1.899625e+02 -6.486909e+01  1.510000e+00
     vertex  1.898709e+02 -6.490705e+01  1.510000e+00
   endloop
 endfacet
 facet normal  0.000000e+00  0.000000e+00  1.000000e+00
   outer loop
     vertex  1.919834e+02 -6.473000e+01  1.510000e+00
     vertex  1.900412e+02 -6.480870e+01  1.510000e+00
     vertex  1.920438e+02 -6.480870e+01  1.510000e+00
   endloop
 endfacet
 facet normal  0.000000e+00  0.000000e+00  1.000000e+00
   outer loop
     vertex  1.919834e+02 -6.473000e+01  1.510000e+00
     vertex  1.901016e+02 -6.473000e+01  1.510000e+00
     vertex  1.900412e+02 -6.480870e+01  1.510000e+00
   endloop
 endfacet
 facet normal  0.000000e+00  0.000000e+00  1.000000e+00
   outer loop
     vertex  1.922141e+02 -6.490705e+01  1.510000e+00
     vertex  1.898709e+02 -6.490705e+01  1.510000e+00
     vertex  1.913675e+02 -7.548000e+01  1.510000e+00
   endloop
 endfacet
 facet normal  0.000000e+00  0.000000e+00  1.000000e+00
   outer loop
     vertex  1.922141e+02 -6.490705e+01  1.510000e+00
     vertex  1.921225e+02 -6.486909e+01  1.510000e+00
     vertex  1.898709e+02 -6.490705e+01  1.510000e+00
   endloop
 endfacet
 facet normal  0.000000e+00  0.000000e+00  1.000000e+00
   outer loop
     vertex  1.919454e+02 -6.463835e+01  1.510000e+00
     vertex  1.901016e+02 -6.473000e+01  1.510000e+00
     vertex  1.919834e+02 -6.473000e+01  1.510000e+00
   endloop
 endfacet
 facet normal  0.000000e+00  0.000000e+00  1.000000e+00
   outer loop
     vertex  1.919454e+02 -6.463835e+01  1.510000e+00
     vertex  1.901396e+02 -6.463835e+01  1.510000e+00
     vertex  1.901016e+02 -6.473000e+01  1.510000e+00
   endloop
 endfacet
 facet normal  0.000000e+00  0.000000e+00  1.000000e+00
   outer loop
     vertex  1.923125e+02 -6.492000e+01  1.510000e+00
     vertex  1.914659e+02 -7.549295e+01  1.510000e+00
     vertex  1.938091e+02 -7.549295e+01  1.510000e+00
   endloop
 endfacet
 facet normal  0.000000e+00  0.000000e+00  1.000000e+00
   outer loop
     vertex  1.923125e+02 -6.492000e+01  1.510000e+00
     vertex  1.922141e+02 -6.490705e+01  1.510000e+00
     vertex  1.913675e+02 -7.548000e+01  1.510000e+00
   endloop
 endfacet
 facet normal  0.000000e+00  0.000000e+00  1.000000e+00
   outer loop
     vertex  1.923125e+02 -6.492000e+01  1.510000e+00
     vertex  1.913675e+02 -7.548000e+01  1.510000e+00
     vertex  1.914659e+02 -7.549295e+01  1.510000e+00
   endloop
 endfacet
 facet normal  0.000000e+00  0.000000e+00  1.000000e+00
   outer loop
     vertex  1.919325e+02 -6.454000e+01  1.510000e+00
     vertex  1.901396e+02 -6.463835e+01  1.510000e+00
     vertex  1.919454e+02 -6.463835e+01  1.510000e+00
   endloop
 endfacet
 facet normal  0.000000e+00  0.000000e+00  1.000000e+00
   outer loop
     vertex  1.919325e+02 -6.454000e+01  1.510000e+00
     vertex  1.901525e+02 -6.454000e+01  1.510000e+00
     vertex  1.901396e+02 -6.463835e+01  1.510000e+00
   endloop
 endfacet
 facet normal  0.000000e+00  0.000000e+00  1.000000e+00
   outer loop
     vertex  1.924109e+02 -6.490705e+01  1.510000e+00
     vertex  1.923125e+02 -6.492000e+01  1.510000e+00
     vertex  1.938091e+02 -7.549295e+01  1.510000e+00
   endloop
 endfacet
 facet normal  0.000000e+00  0.000000e+00  1.000000e+00
   outer loop
     vertex  1.924109e+02 -6.490705e+01  1.510000e+00
     vertex  1.938091e+02 -7.549295e+01  1.510000e+00
     vertex  1.939075e+02 -7.548000e+01  1.510000e+00
   endloop
 endfacet
 facet normal  0.000000e+00  0.000000e+00  1.000000e+00
   outer loop
     vertex  1.919454e+02 -6.444165e+01  1.510000e+00
     vertex  1.901525e+02 -6.454000e+01  1.510000e+00
     vertex  1.919325e+02 -6.454000e+01  1.510000e+00
   endloop
 endfacet
 facet normal  0.000000e+00  0.000000e+00  1.000000e+00
   outer loop
     vertex  1.919454e+02 -6.444165e+01  1.510000e+00
     vertex  1.901396e+02 -6.444165e+01  1.510000e+00
     vertex  1.901525e+02 -6.454000e+01  1.510000e+00
   endloop
 endfacet
 facet normal  0.000000e+00  0.000000e+00  1.000000e+00
   outer loop
     vertex  1.925025e+02 -6.486909e+01  1.510000e+00
     vertex  1.924109e+02 -6.490705e+01  1.510000e+00
     vertex  1.939075e+02 -7.548000e+01  1.510000e+00
   endloop
 endfacet
 facet normal  0.000000e+00  0.000000e+00  1.000000e+00
   outer loop
     vertex  1.925025e+02 -6.486909e+01  1.510000e+00
     vertex  1.939075e+02 -7.548000e+01  1.510000e+00
     vertex  1.940059e+02 -7.549295e+01  1.510000e+00
   endloop
 endfacet
 facet normal  0.000000e+00  0.000000e+00  1.000000e+00
   outer loop
     vertex  1.919834e+02 -6.435000e+01  1.510000e+00
     vertex  1.901016e+02 -6.435000e+01  1.510000e+00
     vertex  1.901396e+02 -6.444165e+01  1.510000e+00
   endloop
 endfacet
 facet normal  0.000000e+00  0.000000e+00  1.000000e+00
   outer loop
     vertex  1.919834e+02 -6.435000e+01  1.510000e+00
     vertex  1.901396e+02 -6.444165e+01  1.510000e+00
     vertex  1.919454e+02 -6.444165e+01  1.510000e+00
   endloop
 endfacet
 facet normal  0.000000e+00  0.000000e+00  1.000000e+00
   outer loop
     vertex  1.925812e+02 -6.480870e+01  1.510000e+00
     vertex  1.925025e+02 -6.486909e+01  1.510000e+00
     vertex  1.940059e+02 -7.549295e+01  1.510000e+00
   endloop
 endfacet
 facet normal  0.000000e+00  0.000000e+00  1.000000e+00
   outer loop
     vertex  1.845539e+02 -5.678137e+01  1.510000e+00
     vertex  1.842225e+02 -5.703564e+01  1.510000e+00
     vertex  1.859625e+02 -6.162000e+01  1.510000e+00
   endloop
 endfacet
 facet normal  0.000000e+00  0.000000e+00  1.000000e+00
   outer loop
     vertex  1.845539e+02 -5.678137e+01  1.510000e+00
     vertex  1.860609e+02 -6.163295e+01  1.510000e+00
     vertex  1.884041e+02 -6.163295e+01  1.510000e+00
   endloop
 endfacet
 facet normal  0.000000e+00  0.000000e+00  1.000000e+00
   outer loop
     vertex  1.845539e+02 -5.678137e+01  1.510000e+00
     vertex  1.859625e+02 -6.162000e+01  1.510000e+00
     vertex  1.860609e+02 -6.163295e+01  1.510000e+00
   endloop
 endfacet
 facet normal  0.000000e+00  0.000000e+00  1.000000e+00
   outer loop
     vertex  1.822911e+02 -5.451863e+01  1.510000e+00
     vertex  1.725000e+02 -5.268000e+01  1.510000e+00
     vertex  1.736961e+02 -5.481729e+01  1.510000e+00
   endloop
 endfacet
 facet normal  0.000000e+00  0.000000e+00  1.000000e+00
   outer loop
     vertex  1.822911e+02 -5.451863e+01  1.510000e+00
     vertex  1.736961e+02 -5.481729e+01  1.510000e+00
     vertex  1.820369e+02 -5.485000e+01  1.510000e+00
   endloop
 endfacet
 facet normal  0.000000e+00  0.000000e+00  1.000000e+00
   outer loop
     vertex  2.028400e+02 -7.480000e+01  1.510000e+00
     vertex  2.017400e+02 -7.480000e+01  1.510000e+00
     vertex  2.051855e+02 -8.316714e+01  1.510000e+00
   endloop
 endfacet
 facet normal  0.000000e+00  0.000000e+00  1.000000e+00
   outer loop
     vertex  2.028400e+02 -7.480000e+01  1.510000e+00
     vertex  2.051855e+02 -8.316714e+01  1.510000e+00
     vertex  2.055269e+02 -8.298615e+01  1.510000e+00
   endloop
 endfacet
 facet normal  0.000000e+00  0.000000e+00  1.000000e+00
   outer loop
     vertex  2.029176e+02 -7.478978e+01  1.510000e+00
     vertex  2.028400e+02 -7.480000e+01  1.510000e+00
     vertex  2.055269e+02 -8.298615e+01  1.510000e+00
   endloop
 endfacet
 facet normal  0.000000e+00  0.000000e+00  1.000000e+00
   outer loop
     vertex  1.826225e+02 -5.426436e+01  1.510000e+00
     vertex  1.725000e+02 -5.268000e+01  1.510000e+00
     vertex  1.822911e+02 -5.451863e+01  1.510000e+00
   endloop
 endfacet
 facet normal  0.000000e+00  0.000000e+00  1.000000e+00
   outer loop
     vertex  1.848081e+02 -5.645000e+01  1.510000e+00
     vertex  1.845539e+02 -5.678137e+01  1.510000e+00
     vertex  1.884041e+02 -6.163295e+01  1.510000e+00
   endloop
 endfacet
 facet normal  0.000000e+00  0.000000e+00  1.000000e+00
   outer loop
     vertex  1.848081e+02 -5.645000e+01  1.510000e+00
     vertex  1.884041e+02 -6.163295e+01  1.510000e+00
     vertex  1.885025e+02 -6.162000e+01  1.510000e+00
   endloop
 endfacet
 facet normal  0.000000e+00  0.000000e+00  1.000000e+00
   outer loop
     vertex  1.907738e+02 -6.226870e+01  1.510000e+00
     vertex  1.897725e+02 -6.416000e+01  1.510000e+00
     vertex  1.898709e+02 -6.417295e+01  1.510000e+00
   endloop
 endfacet
 facet normal  0.000000e+00  0.000000e+00  1.000000e+00
   outer loop
     vertex  1.908525e+02 -6.232909e+01  1.510000e+00
     vertex  1.898709e+02 -6.417295e+01  1.510000e+00
     vertex  1.899625e+02 -6.421091e+01  1.510000e+00
   endloop
 endfacet
 facet normal  0.000000e+00  0.000000e+00  1.000000e+00
   outer loop
     vertex  1.908525e+02 -6.232909e+01  1.510000e+00
     vertex  1.907738e+02 -6.226870e+01  1.510000e+00
     vertex  1.898709e+02 -6.417295e+01  1.510000e+00
   endloop
 endfacet
 facet normal  0.000000e+00  0.000000e+00  1.000000e+00
   outer loop
     vertex  1.907134e+02 -6.219000e+01  1.510000e+00
     vertex  1.888316e+02 -6.219000e+01  1.510000e+00
     vertex  1.897725e+02 -6.416000e+01  1.510000e+00
   endloop
 endfacet
 facet normal  0.000000e+00  0.000000e+00  1.000000e+00
   outer loop
     vertex  1.907134e+02 -6.219000e+01  1.510000e+00
     vertex  1.897725e+02 -6.416000e+01  1.510000e+00
     vertex  1.907738e+02 -6.226870e+01  1.510000e+00
   endloop
 endfacet
 facet normal  0.000000e+00  0.000000e+00  1.000000e+00
   outer loop
     vertex  1.907134e+02 -6.219000e+01  1.510000e+00
     vertex  1.888696e+02 -6.209835e+01  1.510000e+00
     vertex  1.888316e+02 -6.219000e+01  1.510000e+00
   endloop
 endfacet
 facet normal  0.000000e+00  0.000000e+00  1.000000e+00
   outer loop
     vertex  1.909441e+02 -6.236705e+01  1.510000e+00
     vertex  1.899625e+02 -6.421091e+01  1.510000e+00
     vertex  1.900412e+02 -6.427130e+01  1.510000e+00
   endloop
 endfacet
 facet normal  0.000000e+00  0.000000e+00  1.000000e+00
   outer loop
     vertex  1.909441e+02 -6.236705e+01  1.510000e+00
     vertex  1.908525e+02 -6.232909e+01  1.510000e+00
     vertex  1.899625e+02 -6.421091e+01  1.510000e+00
   endloop
 endfacet
 facet normal  0.000000e+00  0.000000e+00  1.000000e+00
   outer loop
     vertex  1.906754e+02 -6.209835e+01  1.510000e+00
     vertex  1.888696e+02 -6.209835e+01  1.510000e+00
     vertex  1.907134e+02 -6.219000e+01  1.510000e+00
   endloop
 endfacet
 facet normal  0.000000e+00  0.000000e+00  1.000000e+00
   outer loop
     vertex  1.910425e+02 -6.238000e+01  1.510000e+00
     vertex  1.900412e+02 -6.427130e+01  1.510000e+00
     vertex  1.901016e+02 -6.435000e+01  1.510000e+00
   endloop
 endfacet
 facet normal  0.000000e+00  0.000000e+00  1.000000e+00
   outer loop
     vertex  1.910425e+02 -6.238000e+01  1.510000e+00
     vertex  1.901016e+02 -6.435000e+01  1.510000e+00
     vertex  1.919834e+02 -6.435000e+01  1.510000e+00
   endloop
 endfacet
 facet normal  0.000000e+00  0.000000e+00  1.000000e+00
   outer loop
     vertex  1.910425e+02 -6.238000e+01  1.510000e+00
     vertex  1.919834e+02 -6.435000e+01  1.510000e+00
     vertex  1.920438e+02 -6.427130e+01  1.510000e+00
   endloop
 endfacet
 facet normal  0.000000e+00  0.000000e+00  1.000000e+00
   outer loop
     vertex  1.910425e+02 -6.238000e+01  1.510000e+00
     vertex  1.909441e+02 -6.236705e+01  1.510000e+00
     vertex  1.900412e+02 -6.427130e+01  1.510000e+00
   endloop
 endfacet
 facet normal  0.000000e+00  0.000000e+00  1.000000e+00
   outer loop
     vertex  1.906625e+02 -6.200000e+01  1.510000e+00
     vertex  1.888696e+02 -6.209835e+01  1.510000e+00
     vertex  1.906754e+02 -6.209835e+01  1.510000e+00
   endloop
 endfacet
 facet normal  0.000000e+00  0.000000e+00  1.000000e+00
   outer loop
     vertex  1.906625e+02 -6.200000e+01  1.510000e+00
     vertex  1.888825e+02 -6.200000e+01  1.510000e+00
     vertex  1.888696e+02 -6.209835e+01  1.510000e+00
   endloop
 endfacet
 facet normal  0.000000e+00  0.000000e+00  1.000000e+00
   outer loop
     vertex  1.911409e+02 -6.236705e+01  1.510000e+00
     vertex  1.910425e+02 -6.238000e+01  1.510000e+00
     vertex  1.920438e+02 -6.427130e+01  1.510000e+00
   endloop
 endfacet
 facet normal  0.000000e+00  0.000000e+00  1.000000e+00
   outer loop
     vertex  1.911409e+02 -6.236705e+01  1.510000e+00
     vertex  1.920438e+02 -6.427130e+01  1.510000e+00
     vertex  1.921225e+02 -6.421091e+01  1.510000e+00
   endloop
 endfacet
 facet normal  0.000000e+00  0.000000e+00  1.000000e+00
   outer loop
     vertex  1.906754e+02 -6.190165e+01  1.510000e+00
     vertex  1.888825e+02 -6.200000e+01  1.510000e+00
     vertex  1.906625e+02 -6.200000e+01  1.510000e+00
   endloop
 endfacet
 facet normal  0.000000e+00  0.000000e+00  1.000000e+00
   outer loop
     vertex  1.906754e+02 -6.190165e+01  1.510000e+00
     vertex  1.888696e+02 -6.190165e+01  1.510000e+00
     vertex  1.888825e+02 -6.200000e+01  1.510000e+00
   endloop
 endfacet
 facet normal  0.000000e+00  0.000000e+00  1.000000e+00
   outer loop
     vertex  1.912325e+02 -6.232909e+01  1.510000e+00
     vertex  1.921225e+02 -6.421091e+01  1.510000e+00
     vertex  1.922141e+02 -6.417295e+01  1.510000e+00
   endloop
 endfacet
 facet normal  0.000000e+00  0.000000e+00  1.000000e+00
   outer loop
     vertex  1.912325e+02 -6.232909e+01  1.510000e+00
     vertex  1.911409e+02 -6.236705e+01  1.510000e+00
     vertex  1.921225e+02 -6.421091e+01  1.510000e+00
   endloop
 endfacet
 facet normal  0.000000e+00  0.000000e+00  1.000000e+00
   outer loop
     vertex  1.907134e+02 -6.181000e+01  1.510000e+00
     vertex  1.888696e+02 -6.190165e+01  1.510000e+00
     vertex  1.906754e+02 -6.190165e+01  1.510000e+00
   endloop
 endfacet
 facet normal  0.000000e+00  0.000000e+00  1.000000e+00
   outer loop
     vertex  1.907134e+02 -6.181000e+01  1.510000e+00
     vertex  1.887712e+02 -6.173130e+01  1.510000e+00
     vertex  1.888316e+02 -6.181000e+01  1.510000e+00
   endloop
 endfacet
 facet normal  0.000000e+00  0.000000e+00  1.000000e+00
   outer loop
     vertex  1.907134e+02 -6.181000e+01  1.510000e+00
     vertex  1.888316e+02 -6.181000e+01  1.510000e+00
     vertex  1.888696e+02 -6.190165e+01  1.510000e+00
   endloop
 endfacet
 facet normal  0.000000e+00  0.000000e+00  1.000000e+00
   outer loop
     vertex  1.830084e+02 -5.410452e+01  1.510000e+00
     vertex  1.725000e+02 -5.268000e+01  1.510000e+00
     vertex  1.826225e+02 -5.426436e+01  1.510000e+00
   endloop
 endfacet
 facet normal  0.000000e+00  0.000000e+00  1.000000e+00
   outer loop
     vertex  1.849680e+02 -5.606411e+01  1.510000e+00
     vertex  1.848081e+02 -5.645000e+01  1.510000e+00
     vertex  1.885025e+02 -6.162000e+01  1.510000e+00
   endloop
 endfacet
 facet normal  0.000000e+00  0.000000e+00  1.000000e+00
   outer loop
     vertex  1.849680e+02 -5.606411e+01  1.510000e+00
     vertex  1.885025e+02 -6.162000e+01  1.510000e+00
     vertex  1.886009e+02 -6.163295e+01  1.510000e+00
   endloop
 endfacet
 facet normal  0.000000e+00  0.000000e+00  1.000000e+00
   outer loop
     vertex  1.913112e+02 -6.226870e+01  1.510000e+00
     vertex  1.912325e+02 -6.232909e+01  1.510000e+00
     vertex  1.922141e+02 -6.417295e+01  1.510000e+00
   endloop
 endfacet
 facet normal  0.000000e+00  0.000000e+00  1.000000e+00
   outer loop
     vertex  1.913112e+02 -6.226870e+01  1.510000e+00
     vertex  1.922141e+02 -6.417295e+01  1.510000e+00
     vertex  1.923125e+02 -6.416000e+01  1.510000e+00
   endloop
 endfacet
 facet normal  0.000000e+00  0.000000e+00  1.000000e+00
   outer loop
     vertex  1.907738e+02 -6.173130e+01  1.510000e+00
     vertex  1.887712e+02 -6.173130e+01  1.510000e+00
     vertex  1.907134e+02 -6.181000e+01  1.510000e+00
   endloop
 endfacet
 facet normal  0.000000e+00  0.000000e+00  1.000000e+00
   outer loop
     vertex  1.913716e+02 -6.219000e+01  1.510000e+00
     vertex  1.913112e+02 -6.226870e+01  1.510000e+00
     vertex  1.923125e+02 -6.416000e+01  1.510000e+00
   endloop
 endfacet
 facet normal  0.000000e+00  0.000000e+00  1.000000e+00
   outer loop
     vertex  1.908525e+02 -6.167091e+01  1.510000e+00
     vertex  1.887712e+02 -6.173130e+01  1.510000e+00
     vertex  1.907738e+02 -6.173130e+01  1.510000e+00
   endloop
 endfacet
 facet normal  0.000000e+00  0.000000e+00  1.000000e+00
   outer loop
     vertex  1.908525e+02 -6.167091e+01  1.510000e+00
     vertex  1.886009e+02 -6.163295e+01  1.510000e+00
     vertex  1.886925e+02 -6.167091e+01  1.510000e+00
   endloop
 endfacet
 facet normal  0.000000e+00  0.000000e+00  1.000000e+00
   outer loop
     vertex  1.908525e+02 -6.167091e+01  1.510000e+00
     vertex  1.886925e+02 -6.167091e+01  1.510000e+00
     vertex  1.887712e+02 -6.173130e+01  1.510000e+00
   endloop
 endfacet
 facet normal  0.000000e+00  0.000000e+00  1.000000e+00
   outer loop
     vertex  2.026275e+02 -7.335146e+01  1.510000e+00
     vertex  2.017400e+02 -7.420000e+01  1.510000e+00
     vertex  2.028400e+02 -7.420000e+01  1.510000e+00
   endloop
 endfacet
 facet normal  0.000000e+00  0.000000e+00  1.000000e+00
   outer loop
     vertex  2.026275e+02 -7.335146e+01  1.510000e+00
     vertex  2.025602e+02 -7.329981e+01  1.510000e+00
     vertex  2.017400e+02 -7.420000e+01  1.510000e+00
   endloop
 endfacet
 facet normal  0.000000e+00  0.000000e+00  1.000000e+00
   outer loop
     vertex  2.025085e+02 -7.323250e+01  1.510000e+00
     vertex  2.017400e+02 -7.420000e+01  1.510000e+00
     vertex  2.025602e+02 -7.329981e+01  1.510000e+00
   endloop
 endfacet
 facet normal  0.000000e+00  0.000000e+00  1.000000e+00
   outer loop
     vertex  1.909441e+02 -6.163295e+01  1.510000e+00
     vertex  1.886009e+02 -6.163295e+01  1.510000e+00
     vertex  1.908525e+02 -6.167091e+01  1.510000e+00
   endloop
 endfacet
 facet normal  0.000000e+00  0.000000e+00  1.000000e+00
   outer loop
     vertex  2.027059e+02 -7.338393e+01  1.510000e+00
     vertex  2.026275e+02 -7.335146e+01  1.510000e+00
     vertex  2.028400e+02 -7.420000e+01  1.510000e+00
   endloop
 endfacet
 facet normal  0.000000e+00  0.000000e+00  1.000000e+00
   outer loop
     vertex  2.024761e+02 -7.315412e+01  1.510000e+00
     vertex  2.016624e+02 -7.421022e+01  1.510000e+00
     vertex  2.017400e+02 -7.420000e+01  1.510000e+00
   endloop
 endfacet
 facet normal  0.000000e+00  0.000000e+00  1.000000e+00
   outer loop
     vertex  2.024761e+02 -7.315412e+01  1.510000e+00
     vertex  2.017400e+02 -7.420000e+01  1.510000e+00
     vertex  2.025085e+02 -7.323250e+01  1.510000e+00
   endloop
 endfacet
 facet normal  0.000000e+00  0.000000e+00  1.000000e+00
   outer loop
     vertex  1.834225e+02 -5.405000e+01  1.510000e+00
     vertex  1.725000e+02 -5.268000e+01  1.510000e+00
     vertex  1.830084e+02 -5.410452e+01  1.510000e+00
   endloop
 endfacet
 facet normal  0.000000e+00  0.000000e+00  1.000000e+00
   outer loop
     vertex  2.027900e+02 -7.339500e+01  1.510000e+00
     vertex  2.027059e+02 -7.338393e+01  1.510000e+00
     vertex  2.028400e+02 -7.420000e+01  1.510000e+00
   endloop
 endfacet
 facet normal  0.000000e+00  0.000000e+00  1.000000e+00
   outer loop
     vertex  2.024650e+02 -7.307000e+01  1.510000e+00
     vertex  2.015900e+02 -7.424019e+01  1.510000e+00
     vertex  2.016624e+02 -7.421022e+01  1.510000e+00
   endloop
 endfacet
 facet normal  0.000000e+00  0.000000e+00  1.000000e+00
   outer loop
     vertex  2.024650e+02 -7.307000e+01  1.510000e+00
     vertex  2.016624e+02 -7.421022e+01  1.510000e+00
     vertex  2.024761e+02 -7.315412e+01  1.510000e+00
   endloop
 endfacet
 facet normal  0.000000e+00  0.000000e+00  1.000000e+00
   outer loop
     vertex  2.028741e+02 -7.338393e+01  1.510000e+00
     vertex  2.028400e+02 -7.420000e+01  1.510000e+00
     vertex  2.029176e+02 -7.421022e+01  1.510000e+00
   endloop
 endfacet
 facet normal  0.000000e+00  0.000000e+00  1.000000e+00
   outer loop
     vertex  2.028741e+02 -7.338393e+01  1.510000e+00
     vertex  2.027900e+02 -7.339500e+01  1.510000e+00
     vertex  2.028400e+02 -7.420000e+01  1.510000e+00
   endloop
 endfacet
 facet normal  0.000000e+00  0.000000e+00  1.000000e+00
   outer loop
     vertex  2.024761e+02 -7.298588e+01  1.510000e+00
     vertex  2.015279e+02 -7.428787e+01  1.510000e+00
     vertex  2.015900e+02 -7.424019e+01  1.510000e+00
   endloop
 endfacet
 facet normal  0.000000e+00  0.000000e+00  1.000000e+00
   outer loop
     vertex  2.024761e+02 -7.298588e+01  1.510000e+00
     vertex  2.015900e+02 -7.424019e+01  1.510000e+00
     vertex  2.024650e+02 -7.307000e+01  1.510000e+00
   endloop
 endfacet
 facet normal  0.000000e+00  0.000000e+00  1.000000e+00
   outer loop
     vertex  2.029525e+02 -7.335146e+01  1.510000e+00
     vertex  2.029176e+02 -7.421022e+01  1.510000e+00
     vertex  2.029900e+02 -7.424019e+01  1.510000e+00
   endloop
 endfacet
 facet normal  0.000000e+00  0.000000e+00  1.000000e+00
   outer loop
     vertex  2.029525e+02 -7.335146e+01  1.510000e+00
     vertex  2.028741e+02 -7.338393e+01  1.510000e+00
     vertex  2.029176e+02 -7.421022e+01  1.510000e+00
   endloop
 endfacet
 facet normal  0.000000e+00  0.000000e+00  1.000000e+00
   outer loop
     vertex  2.025085e+02 -7.290750e+01  1.510000e+00
     vertex  2.015279e+02 -7.428787e+01  1.510000e+00
     vertex  2.024761e+02 -7.298588e+01  1.510000e+00
   endloop
 endfacet
 facet normal  0.000000e+00  0.000000e+00  1.000000e+00
   outer loop
     vertex  2.030198e+02 -7.329981e+01  1.510000e+00
     vertex  2.029900e+02 -7.424019e+01  1.510000e+00
     vertex  2.030521e+02 -7.428787e+01  1.510000e+00
   endloop
 endfacet
 facet normal  0.000000e+00  0.000000e+00  1.000000e+00
   outer loop
     vertex  2.030198e+02 -7.329981e+01  1.510000e+00
     vertex  2.029525e+02 -7.335146e+01  1.510000e+00
     vertex  2.029900e+02 -7.424019e+01  1.510000e+00
   endloop
 endfacet
 facet normal  0.000000e+00  0.000000e+00  1.000000e+00
   outer loop
     vertex  2.030715e+02 -7.323250e+01  1.510000e+00
     vertex  2.030521e+02 -7.428787e+01  1.510000e+00
     vertex  2.030998e+02 -7.435000e+01  1.510000e+00
   endloop
 endfacet
 facet normal  0.000000e+00  0.000000e+00  1.000000e+00
   outer loop
     vertex  2.030715e+02 -7.323250e+01  1.510000e+00
     vertex  2.030198e+02 -7.329981e+01  1.510000e+00
     vertex  2.030521e+02 -7.428787e+01  1.510000e+00
   endloop
 endfacet
 facet normal  0.000000e+00  0.000000e+00  1.000000e+00
   outer loop
     vertex  2.031039e+02 -7.315412e+01  1.510000e+00
     vertex  2.030715e+02 -7.323250e+01  1.510000e+00
     vertex  2.030998e+02 -7.435000e+01  1.510000e+00
   endloop
 endfacet
 facet normal  0.000000e+00  0.000000e+00  1.000000e+00
   outer loop
     vertex  1.933138e+02 -6.226870e+01  1.510000e+00
     vertex  1.923125e+02 -6.416000e+01  1.510000e+00
     vertex  1.924109e+02 -6.417295e+01  1.510000e+00
   endloop
 endfacet
 facet normal  0.000000e+00  0.000000e+00  1.000000e+00
   outer loop
     vertex  1.933925e+02 -6.232909e+01  1.510000e+00
     vertex  1.933138e+02 -6.226870e+01  1.510000e+00
     vertex  1.924109e+02 -6.417295e+01  1.510000e+00
   endloop
 endfacet
 facet normal  0.000000e+00  0.000000e+00  1.000000e+00
   outer loop
     vertex  1.933925e+02 -6.232909e+01  1.510000e+00
     vertex  1.924109e+02 -6.417295e+01  1.510000e+00
     vertex  1.925025e+02 -6.421091e+01  1.510000e+00
   endloop
 endfacet
 facet normal  0.000000e+00  0.000000e+00  1.000000e+00
   outer loop
     vertex  1.932534e+02 -6.219000e+01  1.510000e+00
     vertex  1.913716e+02 -6.219000e+01  1.510000e+00
     vertex  1.923125e+02 -6.416000e+01  1.510000e+00
   endloop
 endfacet
 facet normal  0.000000e+00  0.000000e+00  1.000000e+00
   outer loop
     vertex  1.932534e+02 -6.219000e+01  1.510000e+00
     vertex  1.923125e+02 -6.416000e+01  1.510000e+00
     vertex  1.933138e+02 -6.226870e+01  1.510000e+00
   endloop
 endfacet
 facet normal  0.000000e+00  0.000000e+00  1.000000e+00
   outer loop
     vertex  1.932534e+02 -6.219000e+01  1.510000e+00
     vertex  1.914096e+02 -6.209835e+01  1.510000e+00
     vertex  1.913716e+02 -6.219000e+01  1.510000e+00
   endloop
 endfacet
 facet normal  0.000000e+00  0.000000e+00  1.000000e+00
   outer loop
     vertex  1.934841e+02 -6.236705e+01  1.510000e+00
     vertex  1.925025e+02 -6.421091e+01  1.510000e+00
     vertex  1.925812e+02 -6.427130e+01  1.510000e+00
   endloop
 endfacet
 facet normal  0.000000e+00  0.000000e+00  1.000000e+00
   outer loop
     vertex  1.934841e+02 -6.236705e+01  1.510000e+00
     vertex  1.933925e+02 -6.232909e+01  1.510000e+00
     vertex  1.925025e+02 -6.421091e+01  1.510000e+00
   endloop
 endfacet
 facet normal  0.000000e+00  0.000000e+00  1.000000e+00
   outer loop
     vertex  1.932154e+02 -6.209835e+01  1.510000e+00
     vertex  1.914096e+02 -6.209835e+01  1.510000e+00
     vertex  1.932534e+02 -6.219000e+01  1.510000e+00
   endloop
 endfacet
 facet normal  0.000000e+00  0.000000e+00  1.000000e+00
   outer loop
     vertex  2.058579e+02 -7.471213e+01  1.510000e+00
     vertex  2.030521e+02 -7.471213e+01  1.510000e+00
     vertex  2.029900e+02 -7.475981e+01  1.510000e+00
   endloop
 endfacet
 facet normal  0.000000e+00  0.000000e+00  1.000000e+00
   outer loop
     vertex  2.059200e+02 -7.475981e+01  1.510000e+00
     vertex  2.058579e+02 -7.471213e+01  1.510000e+00
     vertex  2.029900e+02 -7.475981e+01  1.510000e+00
   endloop
 endfacet
 facet normal  0.000000e+00  0.000000e+00  1.000000e+00
   outer loop
     vertex  2.058102e+02 -7.465000e+01  1.510000e+00
     vertex  2.030998e+02 -7.465000e+01  1.510000e+00
     vertex  2.030521e+02 -7.471213e+01  1.510000e+00
   endloop
 endfacet
 facet normal  0.000000e+00  0.000000e+00  1.000000e+00
   outer loop
     vertex  2.058102e+02 -7.465000e+01  1.510000e+00
     vertex  2.030521e+02 -7.471213e+01  1.510000e+00
     vertex  2.058579e+02 -7.471213e+01  1.510000e+00
   endloop
 endfacet
 facet normal  0.000000e+00  0.000000e+00  1.000000e+00
   outer loop
     vertex  1.932025e+02 -6.200000e+01  1.510000e+00
     vertex  1.914096e+02 -6.209835e+01  1.510000e+00
     vertex  1.932154e+02 -6.209835e+01  1.510000e+00
   endloop
 endfacet
 facet normal  0.000000e+00  0.000000e+00  1.000000e+00
   outer loop
     vertex  1.932025e+02 -6.200000e+01  1.510000e+00
     vertex  1.914225e+02 -6.200000e+01  1.510000e+00
     vertex  1.914096e+02 -6.209835e+01  1.510000e+00
   endloop
 endfacet
 facet normal  0.000000e+00  0.000000e+00  1.000000e+00
   outer loop
     vertex  1.935825e+02 -6.238000e+01  1.510000e+00
     vertex  1.934841e+02 -6.236705e+01  1.510000e+00
     vertex  1.925812e+02 -6.427130e+01  1.510000e+00
   endloop
 endfacet
 facet normal  0.000000e+00  0.000000e+00  1.000000e+00
   outer loop
     vertex  1.935825e+02 -6.238000e+01  1.510000e+00
     vertex  1.925812e+02 -6.427130e+01  1.510000e+00
     vertex  1.926416e+02 -6.435000e+01  1.510000e+00
   endloop
 endfacet
 facet normal  0.000000e+00  0.000000e+00  1.000000e+00
   outer loop
     vertex  2.059924e+02 -7.478978e+01  1.510000e+00
     vertex  2.059200e+02 -7.475981e+01  1.510000e+00
     vertex  2.029900e+02 -7.475981e+01  1.510000e+00
   endloop
 endfacet
 facet normal  0.000000e+00  0.000000e+00  1.000000e+00
   outer loop
     vertex  2.059924e+02 -7.478978e+01  1.510000e+00
     vertex  2.029900e+02 -7.475981e+01  1.510000e+00
     vertex  2.029176e+02 -7.478978e+01  1.510000e+00
   endloop
 endfacet
 facet normal  0.000000e+00  0.000000e+00  1.000000e+00
   outer loop
     vertex  2.059924e+02 -7.478978e+01  1.510000e+00
     vertex  2.055269e+02 -8.298615e+01  1.510000e+00
     vertex  2.059018e+02 -8.289232e+01  1.510000e+00
   endloop
 endfacet
 facet normal  0.000000e+00  0.000000e+00  1.000000e+00
   outer loop
     vertex  2.059924e+02 -7.478978e+01  1.510000e+00
     vertex  2.029176e+02 -7.478978e+01  1.510000e+00
     vertex  2.055269e+02 -8.298615e+01  1.510000e+00
   endloop
 endfacet
 facet normal  0.000000e+00  0.000000e+00  1.000000e+00
   outer loop
     vertex  2.057802e+02 -7.457765e+01  1.510000e+00
     vertex  2.031298e+02 -7.457765e+01  1.510000e+00
     vertex  2.030998e+02 -7.465000e+01  1.510000e+00
   endloop
 endfacet
 facet normal  0.000000e+00  0.000000e+00  1.000000e+00
   outer loop
     vertex  2.057802e+02 -7.457765e+01  1.510000e+00
     vertex  2.030998e+02 -7.465000e+01  1.510000e+00
     vertex  2.058102e+02 -7.465000e+01  1.510000e+00
   endloop
 endfacet
 facet normal  0.000000e+00  0.000000e+00  1.000000e+00
   outer loop
     vertex  2.060700e+02 -7.480000e+01  1.510000e+00
     vertex  2.059924e+02 -7.478978e+01  1.510000e+00
     vertex  2.059018e+02 -8.289232e+01  1.510000e+00
   endloop
 endfacet
 facet normal  0.000000e+00  0.000000e+00  1.000000e+00
   outer loop
     vertex  2.060700e+02 -7.480000e+01  1.510000e+00
     vertex  2.059018e+02 -8.289232e+01  1.510000e+00
     vertex  2.062883e+02 -8.289112e+01  1.510000e+00
   endloop
 endfacet
 facet normal  0.000000e+00  0.000000e+00  1.000000e+00
   outer loop
     vertex  2.057700e+02 -7.450000e+01  1.510000e+00
     vertex  2.031400e+02 -7.450000e+01  1.510000e+00
     vertex  2.031298e+02 -7.457765e+01  1.510000e+00
   endloop
 endfacet
 facet normal  0.000000e+00  0.000000e+00  1.000000e+00
   outer loop
     vertex  2.057700e+02 -7.450000e+01  1.510000e+00
     vertex  2.031298e+02 -7.457765e+01  1.510000e+00
     vertex  2.057802e+02 -7.457765e+01  1.510000e+00
   endloop
 endfacet
 facet normal  0.000000e+00  0.000000e+00  1.000000e+00
   outer loop
     vertex  1.936809e+02 -6.236705e+01  1.510000e+00
     vertex  1.926416e+02 -6.435000e+01  1.510000e+00
     vertex  1.926796e+02 -6.444165e+01  1.510000e+00
   endloop
 endfacet
 facet normal  0.000000e+00  0.000000e+00  1.000000e+00
   outer loop
     vertex  1.936809e+02 -6.236705e+01  1.510000e+00
     vertex  1.935825e+02 -6.238000e+01  1.510000e+00
     vertex  1.926416e+02 -6.435000e+01  1.510000e+00
   endloop
 endfacet
 facet normal  0.000000e+00  0.000000e+00  1.000000e+00
   outer loop
     vertex  1.932154e+02 -6.190165e+01  1.510000e+00
     vertex  1.914225e+02 -6.200000e+01  1.510000e+00
     vertex  1.932025e+02 -6.200000e+01  1.510000e+00
   endloop
 endfacet
 facet normal  0.000000e+00  0.000000e+00  1.000000e+00
   outer loop
     vertex  1.932154e+02 -6.190165e+01  1.510000e+00
     vertex  1.914096e+02 -6.190165e+01  1.510000e+00
     vertex  1.914225e+02 -6.200000e+01  1.510000e+00
   endloop
 endfacet
 facet normal  0.000000e+00  0.000000e+00  1.000000e+00
   outer loop
     vertex  2.057802e+02 -7.442236e+01  1.510000e+00
     vertex  2.031298e+02 -7.442236e+01  1.510000e+00
     vertex  2.031400e+02 -7.450000e+01  1.510000e+00
   endloop
 endfacet
 facet normal  0.000000e+00  0.000000e+00  1.000000e+00
   outer loop
     vertex  2.057802e+02 -7.442236e+01  1.510000e+00
     vertex  2.031400e+02 -7.450000e+01  1.510000e+00
     vertex  2.057700e+02 -7.450000e+01  1.510000e+00
   endloop
 endfacet
 facet normal  0.000000e+00  0.000000e+00  1.000000e+00
   outer loop
     vertex  1.937725e+02 -6.232909e+01  1.510000e+00
     vertex  1.936809e+02 -6.236705e+01  1.510000e+00
     vertex  1.926796e+02 -6.444165e+01  1.510000e+00
   endloop
 endfacet
 facet normal  0.000000e+00  0.000000e+00  1.000000e+00
   outer loop
     vertex  1.937725e+02 -6.232909e+01  1.510000e+00
     vertex  1.926796e+02 -6.444165e+01  1.510000e+00
     vertex  1.926925e+02 -6.454000e+01  1.510000e+00
   endloop
 endfacet
 facet normal  0.000000e+00  0.000000e+00  1.000000e+00
   outer loop
     vertex  1.932534e+02 -6.181000e+01  1.510000e+00
     vertex  1.914096e+02 -6.190165e+01  1.510000e+00
     vertex  1.932154e+02 -6.190165e+01  1.510000e+00
   endloop
 endfacet
 facet normal  0.000000e+00  0.000000e+00  1.000000e+00
   outer loop
     vertex  1.932534e+02 -6.181000e+01  1.510000e+00
     vertex  1.913112e+02 -6.173130e+01  1.510000e+00
     vertex  1.913716e+02 -6.181000e+01  1.510000e+00
   endloop
 endfacet
 facet normal  0.000000e+00  0.000000e+00  1.000000e+00
   outer loop
     vertex  1.932534e+02 -6.181000e+01  1.510000e+00
     vertex  1.913716e+02 -6.181000e+01  1.510000e+00
     vertex  1.914096e+02 -6.190165e+01  1.510000e+00
   endloop
 endfacet
 facet normal  0.000000e+00  0.000000e+00  1.000000e+00
   outer loop
     vertex  2.058102e+02 -7.435000e+01  1.510000e+00
     vertex  2.030998e+02 -7.435000e+01  1.510000e+00
     vertex  2.031298e+02 -7.442236e+01  1.510000e+00
   endloop
 endfacet
 facet normal  0.000000e+00  0.000000e+00  1.000000e+00
   outer loop
     vertex  2.058102e+02 -7.435000e+01  1.510000e+00
     vertex  2.031039e+02 -7.315412e+01  1.510000e+00
     vertex  2.030998e+02 -7.435000e+01  1.510000e+00
   endloop
 endfacet
 facet normal  0.000000e+00  0.000000e+00  1.000000e+00
   outer loop
     vertex  2.058102e+02 -7.435000e+01  1.510000e+00
     vertex  2.031298e+02 -7.442236e+01  1.510000e+00
     vertex  2.057802e+02 -7.442236e+01  1.510000e+00
   endloop
 endfacet
 facet normal  0.000000e+00  0.000000e+00  1.000000e+00
   outer loop
     vertex  2.058579e+02 -7.428787e+01  1.510000e+00
     vertex  2.031150e+02 -7.307000e+01  1.510000e+00
     vertex  2.031039e+02 -7.315412e+01  1.510000e+00
   endloop
 endfacet
 facet normal  0.000000e+00  0.000000e+00  1.000000e+00
   outer loop
     vertex  2.058579e+02 -7.428787e+01  1.510000e+00
     vertex  2.031039e+02 -7.315412e+01  1.510000e+00
     vertex  2.058102e+02 -7.435000e+01  1.510000e+00
   endloop
 endfacet
 facet normal  0.000000e+00  0.000000e+00  1.000000e+00
   outer loop
     vertex  1.938512e+02 -6.226870e+01  1.510000e+00
     vertex  1.937725e+02 -6.232909e+01  1.510000e+00
     vertex  1.926925e+02 -6.454000e+01  1.510000e+00
   endloop
 endfacet
 facet normal  0.000000e+00  0.000000e+00  1.000000e+00
   outer loop
     vertex  1.933138e+02 -6.173130e+01  1.510000e+00
     vertex  1.913112e+02 -6.173130e+01  1.510000e+00
     vertex  1.932534e+02 -6.181000e+01  1.510000e+00
   endloop
 endfacet
 facet normal  0.000000e+00  0.000000e+00  1.000000e+00
   outer loop
     vertex  2.059200e+02 -7.424019e+01  1.510000e+00
     vertex  2.031039e+02 -7.298588e+01  1.510000e+00
     vertex  2.031150e+02 -7.307000e+01  1.510000e+00
   endloop
 endfacet
 facet normal  0.000000e+00  0.000000e+00  1.000000e+00
   outer loop
     vertex  2.059200e+02 -7.424019e+01  1.510000e+00
     vertex  2.031150e+02 -7.307000e+01  1.510000e+00
     vertex  2.058579e+02 -7.428787e+01  1.510000e+00
   endloop
 endfacet
 facet normal  0.000000e+00  0.000000e+00  1.000000e+00
   outer loop
     vertex  1.933925e+02 -6.167091e+01  1.510000e+00
     vertex  1.913112e+02 -6.173130e+01  1.510000e+00
     vertex  1.933138e+02 -6.173130e+01  1.510000e+00
   endloop
 endfacet
 facet normal  0.000000e+00  0.000000e+00  1.000000e+00
   outer loop
     vertex  1.933925e+02 -6.167091e+01  1.510000e+00
     vertex  1.912325e+02 -6.167091e+01  1.510000e+00
     vertex  1.913112e+02 -6.173130e+01  1.510000e+00
   endloop
 endfacet
 facet normal  0.000000e+00  0.000000e+00  1.000000e+00
   outer loop
     vertex  2.059924e+02 -7.421022e+01  1.510000e+00
     vertex  2.030715e+02 -7.290750e+01  1.510000e+00
     vertex  2.031039e+02 -7.298588e+01  1.510000e+00
   endloop
 endfacet
 facet normal  0.000000e+00  0.000000e+00  1.000000e+00
   outer loop
     vertex  2.059924e+02 -7.421022e+01  1.510000e+00
     vertex  2.031039e+02 -7.298588e+01  1.510000e+00
     vertex  2.059200e+02 -7.424019e+01  1.510000e+00
   endloop
 endfacet
 facet normal  0.000000e+00  0.000000e+00  1.000000e+00
   outer loop
     vertex  2.060700e+02 -7.420000e+01  1.510000e+00
     vertex  2.030715e+02 -7.290750e+01  1.510000e+00
     vertex  2.059924e+02 -7.421022e+01  1.510000e+00
   endloop
 endfacet
 facet normal  0.000000e+00  0.000000e+00  1.000000e+00
   outer loop
     vertex  2.060700e+02 -7.420000e+01  1.510000e+00
     vertex  2.030198e+02 -7.284019e+01  1.510000e+00
     vertex  2.030715e+02 -7.290750e+01  1.510000e+00
   endloop
 endfacet
 facet normal  0.000000e+00  0.000000e+00  1.000000e+00
   outer loop
     vertex  2.068700e+02 -7.480000e+01  1.510000e+00
     vertex  2.060700e+02 -7.480000e+01  1.510000e+00
     vertex  2.062883e+02 -8.289112e+01  1.510000e+00
   endloop
 endfacet
 facet normal  0.000000e+00  0.000000e+00  1.000000e+00
   outer loop
     vertex  2.069476e+02 -7.478978e+01  1.510000e+00
     vertex  2.062883e+02 -8.289112e+01  1.510000e+00
     vertex  2.066638e+02 -8.298263e+01  1.510000e+00
   endloop
 endfacet
 facet normal  0.000000e+00  0.000000e+00  1.000000e+00
   outer loop
     vertex  2.069476e+02 -7.478978e+01  1.510000e+00
     vertex  2.068700e+02 -7.480000e+01  1.510000e+00
     vertex  2.062883e+02 -8.289112e+01  1.510000e+00
   endloop
 endfacet
 facet normal  0.000000e+00  0.000000e+00  1.000000e+00
   outer loop
     vertex  2.070200e+02 -7.475981e+01  1.510000e+00
     vertex  2.066638e+02 -8.298263e+01  1.510000e+00
     vertex  2.070064e+02 -8.316150e+01  1.510000e+00
   endloop
 endfacet
 facet normal  0.000000e+00  0.000000e+00  1.000000e+00
   outer loop
     vertex  2.070200e+02 -7.475981e+01  1.510000e+00
     vertex  2.069476e+02 -7.478978e+01  1.510000e+00
     vertex  2.066638e+02 -8.298263e+01  1.510000e+00
   endloop
 endfacet
 facet normal  0.000000e+00  0.000000e+00  1.000000e+00
   outer loop
     vertex  2.070821e+02 -7.471213e+01  1.510000e+00
     vertex  2.070200e+02 -7.475981e+01  1.510000e+00
     vertex  2.070064e+02 -8.316150e+01  1.510000e+00
   endloop
 endfacet
 facet normal  0.000000e+00  0.000000e+00  1.000000e+00
   outer loop
     vertex  2.070821e+02 -7.471213e+01  1.510000e+00
     vertex  2.070064e+02 -8.316150e+01  1.510000e+00
     vertex  2.093000e+02 -8.448000e+01  1.510000e+00
   endloop
 endfacet
 facet normal  0.000000e+00  0.000000e+00  1.000000e+00
   outer loop
     vertex  2.071298e+02 -7.465000e+01  1.510000e+00
     vertex  2.070821e+02 -7.471213e+01  1.510000e+00
     vertex  2.093000e+02 -8.448000e+01  1.510000e+00
   endloop
 endfacet
 facet normal  0.000000e+00  0.000000e+00  1.000000e+00
   outer loop
     vertex  2.071598e+02 -7.457765e+01  1.510000e+00
     vertex  2.071298e+02 -7.465000e+01  1.510000e+00
     vertex  2.093000e+02 -8.448000e+01  1.510000e+00
   endloop
 endfacet
 facet normal  0.000000e+00  0.000000e+00  1.000000e+00
   outer loop
     vertex  2.071700e+02 -7.450000e+01  1.510000e+00
     vertex  2.071598e+02 -7.457765e+01  1.510000e+00
     vertex  2.093000e+02 -8.448000e+01  1.510000e+00
   endloop
 endfacet
 facet normal  0.000000e+00  0.000000e+00  1.000000e+00
   outer loop
     vertex  2.026275e+02 -6.757146e+01  1.510000e+00
     vertex  2.025602e+02 -7.284019e+01  1.510000e+00
     vertex  2.026275e+02 -7.278854e+01  1.510000e+00
   endloop
 endfacet
 facet normal  0.000000e+00  0.000000e+00  1.000000e+00
   outer loop
     vertex  2.026275e+02 -6.757146e+01  1.510000e+00
     vertex  2.025602e+02 -6.751981e+01  1.510000e+00
     vertex  2.025602e+02 -7.284019e+01  1.510000e+00
   endloop
 endfacet
 facet normal  0.000000e+00  0.000000e+00  1.000000e+00
   outer loop
     vertex  2.025085e+02 -6.745250e+01  1.510000e+00
     vertex  2.015279e+02 -7.428787e+01  1.510000e+00
     vertex  2.025085e+02 -7.290750e+01  1.510000e+00
   endloop
 endfacet
 facet normal  0.000000e+00  0.000000e+00  1.000000e+00
   outer loop
     vertex  2.025085e+02 -6.745250e+01  1.510000e+00
     vertex  2.025085e+02 -7.290750e+01  1.510000e+00
     vertex  2.025602e+02 -7.284019e+01  1.510000e+00
   endloop
 endfacet
 facet normal  0.000000e+00  0.000000e+00  1.000000e+00
   outer loop
     vertex  2.025085e+02 -6.745250e+01  1.510000e+00
     vertex  2.025602e+02 -7.284019e+01  1.510000e+00
     vertex  2.025602e+02 -6.751981e+01  1.510000e+00
   endloop
 endfacet
 facet normal  0.000000e+00  0.000000e+00  1.000000e+00
   outer loop
     vertex  2.027059e+02 -6.760393e+01  1.510000e+00
     vertex  2.026275e+02 -6.757146e+01  1.510000e+00
     vertex  2.026275e+02 -7.278854e+01  1.510000e+00
   endloop
 endfacet
 facet normal  0.000000e+00  0.000000e+00  1.000000e+00
   outer loop
     vertex  2.027059e+02 -6.760393e+01  1.510000e+00
     vertex  2.026275e+02 -7.278854e+01  1.510000e+00
     vertex  2.027059e+02 -7.275608e+01  1.510000e+00
   endloop
 endfacet
 facet normal  0.000000e+00  0.000000e+00  1.000000e+00
   outer loop
     vertex  2.027059e+02 -6.760393e+01  1.510000e+00
     vertex  2.027059e+02 -7.275608e+01  1.510000e+00
     vertex  2.027900e+02 -7.274500e+01  1.510000e+00
   endloop
 endfacet
 facet normal  0.000000e+00  0.000000e+00  1.000000e+00
   outer loop
     vertex  2.027900e+02 -6.761500e+01  1.510000e+00
     vertex  2.027059e+02 -6.760393e+01  1.510000e+00
     vertex  2.027900e+02 -7.274500e+01  1.510000e+00
   endloop
 endfacet
 facet normal  0.000000e+00  0.000000e+00  1.000000e+00
   outer loop
     vertex  2.028741e+02 -6.760393e+01  1.510000e+00
     vertex  2.027900e+02 -7.274500e+01  1.510000e+00
     vertex  2.028741e+02 -7.275608e+01  1.510000e+00
   endloop
 endfacet
 facet normal  0.000000e+00  0.000000e+00  1.000000e+00
   outer loop
     vertex  2.028741e+02 -6.760393e+01  1.510000e+00
     vertex  2.028741e+02 -7.275608e+01  1.510000e+00
     vertex  2.029525e+02 -7.278854e+01  1.510000e+00
   endloop
 endfacet
 facet normal  0.000000e+00  0.000000e+00  1.000000e+00
   outer loop
     vertex  2.028741e+02 -6.760393e+01  1.510000e+00
     vertex  2.027900e+02 -6.761500e+01  1.510000e+00
     vertex  2.027900e+02 -7.274500e+01  1.510000e+00
   endloop
 endfacet
 facet normal  0.000000e+00  0.000000e+00  1.000000e+00
   outer loop
     vertex  2.029525e+02 -6.757146e+01  1.510000e+00
     vertex  2.028741e+02 -6.760393e+01  1.510000e+00
     vertex  2.029525e+02 -7.278854e+01  1.510000e+00
   endloop
 endfacet
 facet normal  0.000000e+00  0.000000e+00  1.000000e+00
   outer loop
     vertex  2.029525e+02 -6.757146e+01  1.510000e+00
     vertex  2.029525e+02 -7.278854e+01  1.510000e+00
     vertex  2.030198e+02 -7.284019e+01  1.510000e+00
   endloop
 endfacet
 facet normal  0.000000e+00  0.000000e+00  1.000000e+00
   outer loop
     vertex  2.015411e+02 -6.608455e+01  1.510000e+00
     vertex  1.940975e+02 -7.553091e+01  1.510000e+00
     vertex  2.015279e+02 -7.428787e+01  1.510000e+00
   endloop
 endfacet
 facet normal  0.000000e+00  0.000000e+00  1.000000e+00
   outer loop
     vertex  2.015411e+02 -6.608455e+01  1.510000e+00
     vertex  2.025085e+02 -6.745250e+01  1.510000e+00
     vertex  2.024761e+02 -6.737412e+01  1.510000e+00
   endloop
 endfacet
 facet normal  0.000000e+00  0.000000e+00  1.000000e+00
   outer loop
     vertex  2.015411e+02 -6.608455e+01  1.510000e+00
     vertex  2.015279e+02 -7.428787e+01  1.510000e+00
     vertex  2.025085e+02 -6.745250e+01  1.510000e+00
   endloop
 endfacet
 facet normal  0.000000e+00  0.000000e+00  1.000000e+00
   outer loop
     vertex  2.014931e+02 -6.603042e+01  1.510000e+00
     vertex  1.940975e+02 -7.553091e+01  1.510000e+00
     vertex  2.015411e+02 -6.608455e+01  1.510000e+00
   endloop
 endfacet
 facet normal  0.000000e+00  0.000000e+00  1.000000e+00
   outer loop
     vertex  2.014931e+02 -6.603042e+01  1.510000e+00
     vertex  1.925812e+02 -6.480870e+01  1.510000e+00
     vertex  1.940059e+02 -7.549295e+01  1.510000e+00
   endloop
 endfacet
 facet normal  0.000000e+00  0.000000e+00  1.000000e+00
   outer loop
     vertex  2.014931e+02 -6.603042e+01  1.510000e+00
     vertex  1.940059e+02 -7.549295e+01  1.510000e+00
     vertex  1.940975e+02 -7.553091e+01  1.510000e+00
   endloop
 endfacet
 facet normal  0.000000e+00  0.000000e+00  1.000000e+00
   outer loop
     vertex  2.016006e+02 -6.612564e+01  1.510000e+00
     vertex  2.015411e+02 -6.608455e+01  1.510000e+00
     vertex  2.024761e+02 -6.737412e+01  1.510000e+00
   endloop
 endfacet
 facet normal  0.000000e+00  0.000000e+00  1.000000e+00
   outer loop
     vertex  2.016006e+02 -6.612564e+01  1.510000e+00
     vertex  2.024761e+02 -6.737412e+01  1.510000e+00
     vertex  2.024650e+02 -6.729000e+01  1.510000e+00
   endloop
 endfacet
 facet normal  0.000000e+00  0.000000e+00  1.000000e+00
   outer loop
     vertex  2.014595e+02 -6.596638e+01  1.510000e+00
     vertex  1.925812e+02 -6.480870e+01  1.510000e+00
     vertex  2.014931e+02 -6.603042e+01  1.510000e+00
   endloop
 endfacet
 facet normal  0.000000e+00  0.000000e+00  1.000000e+00
   outer loop
     vertex  2.030198e+02 -6.751981e+01  1.510000e+00
     vertex  2.029525e+02 -6.757146e+01  1.510000e+00
     vertex  2.030198e+02 -7.284019e+01  1.510000e+00
   endloop
 endfacet
 facet normal  0.000000e+00  0.000000e+00  1.000000e+00
   outer loop
     vertex  2.030198e+02 -6.751981e+01  1.510000e+00
     vertex  2.030198e+02 -7.284019e+01  1.510000e+00
     vertex  2.060700e+02 -7.420000e+01  1.510000e+00
   endloop
 endfacet
 facet normal  0.000000e+00  0.000000e+00  1.000000e+00
   outer loop
     vertex  2.016682e+02 -6.615128e+01  1.510000e+00
     vertex  2.016006e+02 -6.612564e+01  1.510000e+00
     vertex  2.024650e+02 -6.729000e+01  1.510000e+00
   endloop
 endfacet
 facet normal  0.000000e+00  0.000000e+00  1.000000e+00
   outer loop
     vertex  2.016682e+02 -6.615128e+01  1.510000e+00
     vertex  2.024650e+02 -6.729000e+01  1.510000e+00
     vertex  2.024761e+02 -6.720588e+01  1.510000e+00
   endloop
 endfacet
 facet normal  0.000000e+00  0.000000e+00  1.000000e+00
   outer loop
     vertex  1.987464e+02 -6.317855e+01  1.510000e+00
     vertex  1.926796e+02 -6.463835e+01  1.510000e+00
     vertex  1.926416e+02 -6.473000e+01  1.510000e+00
   endloop
 endfacet
 facet normal  0.000000e+00  0.000000e+00  1.000000e+00
   outer loop
     vertex  2.017400e+02 -6.616000e+01  1.510000e+00
     vertex  2.016682e+02 -6.615128e+01  1.510000e+00
     vertex  2.024761e+02 -6.720588e+01  1.510000e+00
   endloop
 endfacet
 facet normal  0.000000e+00  0.000000e+00  1.000000e+00
   outer loop
     vertex  2.017400e+02 -6.616000e+01  1.510000e+00
     vertex  2.024761e+02 -6.720588e+01  1.510000e+00
     vertex  2.025085e+02 -6.712750e+01  1.510000e+00
   endloop
 endfacet
 facet normal  0.000000e+00  0.000000e+00  1.000000e+00
   outer loop
     vertex  2.017400e+02 -6.616000e+01  1.510000e+00
     vertex  2.025085e+02 -6.712750e+01  1.510000e+00
     vertex  2.025602e+02 -6.706019e+01  1.510000e+00
   endloop
 endfacet
 facet normal  0.000000e+00  0.000000e+00  1.000000e+00
   outer loop
     vertex  1.988500e+02 -6.325801e+01  1.510000e+00
     vertex  1.925812e+02 -6.480870e+01  1.510000e+00
     vertex  2.014595e+02 -6.596638e+01  1.510000e+00
   endloop
 endfacet
 facet normal  0.000000e+00  0.000000e+00  1.000000e+00
   outer loop
     vertex  1.988500e+02 -6.325801e+01  1.510000e+00
     vertex  1.926416e+02 -6.473000e+01  1.510000e+00
     vertex  1.925812e+02 -6.480870e+01  1.510000e+00
   endloop
 endfacet
 facet normal  0.000000e+00  0.000000e+00  1.000000e+00
   outer loop
     vertex  1.988500e+02 -6.325801e+01  1.510000e+00
     vertex  1.987464e+02 -6.317855e+01  1.510000e+00
     vertex  1.926416e+02 -6.473000e+01  1.510000e+00
   endloop
 endfacet
 facet normal  0.000000e+00  0.000000e+00  1.000000e+00
   outer loop
     vertex  1.986670e+02 -6.307500e+01  1.510000e+00
     vertex  1.938512e+02 -6.226870e+01  1.510000e+00
     vertex  1.926925e+02 -6.454000e+01  1.510000e+00
   endloop
 endfacet
 facet normal  0.000000e+00  0.000000e+00  1.000000e+00
   outer loop
     vertex  1.986670e+02 -6.307500e+01  1.510000e+00
     vertex  1.926925e+02 -6.454000e+01  1.510000e+00
     vertex  1.926796e+02 -6.463835e+01  1.510000e+00
   endloop
 endfacet
 facet normal  0.000000e+00  0.000000e+00  1.000000e+00
   outer loop
     vertex  1.986670e+02 -6.307500e+01  1.510000e+00
     vertex  1.926796e+02 -6.463835e+01  1.510000e+00
     vertex  1.987464e+02 -6.317855e+01  1.510000e+00
   endloop
 endfacet
 facet normal  0.000000e+00  0.000000e+00  1.000000e+00
   outer loop
     vertex  2.026275e+02 -6.700854e+01  1.510000e+00
     vertex  2.017400e+02 -6.616000e+01  1.510000e+00
     vertex  2.025602e+02 -6.706019e+01  1.510000e+00
   endloop
 endfacet
 facet normal  0.000000e+00  0.000000e+00  1.000000e+00
   outer loop
     vertex  1.986170e+02 -6.295441e+01  1.510000e+00
     vertex  1.939116e+02 -6.219000e+01  1.510000e+00
     vertex  1.938512e+02 -6.226870e+01  1.510000e+00
   endloop
 endfacet
 facet normal  0.000000e+00  0.000000e+00  1.000000e+00
   outer loop
     vertex  1.986170e+02 -6.295441e+01  1.510000e+00
     vertex  1.938512e+02 -6.226870e+01  1.510000e+00
     vertex  1.986670e+02 -6.307500e+01  1.510000e+00
   endloop
 endfacet
 facet normal  0.000000e+00  0.000000e+00  1.000000e+00
   outer loop
     vertex  1.989706e+02 -6.330796e+01  1.510000e+00
     vertex  2.014595e+02 -6.596638e+01  1.510000e+00
     vertex  2.014422e+02 -6.589616e+01  1.510000e+00
   endloop
 endfacet
 facet normal  0.000000e+00  0.000000e+00  1.000000e+00
   outer loop
     vertex  1.989706e+02 -6.330796e+01  1.510000e+00
     vertex  1.988500e+02 -6.325801e+01  1.510000e+00
     vertex  2.014595e+02 -6.596638e+01  1.510000e+00
   endloop
 endfacet
 facet normal  0.000000e+00  0.000000e+00  1.000000e+00
   outer loop
     vertex  1.991000e+02 -6.332500e+01  1.510000e+00
     vertex  2.014422e+02 -6.589616e+01  1.510000e+00
     vertex  2.014422e+02 -6.582384e+01  1.510000e+00
   endloop
 endfacet
 facet normal  0.000000e+00  0.000000e+00  1.000000e+00
   outer loop
     vertex  1.991000e+02 -6.332500e+01  1.510000e+00
     vertex  1.989706e+02 -6.330796e+01  1.510000e+00
     vertex  2.014422e+02 -6.589616e+01  1.510000e+00
   endloop
 endfacet
 facet normal  0.000000e+00  0.000000e+00  1.000000e+00
   outer loop
     vertex  1.986000e+02 -6.282500e+01  1.510000e+00
     vertex  1.939116e+02 -6.219000e+01  1.510000e+00
     vertex  1.986170e+02 -6.295441e+01  1.510000e+00
   endloop
 endfacet
 facet normal  0.000000e+00  0.000000e+00  1.000000e+00
   outer loop
     vertex  1.986000e+02 -6.282500e+01  1.510000e+00
     vertex  1.939496e+02 -6.209835e+01  1.510000e+00
     vertex  1.939116e+02 -6.219000e+01  1.510000e+00
   endloop
 endfacet
 facet normal  0.000000e+00  0.000000e+00  1.000000e+00
   outer loop
     vertex  1.986170e+02 -6.269559e+01  1.510000e+00
     vertex  1.939625e+02 -6.200000e+01  1.510000e+00
     vertex  1.939496e+02 -6.209835e+01  1.510000e+00
   endloop
 endfacet
 facet normal  0.000000e+00  0.000000e+00  1.000000e+00
   outer loop
     vertex  1.986170e+02 -6.269559e+01  1.510000e+00
     vertex  1.939496e+02 -6.209835e+01  1.510000e+00
     vertex  1.986000e+02 -6.282500e+01  1.510000e+00
   endloop
 endfacet
 facet normal  0.000000e+00  0.000000e+00  1.000000e+00
   outer loop
     vertex  1.992294e+02 -6.330796e+01  1.510000e+00
     vertex  2.014422e+02 -6.582384e+01  1.510000e+00
     vertex  2.014595e+02 -6.575362e+01  1.510000e+00
   endloop
 endfacet
 facet normal  0.000000e+00  0.000000e+00  1.000000e+00
   outer loop
     vertex  1.992294e+02 -6.330796e+01  1.510000e+00
     vertex  2.014595e+02 -6.575362e+01  1.510000e+00
     vertex  2.014931e+02 -6.568958e+01  1.510000e+00
   endloop
 endfacet
 facet normal  0.000000e+00  0.000000e+00  1.000000e+00
   outer loop
     vertex  1.992294e+02 -6.330796e+01  1.510000e+00
     vertex  1.991000e+02 -6.332500e+01  1.510000e+00
     vertex  2.014422e+02 -6.582384e+01  1.510000e+00
   endloop
 endfacet
 facet normal  0.000000e+00  0.000000e+00  1.000000e+00
   outer loop
     vertex  1.993500e+02 -6.325801e+01  1.510000e+00
     vertex  1.992294e+02 -6.330796e+01  1.510000e+00
     vertex  2.014931e+02 -6.568958e+01  1.510000e+00
   endloop
 endfacet
 facet normal  0.000000e+00  0.000000e+00  1.000000e+00
   outer loop
     vertex  1.993500e+02 -6.325801e+01  1.510000e+00
     vertex  2.014931e+02 -6.568958e+01  1.510000e+00
     vertex  2.015411e+02 -6.563545e+01  1.510000e+00
   endloop
 endfacet
 facet normal  0.000000e+00  0.000000e+00  1.000000e+00
   outer loop
     vertex  1.986670e+02 -6.257500e+01  1.510000e+00
     vertex  1.939496e+02 -6.190165e+01  1.510000e+00
     vertex  1.939625e+02 -6.200000e+01  1.510000e+00
   endloop
 endfacet
 facet normal  0.000000e+00  0.000000e+00  1.000000e+00
   outer loop
     vertex  1.986670e+02 -6.257500e+01  1.510000e+00
     vertex  1.939625e+02 -6.200000e+01  1.510000e+00
     vertex  1.986170e+02 -6.269559e+01  1.510000e+00
   endloop
 endfacet
 facet normal  0.000000e+00  0.000000e+00  1.000000e+00
   outer loop
     vertex  1.994536e+02 -6.317855e+01  1.510000e+00
     vertex  2.015411e+02 -6.563545e+01  1.510000e+00
     vertex  2.016006e+02 -6.559436e+01  1.510000e+00
   endloop
 endfacet
 facet normal  0.000000e+00  0.000000e+00  1.000000e+00
   outer loop
     vertex  1.994536e+02 -6.317855e+01  1.510000e+00
     vertex  1.993500e+02 -6.325801e+01  1.510000e+00
     vertex  2.015411e+02 -6.563545e+01  1.510000e+00
   endloop
 endfacet
 facet normal  0.000000e+00  0.000000e+00  1.000000e+00
   outer loop
     vertex  1.995330e+02 -6.307500e+01  1.510000e+00
     vertex  2.016006e+02 -6.559436e+01  1.510000e+00
     vertex  2.016682e+02 -6.556872e+01  1.510000e+00
   endloop
 endfacet
 facet normal  0.000000e+00  0.000000e+00  1.000000e+00
   outer loop
     vertex  1.995330e+02 -6.307500e+01  1.510000e+00
     vertex  1.994536e+02 -6.317855e+01  1.510000e+00
     vertex  2.016006e+02 -6.559436e+01  1.510000e+00
   endloop
 endfacet
 facet normal  0.000000e+00  0.000000e+00  1.000000e+00
   outer loop
     vertex  1.995830e+02 -6.295441e+01  1.510000e+00
     vertex  2.016682e+02 -6.556872e+01  1.510000e+00
     vertex  2.017400e+02 -6.556000e+01  1.510000e+00
   endloop
 endfacet
 facet normal  0.000000e+00  0.000000e+00  1.000000e+00
   outer loop
     vertex  1.995830e+02 -6.295441e+01  1.510000e+00
     vertex  1.995330e+02 -6.307500e+01  1.510000e+00
     vertex  2.016682e+02 -6.556872e+01  1.510000e+00
   endloop
 endfacet
 facet normal  0.000000e+00  0.000000e+00  1.000000e+00
   outer loop
     vertex  2.028400e+02 -6.616000e+01  1.510000e+00
     vertex  2.017400e+02 -6.616000e+01  1.510000e+00
     vertex  2.026275e+02 -6.700854e+01  1.510000e+00
   endloop
 endfacet
 facet normal  0.000000e+00  0.000000e+00  1.000000e+00
   outer loop
     vertex  2.028400e+02 -6.616000e+01  1.510000e+00
     vertex  2.026275e+02 -6.700854e+01  1.510000e+00
     vertex  2.027059e+02 -6.697608e+01  1.510000e+00
   endloop
 endfacet
 facet normal  0.000000e+00  0.000000e+00  1.000000e+00
   outer loop
     vertex  2.028400e+02 -6.616000e+01  1.510000e+00
     vertex  2.027059e+02 -6.697608e+01  1.510000e+00
     vertex  2.027900e+02 -6.696500e+01  1.510000e+00
   endloop
 endfacet
 facet normal  0.000000e+00  0.000000e+00  1.000000e+00
   outer loop
     vertex  2.028400e+02 -6.616000e+01  1.510000e+00
     vertex  2.027900e+02 -6.696500e+01  1.510000e+00
     vertex  2.028741e+02 -6.697608e+01  1.510000e+00
   endloop
 endfacet
 facet normal  0.000000e+00  0.000000e+00  1.000000e+00
   outer loop
     vertex  2.029118e+02 -6.615128e+01  1.510000e+00
     vertex  2.028400e+02 -6.616000e+01  1.510000e+00
     vertex  2.028741e+02 -6.697608e+01  1.510000e+00
   endloop
 endfacet
 facet normal  0.000000e+00  0.000000e+00  1.000000e+00
   outer loop
     vertex  2.029118e+02 -6.615128e+01  1.510000e+00
     vertex  2.028741e+02 -6.697608e+01  1.510000e+00
     vertex  2.029525e+02 -6.700854e+01  1.510000e+00
   endloop
 endfacet
 facet normal  0.000000e+00  0.000000e+00  1.000000e+00
   outer loop
     vertex  1.996000e+02 -6.282500e+01  1.510000e+00
     vertex  1.995830e+02 -6.295441e+01  1.510000e+00
     vertex  2.017400e+02 -6.556000e+01  1.510000e+00
   endloop
 endfacet
 facet normal  0.000000e+00  0.000000e+00  1.000000e+00
   outer loop
     vertex  2.029794e+02 -6.612564e+01  1.510000e+00
     vertex  2.029118e+02 -6.615128e+01  1.510000e+00
     vertex  2.029525e+02 -6.700854e+01  1.510000e+00
   endloop
 endfacet
 facet normal  0.000000e+00  0.000000e+00  1.000000e+00
   outer loop
     vertex  1.937211e+02 -5.678137e+01  1.510000e+00
     vertex  1.910425e+02 -6.162000e+01  1.510000e+00
     vertex  1.911409e+02 -6.163295e+01  1.510000e+00
   endloop
 endfacet
 facet normal  0.000000e+00  0.000000e+00  1.000000e+00
   outer loop
     vertex  2.030389e+02 -6.608455e+01  1.510000e+00
     vertex  2.029794e+02 -6.612564e+01  1.510000e+00
     vertex  2.029525e+02 -6.700854e+01  1.510000e+00
   endloop
 endfacet
 facet normal  0.000000e+00  0.000000e+00  1.000000e+00
   outer loop
     vertex  2.030389e+02 -6.608455e+01  1.510000e+00
     vertex  2.029525e+02 -6.700854e+01  1.510000e+00
     vertex  2.030198e+02 -6.706019e+01  1.510000e+00
   endloop
 endfacet
 facet normal  0.000000e+00  0.000000e+00  1.000000e+00
   outer loop
     vertex  1.940525e+02 -5.703564e+01  1.510000e+00
     vertex  1.933925e+02 -6.167091e+01  1.510000e+00
     vertex  1.934841e+02 -6.163295e+01  1.510000e+00
   endloop
 endfacet
 facet normal  0.000000e+00  0.000000e+00  1.000000e+00
   outer loop
     vertex  1.940525e+02 -5.703564e+01  1.510000e+00
     vertex  1.934841e+02 -6.163295e+01  1.510000e+00
     vertex  1.935825e+02 -6.162000e+01  1.510000e+00
   endloop
 endfacet
 facet normal  0.000000e+00  0.000000e+00  1.000000e+00
   outer loop
     vertex  1.940525e+02 -5.703564e+01  1.510000e+00
     vertex  1.937211e+02 -5.678137e+01  1.510000e+00
     vertex  1.911409e+02 -6.163295e+01  1.510000e+00
   endloop
 endfacet
 facet normal  0.000000e+00  0.000000e+00  1.000000e+00
   outer loop
     vertex  1.940525e+02 -5.703564e+01  1.510000e+00
     vertex  1.911409e+02 -6.163295e+01  1.510000e+00
     vertex  1.912325e+02 -6.167091e+01  1.510000e+00
   endloop
 endfacet
 facet normal  0.000000e+00  0.000000e+00  1.000000e+00
   outer loop
     vertex  1.940525e+02 -5.703564e+01  1.510000e+00
     vertex  1.912325e+02 -6.167091e+01  1.510000e+00
     vertex  1.933925e+02 -6.167091e+01  1.510000e+00
   endloop
 endfacet
 facet normal  0.000000e+00  0.000000e+00  1.000000e+00
   outer loop
     vertex  1.934669e+02 -5.645000e+01  1.510000e+00
     vertex  1.910425e+02 -6.162000e+01  1.510000e+00
     vertex  1.937211e+02 -5.678137e+01  1.510000e+00
   endloop
 endfacet
 facet normal  0.000000e+00  0.000000e+00  1.000000e+00
   outer loop
     vertex  1.934669e+02 -5.645000e+01  1.510000e+00
     vertex  1.886009e+02 -6.163295e+01  1.510000e+00
     vertex  1.909441e+02 -6.163295e+01  1.510000e+00
   endloop
 endfacet
 facet normal  0.000000e+00  0.000000e+00  1.000000e+00
   outer loop
     vertex  1.934669e+02 -5.645000e+01  1.510000e+00
     vertex  1.909441e+02 -6.163295e+01  1.510000e+00
     vertex  1.910425e+02 -6.162000e+01  1.510000e+00
   endloop
 endfacet
 facet normal  0.000000e+00  0.000000e+00  1.000000e+00
   outer loop
     vertex  2.030869e+02 -6.603042e+01  1.510000e+00
     vertex  2.030389e+02 -6.608455e+01  1.510000e+00
     vertex  2.030198e+02 -6.706019e+01  1.510000e+00
   endloop
 endfacet
 facet normal  0.000000e+00  0.000000e+00  1.000000e+00
   outer loop
     vertex  2.030869e+02 -6.603042e+01  1.510000e+00
     vertex  2.030198e+02 -6.706019e+01  1.510000e+00
     vertex  2.030715e+02 -6.712750e+01  1.510000e+00
   endloop
 endfacet
 facet normal  0.000000e+00  0.000000e+00  1.000000e+00
   outer loop
     vertex  2.031205e+02 -6.596638e+01  1.510000e+00
     vertex  2.030869e+02 -6.603042e+01  1.510000e+00
     vertex  2.030715e+02 -6.712750e+01  1.510000e+00
   endloop
 endfacet
 facet normal  0.000000e+00  0.000000e+00  1.000000e+00
   outer loop
     vertex  2.031205e+02 -6.596638e+01  1.510000e+00
     vertex  2.030715e+02 -6.712750e+01  1.510000e+00
     vertex  2.031039e+02 -6.720588e+01  1.510000e+00
   endloop
 endfacet
 facet normal  0.000000e+00  0.000000e+00  1.000000e+00
   outer loop
     vertex  1.944384e+02 -5.719548e+01  1.510000e+00
     vertex  1.935825e+02 -6.162000e+01  1.510000e+00
     vertex  1.936809e+02 -6.163295e+01  1.510000e+00
   endloop
 endfacet
 facet normal  0.000000e+00  0.000000e+00  1.000000e+00
   outer loop
     vertex  1.944384e+02 -5.719548e+01  1.510000e+00
     vertex  1.940525e+02 -5.703564e+01  1.510000e+00
     vertex  1.935825e+02 -6.162000e+01  1.510000e+00
   endloop
 endfacet
 facet normal  0.000000e+00  0.000000e+00  1.000000e+00
   outer loop
     vertex  1.933070e+02 -5.606411e+01  1.510000e+00
     vertex  1.850225e+02 -5.565000e+01  1.510000e+00
     vertex  1.849680e+02 -5.606411e+01  1.510000e+00
   endloop
 endfacet
 facet normal  0.000000e+00  0.000000e+00  1.000000e+00
   outer loop
     vertex  1.933070e+02 -5.606411e+01  1.510000e+00
     vertex  1.886009e+02 -6.163295e+01  1.510000e+00
     vertex  1.934669e+02 -5.645000e+01  1.510000e+00
   endloop
 endfacet
 facet normal  0.000000e+00  0.000000e+00  1.000000e+00
   outer loop
     vertex  1.933070e+02 -5.606411e+01  1.510000e+00
     vertex  1.849680e+02 -5.606411e+01  1.510000e+00
     vertex  1.886009e+02 -6.163295e+01  1.510000e+00
   endloop
 endfacet
 facet normal  0.000000e+00  0.000000e+00  1.000000e+00
   outer loop
     vertex  2.028400e+02 -6.556000e+01  1.510000e+00
     vertex  1.995830e+02 -6.269559e+01  1.510000e+00
     vertex  1.996000e+02 -6.282500e+01  1.510000e+00
   endloop
 endfacet
 facet normal  0.000000e+00  0.000000e+00  1.000000e+00
   outer loop
     vertex  2.028400e+02 -6.556000e+01  1.510000e+00
     vertex  1.996000e+02 -6.282500e+01  1.510000e+00
     vertex  2.017400e+02 -6.556000e+01  1.510000e+00
   endloop
 endfacet
 facet normal  0.000000e+00  0.000000e+00  1.000000e+00
   outer loop
     vertex  2.029118e+02 -6.556872e+01  1.510000e+00
     vertex  1.995830e+02 -6.269559e+01  1.510000e+00
     vertex  2.028400e+02 -6.556000e+01  1.510000e+00
   endloop
 endfacet
 facet normal  0.000000e+00  0.000000e+00  1.000000e+00
   outer loop
     vertex  1.948525e+02 -5.725000e+01  1.510000e+00
     vertex  1.936809e+02 -6.163295e+01  1.510000e+00
     vertex  1.937725e+02 -6.167091e+01  1.510000e+00
   endloop
 endfacet
 facet normal  0.000000e+00  0.000000e+00  1.000000e+00
   outer loop
     vertex  1.948525e+02 -5.725000e+01  1.510000e+00
     vertex  1.937725e+02 -6.167091e+01  1.510000e+00
     vertex  1.938512e+02 -6.173130e+01  1.510000e+00
   endloop
 endfacet
 facet normal  0.000000e+00  0.000000e+00  1.000000e+00
   outer loop
     vertex  1.948525e+02 -5.725000e+01  1.510000e+00
     vertex  1.944384e+02 -5.719548e+01  1.510000e+00
     vertex  1.936809e+02 -6.163295e+01  1.510000e+00
   endloop
 endfacet
 facet normal  0.000000e+00  0.000000e+00  1.000000e+00
   outer loop
     vertex  1.932525e+02 -5.565000e+01  1.510000e+00
     vertex  1.850225e+02 -5.565000e+01  1.510000e+00
     vertex  1.933070e+02 -5.606411e+01  1.510000e+00
   endloop
 endfacet
 facet normal  0.000000e+00  0.000000e+00  1.000000e+00
   outer loop
     vertex  1.952666e+02 -5.719548e+01  1.510000e+00
     vertex  1.948525e+02 -5.725000e+01  1.510000e+00
     vertex  1.938512e+02 -6.173130e+01  1.510000e+00
   endloop
 endfacet
 facet normal  0.000000e+00  0.000000e+00  1.000000e+00
   outer loop
     vertex  1.933070e+02 -5.523589e+01  1.510000e+00
     vertex  1.850225e+02 -5.565000e+01  1.510000e+00
     vertex  1.932525e+02 -5.565000e+01  1.510000e+00
   endloop
 endfacet
 facet normal  0.000000e+00  0.000000e+00  1.000000e+00
   outer loop
     vertex  1.933070e+02 -5.523589e+01  1.510000e+00
     vertex  1.849680e+02 -5.523589e+01  1.510000e+00
     vertex  1.850225e+02 -5.565000e+01  1.510000e+00
   endloop
 endfacet
 facet normal  0.000000e+00  0.000000e+00  1.000000e+00
   outer loop
     vertex  1.986670e+02 -6.053500e+01  1.510000e+00
     vertex  1.939496e+02 -6.190165e+01  1.510000e+00
     vertex  1.986670e+02 -6.257500e+01  1.510000e+00
   endloop
 endfacet
 facet normal  0.000000e+00  0.000000e+00  1.000000e+00
   outer loop
     vertex  1.986670e+02 -6.053500e+01  1.510000e+00
     vertex  1.987464e+02 -6.247145e+01  1.510000e+00
     vertex  1.987464e+02 -6.063855e+01  1.510000e+00
   endloop
 endfacet
 facet normal  0.000000e+00  0.000000e+00  1.000000e+00
   outer loop
     vertex  1.986670e+02 -6.053500e+01  1.510000e+00
     vertex  1.986670e+02 -6.257500e+01  1.510000e+00
     vertex  1.987464e+02 -6.247145e+01  1.510000e+00
   endloop
 endfacet
 facet normal  0.000000e+00  0.000000e+00  1.000000e+00
   outer loop
     vertex  1.988500e+02 -6.071801e+01  1.510000e+00
     vertex  1.987464e+02 -6.063855e+01  1.510000e+00
     vertex  1.987464e+02 -6.247145e+01  1.510000e+00
   endloop
 endfacet
 facet normal  0.000000e+00  0.000000e+00  1.000000e+00
   outer loop
     vertex  1.988500e+02 -6.071801e+01  1.510000e+00
     vertex  1.987464e+02 -6.247145e+01  1.510000e+00
     vertex  1.988500e+02 -6.239199e+01  1.510000e+00
   endloop
 endfacet
 facet normal  0.000000e+00  0.000000e+00  1.000000e+00
   outer loop
     vertex  1.989706e+02 -6.076796e+01  1.510000e+00
     vertex  1.988500e+02 -6.071801e+01  1.510000e+00
     vertex  1.988500e+02 -6.239199e+01  1.510000e+00
   endloop
 endfacet
 facet normal  0.000000e+00  0.000000e+00  1.000000e+00
   outer loop
     vertex  1.989706e+02 -6.076796e+01  1.510000e+00
     vertex  1.988500e+02 -6.239199e+01  1.510000e+00
     vertex  1.989706e+02 -6.234204e+01  1.510000e+00
   endloop
 endfacet
 facet normal  0.000000e+00  0.000000e+00  1.000000e+00
   outer loop
     vertex  1.986170e+02 -6.041441e+01  1.510000e+00
     vertex  1.939116e+02 -6.181000e+01  1.510000e+00
     vertex  1.939496e+02 -6.190165e+01  1.510000e+00
   endloop
 endfacet
 facet normal  0.000000e+00  0.000000e+00  1.000000e+00
   outer loop
     vertex  1.986170e+02 -6.041441e+01  1.510000e+00
     vertex  1.939496e+02 -6.190165e+01  1.510000e+00
     vertex  1.986670e+02 -6.053500e+01  1.510000e+00
   endloop
 endfacet
 facet normal  0.000000e+00  0.000000e+00  1.000000e+00
   outer loop
     vertex  1.991000e+02 -6.078500e+01  1.510000e+00
     vertex  1.989706e+02 -6.234204e+01  1.510000e+00
     vertex  1.991000e+02 -6.232500e+01  1.510000e+00
   endloop
 endfacet
 facet normal  0.000000e+00  0.000000e+00  1.000000e+00
   outer loop
     vertex  1.991000e+02 -6.078500e+01  1.510000e+00
     vertex  1.989706e+02 -6.076796e+01  1.510000e+00
     vertex  1.989706e+02 -6.234204e+01  1.510000e+00
   endloop
 endfacet
 facet normal  0.000000e+00  0.000000e+00  1.000000e+00
   outer loop
     vertex  1.986000e+02 -6.028500e+01  1.510000e+00
     vertex  1.939116e+02 -6.181000e+01  1.510000e+00
     vertex  1.986170e+02 -6.041441e+01  1.510000e+00
   endloop
 endfacet
 facet normal  0.000000e+00  0.000000e+00  1.000000e+00
   outer loop
     vertex  1.986000e+02 -6.028500e+01  1.510000e+00
     vertex  1.938512e+02 -6.173130e+01  1.510000e+00
     vertex  1.939116e+02 -6.181000e+01  1.510000e+00
   endloop
 endfacet
 facet normal  0.000000e+00  0.000000e+00  1.000000e+00
   outer loop
     vertex  1.986000e+02 -6.028500e+01  1.510000e+00
     vertex  1.952666e+02 -5.719548e+01  1.510000e+00
     vertex  1.938512e+02 -6.173130e+01  1.510000e+00
   endloop
 endfacet
 facet normal  0.000000e+00  0.000000e+00  1.000000e+00
   outer loop
     vertex  1.986170e+02 -6.015559e+01  1.510000e+00
     vertex  1.952666e+02 -5.719548e+01  1.510000e+00
     vertex  1.986000e+02 -6.028500e+01  1.510000e+00
   endloop
 endfacet
 facet normal  0.000000e+00  0.000000e+00  1.000000e+00
   outer loop
     vertex  1.992294e+02 -6.076796e+01  1.510000e+00
     vertex  1.991000e+02 -6.078500e+01  1.510000e+00
     vertex  1.991000e+02 -6.232500e+01  1.510000e+00
   endloop
 endfacet
 facet normal  0.000000e+00  0.000000e+00  1.000000e+00
   outer loop
     vertex  1.992294e+02 -6.076796e+01  1.510000e+00
     vertex  1.991000e+02 -6.232500e+01  1.510000e+00
     vertex  1.992294e+02 -6.234204e+01  1.510000e+00
   endloop
 endfacet
 facet normal  0.000000e+00  0.000000e+00  1.000000e+00
   outer loop
     vertex  1.956525e+02 -5.703564e+01  1.510000e+00
     vertex  1.952666e+02 -5.719548e+01  1.510000e+00
     vertex  1.986170e+02 -6.015559e+01  1.510000e+00
   endloop
 endfacet
 facet normal  0.000000e+00  0.000000e+00  1.000000e+00
   outer loop
     vertex  1.934669e+02 -5.485000e+01  1.510000e+00
     vertex  1.849680e+02 -5.523589e+01  1.510000e+00
     vertex  1.933070e+02 -5.523589e+01  1.510000e+00
   endloop
 endfacet
 facet normal  0.000000e+00  0.000000e+00  1.000000e+00
   outer loop
     vertex  1.934669e+02 -5.485000e+01  1.510000e+00
     vertex  1.848081e+02 -5.485000e+01  1.510000e+00
     vertex  1.849680e+02 -5.523589e+01  1.510000e+00
   endloop
 endfacet
 facet normal  0.000000e+00  0.000000e+00  1.000000e+00
   outer loop
     vertex  1.986670e+02 -6.003500e+01  1.510000e+00
     vertex  1.956525e+02 -5.703564e+01  1.510000e+00
     vertex  1.986170e+02 -6.015559e+01  1.510000e+00
   endloop
 endfacet
 facet normal  0.000000e+00  0.000000e+00  1.000000e+00
   outer loop
     vertex  1.993500e+02 -6.071801e+01  1.510000e+00
     vertex  1.992294e+02 -6.234204e+01  1.510000e+00
     vertex  1.993500e+02 -6.239199e+01  1.510000e+00
   endloop
 endfacet
 facet normal  0.000000e+00  0.000000e+00  1.000000e+00
   outer loop
     vertex  1.993500e+02 -6.071801e+01  1.510000e+00
     vertex  1.993500e+02 -6.239199e+01  1.510000e+00
     vertex  1.994536e+02 -6.247145e+01  1.510000e+00
   endloop
 endfacet
 facet normal  0.000000e+00  0.000000e+00  1.000000e+00
   outer loop
     vertex  1.993500e+02 -6.071801e+01  1.510000e+00
     vertex  1.992294e+02 -6.076796e+01  1.510000e+00
     vertex  1.992294e+02 -6.234204e+01  1.510000e+00
   endloop
 endfacet
 facet normal  0.000000e+00  0.000000e+00  1.000000e+00
   outer loop
     vertex  1.994536e+02 -6.063855e+01  1.510000e+00
     vertex  1.994536e+02 -6.247145e+01  1.510000e+00
     vertex  1.995330e+02 -6.257500e+01  1.510000e+00
   endloop
 endfacet
 facet normal  0.000000e+00  0.000000e+00  1.000000e+00
   outer loop
     vertex  1.994536e+02 -6.063855e+01  1.510000e+00
     vertex  1.993500e+02 -6.071801e+01  1.510000e+00
     vertex  1.994536e+02 -6.247145e+01  1.510000e+00
   endloop
 endfacet
 facet normal  0.000000e+00  0.000000e+00  1.000000e+00
   outer loop
     vertex  1.995330e+02 -6.053500e+01  1.510000e+00
     vertex  1.994536e+02 -6.063855e+01  1.510000e+00
     vertex  1.995330e+02 -6.257500e+01  1.510000e+00
   endloop
 endfacet
 facet normal  0.000000e+00  0.000000e+00  1.000000e+00
   outer loop
     vertex  1.995830e+02 -6.041441e+01  1.510000e+00
     vertex  1.995330e+02 -6.053500e+01  1.510000e+00
     vertex  1.995330e+02 -6.257500e+01  1.510000e+00
   endloop
 endfacet
 facet normal  0.000000e+00  0.000000e+00  1.000000e+00
   outer loop
     vertex  1.995830e+02 -6.041441e+01  1.510000e+00
     vertex  1.995330e+02 -6.257500e+01  1.510000e+00
     vertex  1.995830e+02 -6.269559e+01  1.510000e+00
   endloop
 endfacet
 facet normal  0.000000e+00  0.000000e+00  1.000000e+00
   outer loop
     vertex  1.995830e+02 -6.041441e+01  1.510000e+00
     vertex  1.995830e+02 -6.269559e+01  1.510000e+00
     vertex  2.029118e+02 -6.556872e+01  1.510000e+00
   endloop
 endfacet
 facet normal  0.000000e+00  0.000000e+00  1.000000e+00
   outer loop
     vertex  1.937211e+02 -5.451863e+01  1.510000e+00
     vertex  1.842225e+02 -5.426436e+01  1.510000e+00
     vertex  1.845539e+02 -5.451863e+01  1.510000e+00
   endloop
 endfacet
 facet normal  0.000000e+00  0.000000e+00  1.000000e+00
   outer loop
     vertex  1.937211e+02 -5.451863e+01  1.510000e+00
     vertex  1.845539e+02 -5.451863e+01  1.510000e+00
     vertex  1.848081e+02 -5.485000e+01  1.510000e+00
   endloop
 endfacet
 facet normal  0.000000e+00  0.000000e+00  1.000000e+00
   outer loop
     vertex  1.937211e+02 -5.451863e+01  1.510000e+00
     vertex  1.848081e+02 -5.485000e+01  1.510000e+00
     vertex  1.934669e+02 -5.485000e+01  1.510000e+00
   endloop
 endfacet
 facet normal  0.000000e+00  0.000000e+00  1.000000e+00
   outer loop
     vertex  1.996000e+02 -6.028500e+01  1.510000e+00
     vertex  1.995830e+02 -6.041441e+01  1.510000e+00
     vertex  2.029118e+02 -6.556872e+01  1.510000e+00
   endloop
 endfacet
 facet normal  0.000000e+00  0.000000e+00  1.000000e+00
   outer loop
     vertex  2.058579e+02 -6.607213e+01  1.510000e+00
     vertex  2.031039e+02 -6.720588e+01  1.510000e+00
     vertex  2.031150e+02 -6.729000e+01  1.510000e+00
   endloop
 endfacet
 facet normal  0.000000e+00  0.000000e+00  1.000000e+00
   outer loop
     vertex  1.940525e+02 -5.426436e+01  1.510000e+00
     vertex  1.842225e+02 -5.426436e+01  1.510000e+00
     vertex  1.937211e+02 -5.451863e+01  1.510000e+00
   endloop
 endfacet
 facet normal  0.000000e+00  0.000000e+00  1.000000e+00
   outer loop
     vertex  1.940525e+02 -5.426436e+01  1.510000e+00
     vertex  1.838366e+02 -5.410452e+01  1.510000e+00
     vertex  1.842225e+02 -5.426436e+01  1.510000e+00
   endloop
 endfacet
 facet normal  0.000000e+00  0.000000e+00  1.000000e+00
   outer loop
     vertex  2.059200e+02 -6.611981e+01  1.510000e+00
     vertex  2.058579e+02 -6.607213e+01  1.510000e+00
     vertex  2.031150e+02 -6.729000e+01  1.510000e+00
   endloop
 endfacet
 facet normal  0.000000e+00  0.000000e+00  1.000000e+00
   outer loop
     vertex  2.059200e+02 -6.611981e+01  1.510000e+00
     vertex  2.031150e+02 -6.729000e+01  1.510000e+00
     vertex  2.031039e+02 -6.737412e+01  1.510000e+00
   endloop
 endfacet
 facet normal  0.000000e+00  0.000000e+00  1.000000e+00
   outer loop
     vertex  2.058102e+02 -6.601000e+01  1.510000e+00
     vertex  2.031039e+02 -6.720588e+01  1.510000e+00
     vertex  2.058579e+02 -6.607213e+01  1.510000e+00
   endloop
 endfacet
 facet normal  0.000000e+00  0.000000e+00  1.000000e+00
   outer loop
     vertex  2.058102e+02 -6.601000e+01  1.510000e+00
     vertex  2.031205e+02 -6.596638e+01  1.510000e+00
     vertex  2.031039e+02 -6.720588e+01  1.510000e+00
   endloop
 endfacet
 facet normal  0.000000e+00  0.000000e+00  1.000000e+00
   outer loop
     vertex  2.059924e+02 -6.614978e+01  1.510000e+00
     vertex  2.059200e+02 -6.611981e+01  1.510000e+00
     vertex  2.031039e+02 -6.737412e+01  1.510000e+00
   endloop
 endfacet
 facet normal  0.000000e+00  0.000000e+00  1.000000e+00
   outer loop
     vertex  2.059924e+02 -6.614978e+01  1.510000e+00
     vertex  2.031039e+02 -6.737412e+01  1.510000e+00
     vertex  2.030715e+02 -6.745250e+01  1.510000e+00
   endloop
 endfacet
 facet normal  0.000000e+00  0.000000e+00  1.000000e+00
   outer loop
     vertex  2.057802e+02 -6.593765e+01  1.510000e+00
     vertex  2.031378e+02 -6.589616e+01  1.510000e+00
     vertex  2.031205e+02 -6.596638e+01  1.510000e+00
   endloop
 endfacet
 facet normal  0.000000e+00  0.000000e+00  1.000000e+00
   outer loop
     vertex  2.057802e+02 -6.593765e+01  1.510000e+00
     vertex  2.031205e+02 -6.596638e+01  1.510000e+00
     vertex  2.058102e+02 -6.601000e+01  1.510000e+00
   endloop
 endfacet
 facet normal  0.000000e+00  0.000000e+00  1.000000e+00
   outer loop
     vertex  2.060700e+02 -6.616000e+01  1.510000e+00
     vertex  2.030198e+02 -6.751981e+01  1.510000e+00
     vertex  2.060700e+02 -7.420000e+01  1.510000e+00
   endloop
 endfacet
 facet normal  0.000000e+00  0.000000e+00  1.000000e+00
   outer loop
     vertex  2.060700e+02 -6.616000e+01  1.510000e+00
     vertex  2.059924e+02 -6.614978e+01  1.510000e+00
     vertex  2.030715e+02 -6.745250e+01  1.510000e+00
   endloop
 endfacet
 facet normal  0.000000e+00  0.000000e+00  1.000000e+00
   outer loop
     vertex  2.060700e+02 -6.616000e+01  1.510000e+00
     vertex  2.030715e+02 -6.745250e+01  1.510000e+00
     vertex  2.030198e+02 -6.751981e+01  1.510000e+00
   endloop
 endfacet
 facet normal  0.000000e+00  0.000000e+00  1.000000e+00
   outer loop
     vertex  2.057700e+02 -6.586000e+01  1.510000e+00
     vertex  2.031378e+02 -6.582384e+01  1.510000e+00
     vertex  2.031378e+02 -6.589616e+01  1.510000e+00
   endloop
 endfacet
 facet normal  0.000000e+00  0.000000e+00  1.000000e+00
   outer loop
     vertex  2.057700e+02 -6.586000e+01  1.510000e+00
     vertex  2.031378e+02 -6.589616e+01  1.510000e+00
     vertex  2.057802e+02 -6.593765e+01  1.510000e+00
   endloop
 endfacet
 facet normal  0.000000e+00  0.000000e+00  1.000000e+00
   outer loop
     vertex  2.057802e+02 -6.578236e+01  1.510000e+00
     vertex  2.031205e+02 -6.575362e+01  1.510000e+00
     vertex  2.031378e+02 -6.582384e+01  1.510000e+00
   endloop
 endfacet
 facet normal  0.000000e+00  0.000000e+00  1.000000e+00
   outer loop
     vertex  2.057802e+02 -6.578236e+01  1.510000e+00
     vertex  2.031378e+02 -6.582384e+01  1.510000e+00
     vertex  2.057700e+02 -6.586000e+01  1.510000e+00
   endloop
 endfacet
 facet normal  0.000000e+00  0.000000e+00  1.000000e+00
   outer loop
     vertex  2.058102e+02 -6.571000e+01  1.510000e+00
     vertex  2.031205e+02 -6.575362e+01  1.510000e+00
     vertex  2.057802e+02 -6.578236e+01  1.510000e+00
   endloop
 endfacet
 facet normal  0.000000e+00  0.000000e+00  1.000000e+00
   outer loop
     vertex  2.058102e+02 -6.571000e+01  1.510000e+00
     vertex  2.030869e+02 -6.568958e+01  1.510000e+00
     vertex  2.031205e+02 -6.575362e+01  1.510000e+00
   endloop
 endfacet
 facet normal  0.000000e+00  0.000000e+00  1.000000e+00
   outer loop
     vertex  2.058579e+02 -6.564787e+01  1.510000e+00
     vertex  2.030869e+02 -6.568958e+01  1.510000e+00
     vertex  2.058102e+02 -6.571000e+01  1.510000e+00
   endloop
 endfacet
 facet normal  0.000000e+00  0.000000e+00  1.000000e+00
   outer loop
     vertex  2.058579e+02 -6.564787e+01  1.510000e+00
     vertex  2.030389e+02 -6.563545e+01  1.510000e+00
     vertex  2.030869e+02 -6.568958e+01  1.510000e+00
   endloop
 endfacet
 facet normal  0.000000e+00  0.000000e+00  1.000000e+00
   outer loop
     vertex  2.059200e+02 -6.560019e+01  1.510000e+00
     vertex  2.030389e+02 -6.563545e+01  1.510000e+00
     vertex  2.058579e+02 -6.564787e+01  1.510000e+00
   endloop
 endfacet
 facet normal  0.000000e+00  0.000000e+00  1.000000e+00
   outer loop
     vertex  2.059200e+02 -6.560019e+01  1.510000e+00
     vertex  2.029794e+02 -6.559436e+01  1.510000e+00
     vertex  2.030389e+02 -6.563545e+01  1.510000e+00
   endloop
 endfacet
 facet normal  0.000000e+00  0.000000e+00  1.000000e+00
   outer loop
     vertex  1.944384e+02 -5.410452e+01  1.510000e+00
     vertex  1.838366e+02 -5.410452e+01  1.510000e+00
     vertex  1.940525e+02 -5.426436e+01  1.510000e+00
   endloop
 endfacet
 facet normal  0.000000e+00  0.000000e+00  1.000000e+00
   outer loop
     vertex  2.059924e+02 -6.557022e+01  1.510000e+00
     vertex  1.996000e+02 -6.028500e+01  1.510000e+00
     vertex  2.029118e+02 -6.556872e+01  1.510000e+00
   endloop
 endfacet
 facet normal  0.000000e+00  0.000000e+00  1.000000e+00
   outer loop
     vertex  2.059924e+02 -6.557022e+01  1.510000e+00
     vertex  2.029794e+02 -6.559436e+01  1.510000e+00
     vertex  2.059200e+02 -6.560019e+01  1.510000e+00
   endloop
 endfacet
 facet normal  0.000000e+00  0.000000e+00  1.000000e+00
   outer loop
     vertex  2.059924e+02 -6.557022e+01  1.510000e+00
     vertex  2.029118e+02 -6.556872e+01  1.510000e+00
     vertex  2.029794e+02 -6.559436e+01  1.510000e+00
   endloop
 endfacet
 facet normal  0.000000e+00  0.000000e+00  1.000000e+00
   outer loop
     vertex  1.988500e+02 -5.817801e+01  1.510000e+00
     vertex  1.987464e+02 -5.809855e+01  1.510000e+00
     vertex  1.987464e+02 -5.993145e+01  1.510000e+00
   endloop
 endfacet
 facet normal  0.000000e+00  0.000000e+00  1.000000e+00
   outer loop
     vertex  1.988500e+02 -5.817801e+01  1.510000e+00
     vertex  1.987464e+02 -5.993145e+01  1.510000e+00
     vertex  1.988500e+02 -5.985199e+01  1.510000e+00
   endloop
 endfacet
 facet normal  0.000000e+00  0.000000e+00  1.000000e+00
   outer loop
     vertex  1.986670e+02 -5.799500e+01  1.510000e+00
     vertex  1.956525e+02 -5.703564e+01  1.510000e+00
     vertex  1.986670e+02 -6.003500e+01  1.510000e+00
   endloop
 endfacet
 facet normal  0.000000e+00  0.000000e+00  1.000000e+00
   outer loop
     vertex  1.986670e+02 -5.799500e+01  1.510000e+00
     vertex  1.987464e+02 -5.993145e+01  1.510000e+00
     vertex  1.987464e+02 -5.809855e+01  1.510000e+00
   endloop
 endfacet
 facet normal  0.000000e+00  0.000000e+00  1.000000e+00
   outer loop
     vertex  1.986670e+02 -5.799500e+01  1.510000e+00
     vertex  1.986670e+02 -6.003500e+01  1.510000e+00
     vertex  1.987464e+02 -5.993145e+01  1.510000e+00
   endloop
 endfacet
 facet normal  0.000000e+00  0.000000e+00  1.000000e+00
   outer loop
     vertex  2.068700e+02 -6.616000e+01  1.510000e+00
     vertex  2.060700e+02 -7.420000e+01  1.510000e+00
     vertex  2.068700e+02 -7.420000e+01  1.510000e+00
   endloop
 endfacet
 facet normal  0.000000e+00  0.000000e+00  1.000000e+00
   outer loop
     vertex  2.068700e+02 -6.616000e+01  1.510000e+00
     vertex  2.060700e+02 -6.616000e+01  1.510000e+00
     vertex  2.060700e+02 -7.420000e+01  1.510000e+00
   endloop
 endfacet
 facet normal  0.000000e+00  0.000000e+00  1.000000e+00
   outer loop
     vertex  1.986170e+02 -5.787441e+01  1.510000e+00
     vertex  1.959839e+02 -5.678137e+01  1.510000e+00
     vertex  1.956525e+02 -5.703564e+01  1.510000e+00
   endloop
 endfacet
 facet normal  0.000000e+00  0.000000e+00  1.000000e+00
   outer loop
     vertex  1.986170e+02 -5.787441e+01  1.510000e+00
     vertex  1.956525e+02 -5.703564e+01  1.510000e+00
     vertex  1.986670e+02 -5.799500e+01  1.510000e+00
   endloop
 endfacet
 facet normal  0.000000e+00  0.000000e+00  1.000000e+00
   outer loop
     vertex  1.989706e+02 -5.822796e+01  1.510000e+00
     vertex  1.988500e+02 -5.817801e+01  1.510000e+00
     vertex  1.988500e+02 -5.985199e+01  1.510000e+00
   endloop
 endfacet
 facet normal  0.000000e+00  0.000000e+00  1.000000e+00
   outer loop
     vertex  1.989706e+02 -5.822796e+01  1.510000e+00
     vertex  1.988500e+02 -5.985199e+01  1.510000e+00
     vertex  1.989706e+02 -5.980204e+01  1.510000e+00
   endloop
 endfacet
 facet normal  0.000000e+00  0.000000e+00  1.000000e+00
   outer loop
     vertex  2.069418e+02 -6.615128e+01  1.510000e+00
     vertex  2.068700e+02 -7.420000e+01  1.510000e+00
     vertex  2.069476e+02 -7.421022e+01  1.510000e+00
   endloop
 endfacet
 facet normal  0.000000e+00  0.000000e+00  1.000000e+00
   outer loop
     vertex  2.069418e+02 -6.615128e+01  1.510000e+00
     vertex  2.068700e+02 -6.616000e+01  1.510000e+00
     vertex  2.068700e+02 -7.420000e+01  1.510000e+00
   endloop
 endfacet
 facet normal  0.000000e+00  0.000000e+00  1.000000e+00
   outer loop
     vertex  1.991000e+02 -5.824500e+01  1.510000e+00
     vertex  1.989706e+02 -5.822796e+01  1.510000e+00
     vertex  1.989706e+02 -5.980204e+01  1.510000e+00
   endloop
 endfacet
 facet normal  0.000000e+00  0.000000e+00  1.000000e+00
   outer loop
     vertex  1.991000e+02 -5.824500e+01  1.510000e+00
     vertex  1.989706e+02 -5.980204e+01  1.510000e+00
     vertex  1.991000e+02 -5.978500e+01  1.510000e+00
   endloop
 endfacet
 facet normal  0.000000e+00  0.000000e+00  1.000000e+00
   outer loop
     vertex  1.986000e+02 -5.774500e+01  1.510000e+00
     vertex  1.959839e+02 -5.678137e+01  1.510000e+00
     vertex  1.986170e+02 -5.787441e+01  1.510000e+00
   endloop
 endfacet
 facet normal  0.000000e+00  0.000000e+00  1.000000e+00
   outer loop
     vertex  2.070094e+02 -6.612564e+01  1.510000e+00
     vertex  2.069418e+02 -6.615128e+01  1.510000e+00
     vertex  2.069476e+02 -7.421022e+01  1.510000e+00
   endloop
 endfacet
 facet normal  0.000000e+00  0.000000e+00  1.000000e+00
   outer loop
     vertex  2.070094e+02 -6.612564e+01  1.510000e+00
     vertex  2.069476e+02 -7.421022e+01  1.510000e+00
     vertex  2.070200e+02 -7.424019e+01  1.510000e+00
   endloop
 endfacet
 facet normal  0.000000e+00  0.000000e+00  1.000000e+00
   outer loop
     vertex  2.070689e+02 -6.608455e+01  1.510000e+00
     vertex  2.070094e+02 -6.612564e+01  1.510000e+00
     vertex  2.070200e+02 -7.424019e+01  1.510000e+00
   endloop
 endfacet
 facet normal  0.000000e+00  0.000000e+00  1.000000e+00
   outer loop
     vertex  2.070689e+02 -6.608455e+01  1.510000e+00
     vertex  2.070200e+02 -7.424019e+01  1.510000e+00
     vertex  2.070821e+02 -7.428787e+01  1.510000e+00
   endloop
 endfacet
 facet normal  0.000000e+00  0.000000e+00  1.000000e+00
   outer loop
     vertex  1.986170e+02 -5.761559e+01  1.510000e+00
     vertex  1.959839e+02 -5.678137e+01  1.510000e+00
     vertex  1.986000e+02 -5.774500e+01  1.510000e+00
   endloop
 endfacet
 facet normal  0.000000e+00  0.000000e+00  1.000000e+00
   outer loop
     vertex  1.986170e+02 -5.761559e+01  1.510000e+00
     vertex  1.962381e+02 -5.645000e+01  1.510000e+00
     vertex  1.959839e+02 -5.678137e+01  1.510000e+00
   endloop
 endfacet
 facet normal  0.000000e+00  0.000000e+00  1.000000e+00
   outer loop
     vertex  1.992294e+02 -5.822796e+01  1.510000e+00
     vertex  1.991000e+02 -5.824500e+01  1.510000e+00
     vertex  1.991000e+02 -5.978500e+01  1.510000e+00
   endloop
 endfacet
 facet normal  0.000000e+00  0.000000e+00  1.000000e+00
   outer loop
     vertex  1.992294e+02 -5.822796e+01  1.510000e+00
     vertex  1.991000e+02 -5.978500e+01  1.510000e+00
     vertex  1.992294e+02 -5.980204e+01  1.510000e+00
   endloop
 endfacet
 facet normal  0.000000e+00  0.000000e+00  1.000000e+00
   outer loop
     vertex  2.071169e+02 -6.603042e+01  1.510000e+00
     vertex  2.070689e+02 -6.608455e+01  1.510000e+00
     vertex  2.070821e+02 -7.428787e+01  1.510000e+00
   endloop
 endfacet
 facet normal  0.000000e+00  0.000000e+00  1.000000e+00
   outer loop
     vertex  2.071169e+02 -6.603042e+01  1.510000e+00
     vertex  2.070821e+02 -7.428787e+01  1.510000e+00
     vertex  2.071298e+02 -7.435000e+01  1.510000e+00
   endloop
 endfacet
 facet normal  0.000000e+00  0.000000e+00  1.000000e+00
   outer loop
     vertex  1.993500e+02 -5.817801e+01  1.510000e+00
     vertex  1.992294e+02 -5.822796e+01  1.510000e+00
     vertex  1.992294e+02 -5.980204e+01  1.510000e+00
   endloop
 endfacet
 facet normal  0.000000e+00  0.000000e+00  1.000000e+00
   outer loop
     vertex  1.993500e+02 -5.817801e+01  1.510000e+00
     vertex  1.992294e+02 -5.980204e+01  1.510000e+00
     vertex  1.993500e+02 -5.985199e+01  1.510000e+00
   endloop
 endfacet
 facet normal  0.000000e+00  0.000000e+00  1.000000e+00
   outer loop
     vertex  1.986670e+02 -5.749500e+01  1.510000e+00
     vertex  1.963980e+02 -5.606411e+01  1.510000e+00
     vertex  1.962381e+02 -5.645000e+01  1.510000e+00
   endloop
 endfacet
 facet normal  0.000000e+00  0.000000e+00  1.000000e+00
   outer loop
     vertex  1.986670e+02 -5.749500e+01  1.510000e+00
     vertex  1.962381e+02 -5.645000e+01  1.510000e+00
     vertex  1.986170e+02 -5.761559e+01  1.510000e+00
   endloop
 endfacet
 facet normal  0.000000e+00  0.000000e+00  1.000000e+00
   outer loop
     vertex  2.071505e+02 -6.596638e+01  1.510000e+00
     vertex  2.071298e+02 -7.435000e+01  1.510000e+00
     vertex  2.071598e+02 -7.442236e+01  1.510000e+00
   endloop
 endfacet
 facet normal  0.000000e+00  0.000000e+00  1.000000e+00
   outer loop
     vertex  2.071505e+02 -6.596638e+01  1.510000e+00
     vertex  2.071169e+02 -6.603042e+01  1.510000e+00
     vertex  2.071298e+02 -7.435000e+01  1.510000e+00
   endloop
 endfacet
 facet normal  0.000000e+00  0.000000e+00  1.000000e+00
   outer loop
     vertex  2.071678e+02 -6.589616e+01  1.510000e+00
     vertex  2.071505e+02 -6.596638e+01  1.510000e+00
     vertex  2.071598e+02 -7.442236e+01  1.510000e+00
   endloop
 endfacet
 facet normal  0.000000e+00  0.000000e+00  1.000000e+00
   outer loop
     vertex  2.071678e+02 -6.589616e+01  1.510000e+00
     vertex  2.071700e+02 -7.450000e+01  1.510000e+00
     vertex  2.093000e+02 -8.448000e+01  1.510000e+00
   endloop
 endfacet
 facet normal  0.000000e+00  0.000000e+00  1.000000e+00
   outer loop
     vertex  2.071678e+02 -6.589616e+01  1.510000e+00
     vertex  2.071598e+02 -7.442236e+01  1.510000e+00
     vertex  2.071700e+02 -7.450000e+01  1.510000e+00
   endloop
 endfacet
 facet normal  0.000000e+00  0.000000e+00  1.000000e+00
   outer loop
     vertex  1.987464e+02 -5.739145e+01  1.510000e+00
     vertex  1.963980e+02 -5.606411e+01  1.510000e+00
     vertex  1.986670e+02 -5.749500e+01  1.510000e+00
   endloop
 endfacet
 facet normal  0.000000e+00  0.000000e+00  1.000000e+00
   outer loop
     vertex  1.994536e+02 -5.809855e+01  1.510000e+00
     vertex  1.993500e+02 -5.817801e+01  1.510000e+00
     vertex  1.993500e+02 -5.985199e+01  1.510000e+00
   endloop
 endfacet
 facet normal  0.000000e+00  0.000000e+00  1.000000e+00
   outer loop
     vertex  1.994536e+02 -5.809855e+01  1.510000e+00
     vertex  1.993500e+02 -5.985199e+01  1.510000e+00
     vertex  1.994536e+02 -5.993145e+01  1.510000e+00
   endloop
 endfacet
 facet normal  0.000000e+00  0.000000e+00  1.000000e+00
   outer loop
     vertex  1.995330e+02 -5.799500e+01  1.510000e+00
     vertex  1.994536e+02 -5.809855e+01  1.510000e+00
     vertex  1.994536e+02 -5.993145e+01  1.510000e+00
   endloop
 endfacet
 facet normal  0.000000e+00  0.000000e+00  1.000000e+00
   outer loop
     vertex  1.995330e+02 -5.799500e+01  1.510000e+00
     vertex  1.994536e+02 -5.993145e+01  1.510000e+00
     vertex  1.995330e+02 -6.003500e+01  1.510000e+00
   endloop
 endfacet
 facet normal  0.000000e+00  0.000000e+00  1.000000e+00
   outer loop
     vertex  1.995330e+02 -5.799500e+01  1.510000e+00
     vertex  1.995330e+02 -6.003500e+01  1.510000e+00
     vertex  1.995830e+02 -6.015559e+01  1.510000e+00
   endloop
 endfacet
 facet normal  0.000000e+00  0.000000e+00  1.000000e+00
   outer loop
     vertex  1.995830e+02 -5.787441e+01  1.510000e+00
     vertex  1.995330e+02 -5.799500e+01  1.510000e+00
     vertex  1.995830e+02 -6.015559e+01  1.510000e+00
   endloop
 endfacet
 facet normal  0.000000e+00  0.000000e+00  1.000000e+00
   outer loop
     vertex  1.987464e+02 -5.555855e+01  1.510000e+00
     vertex  1.963980e+02 -5.606411e+01  1.510000e+00
     vertex  1.987464e+02 -5.739145e+01  1.510000e+00
   endloop
 endfacet
 facet normal  0.000000e+00  0.000000e+00  1.000000e+00
   outer loop
     vertex  1.988500e+02 -5.563801e+01  1.510000e+00
     vertex  1.987464e+02 -5.555855e+01  1.510000e+00
     vertex  1.987464e+02 -5.739145e+01  1.510000e+00
   endloop
 endfacet
 facet normal  0.000000e+00  0.000000e+00  1.000000e+00
   outer loop
     vertex  1.988500e+02 -5.563801e+01  1.510000e+00
     vertex  1.987464e+02 -5.739145e+01  1.510000e+00
     vertex  1.988500e+02 -5.731199e+01  1.510000e+00
   endloop
 endfacet
 facet normal  0.000000e+00  0.000000e+00  1.000000e+00
   outer loop
     vertex  1.986670e+02 -5.545500e+01  1.510000e+00
     vertex  1.964525e+02 -5.565000e+01  1.510000e+00
     vertex  1.963980e+02 -5.606411e+01  1.510000e+00
   endloop
 endfacet
 facet normal  0.000000e+00  0.000000e+00  1.000000e+00
   outer loop
     vertex  1.986670e+02 -5.545500e+01  1.510000e+00
     vertex  1.963980e+02 -5.606411e+01  1.510000e+00
     vertex  1.987464e+02 -5.555855e+01  1.510000e+00
   endloop
 endfacet
 facet normal  0.000000e+00  0.000000e+00  1.000000e+00
   outer loop
     vertex  1.986170e+02 -5.533441e+01  1.510000e+00
     vertex  1.964525e+02 -5.565000e+01  1.510000e+00
     vertex  1.986670e+02 -5.545500e+01  1.510000e+00
   endloop
 endfacet
 facet normal  0.000000e+00  0.000000e+00  1.000000e+00
   outer loop
     vertex  1.989706e+02 -5.568796e+01  1.510000e+00
     vertex  1.988500e+02 -5.731199e+01  1.510000e+00
     vertex  1.989706e+02 -5.726204e+01  1.510000e+00
   endloop
 endfacet
 facet normal  0.000000e+00  0.000000e+00  1.000000e+00
   outer loop
     vertex  1.989706e+02 -5.568796e+01  1.510000e+00
     vertex  1.988500e+02 -5.563801e+01  1.510000e+00
     vertex  1.988500e+02 -5.731199e+01  1.510000e+00
   endloop
 endfacet
 facet normal  0.000000e+00  0.000000e+00  1.000000e+00
   outer loop
     vertex  1.991000e+02 -5.570500e+01  1.510000e+00
     vertex  1.989706e+02 -5.726204e+01  1.510000e+00
     vertex  1.991000e+02 -5.724500e+01  1.510000e+00
   endloop
 endfacet
 facet normal  0.000000e+00  0.000000e+00  1.000000e+00
   outer loop
     vertex  1.991000e+02 -5.570500e+01  1.510000e+00
     vertex  1.989706e+02 -5.568796e+01  1.510000e+00
     vertex  1.989706e+02 -5.726204e+01  1.510000e+00
   endloop
 endfacet
 facet normal  0.000000e+00  0.000000e+00  1.000000e+00
   outer loop
     vertex  1.986000e+02 -5.520500e+01  1.510000e+00
     vertex  1.963980e+02 -5.523589e+01  1.510000e+00
     vertex  1.964525e+02 -5.565000e+01  1.510000e+00
   endloop
 endfacet
 facet normal  0.000000e+00  0.000000e+00  1.000000e+00
   outer loop
     vertex  1.986000e+02 -5.520500e+01  1.510000e+00
     vertex  1.964525e+02 -5.565000e+01  1.510000e+00
     vertex  1.986170e+02 -5.533441e+01  1.510000e+00
   endloop
 endfacet
 facet normal  0.000000e+00  0.000000e+00  1.000000e+00
   outer loop
     vertex  1.986170e+02 -5.507559e+01  1.510000e+00
     vertex  1.962381e+02 -5.485000e+01  1.510000e+00
     vertex  1.963980e+02 -5.523589e+01  1.510000e+00
   endloop
 endfacet
 facet normal  0.000000e+00  0.000000e+00  1.000000e+00
   outer loop
     vertex  1.986170e+02 -5.507559e+01  1.510000e+00
     vertex  1.963980e+02 -5.523589e+01  1.510000e+00
     vertex  1.986000e+02 -5.520500e+01  1.510000e+00
   endloop
 endfacet
 facet normal  0.000000e+00  0.000000e+00  1.000000e+00
   outer loop
     vertex  1.992294e+02 -5.568796e+01  1.510000e+00
     vertex  1.991000e+02 -5.570500e+01  1.510000e+00
     vertex  1.991000e+02 -5.724500e+01  1.510000e+00
   endloop
 endfacet
 facet normal  0.000000e+00  0.000000e+00  1.000000e+00
   outer loop
     vertex  1.992294e+02 -5.568796e+01  1.510000e+00
     vertex  1.991000e+02 -5.724500e+01  1.510000e+00
     vertex  1.992294e+02 -5.726204e+01  1.510000e+00
   endloop
 endfacet
 facet normal  0.000000e+00  0.000000e+00  1.000000e+00
   outer loop
     vertex  1.993500e+02 -5.563801e+01  1.510000e+00
     vertex  1.992294e+02 -5.568796e+01  1.510000e+00
     vertex  1.992294e+02 -5.726204e+01  1.510000e+00
   endloop
 endfacet
 facet normal  0.000000e+00  0.000000e+00  1.000000e+00
   outer loop
     vertex  1.993500e+02 -5.563801e+01  1.510000e+00
     vertex  1.992294e+02 -5.726204e+01  1.510000e+00
     vertex  1.993500e+02 -5.731199e+01  1.510000e+00
   endloop
 endfacet
 facet normal  0.000000e+00  0.000000e+00  1.000000e+00
   outer loop
     vertex  1.993500e+02 -5.563801e+01  1.510000e+00
     vertex  1.993500e+02 -5.731199e+01  1.510000e+00
     vertex  1.994536e+02 -5.739145e+01  1.510000e+00
   endloop
 endfacet
 facet normal  0.000000e+00  0.000000e+00  1.000000e+00
   outer loop
     vertex  1.986670e+02 -5.495500e+01  1.510000e+00
     vertex  1.962381e+02 -5.485000e+01  1.510000e+00
     vertex  1.986170e+02 -5.507559e+01  1.510000e+00
   endloop
 endfacet
 facet normal  0.000000e+00  0.000000e+00  1.000000e+00
   outer loop
     vertex  1.987464e+02 -5.485145e+01  1.510000e+00
     vertex  1.962381e+02 -5.485000e+01  1.510000e+00
     vertex  1.986670e+02 -5.495500e+01  1.510000e+00
   endloop
 endfacet
 facet normal  0.000000e+00  0.000000e+00  1.000000e+00
   outer loop
     vertex  1.987464e+02 -5.485145e+01  1.510000e+00
     vertex  1.959839e+02 -5.451863e+01  1.510000e+00
     vertex  1.962381e+02 -5.485000e+01  1.510000e+00
   endloop
 endfacet
 facet normal  0.000000e+00  0.000000e+00  1.000000e+00
   outer loop
     vertex  1.994536e+02 -5.555855e+01  1.510000e+00
     vertex  1.993500e+02 -5.563801e+01  1.510000e+00
     vertex  1.994536e+02 -5.739145e+01  1.510000e+00
   endloop
 endfacet
 facet normal  0.000000e+00  0.000000e+00  1.000000e+00
   outer loop
     vertex  1.994536e+02 -5.555855e+01  1.510000e+00
     vertex  1.994536e+02 -5.739145e+01  1.510000e+00
     vertex  1.995330e+02 -5.749500e+01  1.510000e+00
   endloop
 endfacet
 facet normal  0.000000e+00  0.000000e+00  1.000000e+00
   outer loop
     vertex  1.995330e+02 -5.545500e+01  1.510000e+00
     vertex  1.994536e+02 -5.555855e+01  1.510000e+00
     vertex  1.995330e+02 -5.749500e+01  1.510000e+00
   endloop
 endfacet
 facet normal  0.000000e+00  0.000000e+00  1.000000e+00
   outer loop
     vertex  1.995330e+02 -5.545500e+01  1.510000e+00
     vertex  1.995330e+02 -5.749500e+01  1.510000e+00
     vertex  1.995830e+02 -5.761559e+01  1.510000e+00
   endloop
 endfacet
 facet normal  0.000000e+00  0.000000e+00  1.000000e+00
   outer loop
     vertex  1.988500e+02 -5.477199e+01  1.510000e+00
     vertex  1.956525e+02 -5.426436e+01  1.510000e+00
     vertex  1.959839e+02 -5.451863e+01  1.510000e+00
   endloop
 endfacet
 facet normal  0.000000e+00  0.000000e+00  1.000000e+00
   outer loop
     vertex  1.988500e+02 -5.477199e+01  1.510000e+00
     vertex  1.959839e+02 -5.451863e+01  1.510000e+00
     vertex  1.987464e+02 -5.485145e+01  1.510000e+00
   endloop
 endfacet
 facet normal  0.000000e+00  0.000000e+00  1.000000e+00
   outer loop
     vertex  1.989706e+02 -5.472204e+01  1.510000e+00
     vertex  1.956525e+02 -5.426436e+01  1.510000e+00
     vertex  1.988500e+02 -5.477199e+01  1.510000e+00
   endloop
 endfacet
 facet normal  0.000000e+00  0.000000e+00  1.000000e+00
   outer loop
     vertex  1.995830e+02 -5.533441e+01  1.510000e+00
     vertex  1.995330e+02 -5.545500e+01  1.510000e+00
     vertex  1.995830e+02 -5.761559e+01  1.510000e+00
   endloop
 endfacet
 facet normal  0.000000e+00  0.000000e+00  1.000000e+00
   outer loop
     vertex  1.991000e+02 -5.470500e+01  1.510000e+00
     vertex  1.956525e+02 -5.426436e+01  1.510000e+00
     vertex  1.989706e+02 -5.472204e+01  1.510000e+00
   endloop
 endfacet
 facet normal  0.000000e+00  0.000000e+00  1.000000e+00
   outer loop
     vertex  1.991000e+02 -5.470500e+01  1.510000e+00
     vertex  1.952666e+02 -5.410452e+01  1.510000e+00
     vertex  1.956525e+02 -5.426436e+01  1.510000e+00
   endloop
 endfacet
 facet normal  0.000000e+00  0.000000e+00  1.000000e+00
   outer loop
     vertex  2.061000e+02 -5.268000e+01  1.510000e+00
     vertex  1.991000e+02 -5.470500e+01  1.510000e+00
     vertex  1.992294e+02 -5.472204e+01  1.510000e+00
   endloop
 endfacet
 facet normal  0.000000e+00  0.000000e+00  1.000000e+00
   outer loop
     vertex  2.061000e+02 -5.268000e+01  1.510000e+00
     vertex  1.992294e+02 -5.472204e+01  1.510000e+00
     vertex  1.993500e+02 -5.477199e+01  1.510000e+00
   endloop
 endfacet
 facet normal  0.000000e+00  0.000000e+00  1.000000e+00
   outer loop
     vertex  2.061000e+02 -5.268000e+01  1.510000e+00
     vertex  1.993500e+02 -5.477199e+01  1.510000e+00
     vertex  1.994536e+02 -5.485145e+01  1.510000e+00
   endloop
 endfacet
 facet normal  0.000000e+00  0.000000e+00  1.000000e+00
   outer loop
     vertex  2.061000e+02 -5.268000e+01  1.510000e+00
     vertex  1.994536e+02 -5.485145e+01  1.510000e+00
     vertex  1.995330e+02 -5.495500e+01  1.510000e+00
   endloop
 endfacet
 facet normal  0.000000e+00  0.000000e+00  1.000000e+00
   outer loop
     vertex  2.061000e+02 -5.268000e+01  1.510000e+00
     vertex  1.995330e+02 -5.495500e+01  1.510000e+00
     vertex  1.995830e+02 -5.507559e+01  1.510000e+00
   endloop
 endfacet
 facet normal  0.000000e+00  0.000000e+00  1.000000e+00
   outer loop
     vertex  2.061000e+02 -5.268000e+01  1.510000e+00
     vertex  1.995830e+02 -5.507559e+01  1.510000e+00
     vertex  1.996000e+02 -5.520500e+01  1.510000e+00
   endloop
 endfacet
 facet normal  0.000000e+00  0.000000e+00  1.000000e+00
   outer loop
     vertex  2.061000e+02 -5.268000e+01  1.510000e+00
     vertex  1.996000e+02 -5.520500e+01  1.510000e+00
     vertex  1.995830e+02 -5.533441e+01  1.510000e+00
   endloop
 endfacet
 facet normal  0.000000e+00  0.000000e+00  1.000000e+00
   outer loop
     vertex  2.061000e+02 -5.268000e+01  1.510000e+00
     vertex  1.952666e+02 -5.410452e+01  1.510000e+00
     vertex  1.991000e+02 -5.470500e+01  1.510000e+00
   endloop
 endfacet
 facet normal  0.000000e+00  0.000000e+00  1.000000e+00
   outer loop
     vertex  2.061000e+02 -5.268000e+01  1.510000e+00
     vertex  1.995830e+02 -5.533441e+01  1.510000e+00
     vertex  1.995830e+02 -5.761559e+01  1.510000e+00
   endloop
 endfacet
 facet normal  0.000000e+00  0.000000e+00  1.000000e+00
   outer loop
     vertex  2.061000e+02 -5.268000e+01  1.510000e+00
     vertex  1.995830e+02 -5.761559e+01  1.510000e+00
     vertex  1.996000e+02 -5.774500e+01  1.510000e+00
   endloop
 endfacet
 facet normal  0.000000e+00  0.000000e+00  1.000000e+00
   outer loop
     vertex  2.093000e+02 -5.588000e+01  1.510000e+00
     vertex  2.061000e+02 -5.268000e+01  1.510000e+00
     vertex  1.996000e+02 -5.774500e+01  1.510000e+00
   endloop
 endfacet
 facet normal  0.000000e+00  0.000000e+00  1.000000e+00
   outer loop
     vertex  2.093000e+02 -5.588000e+01  1.510000e+00
     vertex  2.071678e+02 -6.589616e+01  1.510000e+00
     vertex  2.093000e+02 -8.448000e+01  1.510000e+00
   endloop
 endfacet
 facet normal  0.000000e+00  0.000000e+00  1.000000e+00
   outer loop
     vertex  2.093000e+02 -5.588000e+01  1.510000e+00
     vertex  2.068700e+02 -6.556000e+01  1.510000e+00
     vertex  2.069418e+02 -6.556872e+01  1.510000e+00
   endloop
 endfacet
 facet normal  0.000000e+00  0.000000e+00  1.000000e+00
   outer loop
     vertex  2.093000e+02 -5.588000e+01  1.510000e+00
     vertex  2.069418e+02 -6.556872e+01  1.510000e+00
     vertex  2.070094e+02 -6.559436e+01  1.510000e+00
   endloop
 endfacet
 facet normal  0.000000e+00  0.000000e+00  1.000000e+00
   outer loop
     vertex  2.093000e+02 -5.588000e+01  1.510000e+00
     vertex  2.070094e+02 -6.559436e+01  1.510000e+00
     vertex  2.070689e+02 -6.563545e+01  1.510000e+00
   endloop
 endfacet
 facet normal  0.000000e+00  0.000000e+00  1.000000e+00
   outer loop
     vertex  2.093000e+02 -5.588000e+01  1.510000e+00
     vertex  2.070689e+02 -6.563545e+01  1.510000e+00
     vertex  2.071169e+02 -6.568958e+01  1.510000e+00
   endloop
 endfacet
 facet normal  0.000000e+00  0.000000e+00  1.000000e+00
   outer loop
     vertex  2.093000e+02 -5.588000e+01  1.510000e+00
     vertex  2.071169e+02 -6.568958e+01  1.510000e+00
     vertex  2.071505e+02 -6.575362e+01  1.510000e+00
   endloop
 endfacet
 facet normal  0.000000e+00  0.000000e+00  1.000000e+00
   outer loop
     vertex  2.093000e+02 -5.588000e+01  1.510000e+00
     vertex  2.071505e+02 -6.575362e+01  1.510000e+00
     vertex  2.071678e+02 -6.582384e+01  1.510000e+00
   endloop
 endfacet
 facet normal  0.000000e+00  0.000000e+00  1.000000e+00
   outer loop
     vertex  2.093000e+02 -5.588000e+01  1.510000e+00
     vertex  2.071678e+02 -6.582384e+01  1.510000e+00
     vertex  2.071678e+02 -6.589616e+01  1.510000e+00
   endloop
 endfacet
 facet normal  0.000000e+00  0.000000e+00  1.000000e+00
   outer loop
     vertex  2.093000e+02 -5.588000e+01  1.510000e+00
     vertex  1.995830e+02 -6.015559e+01  1.510000e+00
     vertex  1.996000e+02 -6.028500e+01  1.510000e+00
   endloop
 endfacet
 facet normal  0.000000e+00  0.000000e+00  1.000000e+00
   outer loop
     vertex  2.093000e+02 -5.588000e+01  1.510000e+00
     vertex  1.995830e+02 -5.787441e+01  1.510000e+00
     vertex  1.995830e+02 -6.015559e+01  1.510000e+00
   endloop
 endfacet
 facet normal  0.000000e+00  0.000000e+00  1.000000e+00
   outer loop
     vertex  2.093000e+02 -5.588000e+01  1.510000e+00
     vertex  2.059924e+02 -6.557022e+01  1.510000e+00
     vertex  2.060700e+02 -6.556000e+01  1.510000e+00
   endloop
 endfacet
 facet normal  0.000000e+00  0.000000e+00  1.000000e+00
   outer loop
     vertex  2.093000e+02 -5.588000e+01  1.510000e+00
     vertex  2.060700e+02 -6.556000e+01  1.510000e+00
     vertex  2.068700e+02 -6.556000e+01  1.510000e+00
   endloop
 endfacet
 facet normal  0.000000e+00  0.000000e+00  1.000000e+00
   outer loop
     vertex  2.093000e+02 -5.588000e+01  1.510000e+00
     vertex  1.996000e+02 -6.028500e+01  1.510000e+00
     vertex  2.059924e+02 -6.557022e+01  1.510000e+00
   endloop
 endfacet
 facet normal  0.000000e+00  0.000000e+00  1.000000e+00
   outer loop
     vertex  2.093000e+02 -5.588000e+01  1.510000e+00
     vertex  1.996000e+02 -5.774500e+01  1.510000e+00
     vertex  1.995830e+02 -5.787441e+01  1.510000e+00
   endloop
 endfacet
 facet normal  0.000000e+00  0.000000e+00  1.000000e+00
   outer loop
     vertex  2.092198e+02 -5.516793e+01  1.510000e+00
     vertex  2.068121e+02 -5.276023e+01  1.510000e+00
     vertex  2.061000e+02 -5.268000e+01  1.510000e+00
   endloop
 endfacet
 facet normal  0.000000e+00  0.000000e+00  1.000000e+00
   outer loop
     vertex  2.092198e+02 -5.516793e+01  1.510000e+00
     vertex  2.061000e+02 -5.268000e+01  1.510000e+00
     vertex  2.093000e+02 -5.588000e+01  1.510000e+00
   endloop
 endfacet
 facet normal  0.000000e+00  0.000000e+00  1.000000e+00
   outer loop
     vertex  2.089831e+02 -5.449157e+01  1.510000e+00
     vertex  2.068121e+02 -5.276023e+01  1.510000e+00
     vertex  2.092198e+02 -5.516793e+01  1.510000e+00
   endloop
 endfacet
 facet normal  0.000000e+00  0.000000e+00  1.000000e+00
   outer loop
     vertex  2.086019e+02 -5.388483e+01  1.510000e+00
     vertex  2.074884e+02 -5.299690e+01  1.510000e+00
     vertex  2.068121e+02 -5.276023e+01  1.510000e+00
   endloop
 endfacet
 facet normal  0.000000e+00  0.000000e+00  1.000000e+00
   outer loop
     vertex  2.086019e+02 -5.388483e+01  1.510000e+00
     vertex  2.080952e+02 -5.337814e+01  1.510000e+00
     vertex  2.074884e+02 -5.299690e+01  1.510000e+00
   endloop
 endfacet
 facet normal  0.000000e+00  0.000000e+00  1.000000e+00
   outer loop
     vertex  2.086019e+02 -5.388483e+01  1.510000e+00
     vertex  2.068121e+02 -5.276023e+01  1.510000e+00
     vertex  2.089831e+02 -5.449157e+01  1.510000e+00
   endloop
 endfacet
 facet normal  0.000000e+00  0.000000e+00  1.000000e+00
   outer loop
     vertex  2.061000e+02 -5.268000e+01  1.510000e+00
     vertex  1.725000e+02 -5.268000e+01  1.510000e+00
     vertex  1.834225e+02 -5.405000e+01  1.510000e+00
   endloop
 endfacet
 facet normal  0.000000e+00  0.000000e+00  1.000000e+00
   outer loop
     vertex  2.061000e+02 -5.268000e+01  1.510000e+00
     vertex  1.834225e+02 -5.405000e+01  1.510000e+00
     vertex  1.838366e+02 -5.410452e+01  1.510000e+00
   endloop
 endfacet
 facet normal  0.000000e+00  0.000000e+00  1.000000e+00
   outer loop
     vertex  2.061000e+02 -5.268000e+01  1.510000e+00
     vertex  1.838366e+02 -5.410452e+01  1.510000e+00
     vertex  1.948525e+02 -5.405000e+01  1.510000e+00
   endloop
 endfacet
 facet normal  0.000000e+00  0.000000e+00  1.000000e+00
   outer loop
     vertex  1.948525e+02 -5.405000e+01  1.510000e+00
     vertex  1.838366e+02 -5.410452e+01  1.510000e+00
     vertex  1.944384e+02 -5.410452e+01  1.510000e+00
   endloop
 endfacet
 facet normal  0.000000e+00  0.000000e+00  1.000000e+00
   outer loop
     vertex  2.061000e+02 -5.268000e+01  1.510000e+00
     vertex  1.948525e+02 -5.405000e+01  1.510000e+00
     vertex  1.952666e+02 -5.410452e+01  1.510000e+00
   endloop
 endfacet
 facet normal -9.937122e-01  1.119645e-01  0.000000e+00
   outer loop
     vertex  1.693802e+02 -5.516793e+01  0.000000e+00
     vertex  1.693000e+02 -5.588000e+01  0.000000e+00
     vertex  1.693000e+02 -5.588000e+01  1.510000e+00
   endloop
 endfacet
 facet normal -9.937122e-01  1.119645e-01  0.000000e+00
   outer loop
     vertex  1.693802e+02 -5.516793e+01  0.000000e+00
     vertex  1.693000e+02 -5.588000e+01  1.510000e+00
     vertex  1.693802e+02 -5.516793e+01  1.510000e+00
   endloop
 endfacet
 facet normal -9.438833e-01  3.302791e-01  0.000000e+00
   outer loop
     vertex  1.696169e+02 -5.449157e+01  0.000000e+00
     vertex  1.693802e+02 -5.516793e+01  1.510000e+00
     vertex  1.696169e+02 -5.449157e+01  1.510000e+00
   endloop
 endfacet
 facet normal -9.438833e-01  3.302791e-01  0.000000e+00
   outer loop
     vertex  1.696169e+02 -5.449157e+01  0.000000e+00
     vertex  1.693802e+02 -5.516793e+01  0.000000e+00
     vertex  1.693802e+02 -5.516793e+01  1.510000e+00
   endloop
 endfacet
 facet normal -8.467242e-01  5.320321e-01  0.000000e+00
   outer loop
     vertex  1.699981e+02 -5.388483e+01  0.000000e+00
     vertex  1.696169e+02 -5.449157e+01  1.510000e+00
     vertex  1.699981e+02 -5.388483e+01  1.510000e+00
   endloop
 endfacet
 facet normal -8.467242e-01  5.320321e-01  0.000000e+00
   outer loop
     vertex  1.699981e+02 -5.388483e+01  0.000000e+00
     vertex  1.696169e+02 -5.449157e+01  0.000000e+00
     vertex  1.696169e+02 -5.449157e+01  1.510000e+00
   endloop
 endfacet
 facet normal -7.071068e-01  7.071068e-01  0.000000e+00
   outer loop
     vertex  1.705048e+02 -5.337814e+01  0.000000e+00
     vertex  1.699981e+02 -5.388483e+01  1.510000e+00
     vertex  1.705048e+02 -5.337814e+01  1.510000e+00
   endloop
 endfacet
 facet normal -5.320321e-01  8.467242e-01  0.000000e+00
   outer loop
     vertex  1.705048e+02 -5.337814e+01  0.000000e+00
     vertex  1.705048e+02 -5.337814e+01  1.510000e+00
     vertex  1.711116e+02 -5.299690e+01  1.510000e+00
   endloop
 endfacet
 facet normal -7.071068e-01  7.071068e-01  0.000000e+00
   outer loop
     vertex  1.705048e+02 -5.337814e+01  0.000000e+00
     vertex  1.699981e+02 -5.388483e+01  0.000000e+00
     vertex  1.699981e+02 -5.388483e+01  1.510000e+00
   endloop
 endfacet
 facet normal -5.320321e-01  8.467242e-01  0.000000e+00
   outer loop
     vertex  1.711116e+02 -5.299690e+01  0.000000e+00
     vertex  1.705048e+02 -5.337814e+01  0.000000e+00
     vertex  1.711116e+02 -5.299690e+01  1.510000e+00
   endloop
 endfacet
 facet normal -3.302791e-01  9.438833e-01  0.000000e+00
   outer loop
     vertex  1.717879e+02 -5.276023e+01  0.000000e+00
     vertex  1.711116e+02 -5.299690e+01  1.510000e+00
     vertex  1.717879e+02 -5.276023e+01  1.510000e+00
   endloop
 endfacet
 facet normal -3.302791e-01  9.438833e-01  0.000000e+00
   outer loop
     vertex  1.717879e+02 -5.276023e+01  0.000000e+00
     vertex  1.711116e+02 -5.299690e+01  0.000000e+00
     vertex  1.711116e+02 -5.299690e+01  1.510000e+00
   endloop
 endfacet
 facet normal -1.119645e-01  9.937122e-01  0.000000e+00
   outer loop
     vertex  1.725000e+02 -5.268000e+01  0.000000e+00
     vertex  1.717879e+02 -5.276023e+01  1.510000e+00
     vertex  1.725000e+02 -5.268000e+01  1.510000e+00
   endloop
 endfacet
 facet normal -1.119645e-01  9.937122e-01  0.000000e+00
   outer loop
     vertex  1.725000e+02 -5.268000e+01  0.000000e+00
     vertex  1.717879e+02 -5.276023e+01  0.000000e+00
     vertex  1.717879e+02 -5.276023e+01  1.510000e+00
   endloop
 endfacet
 facet normal  9.937122e-01 -1.119642e-01  0.000000e+00
   outer loop
     vertex  2.092198e+02 -8.519207e+01  0.000000e+00
     vertex  2.093000e+02 -8.448000e+01  0.000000e+00
     vertex  2.093000e+02 -8.448000e+01  1.510000e+00
   endloop
 endfacet
 facet normal  9.937122e-01 -1.119642e-01  0.000000e+00
   outer loop
     vertex  2.092198e+02 -8.519207e+01  0.000000e+00
     vertex  2.093000e+02 -8.448000e+01  1.510000e+00
     vertex  2.092198e+02 -8.519207e+01  1.510000e+00
   endloop
 endfacet
 facet normal  9.438834e-01 -3.302789e-01  0.000000e+00
   outer loop
     vertex  2.089831e+02 -8.586843e+01  0.000000e+00
     vertex  2.092198e+02 -8.519207e+01  1.510000e+00
     vertex  2.089831e+02 -8.586843e+01  1.510000e+00
   endloop
 endfacet
 facet normal  9.438834e-01 -3.302789e-01  0.000000e+00
   outer loop
     vertex  2.089831e+02 -8.586843e+01  0.000000e+00
     vertex  2.092198e+02 -8.519207e+01  0.000000e+00
     vertex  2.092198e+02 -8.519207e+01  1.510000e+00
   endloop
 endfacet
 facet normal  8.467242e-01 -5.320320e-01  0.000000e+00
   outer loop
     vertex  2.086019e+02 -8.647517e+01  0.000000e+00
     vertex  2.089831e+02 -8.586843e+01  1.510000e+00
     vertex  2.086019e+02 -8.647517e+01  1.510000e+00
   endloop
 endfacet
 facet normal  8.467242e-01 -5.320320e-01  0.000000e+00
   outer loop
     vertex  2.086019e+02 -8.647517e+01  0.000000e+00
     vertex  2.089831e+02 -8.586843e+01  0.000000e+00
     vertex  2.089831e+02 -8.586843e+01  1.510000e+00
   endloop
 endfacet
 facet normal  7.071068e-01 -7.071068e-01  0.000000e+00
   outer loop
     vertex  2.080952e+02 -8.698186e+01  0.000000e+00
     vertex  2.086019e+02 -8.647517e+01  1.510000e+00
     vertex  2.080952e+02 -8.698186e+01  1.510000e+00
   endloop
 endfacet
 facet normal  7.071068e-01 -7.071068e-01  0.000000e+00
   outer loop
     vertex  2.080952e+02 -8.698186e+01  0.000000e+00
     vertex  2.086019e+02 -8.647517e+01  0.000000e+00
     vertex  2.086019e+02 -8.647517e+01  1.510000e+00
   endloop
 endfacet
 facet normal  5.320320e-01 -8.467242e-01  0.000000e+00
   outer loop
     vertex  2.074884e+02 -8.736310e+01  0.000000e+00
     vertex  2.080952e+02 -8.698186e+01  1.510000e+00
     vertex  2.074884e+02 -8.736310e+01  1.510000e+00
   endloop
 endfacet
 facet normal  5.320320e-01 -8.467242e-01  0.000000e+00
   outer loop
     vertex  2.074884e+02 -8.736310e+01  0.000000e+00
     vertex  2.080952e+02 -8.698186e+01  0.000000e+00
     vertex  2.080952e+02 -8.698186e+01  1.510000e+00
   endloop
 endfacet
 facet normal  3.302789e-01 -9.438834e-01  0.000000e+00
   outer loop
     vertex  2.068121e+02 -8.759977e+01  0.000000e+00
     vertex  2.074884e+02 -8.736310e+01  1.510000e+00
     vertex  2.068121e+02 -8.759977e+01  1.510000e+00
   endloop
 endfacet
 facet normal  3.302789e-01 -9.438834e-01  0.000000e+00
   outer loop
     vertex  2.068121e+02 -8.759977e+01  0.000000e+00
     vertex  2.074884e+02 -8.736310e+01  0.000000e+00
     vertex  2.074884e+02 -8.736310e+01  1.510000e+00
   endloop
 endfacet
 facet normal  1.119642e-01 -9.937122e-01  0.000000e+00
   outer loop
     vertex  2.061000e+02 -8.768000e+01  0.000000e+00
     vertex  2.068121e+02 -8.759977e+01  1.510000e+00
     vertex  2.061000e+02 -8.768000e+01  1.510000e+00
   endloop
 endfacet
 facet normal  1.119642e-01 -9.937122e-01  0.000000e+00
   outer loop
     vertex  2.061000e+02 -8.768000e+01  0.000000e+00
     vertex  2.068121e+02 -8.759977e+01  0.000000e+00
     vertex  2.068121e+02 -8.759977e+01  1.510000e+00
   endloop
 endfacet
 facet normal -1.000000e+00  0.000000e+00  0.000000e+00
   outer loop
     vertex  1.693000e+02 -5.588000e+01  0.000000e+00
     vertex  1.693000e+02 -8.448000e+01  0.000000e+00
     vertex  1.693000e+02 -8.448000e+01  1.510000e+00
   endloop
 endfacet
 facet normal -1.000000e+00  0.000000e+00  0.000000e+00
   outer loop
     vertex  1.693000e+02 -5.588000e+01  0.000000e+00
     vertex  1.693000e+02 -8.448000e+01  1.510000e+00
     vertex  1.693000e+02 -5.588000e+01  1.510000e+00
   endloop
 endfacet
 facet normal  0.000000e+00 -1.000000e+00  0.000000e+00
   outer loop
     vertex  1.725000e+02 -8.768000e+01  1.510000e+00
     vertex  2.061000e+02 -8.768000e+01  0.000000e+00
     vertex  2.061000e+02 -8.768000e+01  1.510000e+00
   endloop
 endfacet
 facet normal  0.000000e+00 -1.000000e+00  0.000000e+00
   outer loop
     vertex  1.725000e+02 -8.768000e+01  0.000000e+00
     vertex  2.061000e+02 -8.768000e+01  0.000000e+00
     vertex  1.725000e+02 -8.768000e+01  1.510000e+00
   endloop
 endfacet
 facet normal -1.119645e-01 -9.937122e-01  0.000000e+00
   outer loop
     vertex  1.717879e+02 -8.759977e+01  0.000000e+00
     vertex  1.725000e+02 -8.768000e+01  0.000000e+00
     vertex  1.725000e+02 -8.768000e+01  1.510000e+00
   endloop
 endfacet
 facet normal -1.119645e-01 -9.937122e-01  0.000000e+00
   outer loop
     vertex  1.717879e+02 -8.759977e+01  0.000000e+00
     vertex  1.725000e+02 -8.768000e+01  1.510000e+00
     vertex  1.717879e+02 -8.759977e+01  1.510000e+00
   endloop
 endfacet
 facet normal -3.302791e-01 -9.438833e-01  0.000000e+00
   outer loop
     vertex  1.711116e+02 -8.736310e+01  0.000000e+00
     vertex  1.717879e+02 -8.759977e+01  1.510000e+00
     vertex  1.711116e+02 -8.736310e+01  1.510000e+00
   endloop
 endfacet
 facet normal -3.302791e-01 -9.438833e-01  0.000000e+00
   outer loop
     vertex  1.711116e+02 -8.736310e+01  0.000000e+00
     vertex  1.717879e+02 -8.759977e+01  0.000000e+00
     vertex  1.717879e+02 -8.759977e+01  1.510000e+00
   endloop
 endfacet
 facet normal -5.320321e-01 -8.467242e-01  0.000000e+00
   outer loop
     vertex  1.705048e+02 -8.698186e+01  0.000000e+00
     vertex  1.711116e+02 -8.736310e+01  1.510000e+00
     vertex  1.705048e+02 -8.698186e+01  1.510000e+00
   endloop
 endfacet
 facet normal -5.320321e-01 -8.467242e-01  0.000000e+00
   outer loop
     vertex  1.705048e+02 -8.698186e+01  0.000000e+00
     vertex  1.711116e+02 -8.736310e+01  0.000000e+00
     vertex  1.711116e+02 -8.736310e+01  1.510000e+00
   endloop
 endfacet
 facet normal -7.071068e-01 -7.071068e-01  0.000000e+00
   outer loop
     vertex  1.699981e+02 -8.647517e+01  0.000000e+00
     vertex  1.705048e+02 -8.698186e+01  1.510000e+00
     vertex  1.699981e+02 -8.647517e+01  1.510000e+00
   endloop
 endfacet
 facet normal -8.467242e-01 -5.320321e-01  0.000000e+00
   outer loop
     vertex  1.699981e+02 -8.647517e+01  0.000000e+00
     vertex  1.699981e+02 -8.647517e+01  1.510000e+00
     vertex  1.696169e+02 -8.586843e+01  1.510000e+00
   endloop
 endfacet
 facet normal -7.071068e-01 -7.071068e-01  0.000000e+00
   outer loop
     vertex  1.699981e+02 -8.647517e+01  0.000000e+00
     vertex  1.705048e+02 -8.698186e+01  0.000000e+00
     vertex  1.705048e+02 -8.698186e+01  1.510000e+00
   endloop
 endfacet
 facet normal -8.467242e-01 -5.320321e-01  0.000000e+00
   outer loop
     vertex  1.696169e+02 -8.586843e+01  0.000000e+00
     vertex  1.699981e+02 -8.647517e+01  0.000000e+00
     vertex  1.696169e+02 -8.586843e+01  1.510000e+00
   endloop
 endfacet
 facet normal -9.438833e-01 -3.302791e-01  0.000000e+00
   outer loop
     vertex  1.693802e+02 -8.519207e+01  0.000000e+00
     vertex  1.696169e+02 -8.586843e+01  1.510000e+00
     vertex  1.693802e+02 -8.519207e+01  1.510000e+00
   endloop
 endfacet
 facet normal -9.438833e-01 -3.302791e-01  0.000000e+00
   outer loop
     vertex  1.693802e+02 -8.519207e+01  0.000000e+00
     vertex  1.696169e+02 -8.586843e+01  0.000000e+00
     vertex  1.696169e+02 -8.586843e+01  1.510000e+00
   endloop
 endfacet
 facet normal -9.937122e-01 -1.119645e-01  0.000000e+00
   outer loop
     vertex  1.693000e+02 -8.448000e+01  0.000000e+00
     vertex  1.693802e+02 -8.519207e+01  1.510000e+00
     vertex  1.693000e+02 -8.448000e+01  1.510000e+00
   endloop
 endfacet
 facet normal -9.937122e-01 -1.119645e-01  0.000000e+00
   outer loop
     vertex  1.693000e+02 -8.448000e+01  0.000000e+00
     vertex  1.693802e+02 -8.519207e+01  0.000000e+00
     vertex  1.693802e+02 -8.519207e+01  1.510000e+00
   endloop
 endfacet
 facet normal -1.305262e-01  9.914449e-01  0.000000e+00
   outer loop
     vertex  1.841616e+02 -8.629548e+01  0.000000e+00
     vertex  1.837475e+02 -8.635000e+01  0.000000e+00
     vertex  1.837475e+02 -8.635000e+01  1.510000e+00
   endloop
 endfacet
 facet normal -1.305262e-01  9.914449e-01  0.000000e+00
   outer loop
     vertex  1.841616e+02 -8.629548e+01  0.000000e+00
     vertex  1.837475e+02 -8.635000e+01  1.510000e+00
     vertex  1.841616e+02 -8.629548e+01  1.510000e+00
   endloop
 endfacet
 facet normal -3.826834e-01  9.238795e-01  0.000000e+00
   outer loop
     vertex  1.845475e+02 -8.613564e+01  0.000000e+00
     vertex  1.841616e+02 -8.629548e+01  1.510000e+00
     vertex  1.845475e+02 -8.613564e+01  1.510000e+00
   endloop
 endfacet
 facet normal -3.826834e-01  9.238795e-01  0.000000e+00
   outer loop
     vertex  1.845475e+02 -8.613564e+01  0.000000e+00
     vertex  1.841616e+02 -8.629548e+01  0.000000e+00
     vertex  1.841616e+02 -8.629548e+01  1.510000e+00
   endloop
 endfacet
 facet normal -6.087614e-01  7.933533e-01  0.000000e+00
   outer loop
     vertex  1.848789e+02 -8.588137e+01  0.000000e+00
     vertex  1.845475e+02 -8.613564e+01  1.510000e+00
     vertex  1.848789e+02 -8.588137e+01  1.510000e+00
   endloop
 endfacet
 facet normal -6.087614e-01  7.933533e-01  0.000000e+00
   outer loop
     vertex  1.848789e+02 -8.588137e+01  0.000000e+00
     vertex  1.845475e+02 -8.613564e+01  0.000000e+00
     vertex  1.845475e+02 -8.613564e+01  1.510000e+00
   endloop
 endfacet
 facet normal -7.933533e-01  6.087614e-01  0.000000e+00
   outer loop
     vertex  1.851331e+02 -8.555000e+01  0.000000e+00
     vertex  1.848789e+02 -8.588137e+01  1.510000e+00
     vertex  1.851331e+02 -8.555000e+01  1.510000e+00
   endloop
 endfacet
 facet normal -7.933533e-01  6.087614e-01  0.000000e+00
   outer loop
     vertex  1.851331e+02 -8.555000e+01  0.000000e+00
     vertex  1.848789e+02 -8.588137e+01  0.000000e+00
     vertex  1.848789e+02 -8.588137e+01  1.510000e+00
   endloop
 endfacet
 facet normal -9.238795e-01  3.826834e-01  0.000000e+00
   outer loop
     vertex  1.852930e+02 -8.516411e+01  0.000000e+00
     vertex  1.851331e+02 -8.555000e+01  1.510000e+00
     vertex  1.852930e+02 -8.516411e+01  1.510000e+00
   endloop
 endfacet
 facet normal -9.238795e-01  3.826834e-01  0.000000e+00
   outer loop
     vertex  1.852930e+02 -8.516411e+01  0.000000e+00
     vertex  1.851331e+02 -8.555000e+01  0.000000e+00
     vertex  1.851331e+02 -8.555000e+01  1.510000e+00
   endloop
 endfacet
 facet normal -9.914449e-01  1.305262e-01  0.000000e+00
   outer loop
     vertex  1.853475e+02 -8.475000e+01  0.000000e+00
     vertex  1.852930e+02 -8.516411e+01  1.510000e+00
     vertex  1.853475e+02 -8.475000e+01  1.510000e+00
   endloop
 endfacet
 facet normal -9.914449e-01  1.305262e-01  0.000000e+00
   outer loop
     vertex  1.853475e+02 -8.475000e+01  0.000000e+00
     vertex  1.852930e+02 -8.516411e+01  0.000000e+00
     vertex  1.852930e+02 -8.516411e+01  1.510000e+00
   endloop
 endfacet
 facet normal -9.914449e-01 -1.305262e-01  0.000000e+00
   outer loop
     vertex  1.852930e+02 -8.433589e+01  0.000000e+00
     vertex  1.853475e+02 -8.475000e+01  1.510000e+00
     vertex  1.852930e+02 -8.433589e+01  1.510000e+00
   endloop
 endfacet
 facet normal -9.914449e-01 -1.305262e-01  0.000000e+00
   outer loop
     vertex  1.852930e+02 -8.433589e+01  0.000000e+00
     vertex  1.853475e+02 -8.475000e+01  0.000000e+00
     vertex  1.853475e+02 -8.475000e+01  1.510000e+00
   endloop
 endfacet
 facet normal -9.238795e-01 -3.826834e-01  0.000000e+00
   outer loop
     vertex  1.851331e+02 -8.395000e+01  0.000000e+00
     vertex  1.852930e+02 -8.433589e+01  1.510000e+00
     vertex  1.851331e+02 -8.395000e+01  1.510000e+00
   endloop
 endfacet
 facet normal -9.238795e-01 -3.826834e-01  0.000000e+00
   outer loop
     vertex  1.851331e+02 -8.395000e+01  0.000000e+00
     vertex  1.852930e+02 -8.433589e+01  0.000000e+00
     vertex  1.852930e+02 -8.433589e+01  1.510000e+00
   endloop
 endfacet
 facet normal -7.933533e-01 -6.087614e-01  0.000000e+00
   outer loop
     vertex  1.848789e+02 -8.361863e+01  0.000000e+00
     vertex  1.851331e+02 -8.395000e+01  1.510000e+00
     vertex  1.848789e+02 -8.361863e+01  1.510000e+00
   endloop
 endfacet
 facet normal -7.933533e-01 -6.087614e-01  0.000000e+00
   outer loop
     vertex  1.848789e+02 -8.361863e+01  0.000000e+00
     vertex  1.851331e+02 -8.395000e+01  0.000000e+00
     vertex  1.851331e+02 -8.395000e+01  1.510000e+00
   endloop
 endfacet
 facet normal -6.087614e-01 -7.933533e-01  0.000000e+00
   outer loop
     vertex  1.845475e+02 -8.336436e+01  0.000000e+00
     vertex  1.848789e+02 -8.361863e+01  1.510000e+00
     vertex  1.845475e+02 -8.336436e+01  1.510000e+00
   endloop
 endfacet
 facet normal -6.087614e-01 -7.933533e-01  0.000000e+00
   outer loop
     vertex  1.845475e+02 -8.336436e+01  0.000000e+00
     vertex  1.848789e+02 -8.361863e+01  0.000000e+00
     vertex  1.848789e+02 -8.361863e+01  1.510000e+00
   endloop
 endfacet
 facet normal -3.826834e-01 -9.238795e-01  0.000000e+00
   outer loop
     vertex  1.841616e+02 -8.320452e+01  0.000000e+00
     vertex  1.845475e+02 -8.336436e+01  1.510000e+00
     vertex  1.841616e+02 -8.320452e+01  1.510000e+00
   endloop
 endfacet
 facet normal -3.826834e-01 -9.238795e-01  0.000000e+00
   outer loop
     vertex  1.841616e+02 -8.320452e+01  0.000000e+00
     vertex  1.845475e+02 -8.336436e+01  0.000000e+00
     vertex  1.845475e+02 -8.336436e+01  1.510000e+00
   endloop
 endfacet
 facet normal -1.305262e-01 -9.914449e-01  0.000000e+00
   outer loop
     vertex  1.837475e+02 -8.315000e+01  0.000000e+00
     vertex  1.841616e+02 -8.320452e+01  1.510000e+00
     vertex  1.837475e+02 -8.315000e+01  1.510000e+00
   endloop
 endfacet
 facet normal -1.305262e-01 -9.914449e-01  0.000000e+00
   outer loop
     vertex  1.837475e+02 -8.315000e+01  0.000000e+00
     vertex  1.841616e+02 -8.320452e+01  0.000000e+00
     vertex  1.841616e+02 -8.320452e+01  1.510000e+00
   endloop
 endfacet
 facet normal  1.305262e-01 -9.914449e-01  0.000000e+00
   outer loop
     vertex  1.833334e+02 -8.320452e+01  0.000000e+00
     vertex  1.837475e+02 -8.315000e+01  1.510000e+00
     vertex  1.833334e+02 -8.320452e+01  1.510000e+00
   endloop
 endfacet
 facet normal  1.305262e-01 -9.914449e-01  0.000000e+00
   outer loop
     vertex  1.833334e+02 -8.320452e+01  0.000000e+00
     vertex  1.837475e+02 -8.315000e+01  0.000000e+00
     vertex  1.837475e+02 -8.315000e+01  1.510000e+00
   endloop
 endfacet
 facet normal  3.826834e-01 -9.238795e-01  0.000000e+00
   outer loop
     vertex  1.829475e+02 -8.336436e+01  0.000000e+00
     vertex  1.833334e+02 -8.320452e+01  0.000000e+00
     vertex  1.833334e+02 -8.320452e+01  1.510000e+00
   endloop
 endfacet
 facet normal  3.826834e-01 -9.238795e-01  0.000000e+00
   outer loop
     vertex  1.829475e+02 -8.336436e+01  0.000000e+00
     vertex  1.833334e+02 -8.320452e+01  1.510000e+00
     vertex  1.829475e+02 -8.336436e+01  1.510000e+00
   endloop
 endfacet
 facet normal  6.087614e-01 -7.933533e-01  0.000000e+00
   outer loop
     vertex  1.826161e+02 -8.361863e+01  0.000000e+00
     vertex  1.829475e+02 -8.336436e+01  0.000000e+00
     vertex  1.829475e+02 -8.336436e+01  1.510000e+00
   endloop
 endfacet
 facet normal  7.933533e-01 -6.087614e-01  0.000000e+00
   outer loop
     vertex  1.826161e+02 -8.361863e+01  0.000000e+00
     vertex  1.826161e+02 -8.361863e+01  1.510000e+00
     vertex  1.823619e+02 -8.395000e+01  1.510000e+00
   endloop
 endfacet
 facet normal  6.087614e-01 -7.933533e-01  0.000000e+00
   outer loop
     vertex  1.826161e+02 -8.361863e+01  0.000000e+00
     vertex  1.829475e+02 -8.336436e+01  1.510000e+00
     vertex  1.826161e+02 -8.361863e+01  1.510000e+00
   endloop
 endfacet
 facet normal  7.933533e-01 -6.087614e-01  0.000000e+00
   outer loop
     vertex  1.823619e+02 -8.395000e+01  0.000000e+00
     vertex  1.826161e+02 -8.361863e+01  0.000000e+00
     vertex  1.823619e+02 -8.395000e+01  1.510000e+00
   endloop
 endfacet
 facet normal  9.238795e-01 -3.826834e-01  0.000000e+00
   outer loop
     vertex  1.823619e+02 -8.395000e+01  0.000000e+00
     vertex  1.823619e+02 -8.395000e+01  1.510000e+00
     vertex  1.822020e+02 -8.433589e+01  1.510000e+00
   endloop
 endfacet
 facet normal  9.238795e-01 -3.826834e-01  0.000000e+00
   outer loop
     vertex  1.822020e+02 -8.433589e+01  0.000000e+00
     vertex  1.823619e+02 -8.395000e+01  0.000000e+00
     vertex  1.822020e+02 -8.433589e+01  1.510000e+00
   endloop
 endfacet
 facet normal  9.914449e-01 -1.305262e-01  0.000000e+00
   outer loop
     vertex  1.821475e+02 -8.475000e+01  0.000000e+00
     vertex  1.822020e+02 -8.433589e+01  0.000000e+00
     vertex  1.822020e+02 -8.433589e+01  1.510000e+00
   endloop
 endfacet
 facet normal  9.914449e-01 -1.305262e-01  0.000000e+00
   outer loop
     vertex  1.821475e+02 -8.475000e+01  0.000000e+00
     vertex  1.822020e+02 -8.433589e+01  1.510000e+00
     vertex  1.821475e+02 -8.475000e+01  1.510000e+00
   endloop
 endfacet
 facet normal  9.914449e-01  1.305262e-01 -0.000000e+00
   outer loop
     vertex  1.822020e+02 -8.516411e+01  0.000000e+00
     vertex  1.821475e+02 -8.475000e+01  1.510000e+00
     vertex  1.822020e+02 -8.516411e+01  1.510000e+00
   endloop
 endfacet
 facet normal  9.914449e-01  1.305262e-01  0.000000e+00
   outer loop
     vertex  1.822020e+02 -8.516411e+01  0.000000e+00
     vertex  1.821475e+02 -8.475000e+01  0.000000e+00
     vertex  1.821475e+02 -8.475000e+01  1.510000e+00
   endloop
 endfacet
 facet normal  9.238795e-01  3.826834e-01 -0.000000e+00
   outer loop
     vertex  1.823619e+02 -8.555000e+01  0.000000e+00
     vertex  1.822020e+02 -8.516411e+01  1.510000e+00
     vertex  1.823619e+02 -8.555000e+01  1.510000e+00
   endloop
 endfacet
 facet normal  9.238795e-01  3.826834e-01  0.000000e+00
   outer loop
     vertex  1.823619e+02 -8.555000e+01  0.000000e+00
     vertex  1.822020e+02 -8.516411e+01  0.000000e+00
     vertex  1.822020e+02 -8.516411e+01  1.510000e+00
   endloop
 endfacet
 facet normal  6.087614e-01  7.933533e-01 -0.000000e+00
   outer loop
     vertex  1.826161e+02 -8.588137e+01  0.000000e+00
     vertex  1.826161e+02 -8.588137e+01  1.510000e+00
     vertex  1.829475e+02 -8.613564e+01  1.510000e+00
   endloop
 endfacet
 facet normal  7.933533e-01  6.087614e-01 -0.000000e+00
   outer loop
     vertex  1.826161e+02 -8.588137e+01  0.000000e+00
     vertex  1.823619e+02 -8.555000e+01  1.510000e+00
     vertex  1.826161e+02 -8.588137e+01  1.510000e+00
   endloop
 endfacet
 facet normal  7.933533e-01  6.087614e-01  0.000000e+00
   outer loop
     vertex  1.826161e+02 -8.588137e+01  0.000000e+00
     vertex  1.823619e+02 -8.555000e+01  0.000000e+00
     vertex  1.823619e+02 -8.555000e+01  1.510000e+00
   endloop
 endfacet
 facet normal  6.087614e-01  7.933533e-01 -0.000000e+00
   outer loop
     vertex  1.829475e+02 -8.613564e+01  0.000000e+00
     vertex  1.826161e+02 -8.588137e+01  0.000000e+00
     vertex  1.829475e+02 -8.613564e+01  1.510000e+00
   endloop
 endfacet
 facet normal  3.826834e-01  9.238795e-01 -0.000000e+00
   outer loop
     vertex  1.833334e+02 -8.629548e+01  0.000000e+00
     vertex  1.829475e+02 -8.613564e+01  1.510000e+00
     vertex  1.833334e+02 -8.629548e+01  1.510000e+00
   endloop
 endfacet
 facet normal  3.826834e-01  9.238795e-01  0.000000e+00
   outer loop
     vertex  1.833334e+02 -8.629548e+01  0.000000e+00
     vertex  1.829475e+02 -8.613564e+01  0.000000e+00
     vertex  1.829475e+02 -8.613564e+01  1.510000e+00
   endloop
 endfacet
 facet normal  1.305262e-01  9.914449e-01 -0.000000e+00
   outer loop
     vertex  1.837475e+02 -8.635000e+01  0.000000e+00
     vertex  1.833334e+02 -8.629548e+01  1.510000e+00
     vertex  1.837475e+02 -8.635000e+01  1.510000e+00
   endloop
 endfacet
 facet normal  1.305262e-01  9.914449e-01  0.000000e+00
   outer loop
     vertex  1.837475e+02 -8.635000e+01  0.000000e+00
     vertex  1.833334e+02 -8.629548e+01  0.000000e+00
     vertex  1.833334e+02 -8.629548e+01  1.510000e+00
   endloop
 endfacet
 facet normal -1.305262e-01  9.914449e-01  0.000000e+00
   outer loop
     vertex  1.851159e+02 -7.876705e+01  0.000000e+00
     vertex  1.850175e+02 -7.878000e+01  0.000000e+00
     vertex  1.850175e+02 -7.878000e+01  1.510000e+00
   endloop
 endfacet
 facet normal -1.305262e-01  9.914449e-01  0.000000e+00
   outer loop
     vertex  1.851159e+02 -7.876705e+01  0.000000e+00
     vertex  1.850175e+02 -7.878000e+01  1.510000e+00
     vertex  1.851159e+02 -7.876705e+01  1.510000e+00
   endloop
 endfacet
 facet normal -3.826834e-01  9.238795e-01  0.000000e+00
   outer loop
     vertex  1.852075e+02 -7.872909e+01  0.000000e+00
     vertex  1.851159e+02 -7.876705e+01  1.510000e+00
     vertex  1.852075e+02 -7.872909e+01  1.510000e+00
   endloop
 endfacet
 facet normal -3.826834e-01  9.238795e-01  0.000000e+00
   outer loop
     vertex  1.852075e+02 -7.872909e+01  0.000000e+00
     vertex  1.851159e+02 -7.876705e+01  0.000000e+00
     vertex  1.851159e+02 -7.876705e+01  1.510000e+00
   endloop
 endfacet
 facet normal -6.087614e-01  7.933533e-01  0.000000e+00
   outer loop
     vertex  1.852862e+02 -7.866870e+01  0.000000e+00
     vertex  1.852075e+02 -7.872909e+01  1.510000e+00
     vertex  1.852862e+02 -7.866870e+01  1.510000e+00
   endloop
 endfacet
 facet normal -6.087614e-01  7.933533e-01  0.000000e+00
   outer loop
     vertex  1.852862e+02 -7.866870e+01  0.000000e+00
     vertex  1.852075e+02 -7.872909e+01  0.000000e+00
     vertex  1.852075e+02 -7.872909e+01  1.510000e+00
   endloop
 endfacet
 facet normal -7.933533e-01  6.087614e-01  0.000000e+00
   outer loop
     vertex  1.853466e+02 -7.859000e+01  0.000000e+00
     vertex  1.852862e+02 -7.866870e+01  1.510000e+00
     vertex  1.853466e+02 -7.859000e+01  1.510000e+00
   endloop
 endfacet
 facet normal -7.933533e-01  6.087614e-01  0.000000e+00
   outer loop
     vertex  1.853466e+02 -7.859000e+01  0.000000e+00
     vertex  1.852862e+02 -7.866870e+01  0.000000e+00
     vertex  1.852862e+02 -7.866870e+01  1.510000e+00
   endloop
 endfacet
 facet normal -9.238795e-01  3.826834e-01  0.000000e+00
   outer loop
     vertex  1.853846e+02 -7.849835e+01  0.000000e+00
     vertex  1.853466e+02 -7.859000e+01  1.510000e+00
     vertex  1.853846e+02 -7.849835e+01  1.510000e+00
   endloop
 endfacet
 facet normal -9.238795e-01  3.826834e-01  0.000000e+00
   outer loop
     vertex  1.853846e+02 -7.849835e+01  0.000000e+00
     vertex  1.853466e+02 -7.859000e+01  0.000000e+00
     vertex  1.853466e+02 -7.859000e+01  1.510000e+00
   endloop
 endfacet
 facet normal -9.914449e-01  1.305262e-01  0.000000e+00
   outer loop
     vertex  1.853975e+02 -7.840000e+01  0.000000e+00
     vertex  1.853846e+02 -7.849835e+01  1.510000e+00
     vertex  1.853975e+02 -7.840000e+01  1.510000e+00
   endloop
 endfacet
 facet normal -9.914449e-01  1.305262e-01  0.000000e+00
   outer loop
     vertex  1.853975e+02 -7.840000e+01  0.000000e+00
     vertex  1.853846e+02 -7.849835e+01  0.000000e+00
     vertex  1.853846e+02 -7.849835e+01  1.510000e+00
   endloop
 endfacet
 facet normal -9.914449e-01 -1.305262e-01  0.000000e+00
   outer loop
     vertex  1.853846e+02 -7.830165e+01  0.000000e+00
     vertex  1.853975e+02 -7.840000e+01  1.510000e+00
     vertex  1.853846e+02 -7.830165e+01  1.510000e+00
   endloop
 endfacet
 facet normal -9.914449e-01 -1.305262e-01  0.000000e+00
   outer loop
     vertex  1.853846e+02 -7.830165e+01  0.000000e+00
     vertex  1.853975e+02 -7.840000e+01  0.000000e+00
     vertex  1.853975e+02 -7.840000e+01  1.510000e+00
   endloop
 endfacet
 facet normal -9.238795e-01 -3.826834e-01  0.000000e+00
   outer loop
     vertex  1.853466e+02 -7.821000e+01  0.000000e+00
     vertex  1.853846e+02 -7.830165e+01  1.510000e+00
     vertex  1.853466e+02 -7.821000e+01  1.510000e+00
   endloop
 endfacet
 facet normal -9.238795e-01 -3.826834e-01  0.000000e+00
   outer loop
     vertex  1.853466e+02 -7.821000e+01  0.000000e+00
     vertex  1.853846e+02 -7.830165e+01  0.000000e+00
     vertex  1.853846e+02 -7.830165e+01  1.510000e+00
   endloop
 endfacet
 facet normal -7.933533e-01 -6.087614e-01  0.000000e+00
   outer loop
     vertex  1.852862e+02 -7.813130e+01  0.000000e+00
     vertex  1.853466e+02 -7.821000e+01  1.510000e+00
     vertex  1.852862e+02 -7.813130e+01  1.510000e+00
   endloop
 endfacet
 facet normal -7.933533e-01 -6.087614e-01  0.000000e+00
   outer loop
     vertex  1.852862e+02 -7.813130e+01  0.000000e+00
     vertex  1.853466e+02 -7.821000e+01  0.000000e+00
     vertex  1.853466e+02 -7.821000e+01  1.510000e+00
   endloop
 endfacet
 facet normal -6.087614e-01 -7.933533e-01  0.000000e+00
   outer loop
     vertex  1.852075e+02 -7.807091e+01  0.000000e+00
     vertex  1.852862e+02 -7.813130e+01  1.510000e+00
     vertex  1.852075e+02 -7.807091e+01  1.510000e+00
   endloop
 endfacet
 facet normal -6.087614e-01 -7.933533e-01  0.000000e+00
   outer loop
     vertex  1.852075e+02 -7.807091e+01  0.000000e+00
     vertex  1.852862e+02 -7.813130e+01  0.000000e+00
     vertex  1.852862e+02 -7.813130e+01  1.510000e+00
   endloop
 endfacet
 facet normal -3.826834e-01 -9.238795e-01  0.000000e+00
   outer loop
     vertex  1.851159e+02 -7.803295e+01  0.000000e+00
     vertex  1.852075e+02 -7.807091e+01  1.510000e+00
     vertex  1.851159e+02 -7.803295e+01  1.510000e+00
   endloop
 endfacet
 facet normal -3.826834e-01 -9.238795e-01  0.000000e+00
   outer loop
     vertex  1.851159e+02 -7.803295e+01  0.000000e+00
     vertex  1.852075e+02 -7.807091e+01  0.000000e+00
     vertex  1.852075e+02 -7.807091e+01  1.510000e+00
   endloop
 endfacet
 facet normal -1.305262e-01 -9.914449e-01  0.000000e+00
   outer loop
     vertex  1.850175e+02 -7.802000e+01  0.000000e+00
     vertex  1.851159e+02 -7.803295e+01  1.510000e+00
     vertex  1.850175e+02 -7.802000e+01  1.510000e+00
   endloop
 endfacet
 facet normal -1.305262e-01 -9.914449e-01  0.000000e+00
   outer loop
     vertex  1.850175e+02 -7.802000e+01  0.000000e+00
     vertex  1.851159e+02 -7.803295e+01  0.000000e+00
     vertex  1.851159e+02 -7.803295e+01  1.510000e+00
   endloop
 endfacet
 facet normal  1.305262e-01 -9.914449e-01  0.000000e+00
   outer loop
     vertex  1.849191e+02 -7.803295e+01  0.000000e+00
     vertex  1.850175e+02 -7.802000e+01  1.510000e+00
     vertex  1.849191e+02 -7.803295e+01  1.510000e+00
   endloop
 endfacet
 facet normal  1.305262e-01 -9.914449e-01  0.000000e+00
   outer loop
     vertex  1.849191e+02 -7.803295e+01  0.000000e+00
     vertex  1.850175e+02 -7.802000e+01  0.000000e+00
     vertex  1.850175e+02 -7.802000e+01  1.510000e+00
   endloop
 endfacet
 facet normal  3.826834e-01 -9.238795e-01  0.000000e+00
   outer loop
     vertex  1.848275e+02 -7.807091e+01  0.000000e+00
     vertex  1.849191e+02 -7.803295e+01  0.000000e+00
     vertex  1.849191e+02 -7.803295e+01  1.510000e+00
   endloop
 endfacet
 facet normal  3.826834e-01 -9.238795e-01  0.000000e+00
   outer loop
     vertex  1.848275e+02 -7.807091e+01  0.000000e+00
     vertex  1.849191e+02 -7.803295e+01  1.510000e+00
     vertex  1.848275e+02 -7.807091e+01  1.510000e+00
   endloop
 endfacet
 facet normal  6.087614e-01 -7.933533e-01  0.000000e+00
   outer loop
     vertex  1.847488e+02 -7.813130e+01  0.000000e+00
     vertex  1.848275e+02 -7.807091e+01  0.000000e+00
     vertex  1.848275e+02 -7.807091e+01  1.510000e+00
   endloop
 endfacet
 facet normal  7.933533e-01 -6.087614e-01  0.000000e+00
   outer loop
     vertex  1.847488e+02 -7.813130e+01  0.000000e+00
     vertex  1.847488e+02 -7.813130e+01  1.510000e+00
     vertex  1.846884e+02 -7.821000e+01  1.510000e+00
   endloop
 endfacet
 facet normal  6.087614e-01 -7.933533e-01  0.000000e+00
   outer loop
     vertex  1.847488e+02 -7.813130e+01  0.000000e+00
     vertex  1.848275e+02 -7.807091e+01  1.510000e+00
     vertex  1.847488e+02 -7.813130e+01  1.510000e+00
   endloop
 endfacet
 facet normal  7.933533e-01 -6.087614e-01  0.000000e+00
   outer loop
     vertex  1.846884e+02 -7.821000e+01  0.000000e+00
     vertex  1.847488e+02 -7.813130e+01  0.000000e+00
     vertex  1.846884e+02 -7.821000e+01  1.510000e+00
   endloop
 endfacet
 facet normal  9.238795e-01 -3.826834e-01  0.000000e+00
   outer loop
     vertex  1.846884e+02 -7.821000e+01  0.000000e+00
     vertex  1.846884e+02 -7.821000e+01  1.510000e+00
     vertex  1.846504e+02 -7.830165e+01  1.510000e+00
   endloop
 endfacet
 facet normal  9.238795e-01 -3.826834e-01  0.000000e+00
   outer loop
     vertex  1.846504e+02 -7.830165e+01  0.000000e+00
     vertex  1.846884e+02 -7.821000e+01  0.000000e+00
     vertex  1.846504e+02 -7.830165e+01  1.510000e+00
   endloop
 endfacet
 facet normal  9.914449e-01 -1.305262e-01  0.000000e+00
   outer loop
     vertex  1.846375e+02 -7.840000e+01  0.000000e+00
     vertex  1.846504e+02 -7.830165e+01  0.000000e+00
     vertex  1.846504e+02 -7.830165e+01  1.510000e+00
   endloop
 endfacet
 facet normal  9.914449e-01 -1.305262e-01  0.000000e+00
   outer loop
     vertex  1.846375e+02 -7.840000e+01  0.000000e+00
     vertex  1.846504e+02 -7.830165e+01  1.510000e+00
     vertex  1.846375e+02 -7.840000e+01  1.510000e+00
   endloop
 endfacet
 facet normal  9.914449e-01  1.305262e-01 -0.000000e+00
   outer loop
     vertex  1.846504e+02 -7.849835e+01  0.000000e+00
     vertex  1.846375e+02 -7.840000e+01  1.510000e+00
     vertex  1.846504e+02 -7.849835e+01  1.510000e+00
   endloop
 endfacet
 facet normal  9.914449e-01  1.305262e-01  0.000000e+00
   outer loop
     vertex  1.846504e+02 -7.849835e+01  0.000000e+00
     vertex  1.846375e+02 -7.840000e+01  0.000000e+00
     vertex  1.846375e+02 -7.840000e+01  1.510000e+00
   endloop
 endfacet
 facet normal  9.238795e-01  3.826834e-01 -0.000000e+00
   outer loop
     vertex  1.846884e+02 -7.859000e+01  0.000000e+00
     vertex  1.846504e+02 -7.849835e+01  1.510000e+00
     vertex  1.846884e+02 -7.859000e+01  1.510000e+00
   endloop
 endfacet
 facet normal  9.238795e-01  3.826834e-01  0.000000e+00
   outer loop
     vertex  1.846884e+02 -7.859000e+01  0.000000e+00
     vertex  1.846504e+02 -7.849835e+01  0.000000e+00
     vertex  1.846504e+02 -7.849835e+01  1.510000e+00
   endloop
 endfacet
 facet normal  6.087614e-01  7.933533e-01 -0.000000e+00
   outer loop
     vertex  1.847488e+02 -7.866870e+01  0.000000e+00
     vertex  1.847488e+02 -7.866870e+01  1.510000e+00
     vertex  1.848275e+02 -7.872909e+01  1.510000e+00
   endloop
 endfacet
 facet normal  7.933533e-01  6.087614e-01 -0.000000e+00
   outer loop
     vertex  1.847488e+02 -7.866870e+01  0.000000e+00
     vertex  1.846884e+02 -7.859000e+01  1.510000e+00
     vertex  1.847488e+02 -7.866870e+01  1.510000e+00
   endloop
 endfacet
 facet normal  7.933533e-01  6.087614e-01  0.000000e+00
   outer loop
     vertex  1.847488e+02 -7.866870e+01  0.000000e+00
     vertex  1.846884e+02 -7.859000e+01  0.000000e+00
     vertex  1.846884e+02 -7.859000e+01  1.510000e+00
   endloop
 endfacet
 facet normal  6.087614e-01  7.933533e-01 -0.000000e+00
   outer loop
     vertex  1.848275e+02 -7.872909e+01  0.000000e+00
     vertex  1.847488e+02 -7.866870e+01  0.000000e+00
     vertex  1.848275e+02 -7.872909e+01  1.510000e+00
   endloop
 endfacet
 facet normal  3.826834e-01  9.238795e-01 -0.000000e+00
   outer loop
     vertex  1.849191e+02 -7.876705e+01  0.000000e+00
     vertex  1.848275e+02 -7.872909e+01  1.510000e+00
     vertex  1.849191e+02 -7.876705e+01  1.510000e+00
   endloop
 endfacet
 facet normal  3.826834e-01  9.238795e-01  0.000000e+00
   outer loop
     vertex  1.849191e+02 -7.876705e+01  0.000000e+00
     vertex  1.848275e+02 -7.872909e+01  0.000000e+00
     vertex  1.848275e+02 -7.872909e+01  1.510000e+00
   endloop
 endfacet
 facet normal  1.305262e-01  9.914449e-01 -0.000000e+00
   outer loop
     vertex  1.850175e+02 -7.878000e+01  0.000000e+00
     vertex  1.849191e+02 -7.876705e+01  1.510000e+00
     vertex  1.850175e+02 -7.878000e+01  1.510000e+00
   endloop
 endfacet
 facet normal  1.305262e-01  9.914449e-01  0.000000e+00
   outer loop
     vertex  1.850175e+02 -7.878000e+01  0.000000e+00
     vertex  1.849191e+02 -7.876705e+01  0.000000e+00
     vertex  1.849191e+02 -7.876705e+01  1.510000e+00
   endloop
 endfacet
 facet normal -1.305262e-01  9.914449e-01  0.000000e+00
   outer loop
     vertex  1.876559e+02 -7.876705e+01  0.000000e+00
     vertex  1.875575e+02 -7.878000e+01  0.000000e+00
     vertex  1.875575e+02 -7.878000e+01  1.510000e+00
   endloop
 endfacet
 facet normal -1.305262e-01  9.914449e-01  0.000000e+00
   outer loop
     vertex  1.876559e+02 -7.876705e+01  0.000000e+00
     vertex  1.875575e+02 -7.878000e+01  1.510000e+00
     vertex  1.876559e+02 -7.876705e+01  1.510000e+00
   endloop
 endfacet
 facet normal -3.826834e-01  9.238795e-01  0.000000e+00
   outer loop
     vertex  1.877475e+02 -7.872909e+01  0.000000e+00
     vertex  1.876559e+02 -7.876705e+01  1.510000e+00
     vertex  1.877475e+02 -7.872909e+01  1.510000e+00
   endloop
 endfacet
 facet normal -3.826834e-01  9.238795e-01  0.000000e+00
   outer loop
     vertex  1.877475e+02 -7.872909e+01  0.000000e+00
     vertex  1.876559e+02 -7.876705e+01  0.000000e+00
     vertex  1.876559e+02 -7.876705e+01  1.510000e+00
   endloop
 endfacet
 facet normal -6.087614e-01  7.933533e-01  0.000000e+00
   outer loop
     vertex  1.878262e+02 -7.866870e+01  0.000000e+00
     vertex  1.877475e+02 -7.872909e+01  1.510000e+00
     vertex  1.878262e+02 -7.866870e+01  1.510000e+00
   endloop
 endfacet
 facet normal -6.087614e-01  7.933533e-01  0.000000e+00
   outer loop
     vertex  1.878262e+02 -7.866870e+01  0.000000e+00
     vertex  1.877475e+02 -7.872909e+01  0.000000e+00
     vertex  1.877475e+02 -7.872909e+01  1.510000e+00
   endloop
 endfacet
 facet normal -7.933533e-01  6.087614e-01  0.000000e+00
   outer loop
     vertex  1.878866e+02 -7.859000e+01  0.000000e+00
     vertex  1.878262e+02 -7.866870e+01  1.510000e+00
     vertex  1.878866e+02 -7.859000e+01  1.510000e+00
   endloop
 endfacet
 facet normal -7.933533e-01  6.087614e-01  0.000000e+00
   outer loop
     vertex  1.878866e+02 -7.859000e+01  0.000000e+00
     vertex  1.878262e+02 -7.866870e+01  0.000000e+00
     vertex  1.878262e+02 -7.866870e+01  1.510000e+00
   endloop
 endfacet
 facet normal -9.238795e-01  3.826834e-01  0.000000e+00
   outer loop
     vertex  1.879246e+02 -7.849835e+01  0.000000e+00
     vertex  1.878866e+02 -7.859000e+01  1.510000e+00
     vertex  1.879246e+02 -7.849835e+01  1.510000e+00
   endloop
 endfacet
 facet normal -9.238795e-01  3.826834e-01  0.000000e+00
   outer loop
     vertex  1.879246e+02 -7.849835e+01  0.000000e+00
     vertex  1.878866e+02 -7.859000e+01  0.000000e+00
     vertex  1.878866e+02 -7.859000e+01  1.510000e+00
   endloop
 endfacet
 facet normal -9.914449e-01  1.305262e-01  0.000000e+00
   outer loop
     vertex  1.879375e+02 -7.840000e+01  0.000000e+00
     vertex  1.879246e+02 -7.849835e+01  1.510000e+00
     vertex  1.879375e+02 -7.840000e+01  1.510000e+00
   endloop
 endfacet
 facet normal -9.914449e-01  1.305262e-01  0.000000e+00
   outer loop
     vertex  1.879375e+02 -7.840000e+01  0.000000e+00
     vertex  1.879246e+02 -7.849835e+01  0.000000e+00
     vertex  1.879246e+02 -7.849835e+01  1.510000e+00
   endloop
 endfacet
 facet normal -9.914449e-01 -1.305262e-01  0.000000e+00
   outer loop
     vertex  1.879246e+02 -7.830165e+01  0.000000e+00
     vertex  1.879375e+02 -7.840000e+01  1.510000e+00
     vertex  1.879246e+02 -7.830165e+01  1.510000e+00
   endloop
 endfacet
 facet normal -9.914449e-01 -1.305262e-01  0.000000e+00
   outer loop
     vertex  1.879246e+02 -7.830165e+01  0.000000e+00
     vertex  1.879375e+02 -7.840000e+01  0.000000e+00
     vertex  1.879375e+02 -7.840000e+01  1.510000e+00
   endloop
 endfacet
 facet normal -9.238795e-01 -3.826834e-01  0.000000e+00
   outer loop
     vertex  1.878866e+02 -7.821000e+01  0.000000e+00
     vertex  1.879246e+02 -7.830165e+01  1.510000e+00
     vertex  1.878866e+02 -7.821000e+01  1.510000e+00
   endloop
 endfacet
 facet normal -9.238795e-01 -3.826834e-01  0.000000e+00
   outer loop
     vertex  1.878866e+02 -7.821000e+01  0.000000e+00
     vertex  1.879246e+02 -7.830165e+01  0.000000e+00
     vertex  1.879246e+02 -7.830165e+01  1.510000e+00
   endloop
 endfacet
 facet normal -7.933533e-01 -6.087614e-01  0.000000e+00
   outer loop
     vertex  1.878262e+02 -7.813130e+01  0.000000e+00
     vertex  1.878866e+02 -7.821000e+01  1.510000e+00
     vertex  1.878262e+02 -7.813130e+01  1.510000e+00
   endloop
 endfacet
 facet normal -7.933533e-01 -6.087614e-01  0.000000e+00
   outer loop
     vertex  1.878262e+02 -7.813130e+01  0.000000e+00
     vertex  1.878866e+02 -7.821000e+01  0.000000e+00
     vertex  1.878866e+02 -7.821000e+01  1.510000e+00
   endloop
 endfacet
 facet normal -6.087614e-01 -7.933533e-01  0.000000e+00
   outer loop
     vertex  1.877475e+02 -7.807091e+01  0.000000e+00
     vertex  1.878262e+02 -7.813130e+01  1.510000e+00
     vertex  1.877475e+02 -7.807091e+01  1.510000e+00
   endloop
 endfacet
 facet normal -6.087614e-01 -7.933533e-01  0.000000e+00
   outer loop
     vertex  1.877475e+02 -7.807091e+01  0.000000e+00
     vertex  1.878262e+02 -7.813130e+01  0.000000e+00
     vertex  1.878262e+02 -7.813130e+01  1.510000e+00
   endloop
 endfacet
 facet normal -3.826834e-01 -9.238795e-01  0.000000e+00
   outer loop
     vertex  1.876559e+02 -7.803295e+01  0.000000e+00
     vertex  1.877475e+02 -7.807091e+01  1.510000e+00
     vertex  1.876559e+02 -7.803295e+01  1.510000e+00
   endloop
 endfacet
 facet normal -3.826834e-01 -9.238795e-01  0.000000e+00
   outer loop
     vertex  1.876559e+02 -7.803295e+01  0.000000e+00
     vertex  1.877475e+02 -7.807091e+01  0.000000e+00
     vertex  1.877475e+02 -7.807091e+01  1.510000e+00
   endloop
 endfacet
 facet normal -1.305262e-01 -9.914449e-01  0.000000e+00
   outer loop
     vertex  1.875575e+02 -7.802000e+01  0.000000e+00
     vertex  1.876559e+02 -7.803295e+01  1.510000e+00
     vertex  1.875575e+02 -7.802000e+01  1.510000e+00
   endloop
 endfacet
 facet normal -1.305262e-01 -9.914449e-01  0.000000e+00
   outer loop
     vertex  1.875575e+02 -7.802000e+01  0.000000e+00
     vertex  1.876559e+02 -7.803295e+01  0.000000e+00
     vertex  1.876559e+02 -7.803295e+01  1.510000e+00
   endloop
 endfacet
 facet normal  1.305262e-01 -9.914449e-01  0.000000e+00
   outer loop
     vertex  1.874591e+02 -7.803295e+01  0.000000e+00
     vertex  1.875575e+02 -7.802000e+01  1.510000e+00
     vertex  1.874591e+02 -7.803295e+01  1.510000e+00
   endloop
 endfacet
 facet normal  1.305262e-01 -9.914449e-01  0.000000e+00
   outer loop
     vertex  1.874591e+02 -7.803295e+01  0.000000e+00
     vertex  1.875575e+02 -7.802000e+01  0.000000e+00
     vertex  1.875575e+02 -7.802000e+01  1.510000e+00
   endloop
 endfacet
 facet normal  3.826834e-01 -9.238795e-01  0.000000e+00
   outer loop
     vertex  1.873675e+02 -7.807091e+01  0.000000e+00
     vertex  1.874591e+02 -7.803295e+01  0.000000e+00
     vertex  1.874591e+02 -7.803295e+01  1.510000e+00
   endloop
 endfacet
 facet normal  3.826834e-01 -9.238795e-01  0.000000e+00
   outer loop
     vertex  1.873675e+02 -7.807091e+01  0.000000e+00
     vertex  1.874591e+02 -7.803295e+01  1.510000e+00
     vertex  1.873675e+02 -7.807091e+01  1.510000e+00
   endloop
 endfacet
 facet normal  6.087614e-01 -7.933533e-01  0.000000e+00
   outer loop
     vertex  1.872888e+02 -7.813130e+01  0.000000e+00
     vertex  1.873675e+02 -7.807091e+01  0.000000e+00
     vertex  1.873675e+02 -7.807091e+01  1.510000e+00
   endloop
 endfacet
 facet normal  7.933533e-01 -6.087614e-01  0.000000e+00
   outer loop
     vertex  1.872888e+02 -7.813130e+01  0.000000e+00
     vertex  1.872888e+02 -7.813130e+01  1.510000e+00
     vertex  1.872284e+02 -7.821000e+01  1.510000e+00
   endloop
 endfacet
 facet normal  6.087614e-01 -7.933533e-01  0.000000e+00
   outer loop
     vertex  1.872888e+02 -7.813130e+01  0.000000e+00
     vertex  1.873675e+02 -7.807091e+01  1.510000e+00
     vertex  1.872888e+02 -7.813130e+01  1.510000e+00
   endloop
 endfacet
 facet normal  7.933533e-01 -6.087614e-01  0.000000e+00
   outer loop
     vertex  1.872284e+02 -7.821000e+01  0.000000e+00
     vertex  1.872888e+02 -7.813130e+01  0.000000e+00
     vertex  1.872284e+02 -7.821000e+01  1.510000e+00
   endloop
 endfacet
 facet normal  9.238795e-01 -3.826834e-01  0.000000e+00
   outer loop
     vertex  1.872284e+02 -7.821000e+01  0.000000e+00
     vertex  1.872284e+02 -7.821000e+01  1.510000e+00
     vertex  1.871904e+02 -7.830165e+01  1.510000e+00
   endloop
 endfacet
 facet normal  9.238795e-01 -3.826834e-01  0.000000e+00
   outer loop
     vertex  1.871904e+02 -7.830165e+01  0.000000e+00
     vertex  1.872284e+02 -7.821000e+01  0.000000e+00
     vertex  1.871904e+02 -7.830165e+01  1.510000e+00
   endloop
 endfacet
 facet normal  9.914449e-01 -1.305262e-01  0.000000e+00
   outer loop
     vertex  1.871775e+02 -7.840000e+01  0.000000e+00
     vertex  1.871904e+02 -7.830165e+01  0.000000e+00
     vertex  1.871904e+02 -7.830165e+01  1.510000e+00
   endloop
 endfacet
 facet normal  9.914449e-01 -1.305262e-01  0.000000e+00
   outer loop
     vertex  1.871775e+02 -7.840000e+01  0.000000e+00
     vertex  1.871904e+02 -7.830165e+01  1.510000e+00
     vertex  1.871775e+02 -7.840000e+01  1.510000e+00
   endloop
 endfacet
 facet normal  9.914449e-01  1.305262e-01 -0.000000e+00
   outer loop
     vertex  1.871904e+02 -7.849835e+01  0.000000e+00
     vertex  1.871775e+02 -7.840000e+01  1.510000e+00
     vertex  1.871904e+02 -7.849835e+01  1.510000e+00
   endloop
 endfacet
 facet normal  9.914449e-01  1.305262e-01  0.000000e+00
   outer loop
     vertex  1.871904e+02 -7.849835e+01  0.000000e+00
     vertex  1.871775e+02 -7.840000e+01  0.000000e+00
     vertex  1.871775e+02 -7.840000e+01  1.510000e+00
   endloop
 endfacet
 facet normal  9.238795e-01  3.826834e-01 -0.000000e+00
   outer loop
     vertex  1.872284e+02 -7.859000e+01  0.000000e+00
     vertex  1.871904e+02 -7.849835e+01  1.510000e+00
     vertex  1.872284e+02 -7.859000e+01  1.510000e+00
   endloop
 endfacet
 facet normal  9.238795e-01  3.826834e-01  0.000000e+00
   outer loop
     vertex  1.872284e+02 -7.859000e+01  0.000000e+00
     vertex  1.871904e+02 -7.849835e+01  0.000000e+00
     vertex  1.871904e+02 -7.849835e+01  1.510000e+00
   endloop
 endfacet
 facet normal  6.087614e-01  7.933533e-01 -0.000000e+00
   outer loop
     vertex  1.872888e+02 -7.866870e+01  0.000000e+00
     vertex  1.872888e+02 -7.866870e+01  1.510000e+00
     vertex  1.873675e+02 -7.872909e+01  1.510000e+00
   endloop
 endfacet
 facet normal  7.933533e-01  6.087614e-01 -0.000000e+00
   outer loop
     vertex  1.872888e+02 -7.866870e+01  0.000000e+00
     vertex  1.872284e+02 -7.859000e+01  1.510000e+00
     vertex  1.872888e+02 -7.866870e+01  1.510000e+00
   endloop
 endfacet
 facet normal  7.933533e-01  6.087614e-01  0.000000e+00
   outer loop
     vertex  1.872888e+02 -7.866870e+01  0.000000e+00
     vertex  1.872284e+02 -7.859000e+01  0.000000e+00
     vertex  1.872284e+02 -7.859000e+01  1.510000e+00
   endloop
 endfacet
 facet normal  6.087614e-01  7.933533e-01 -0.000000e+00
   outer loop
     vertex  1.873675e+02 -7.872909e+01  0.000000e+00
     vertex  1.872888e+02 -7.866870e+01  0.000000e+00
     vertex  1.873675e+02 -7.872909e+01  1.510000e+00
   endloop
 endfacet
 facet normal  3.826834e-01  9.238795e-01 -0.000000e+00
   outer loop
     vertex  1.874591e+02 -7.876705e+01  0.000000e+00
     vertex  1.873675e+02 -7.872909e+01  1.510000e+00
     vertex  1.874591e+02 -7.876705e+01  1.510000e+00
   endloop
 endfacet
 facet normal  3.826834e-01  9.238795e-01  0.000000e+00
   outer loop
     vertex  1.874591e+02 -7.876705e+01  0.000000e+00
     vertex  1.873675e+02 -7.872909e+01  0.000000e+00
     vertex  1.873675e+02 -7.872909e+01  1.510000e+00
   endloop
 endfacet
 facet normal  1.305262e-01  9.914449e-01 -0.000000e+00
   outer loop
     vertex  1.875575e+02 -7.878000e+01  0.000000e+00
     vertex  1.874591e+02 -7.876705e+01  1.510000e+00
     vertex  1.875575e+02 -7.878000e+01  1.510000e+00
   endloop
 endfacet
 facet normal  1.305262e-01  9.914449e-01  0.000000e+00
   outer loop
     vertex  1.875575e+02 -7.878000e+01  0.000000e+00
     vertex  1.874591e+02 -7.876705e+01  0.000000e+00
     vertex  1.874591e+02 -7.876705e+01  1.510000e+00
   endloop
 endfacet
 facet normal -1.305262e-01  9.914449e-01  0.000000e+00
   outer loop
     vertex  1.863859e+02 -7.622705e+01  0.000000e+00
     vertex  1.862875e+02 -7.624000e+01  0.000000e+00
     vertex  1.862875e+02 -7.624000e+01  1.510000e+00
   endloop
 endfacet
 facet normal -1.305262e-01  9.914449e-01  0.000000e+00
   outer loop
     vertex  1.863859e+02 -7.622705e+01  0.000000e+00
     vertex  1.862875e+02 -7.624000e+01  1.510000e+00
     vertex  1.863859e+02 -7.622705e+01  1.510000e+00
   endloop
 endfacet
 facet normal -3.826834e-01  9.238795e-01  0.000000e+00
   outer loop
     vertex  1.864775e+02 -7.618909e+01  0.000000e+00
     vertex  1.863859e+02 -7.622705e+01  1.510000e+00
     vertex  1.864775e+02 -7.618909e+01  1.510000e+00
   endloop
 endfacet
 facet normal -3.826834e-01  9.238795e-01  0.000000e+00
   outer loop
     vertex  1.864775e+02 -7.618909e+01  0.000000e+00
     vertex  1.863859e+02 -7.622705e+01  0.000000e+00
     vertex  1.863859e+02 -7.622705e+01  1.510000e+00
   endloop
 endfacet
 facet normal -6.087614e-01  7.933533e-01  0.000000e+00
   outer loop
     vertex  1.865562e+02 -7.612870e+01  0.000000e+00
     vertex  1.864775e+02 -7.618909e+01  1.510000e+00
     vertex  1.865562e+02 -7.612870e+01  1.510000e+00
   endloop
 endfacet
 facet normal -6.087614e-01  7.933533e-01  0.000000e+00
   outer loop
     vertex  1.865562e+02 -7.612870e+01  0.000000e+00
     vertex  1.864775e+02 -7.618909e+01  0.000000e+00
     vertex  1.864775e+02 -7.618909e+01  1.510000e+00
   endloop
 endfacet
 facet normal -7.933533e-01  6.087614e-01  0.000000e+00
   outer loop
     vertex  1.866166e+02 -7.605000e+01  0.000000e+00
     vertex  1.865562e+02 -7.612870e+01  1.510000e+00
     vertex  1.866166e+02 -7.605000e+01  1.510000e+00
   endloop
 endfacet
 facet normal -7.933533e-01  6.087614e-01  0.000000e+00
   outer loop
     vertex  1.866166e+02 -7.605000e+01  0.000000e+00
     vertex  1.865562e+02 -7.612870e+01  0.000000e+00
     vertex  1.865562e+02 -7.612870e+01  1.510000e+00
   endloop
 endfacet
 facet normal -9.238795e-01  3.826834e-01  0.000000e+00
   outer loop
     vertex  1.866546e+02 -7.595835e+01  0.000000e+00
     vertex  1.866166e+02 -7.605000e+01  1.510000e+00
     vertex  1.866546e+02 -7.595835e+01  1.510000e+00
   endloop
 endfacet
 facet normal -9.238795e-01  3.826834e-01  0.000000e+00
   outer loop
     vertex  1.866546e+02 -7.595835e+01  0.000000e+00
     vertex  1.866166e+02 -7.605000e+01  0.000000e+00
     vertex  1.866166e+02 -7.605000e+01  1.510000e+00
   endloop
 endfacet
 facet normal -9.914449e-01  1.305262e-01  0.000000e+00
   outer loop
     vertex  1.866675e+02 -7.586000e+01  0.000000e+00
     vertex  1.866546e+02 -7.595835e+01  1.510000e+00
     vertex  1.866675e+02 -7.586000e+01  1.510000e+00
   endloop
 endfacet
 facet normal -9.914449e-01  1.305262e-01  0.000000e+00
   outer loop
     vertex  1.866675e+02 -7.586000e+01  0.000000e+00
     vertex  1.866546e+02 -7.595835e+01  0.000000e+00
     vertex  1.866546e+02 -7.595835e+01  1.510000e+00
   endloop
 endfacet
 facet normal -9.914449e-01 -1.305262e-01  0.000000e+00
   outer loop
     vertex  1.866546e+02 -7.576165e+01  0.000000e+00
     vertex  1.866675e+02 -7.586000e+01  1.510000e+00
     vertex  1.866546e+02 -7.576165e+01  1.510000e+00
   endloop
 endfacet
 facet normal -9.914449e-01 -1.305262e-01  0.000000e+00
   outer loop
     vertex  1.866546e+02 -7.576165e+01  0.000000e+00
     vertex  1.866675e+02 -7.586000e+01  0.000000e+00
     vertex  1.866675e+02 -7.586000e+01  1.510000e+00
   endloop
 endfacet
 facet normal -9.238795e-01 -3.826834e-01  0.000000e+00
   outer loop
     vertex  1.866166e+02 -7.567000e+01  0.000000e+00
     vertex  1.866546e+02 -7.576165e+01  1.510000e+00
     vertex  1.866166e+02 -7.567000e+01  1.510000e+00
   endloop
 endfacet
 facet normal -9.238795e-01 -3.826834e-01  0.000000e+00
   outer loop
     vertex  1.866166e+02 -7.567000e+01  0.000000e+00
     vertex  1.866546e+02 -7.576165e+01  0.000000e+00
     vertex  1.866546e+02 -7.576165e+01  1.510000e+00
   endloop
 endfacet
 facet normal -7.933533e-01 -6.087614e-01  0.000000e+00
   outer loop
     vertex  1.865562e+02 -7.559130e+01  0.000000e+00
     vertex  1.866166e+02 -7.567000e+01  1.510000e+00
     vertex  1.865562e+02 -7.559130e+01  1.510000e+00
   endloop
 endfacet
 facet normal -7.933533e-01 -6.087614e-01  0.000000e+00
   outer loop
     vertex  1.865562e+02 -7.559130e+01  0.000000e+00
     vertex  1.866166e+02 -7.567000e+01  0.000000e+00
     vertex  1.866166e+02 -7.567000e+01  1.510000e+00
   endloop
 endfacet
 facet normal -6.087614e-01 -7.933533e-01  0.000000e+00
   outer loop
     vertex  1.864775e+02 -7.553091e+01  0.000000e+00
     vertex  1.865562e+02 -7.559130e+01  1.510000e+00
     vertex  1.864775e+02 -7.553091e+01  1.510000e+00
   endloop
 endfacet
 facet normal -6.087614e-01 -7.933533e-01  0.000000e+00
   outer loop
     vertex  1.864775e+02 -7.553091e+01  0.000000e+00
     vertex  1.865562e+02 -7.559130e+01  0.000000e+00
     vertex  1.865562e+02 -7.559130e+01  1.510000e+00
   endloop
 endfacet
 facet normal -3.826834e-01 -9.238795e-01  0.000000e+00
   outer loop
     vertex  1.863859e+02 -7.549295e+01  0.000000e+00
     vertex  1.864775e+02 -7.553091e+01  1.510000e+00
     vertex  1.863859e+02 -7.549295e+01  1.510000e+00
   endloop
 endfacet
 facet normal -3.826834e-01 -9.238795e-01  0.000000e+00
   outer loop
     vertex  1.863859e+02 -7.549295e+01  0.000000e+00
     vertex  1.864775e+02 -7.553091e+01  0.000000e+00
     vertex  1.864775e+02 -7.553091e+01  1.510000e+00
   endloop
 endfacet
 facet normal -1.305262e-01 -9.914449e-01  0.000000e+00
   outer loop
     vertex  1.862875e+02 -7.548000e+01  0.000000e+00
     vertex  1.863859e+02 -7.549295e+01  1.510000e+00
     vertex  1.862875e+02 -7.548000e+01  1.510000e+00
   endloop
 endfacet
 facet normal -1.305262e-01 -9.914449e-01  0.000000e+00
   outer loop
     vertex  1.862875e+02 -7.548000e+01  0.000000e+00
     vertex  1.863859e+02 -7.549295e+01  0.000000e+00
     vertex  1.863859e+02 -7.549295e+01  1.510000e+00
   endloop
 endfacet
 facet normal  1.305262e-01 -9.914449e-01  0.000000e+00
   outer loop
     vertex  1.861891e+02 -7.549295e+01  0.000000e+00
     vertex  1.862875e+02 -7.548000e+01  1.510000e+00
     vertex  1.861891e+02 -7.549295e+01  1.510000e+00
   endloop
 endfacet
 facet normal  1.305262e-01 -9.914449e-01  0.000000e+00
   outer loop
     vertex  1.861891e+02 -7.549295e+01  0.000000e+00
     vertex  1.862875e+02 -7.548000e+01  0.000000e+00
     vertex  1.862875e+02 -7.548000e+01  1.510000e+00
   endloop
 endfacet
 facet normal  3.826834e-01 -9.238795e-01  0.000000e+00
   outer loop
     vertex  1.860975e+02 -7.553091e+01  0.000000e+00
     vertex  1.861891e+02 -7.549295e+01  0.000000e+00
     vertex  1.861891e+02 -7.549295e+01  1.510000e+00
   endloop
 endfacet
 facet normal  3.826834e-01 -9.238795e-01  0.000000e+00
   outer loop
     vertex  1.860975e+02 -7.553091e+01  0.000000e+00
     vertex  1.861891e+02 -7.549295e+01  1.510000e+00
     vertex  1.860975e+02 -7.553091e+01  1.510000e+00
   endloop
 endfacet
 facet normal  6.087614e-01 -7.933533e-01  0.000000e+00
   outer loop
     vertex  1.860188e+02 -7.559130e+01  0.000000e+00
     vertex  1.860975e+02 -7.553091e+01  0.000000e+00
     vertex  1.860975e+02 -7.553091e+01  1.510000e+00
   endloop
 endfacet
 facet normal  7.933533e-01 -6.087614e-01  0.000000e+00
   outer loop
     vertex  1.860188e+02 -7.559130e+01  0.000000e+00
     vertex  1.860188e+02 -7.559130e+01  1.510000e+00
     vertex  1.859584e+02 -7.567000e+01  1.510000e+00
   endloop
 endfacet
 facet normal  6.087614e-01 -7.933533e-01  0.000000e+00
   outer loop
     vertex  1.860188e+02 -7.559130e+01  0.000000e+00
     vertex  1.860975e+02 -7.553091e+01  1.510000e+00
     vertex  1.860188e+02 -7.559130e+01  1.510000e+00
   endloop
 endfacet
 facet normal  7.933533e-01 -6.087614e-01  0.000000e+00
   outer loop
     vertex  1.859584e+02 -7.567000e+01  0.000000e+00
     vertex  1.860188e+02 -7.559130e+01  0.000000e+00
     vertex  1.859584e+02 -7.567000e+01  1.510000e+00
   endloop
 endfacet
 facet normal  9.238795e-01 -3.826834e-01  0.000000e+00
   outer loop
     vertex  1.859584e+02 -7.567000e+01  0.000000e+00
     vertex  1.859584e+02 -7.567000e+01  1.510000e+00
     vertex  1.859204e+02 -7.576165e+01  1.510000e+00
   endloop
 endfacet
 facet normal  9.238795e-01 -3.826834e-01  0.000000e+00
   outer loop
     vertex  1.859204e+02 -7.576165e+01  0.000000e+00
     vertex  1.859584e+02 -7.567000e+01  0.000000e+00
     vertex  1.859204e+02 -7.576165e+01  1.510000e+00
   endloop
 endfacet
 facet normal  9.914449e-01 -1.305262e-01  0.000000e+00
   outer loop
     vertex  1.859075e+02 -7.586000e+01  0.000000e+00
     vertex  1.859204e+02 -7.576165e+01  0.000000e+00
     vertex  1.859204e+02 -7.576165e+01  1.510000e+00
   endloop
 endfacet
 facet normal  9.914449e-01 -1.305262e-01  0.000000e+00
   outer loop
     vertex  1.859075e+02 -7.586000e+01  0.000000e+00
     vertex  1.859204e+02 -7.576165e+01  1.510000e+00
     vertex  1.859075e+02 -7.586000e+01  1.510000e+00
   endloop
 endfacet
 facet normal  9.914449e-01  1.305262e-01 -0.000000e+00
   outer loop
     vertex  1.859204e+02 -7.595835e+01  0.000000e+00
     vertex  1.859075e+02 -7.586000e+01  1.510000e+00
     vertex  1.859204e+02 -7.595835e+01  1.510000e+00
   endloop
 endfacet
 facet normal  9.914449e-01  1.305262e-01  0.000000e+00
   outer loop
     vertex  1.859204e+02 -7.595835e+01  0.000000e+00
     vertex  1.859075e+02 -7.586000e+01  0.000000e+00
     vertex  1.859075e+02 -7.586000e+01  1.510000e+00
   endloop
 endfacet
 facet normal  9.238795e-01  3.826834e-01 -0.000000e+00
   outer loop
     vertex  1.859584e+02 -7.605000e+01  0.000000e+00
     vertex  1.859204e+02 -7.595835e+01  1.510000e+00
     vertex  1.859584e+02 -7.605000e+01  1.510000e+00
   endloop
 endfacet
 facet normal  9.238795e-01  3.826834e-01  0.000000e+00
   outer loop
     vertex  1.859584e+02 -7.605000e+01  0.000000e+00
     vertex  1.859204e+02 -7.595835e+01  0.000000e+00
     vertex  1.859204e+02 -7.595835e+01  1.510000e+00
   endloop
 endfacet
 facet normal  6.087614e-01  7.933533e-01 -0.000000e+00
   outer loop
     vertex  1.860188e+02 -7.612870e+01  0.000000e+00
     vertex  1.860188e+02 -7.612870e+01  1.510000e+00
     vertex  1.860975e+02 -7.618909e+01  1.510000e+00
   endloop
 endfacet
 facet normal  7.933533e-01  6.087614e-01 -0.000000e+00
   outer loop
     vertex  1.860188e+02 -7.612870e+01  0.000000e+00
     vertex  1.859584e+02 -7.605000e+01  1.510000e+00
     vertex  1.860188e+02 -7.612870e+01  1.510000e+00
   endloop
 endfacet
 facet normal  7.933533e-01  6.087614e-01  0.000000e+00
   outer loop
     vertex  1.860188e+02 -7.612870e+01  0.000000e+00
     vertex  1.859584e+02 -7.605000e+01  0.000000e+00
     vertex  1.859584e+02 -7.605000e+01  1.510000e+00
   endloop
 endfacet
 facet normal  6.087614e-01  7.933533e-01 -0.000000e+00
   outer loop
     vertex  1.860975e+02 -7.618909e+01  0.000000e+00
     vertex  1.860188e+02 -7.612870e+01  0.000000e+00
     vertex  1.860975e+02 -7.618909e+01  1.510000e+00
   endloop
 endfacet
 facet normal  3.826834e-01  9.238795e-01 -0.000000e+00
   outer loop
     vertex  1.861891e+02 -7.622705e+01  0.000000e+00
     vertex  1.860975e+02 -7.618909e+01  1.510000e+00
     vertex  1.861891e+02 -7.622705e+01  1.510000e+00
   endloop
 endfacet
 facet normal  3.826834e-01  9.238795e-01  0.000000e+00
   outer loop
     vertex  1.861891e+02 -7.622705e+01  0.000000e+00
     vertex  1.860975e+02 -7.618909e+01  0.000000e+00
     vertex  1.860975e+02 -7.618909e+01  1.510000e+00
   endloop
 endfacet
 facet normal  1.305262e-01  9.914449e-01 -0.000000e+00
   outer loop
     vertex  1.862875e+02 -7.624000e+01  0.000000e+00
     vertex  1.861891e+02 -7.622705e+01  1.510000e+00
     vertex  1.862875e+02 -7.624000e+01  1.510000e+00
   endloop
 endfacet
 facet normal  1.305262e-01  9.914449e-01  0.000000e+00
   outer loop
     vertex  1.862875e+02 -7.624000e+01  0.000000e+00
     vertex  1.861891e+02 -7.622705e+01  0.000000e+00
     vertex  1.861891e+02 -7.622705e+01  1.510000e+00
   endloop
 endfacet
 facet normal -1.305262e-01  9.914449e-01  0.000000e+00
   outer loop
     vertex  1.889259e+02 -7.622705e+01  0.000000e+00
     vertex  1.888275e+02 -7.624000e+01  0.000000e+00
     vertex  1.888275e+02 -7.624000e+01  1.510000e+00
   endloop
 endfacet
 facet normal -1.305262e-01  9.914449e-01  0.000000e+00
   outer loop
     vertex  1.889259e+02 -7.622705e+01  0.000000e+00
     vertex  1.888275e+02 -7.624000e+01  1.510000e+00
     vertex  1.889259e+02 -7.622705e+01  1.510000e+00
   endloop
 endfacet
 facet normal -3.826834e-01  9.238795e-01  0.000000e+00
   outer loop
     vertex  1.890175e+02 -7.618909e+01  0.000000e+00
     vertex  1.889259e+02 -7.622705e+01  1.510000e+00
     vertex  1.890175e+02 -7.618909e+01  1.510000e+00
   endloop
 endfacet
 facet normal -3.826834e-01  9.238795e-01  0.000000e+00
   outer loop
     vertex  1.890175e+02 -7.618909e+01  0.000000e+00
     vertex  1.889259e+02 -7.622705e+01  0.000000e+00
     vertex  1.889259e+02 -7.622705e+01  1.510000e+00
   endloop
 endfacet
 facet normal -6.087614e-01  7.933533e-01  0.000000e+00
   outer loop
     vertex  1.890962e+02 -7.612870e+01  0.000000e+00
     vertex  1.890175e+02 -7.618909e+01  1.510000e+00
     vertex  1.890962e+02 -7.612870e+01  1.510000e+00
   endloop
 endfacet
 facet normal -6.087614e-01  7.933533e-01  0.000000e+00
   outer loop
     vertex  1.890962e+02 -7.612870e+01  0.000000e+00
     vertex  1.890175e+02 -7.618909e+01  0.000000e+00
     vertex  1.890175e+02 -7.618909e+01  1.510000e+00
   endloop
 endfacet
 facet normal -7.933533e-01  6.087614e-01  0.000000e+00
   outer loop
     vertex  1.891566e+02 -7.605000e+01  0.000000e+00
     vertex  1.890962e+02 -7.612870e+01  1.510000e+00
     vertex  1.891566e+02 -7.605000e+01  1.510000e+00
   endloop
 endfacet
 facet normal -7.933533e-01  6.087614e-01  0.000000e+00
   outer loop
     vertex  1.891566e+02 -7.605000e+01  0.000000e+00
     vertex  1.890962e+02 -7.612870e+01  0.000000e+00
     vertex  1.890962e+02 -7.612870e+01  1.510000e+00
   endloop
 endfacet
 facet normal -9.238795e-01  3.826834e-01  0.000000e+00
   outer loop
     vertex  1.891946e+02 -7.595835e+01  0.000000e+00
     vertex  1.891566e+02 -7.605000e+01  1.510000e+00
     vertex  1.891946e+02 -7.595835e+01  1.510000e+00
   endloop
 endfacet
 facet normal -9.238795e-01  3.826834e-01  0.000000e+00
   outer loop
     vertex  1.891946e+02 -7.595835e+01  0.000000e+00
     vertex  1.891566e+02 -7.605000e+01  0.000000e+00
     vertex  1.891566e+02 -7.605000e+01  1.510000e+00
   endloop
 endfacet
 facet normal -9.914449e-01  1.305262e-01  0.000000e+00
   outer loop
     vertex  1.892075e+02 -7.586000e+01  0.000000e+00
     vertex  1.891946e+02 -7.595835e+01  1.510000e+00
     vertex  1.892075e+02 -7.586000e+01  1.510000e+00
   endloop
 endfacet
 facet normal -9.914449e-01  1.305262e-01  0.000000e+00
   outer loop
     vertex  1.892075e+02 -7.586000e+01  0.000000e+00
     vertex  1.891946e+02 -7.595835e+01  0.000000e+00
     vertex  1.891946e+02 -7.595835e+01  1.510000e+00
   endloop
 endfacet
 facet normal -9.914449e-01 -1.305262e-01  0.000000e+00
   outer loop
     vertex  1.891946e+02 -7.576165e+01  0.000000e+00
     vertex  1.892075e+02 -7.586000e+01  1.510000e+00
     vertex  1.891946e+02 -7.576165e+01  1.510000e+00
   endloop
 endfacet
 facet normal -9.914449e-01 -1.305262e-01  0.000000e+00
   outer loop
     vertex  1.891946e+02 -7.576165e+01  0.000000e+00
     vertex  1.892075e+02 -7.586000e+01  0.000000e+00
     vertex  1.892075e+02 -7.586000e+01  1.510000e+00
   endloop
 endfacet
 facet normal -9.238795e-01 -3.826834e-01  0.000000e+00
   outer loop
     vertex  1.891566e+02 -7.567000e+01  0.000000e+00
     vertex  1.891946e+02 -7.576165e+01  1.510000e+00
     vertex  1.891566e+02 -7.567000e+01  1.510000e+00
   endloop
 endfacet
 facet normal -9.238795e-01 -3.826834e-01  0.000000e+00
   outer loop
     vertex  1.891566e+02 -7.567000e+01  0.000000e+00
     vertex  1.891946e+02 -7.576165e+01  0.000000e+00
     vertex  1.891946e+02 -7.576165e+01  1.510000e+00
   endloop
 endfacet
 facet normal -7.933533e-01 -6.087614e-01  0.000000e+00
   outer loop
     vertex  1.890962e+02 -7.559130e+01  0.000000e+00
     vertex  1.891566e+02 -7.567000e+01  1.510000e+00
     vertex  1.890962e+02 -7.559130e+01  1.510000e+00
   endloop
 endfacet
 facet normal -7.933533e-01 -6.087614e-01  0.000000e+00
   outer loop
     vertex  1.890962e+02 -7.559130e+01  0.000000e+00
     vertex  1.891566e+02 -7.567000e+01  0.000000e+00
     vertex  1.891566e+02 -7.567000e+01  1.510000e+00
   endloop
 endfacet
 facet normal -6.087614e-01 -7.933533e-01  0.000000e+00
   outer loop
     vertex  1.890175e+02 -7.553091e+01  0.000000e+00
     vertex  1.890962e+02 -7.559130e+01  1.510000e+00
     vertex  1.890175e+02 -7.553091e+01  1.510000e+00
   endloop
 endfacet
 facet normal -6.087614e-01 -7.933533e-01  0.000000e+00
   outer loop
     vertex  1.890175e+02 -7.553091e+01  0.000000e+00
     vertex  1.890962e+02 -7.559130e+01  0.000000e+00
     vertex  1.890962e+02 -7.559130e+01  1.510000e+00
   endloop
 endfacet
 facet normal -3.826834e-01 -9.238795e-01  0.000000e+00
   outer loop
     vertex  1.889259e+02 -7.549295e+01  0.000000e+00
     vertex  1.890175e+02 -7.553091e+01  1.510000e+00
     vertex  1.889259e+02 -7.549295e+01  1.510000e+00
   endloop
 endfacet
 facet normal -3.826834e-01 -9.238795e-01  0.000000e+00
   outer loop
     vertex  1.889259e+02 -7.549295e+01  0.000000e+00
     vertex  1.890175e+02 -7.553091e+01  0.000000e+00
     vertex  1.890175e+02 -7.553091e+01  1.510000e+00
   endloop
 endfacet
 facet normal -1.305262e-01 -9.914449e-01  0.000000e+00
   outer loop
     vertex  1.888275e+02 -7.548000e+01  0.000000e+00
     vertex  1.889259e+02 -7.549295e+01  1.510000e+00
     vertex  1.888275e+02 -7.548000e+01  1.510000e+00
   endloop
 endfacet
 facet normal -1.305262e-01 -9.914449e-01  0.000000e+00
   outer loop
     vertex  1.888275e+02 -7.548000e+01  0.000000e+00
     vertex  1.889259e+02 -7.549295e+01  0.000000e+00
     vertex  1.889259e+02 -7.549295e+01  1.510000e+00
   endloop
 endfacet
 facet normal  1.305262e-01 -9.914449e-01  0.000000e+00
   outer loop
     vertex  1.887291e+02 -7.549295e+01  0.000000e+00
     vertex  1.888275e+02 -7.548000e+01  1.510000e+00
     vertex  1.887291e+02 -7.549295e+01  1.510000e+00
   endloop
 endfacet
 facet normal  1.305262e-01 -9.914449e-01  0.000000e+00
   outer loop
     vertex  1.887291e+02 -7.549295e+01  0.000000e+00
     vertex  1.888275e+02 -7.548000e+01  0.000000e+00
     vertex  1.888275e+02 -7.548000e+01  1.510000e+00
   endloop
 endfacet
 facet normal  3.826834e-01 -9.238795e-01  0.000000e+00
   outer loop
     vertex  1.886375e+02 -7.553091e+01  0.000000e+00
     vertex  1.887291e+02 -7.549295e+01  0.000000e+00
     vertex  1.887291e+02 -7.549295e+01  1.510000e+00
   endloop
 endfacet
 facet normal  3.826834e-01 -9.238795e-01  0.000000e+00
   outer loop
     vertex  1.886375e+02 -7.553091e+01  0.000000e+00
     vertex  1.887291e+02 -7.549295e+01  1.510000e+00
     vertex  1.886375e+02 -7.553091e+01  1.510000e+00
   endloop
 endfacet
 facet normal  6.087614e-01 -7.933533e-01  0.000000e+00
   outer loop
     vertex  1.885588e+02 -7.559130e+01  0.000000e+00
     vertex  1.886375e+02 -7.553091e+01  0.000000e+00
     vertex  1.886375e+02 -7.553091e+01  1.510000e+00
   endloop
 endfacet
 facet normal  7.933533e-01 -6.087614e-01  0.000000e+00
   outer loop
     vertex  1.885588e+02 -7.559130e+01  0.000000e+00
     vertex  1.885588e+02 -7.559130e+01  1.510000e+00
     vertex  1.884984e+02 -7.567000e+01  1.510000e+00
   endloop
 endfacet
 facet normal  6.087614e-01 -7.933533e-01  0.000000e+00
   outer loop
     vertex  1.885588e+02 -7.559130e+01  0.000000e+00
     vertex  1.886375e+02 -7.553091e+01  1.510000e+00
     vertex  1.885588e+02 -7.559130e+01  1.510000e+00
   endloop
 endfacet
 facet normal  7.933533e-01 -6.087614e-01  0.000000e+00
   outer loop
     vertex  1.884984e+02 -7.567000e+01  0.000000e+00
     vertex  1.885588e+02 -7.559130e+01  0.000000e+00
     vertex  1.884984e+02 -7.567000e+01  1.510000e+00
   endloop
 endfacet
 facet normal  9.238795e-01 -3.826834e-01  0.000000e+00
   outer loop
     vertex  1.884984e+02 -7.567000e+01  0.000000e+00
     vertex  1.884984e+02 -7.567000e+01  1.510000e+00
     vertex  1.884604e+02 -7.576165e+01  1.510000e+00
   endloop
 endfacet
 facet normal  9.238795e-01 -3.826834e-01  0.000000e+00
   outer loop
     vertex  1.884604e+02 -7.576165e+01  0.000000e+00
     vertex  1.884984e+02 -7.567000e+01  0.000000e+00
     vertex  1.884604e+02 -7.576165e+01  1.510000e+00
   endloop
 endfacet
 facet normal  9.914449e-01 -1.305262e-01  0.000000e+00
   outer loop
     vertex  1.884475e+02 -7.586000e+01  0.000000e+00
     vertex  1.884604e+02 -7.576165e+01  0.000000e+00
     vertex  1.884604e+02 -7.576165e+01  1.510000e+00
   endloop
 endfacet
 facet normal  9.914449e-01 -1.305262e-01  0.000000e+00
   outer loop
     vertex  1.884475e+02 -7.586000e+01  0.000000e+00
     vertex  1.884604e+02 -7.576165e+01  1.510000e+00
     vertex  1.884475e+02 -7.586000e+01  1.510000e+00
   endloop
 endfacet
 facet normal  9.914449e-01  1.305262e-01 -0.000000e+00
   outer loop
     vertex  1.884604e+02 -7.595835e+01  0.000000e+00
     vertex  1.884475e+02 -7.586000e+01  1.510000e+00
     vertex  1.884604e+02 -7.595835e+01  1.510000e+00
   endloop
 endfacet
 facet normal  9.914449e-01  1.305262e-01  0.000000e+00
   outer loop
     vertex  1.884604e+02 -7.595835e+01  0.000000e+00
     vertex  1.884475e+02 -7.586000e+01  0.000000e+00
     vertex  1.884475e+02 -7.586000e+01  1.510000e+00
   endloop
 endfacet
 facet normal  9.238795e-01  3.826834e-01 -0.000000e+00
   outer loop
     vertex  1.884984e+02 -7.605000e+01  0.000000e+00
     vertex  1.884604e+02 -7.595835e+01  1.510000e+00
     vertex  1.884984e+02 -7.605000e+01  1.510000e+00
   endloop
 endfacet
 facet normal  9.238795e-01  3.826834e-01  0.000000e+00
   outer loop
     vertex  1.884984e+02 -7.605000e+01  0.000000e+00
     vertex  1.884604e+02 -7.595835e+01  0.000000e+00
     vertex  1.884604e+02 -7.595835e+01  1.510000e+00
   endloop
 endfacet
 facet normal  6.087614e-01  7.933533e-01 -0.000000e+00
   outer loop
     vertex  1.885588e+02 -7.612870e+01  0.000000e+00
     vertex  1.885588e+02 -7.612870e+01  1.510000e+00
     vertex  1.886375e+02 -7.618909e+01  1.510000e+00
   endloop
 endfacet
 facet normal  7.933533e-01  6.087614e-01 -0.000000e+00
   outer loop
     vertex  1.885588e+02 -7.612870e+01  0.000000e+00
     vertex  1.884984e+02 -7.605000e+01  1.510000e+00
     vertex  1.885588e+02 -7.612870e+01  1.510000e+00
   endloop
 endfacet
 facet normal  7.933533e-01  6.087614e-01  0.000000e+00
   outer loop
     vertex  1.885588e+02 -7.612870e+01  0.000000e+00
     vertex  1.884984e+02 -7.605000e+01  0.000000e+00
     vertex  1.884984e+02 -7.605000e+01  1.510000e+00
   endloop
 endfacet
 facet normal  6.087614e-01  7.933533e-01 -0.000000e+00
   outer loop
     vertex  1.886375e+02 -7.618909e+01  0.000000e+00
     vertex  1.885588e+02 -7.612870e+01  0.000000e+00
     vertex  1.886375e+02 -7.618909e+01  1.510000e+00
   endloop
 endfacet
 facet normal  3.826834e-01  9.238795e-01 -0.000000e+00
   outer loop
     vertex  1.887291e+02 -7.622705e+01  0.000000e+00
     vertex  1.886375e+02 -7.618909e+01  1.510000e+00
     vertex  1.887291e+02 -7.622705e+01  1.510000e+00
   endloop
 endfacet
 facet normal  3.826834e-01  9.238795e-01  0.000000e+00
   outer loop
     vertex  1.887291e+02 -7.622705e+01  0.000000e+00
     vertex  1.886375e+02 -7.618909e+01  0.000000e+00
     vertex  1.886375e+02 -7.618909e+01  1.510000e+00
   endloop
 endfacet
 facet normal  1.305262e-01  9.914449e-01 -0.000000e+00
   outer loop
     vertex  1.888275e+02 -7.624000e+01  0.000000e+00
     vertex  1.887291e+02 -7.622705e+01  1.510000e+00
     vertex  1.888275e+02 -7.624000e+01  1.510000e+00
   endloop
 endfacet
 facet normal  1.305262e-01  9.914449e-01  0.000000e+00
   outer loop
     vertex  1.888275e+02 -7.624000e+01  0.000000e+00
     vertex  1.887291e+02 -7.622705e+01  0.000000e+00
     vertex  1.887291e+02 -7.622705e+01  1.510000e+00
   endloop
 endfacet
 facet normal -1.305262e-01  9.914449e-01  0.000000e+00
   outer loop
     vertex  1.955916e+02 -8.629548e+01  0.000000e+00
     vertex  1.951775e+02 -8.635000e+01  0.000000e+00
     vertex  1.951775e+02 -8.635000e+01  1.510000e+00
   endloop
 endfacet
 facet normal -1.305262e-01  9.914449e-01  0.000000e+00
   outer loop
     vertex  1.955916e+02 -8.629548e+01  0.000000e+00
     vertex  1.951775e+02 -8.635000e+01  1.510000e+00
     vertex  1.955916e+02 -8.629548e+01  1.510000e+00
   endloop
 endfacet
 facet normal -3.826834e-01  9.238795e-01  0.000000e+00
   outer loop
     vertex  1.959775e+02 -8.613564e+01  0.000000e+00
     vertex  1.955916e+02 -8.629548e+01  1.510000e+00
     vertex  1.959775e+02 -8.613564e+01  1.510000e+00
   endloop
 endfacet
 facet normal -3.826834e-01  9.238795e-01  0.000000e+00
   outer loop
     vertex  1.959775e+02 -8.613564e+01  0.000000e+00
     vertex  1.955916e+02 -8.629548e+01  0.000000e+00
     vertex  1.955916e+02 -8.629548e+01  1.510000e+00
   endloop
 endfacet
 facet normal -6.087614e-01  7.933533e-01  0.000000e+00
   outer loop
     vertex  1.963089e+02 -8.588137e+01  0.000000e+00
     vertex  1.959775e+02 -8.613564e+01  1.510000e+00
     vertex  1.963089e+02 -8.588137e+01  1.510000e+00
   endloop
 endfacet
 facet normal -6.087614e-01  7.933533e-01  0.000000e+00
   outer loop
     vertex  1.963089e+02 -8.588137e+01  0.000000e+00
     vertex  1.959775e+02 -8.613564e+01  0.000000e+00
     vertex  1.959775e+02 -8.613564e+01  1.510000e+00
   endloop
 endfacet
 facet normal -7.933533e-01  6.087614e-01  0.000000e+00
   outer loop
     vertex  1.965631e+02 -8.555000e+01  0.000000e+00
     vertex  1.963089e+02 -8.588137e+01  1.510000e+00
     vertex  1.965631e+02 -8.555000e+01  1.510000e+00
   endloop
 endfacet
 facet normal -7.933533e-01  6.087614e-01  0.000000e+00
   outer loop
     vertex  1.965631e+02 -8.555000e+01  0.000000e+00
     vertex  1.963089e+02 -8.588137e+01  0.000000e+00
     vertex  1.963089e+02 -8.588137e+01  1.510000e+00
   endloop
 endfacet
 facet normal -9.238795e-01  3.826834e-01  0.000000e+00
   outer loop
     vertex  1.967230e+02 -8.516411e+01  0.000000e+00
     vertex  1.965631e+02 -8.555000e+01  1.510000e+00
     vertex  1.967230e+02 -8.516411e+01  1.510000e+00
   endloop
 endfacet
 facet normal -9.238795e-01  3.826834e-01  0.000000e+00
   outer loop
     vertex  1.967230e+02 -8.516411e+01  0.000000e+00
     vertex  1.965631e+02 -8.555000e+01  0.000000e+00
     vertex  1.965631e+02 -8.555000e+01  1.510000e+00
   endloop
 endfacet
 facet normal -9.914449e-01  1.305262e-01  0.000000e+00
   outer loop
     vertex  1.967775e+02 -8.475000e+01  0.000000e+00
     vertex  1.967230e+02 -8.516411e+01  1.510000e+00
     vertex  1.967775e+02 -8.475000e+01  1.510000e+00
   endloop
 endfacet
 facet normal -9.914449e-01  1.305262e-01  0.000000e+00
   outer loop
     vertex  1.967775e+02 -8.475000e+01  0.000000e+00
     vertex  1.967230e+02 -8.516411e+01  0.000000e+00
     vertex  1.967230e+02 -8.516411e+01  1.510000e+00
   endloop
 endfacet
 facet normal -9.914449e-01 -1.305262e-01  0.000000e+00
   outer loop
     vertex  1.967230e+02 -8.433589e+01  0.000000e+00
     vertex  1.967775e+02 -8.475000e+01  1.510000e+00
     vertex  1.967230e+02 -8.433589e+01  1.510000e+00
   endloop
 endfacet
 facet normal -9.914449e-01 -1.305262e-01  0.000000e+00
   outer loop
     vertex  1.967230e+02 -8.433589e+01  0.000000e+00
     vertex  1.967775e+02 -8.475000e+01  0.000000e+00
     vertex  1.967775e+02 -8.475000e+01  1.510000e+00
   endloop
 endfacet
 facet normal -9.238795e-01 -3.826834e-01  0.000000e+00
   outer loop
     vertex  1.965631e+02 -8.395000e+01  0.000000e+00
     vertex  1.967230e+02 -8.433589e+01  1.510000e+00
     vertex  1.965631e+02 -8.395000e+01  1.510000e+00
   endloop
 endfacet
 facet normal -9.238795e-01 -3.826834e-01  0.000000e+00
   outer loop
     vertex  1.965631e+02 -8.395000e+01  0.000000e+00
     vertex  1.967230e+02 -8.433589e+01  0.000000e+00
     vertex  1.967230e+02 -8.433589e+01  1.510000e+00
   endloop
 endfacet
 facet normal -7.933533e-01 -6.087614e-01  0.000000e+00
   outer loop
     vertex  1.963089e+02 -8.361863e+01  0.000000e+00
     vertex  1.965631e+02 -8.395000e+01  1.510000e+00
     vertex  1.963089e+02 -8.361863e+01  1.510000e+00
   endloop
 endfacet
 facet normal -7.933533e-01 -6.087614e-01  0.000000e+00
   outer loop
     vertex  1.963089e+02 -8.361863e+01  0.000000e+00
     vertex  1.965631e+02 -8.395000e+01  0.000000e+00
     vertex  1.965631e+02 -8.395000e+01  1.510000e+00
   endloop
 endfacet
 facet normal -6.087614e-01 -7.933533e-01  0.000000e+00
   outer loop
     vertex  1.959775e+02 -8.336436e+01  0.000000e+00
     vertex  1.963089e+02 -8.361863e+01  1.510000e+00
     vertex  1.959775e+02 -8.336436e+01  1.510000e+00
   endloop
 endfacet
 facet normal -6.087614e-01 -7.933533e-01  0.000000e+00
   outer loop
     vertex  1.959775e+02 -8.336436e+01  0.000000e+00
     vertex  1.963089e+02 -8.361863e+01  0.000000e+00
     vertex  1.963089e+02 -8.361863e+01  1.510000e+00
   endloop
 endfacet
 facet normal -3.826834e-01 -9.238795e-01  0.000000e+00
   outer loop
     vertex  1.955916e+02 -8.320452e+01  0.000000e+00
     vertex  1.959775e+02 -8.336436e+01  1.510000e+00
     vertex  1.955916e+02 -8.320452e+01  1.510000e+00
   endloop
 endfacet
 facet normal -3.826834e-01 -9.238795e-01  0.000000e+00
   outer loop
     vertex  1.955916e+02 -8.320452e+01  0.000000e+00
     vertex  1.959775e+02 -8.336436e+01  0.000000e+00
     vertex  1.959775e+02 -8.336436e+01  1.510000e+00
   endloop
 endfacet
 facet normal -1.305262e-01 -9.914449e-01  0.000000e+00
   outer loop
     vertex  1.951775e+02 -8.315000e+01  0.000000e+00
     vertex  1.955916e+02 -8.320452e+01  1.510000e+00
     vertex  1.951775e+02 -8.315000e+01  1.510000e+00
   endloop
 endfacet
 facet normal -1.305262e-01 -9.914449e-01  0.000000e+00
   outer loop
     vertex  1.951775e+02 -8.315000e+01  0.000000e+00
     vertex  1.955916e+02 -8.320452e+01  0.000000e+00
     vertex  1.955916e+02 -8.320452e+01  1.510000e+00
   endloop
 endfacet
 facet normal  1.305262e-01 -9.914449e-01  0.000000e+00
   outer loop
     vertex  1.947634e+02 -8.320452e+01  0.000000e+00
     vertex  1.951775e+02 -8.315000e+01  1.510000e+00
     vertex  1.947634e+02 -8.320452e+01  1.510000e+00
   endloop
 endfacet
 facet normal  1.305262e-01 -9.914449e-01  0.000000e+00
   outer loop
     vertex  1.947634e+02 -8.320452e+01  0.000000e+00
     vertex  1.951775e+02 -8.315000e+01  0.000000e+00
     vertex  1.951775e+02 -8.315000e+01  1.510000e+00
   endloop
 endfacet
 facet normal  3.826834e-01 -9.238795e-01  0.000000e+00
   outer loop
     vertex  1.943775e+02 -8.336436e+01  0.000000e+00
     vertex  1.947634e+02 -8.320452e+01  0.000000e+00
     vertex  1.947634e+02 -8.320452e+01  1.510000e+00
   endloop
 endfacet
 facet normal  3.826834e-01 -9.238795e-01  0.000000e+00
   outer loop
     vertex  1.943775e+02 -8.336436e+01  0.000000e+00
     vertex  1.947634e+02 -8.320452e+01  1.510000e+00
     vertex  1.943775e+02 -8.336436e+01  1.510000e+00
   endloop
 endfacet
 facet normal  6.087614e-01 -7.933533e-01  0.000000e+00
   outer loop
     vertex  1.940461e+02 -8.361863e+01  0.000000e+00
     vertex  1.943775e+02 -8.336436e+01  0.000000e+00
     vertex  1.943775e+02 -8.336436e+01  1.510000e+00
   endloop
 endfacet
 facet normal  7.933533e-01 -6.087614e-01  0.000000e+00
   outer loop
     vertex  1.940461e+02 -8.361863e+01  0.000000e+00
     vertex  1.940461e+02 -8.361863e+01  1.510000e+00
     vertex  1.937919e+02 -8.395000e+01  1.510000e+00
   endloop
 endfacet
 facet normal  6.087614e-01 -7.933533e-01  0.000000e+00
   outer loop
     vertex  1.940461e+02 -8.361863e+01  0.000000e+00
     vertex  1.943775e+02 -8.336436e+01  1.510000e+00
     vertex  1.940461e+02 -8.361863e+01  1.510000e+00
   endloop
 endfacet
 facet normal  7.933533e-01 -6.087614e-01  0.000000e+00
   outer loop
     vertex  1.937919e+02 -8.395000e+01  0.000000e+00
     vertex  1.940461e+02 -8.361863e+01  0.000000e+00
     vertex  1.937919e+02 -8.395000e+01  1.510000e+00
   endloop
 endfacet
 facet normal  9.238795e-01 -3.826834e-01  0.000000e+00
   outer loop
     vertex  1.937919e+02 -8.395000e+01  0.000000e+00
     vertex  1.937919e+02 -8.395000e+01  1.510000e+00
     vertex  1.936320e+02 -8.433589e+01  1.510000e+00
   endloop
 endfacet
 facet normal  9.238795e-01 -3.826834e-01  0.000000e+00
   outer loop
     vertex  1.936320e+02 -8.433589e+01  0.000000e+00
     vertex  1.937919e+02 -8.395000e+01  0.000000e+00
     vertex  1.936320e+02 -8.433589e+01  1.510000e+00
   endloop
 endfacet
 facet normal  9.914449e-01 -1.305262e-01  0.000000e+00
   outer loop
     vertex  1.935775e+02 -8.475000e+01  0.000000e+00
     vertex  1.936320e+02 -8.433589e+01  0.000000e+00
     vertex  1.936320e+02 -8.433589e+01  1.510000e+00
   endloop
 endfacet
 facet normal  9.914449e-01 -1.305262e-01  0.000000e+00
   outer loop
     vertex  1.935775e+02 -8.475000e+01  0.000000e+00
     vertex  1.936320e+02 -8.433589e+01  1.510000e+00
     vertex  1.935775e+02 -8.475000e+01  1.510000e+00
   endloop
 endfacet
 facet normal  9.914449e-01  1.305262e-01 -0.000000e+00
   outer loop
     vertex  1.936320e+02 -8.516411e+01  0.000000e+00
     vertex  1.935775e+02 -8.475000e+01  1.510000e+00
     vertex  1.936320e+02 -8.516411e+01  1.510000e+00
   endloop
 endfacet
 facet normal  9.914449e-01  1.305262e-01  0.000000e+00
   outer loop
     vertex  1.936320e+02 -8.516411e+01  0.000000e+00
     vertex  1.935775e+02 -8.475000e+01  0.000000e+00
     vertex  1.935775e+02 -8.475000e+01  1.510000e+00
   endloop
 endfacet
 facet normal  9.238795e-01  3.826834e-01 -0.000000e+00
   outer loop
     vertex  1.937919e+02 -8.555000e+01  0.000000e+00
     vertex  1.936320e+02 -8.516411e+01  1.510000e+00
     vertex  1.937919e+02 -8.555000e+01  1.510000e+00
   endloop
 endfacet
 facet normal  9.238795e-01  3.826834e-01  0.000000e+00
   outer loop
     vertex  1.937919e+02 -8.555000e+01  0.000000e+00
     vertex  1.936320e+02 -8.516411e+01  0.000000e+00
     vertex  1.936320e+02 -8.516411e+01  1.510000e+00
   endloop
 endfacet
 facet normal  6.087614e-01  7.933533e-01 -0.000000e+00
   outer loop
     vertex  1.940461e+02 -8.588137e+01  0.000000e+00
     vertex  1.940461e+02 -8.588137e+01  1.510000e+00
     vertex  1.943775e+02 -8.613564e+01  1.510000e+00
   endloop
 endfacet
 facet normal  7.933533e-01  6.087614e-01 -0.000000e+00
   outer loop
     vertex  1.940461e+02 -8.588137e+01  0.000000e+00
     vertex  1.937919e+02 -8.555000e+01  1.510000e+00
     vertex  1.940461e+02 -8.588137e+01  1.510000e+00
   endloop
 endfacet
 facet normal  7.933533e-01  6.087614e-01  0.000000e+00
   outer loop
     vertex  1.940461e+02 -8.588137e+01  0.000000e+00
     vertex  1.937919e+02 -8.555000e+01  0.000000e+00
     vertex  1.937919e+02 -8.555000e+01  1.510000e+00
   endloop
 endfacet
 facet normal  6.087614e-01  7.933533e-01 -0.000000e+00
   outer loop
     vertex  1.943775e+02 -8.613564e+01  0.000000e+00
     vertex  1.940461e+02 -8.588137e+01  0.000000e+00
     vertex  1.943775e+02 -8.613564e+01  1.510000e+00
   endloop
 endfacet
 facet normal  3.826834e-01  9.238795e-01 -0.000000e+00
   outer loop
     vertex  1.947634e+02 -8.629548e+01  0.000000e+00
     vertex  1.943775e+02 -8.613564e+01  1.510000e+00
     vertex  1.947634e+02 -8.629548e+01  1.510000e+00
   endloop
 endfacet
 facet normal  3.826834e-01  9.238795e-01  0.000000e+00
   outer loop
     vertex  1.947634e+02 -8.629548e+01  0.000000e+00
     vertex  1.943775e+02 -8.613564e+01  0.000000e+00
     vertex  1.943775e+02 -8.613564e+01  1.510000e+00
   endloop
 endfacet
 facet normal  1.305262e-01  9.914449e-01 -0.000000e+00
   outer loop
     vertex  1.951775e+02 -8.635000e+01  0.000000e+00
     vertex  1.947634e+02 -8.629548e+01  1.510000e+00
     vertex  1.951775e+02 -8.635000e+01  1.510000e+00
   endloop
 endfacet
 facet normal  1.305262e-01  9.914449e-01  0.000000e+00
   outer loop
     vertex  1.951775e+02 -8.635000e+01  0.000000e+00
     vertex  1.947634e+02 -8.629548e+01  0.000000e+00
     vertex  1.947634e+02 -8.629548e+01  1.510000e+00
   endloop
 endfacet
 facet normal -1.305262e-01  9.914449e-01  0.000000e+00
   outer loop
     vertex  1.901959e+02 -7.876705e+01  0.000000e+00
     vertex  1.900975e+02 -7.878000e+01  0.000000e+00
     vertex  1.900975e+02 -7.878000e+01  1.510000e+00
   endloop
 endfacet
 facet normal -1.305262e-01  9.914449e-01  0.000000e+00
   outer loop
     vertex  1.901959e+02 -7.876705e+01  0.000000e+00
     vertex  1.900975e+02 -7.878000e+01  1.510000e+00
     vertex  1.901959e+02 -7.876705e+01  1.510000e+00
   endloop
 endfacet
 facet normal -3.826834e-01  9.238795e-01  0.000000e+00
   outer loop
     vertex  1.902875e+02 -7.872909e+01  0.000000e+00
     vertex  1.901959e+02 -7.876705e+01  1.510000e+00
     vertex  1.902875e+02 -7.872909e+01  1.510000e+00
   endloop
 endfacet
 facet normal -3.826834e-01  9.238795e-01  0.000000e+00
   outer loop
     vertex  1.902875e+02 -7.872909e+01  0.000000e+00
     vertex  1.901959e+02 -7.876705e+01  0.000000e+00
     vertex  1.901959e+02 -7.876705e+01  1.510000e+00
   endloop
 endfacet
 facet normal -6.087614e-01  7.933533e-01  0.000000e+00
   outer loop
     vertex  1.903662e+02 -7.866870e+01  0.000000e+00
     vertex  1.902875e+02 -7.872909e+01  1.510000e+00
     vertex  1.903662e+02 -7.866870e+01  1.510000e+00
   endloop
 endfacet
 facet normal -6.087614e-01  7.933533e-01  0.000000e+00
   outer loop
     vertex  1.903662e+02 -7.866870e+01  0.000000e+00
     vertex  1.902875e+02 -7.872909e+01  0.000000e+00
     vertex  1.902875e+02 -7.872909e+01  1.510000e+00
   endloop
 endfacet
 facet normal -7.933533e-01  6.087614e-01  0.000000e+00
   outer loop
     vertex  1.904266e+02 -7.859000e+01  0.000000e+00
     vertex  1.903662e+02 -7.866870e+01  1.510000e+00
     vertex  1.904266e+02 -7.859000e+01  1.510000e+00
   endloop
 endfacet
 facet normal -7.933533e-01  6.087614e-01  0.000000e+00
   outer loop
     vertex  1.904266e+02 -7.859000e+01  0.000000e+00
     vertex  1.903662e+02 -7.866870e+01  0.000000e+00
     vertex  1.903662e+02 -7.866870e+01  1.510000e+00
   endloop
 endfacet
 facet normal -9.238795e-01  3.826834e-01  0.000000e+00
   outer loop
     vertex  1.904646e+02 -7.849835e+01  0.000000e+00
     vertex  1.904266e+02 -7.859000e+01  1.510000e+00
     vertex  1.904646e+02 -7.849835e+01  1.510000e+00
   endloop
 endfacet
 facet normal -9.238795e-01  3.826834e-01  0.000000e+00
   outer loop
     vertex  1.904646e+02 -7.849835e+01  0.000000e+00
     vertex  1.904266e+02 -7.859000e+01  0.000000e+00
     vertex  1.904266e+02 -7.859000e+01  1.510000e+00
   endloop
 endfacet
 facet normal -9.914449e-01  1.305262e-01  0.000000e+00
   outer loop
     vertex  1.904775e+02 -7.840000e+01  0.000000e+00
     vertex  1.904646e+02 -7.849835e+01  1.510000e+00
     vertex  1.904775e+02 -7.840000e+01  1.510000e+00
   endloop
 endfacet
 facet normal -9.914449e-01  1.305262e-01  0.000000e+00
   outer loop
     vertex  1.904775e+02 -7.840000e+01  0.000000e+00
     vertex  1.904646e+02 -7.849835e+01  0.000000e+00
     vertex  1.904646e+02 -7.849835e+01  1.510000e+00
   endloop
 endfacet
 facet normal -9.914449e-01 -1.305262e-01  0.000000e+00
   outer loop
     vertex  1.904646e+02 -7.830165e+01  0.000000e+00
     vertex  1.904775e+02 -7.840000e+01  1.510000e+00
     vertex  1.904646e+02 -7.830165e+01  1.510000e+00
   endloop
 endfacet
 facet normal -9.914449e-01 -1.305262e-01  0.000000e+00
   outer loop
     vertex  1.904646e+02 -7.830165e+01  0.000000e+00
     vertex  1.904775e+02 -7.840000e+01  0.000000e+00
     vertex  1.904775e+02 -7.840000e+01  1.510000e+00
   endloop
 endfacet
 facet normal -9.238795e-01 -3.826834e-01  0.000000e+00
   outer loop
     vertex  1.904266e+02 -7.821000e+01  0.000000e+00
     vertex  1.904646e+02 -7.830165e+01  1.510000e+00
     vertex  1.904266e+02 -7.821000e+01  1.510000e+00
   endloop
 endfacet
 facet normal -9.238795e-01 -3.826834e-01  0.000000e+00
   outer loop
     vertex  1.904266e+02 -7.821000e+01  0.000000e+00
     vertex  1.904646e+02 -7.830165e+01  0.000000e+00
     vertex  1.904646e+02 -7.830165e+01  1.510000e+00
   endloop
 endfacet
 facet normal -7.933533e-01 -6.087614e-01  0.000000e+00
   outer loop
     vertex  1.903662e+02 -7.813130e+01  0.000000e+00
     vertex  1.904266e+02 -7.821000e+01  1.510000e+00
     vertex  1.903662e+02 -7.813130e+01  1.510000e+00
   endloop
 endfacet
 facet normal -7.933533e-01 -6.087614e-01  0.000000e+00
   outer loop
     vertex  1.903662e+02 -7.813130e+01  0.000000e+00
     vertex  1.904266e+02 -7.821000e+01  0.000000e+00
     vertex  1.904266e+02 -7.821000e+01  1.510000e+00
   endloop
 endfacet
 facet normal -6.087614e-01 -7.933533e-01  0.000000e+00
   outer loop
     vertex  1.902875e+02 -7.807091e+01  0.000000e+00
     vertex  1.903662e+02 -7.813130e+01  1.510000e+00
     vertex  1.902875e+02 -7.807091e+01  1.510000e+00
   endloop
 endfacet
 facet normal -6.087614e-01 -7.933533e-01  0.000000e+00
   outer loop
     vertex  1.902875e+02 -7.807091e+01  0.000000e+00
     vertex  1.903662e+02 -7.813130e+01  0.000000e+00
     vertex  1.903662e+02 -7.813130e+01  1.510000e+00
   endloop
 endfacet
 facet normal -3.826834e-01 -9.238795e-01  0.000000e+00
   outer loop
     vertex  1.901959e+02 -7.803295e+01  0.000000e+00
     vertex  1.902875e+02 -7.807091e+01  1.510000e+00
     vertex  1.901959e+02 -7.803295e+01  1.510000e+00
   endloop
 endfacet
 facet normal -3.826834e-01 -9.238795e-01  0.000000e+00
   outer loop
     vertex  1.901959e+02 -7.803295e+01  0.000000e+00
     vertex  1.902875e+02 -7.807091e+01  0.000000e+00
     vertex  1.902875e+02 -7.807091e+01  1.510000e+00
   endloop
 endfacet
 facet normal -1.305262e-01 -9.914449e-01  0.000000e+00
   outer loop
     vertex  1.900975e+02 -7.802000e+01  0.000000e+00
     vertex  1.901959e+02 -7.803295e+01  1.510000e+00
     vertex  1.900975e+02 -7.802000e+01  1.510000e+00
   endloop
 endfacet
 facet normal -1.305262e-01 -9.914449e-01  0.000000e+00
   outer loop
     vertex  1.900975e+02 -7.802000e+01  0.000000e+00
     vertex  1.901959e+02 -7.803295e+01  0.000000e+00
     vertex  1.901959e+02 -7.803295e+01  1.510000e+00
   endloop
 endfacet
 facet normal  1.305262e-01 -9.914449e-01  0.000000e+00
   outer loop
     vertex  1.899991e+02 -7.803295e+01  0.000000e+00
     vertex  1.900975e+02 -7.802000e+01  1.510000e+00
     vertex  1.899991e+02 -7.803295e+01  1.510000e+00
   endloop
 endfacet
 facet normal  1.305262e-01 -9.914449e-01  0.000000e+00
   outer loop
     vertex  1.899991e+02 -7.803295e+01  0.000000e+00
     vertex  1.900975e+02 -7.802000e+01  0.000000e+00
     vertex  1.900975e+02 -7.802000e+01  1.510000e+00
   endloop
 endfacet
 facet normal  3.826834e-01 -9.238795e-01  0.000000e+00
   outer loop
     vertex  1.899075e+02 -7.807091e+01  0.000000e+00
     vertex  1.899991e+02 -7.803295e+01  0.000000e+00
     vertex  1.899991e+02 -7.803295e+01  1.510000e+00
   endloop
 endfacet
 facet normal  3.826834e-01 -9.238795e-01  0.000000e+00
   outer loop
     vertex  1.899075e+02 -7.807091e+01  0.000000e+00
     vertex  1.899991e+02 -7.803295e+01  1.510000e+00
     vertex  1.899075e+02 -7.807091e+01  1.510000e+00
   endloop
 endfacet
 facet normal  6.087614e-01 -7.933533e-01  0.000000e+00
   outer loop
     vertex  1.898288e+02 -7.813130e+01  0.000000e+00
     vertex  1.899075e+02 -7.807091e+01  0.000000e+00
     vertex  1.899075e+02 -7.807091e+01  1.510000e+00
   endloop
 endfacet
 facet normal  7.933533e-01 -6.087614e-01  0.000000e+00
   outer loop
     vertex  1.898288e+02 -7.813130e+01  0.000000e+00
     vertex  1.898288e+02 -7.813130e+01  1.510000e+00
     vertex  1.897684e+02 -7.821000e+01  1.510000e+00
   endloop
 endfacet
 facet normal  6.087614e-01 -7.933533e-01  0.000000e+00
   outer loop
     vertex  1.898288e+02 -7.813130e+01  0.000000e+00
     vertex  1.899075e+02 -7.807091e+01  1.510000e+00
     vertex  1.898288e+02 -7.813130e+01  1.510000e+00
   endloop
 endfacet
 facet normal  7.933533e-01 -6.087614e-01  0.000000e+00
   outer loop
     vertex  1.897684e+02 -7.821000e+01  0.000000e+00
     vertex  1.898288e+02 -7.813130e+01  0.000000e+00
     vertex  1.897684e+02 -7.821000e+01  1.510000e+00
   endloop
 endfacet
 facet normal  9.238795e-01 -3.826834e-01  0.000000e+00
   outer loop
     vertex  1.897684e+02 -7.821000e+01  0.000000e+00
     vertex  1.897684e+02 -7.821000e+01  1.510000e+00
     vertex  1.897304e+02 -7.830165e+01  1.510000e+00
   endloop
 endfacet
 facet normal  9.238795e-01 -3.826834e-01  0.000000e+00
   outer loop
     vertex  1.897304e+02 -7.830165e+01  0.000000e+00
     vertex  1.897684e+02 -7.821000e+01  0.000000e+00
     vertex  1.897304e+02 -7.830165e+01  1.510000e+00
   endloop
 endfacet
 facet normal  9.914449e-01 -1.305262e-01  0.000000e+00
   outer loop
     vertex  1.897175e+02 -7.840000e+01  0.000000e+00
     vertex  1.897304e+02 -7.830165e+01  0.000000e+00
     vertex  1.897304e+02 -7.830165e+01  1.510000e+00
   endloop
 endfacet
 facet normal  9.914449e-01 -1.305262e-01  0.000000e+00
   outer loop
     vertex  1.897175e+02 -7.840000e+01  0.000000e+00
     vertex  1.897304e+02 -7.830165e+01  1.510000e+00
     vertex  1.897175e+02 -7.840000e+01  1.510000e+00
   endloop
 endfacet
 facet normal  9.914449e-01  1.305262e-01 -0.000000e+00
   outer loop
     vertex  1.897304e+02 -7.849835e+01  0.000000e+00
     vertex  1.897175e+02 -7.840000e+01  1.510000e+00
     vertex  1.897304e+02 -7.849835e+01  1.510000e+00
   endloop
 endfacet
 facet normal  9.914449e-01  1.305262e-01  0.000000e+00
   outer loop
     vertex  1.897304e+02 -7.849835e+01  0.000000e+00
     vertex  1.897175e+02 -7.840000e+01  0.000000e+00
     vertex  1.897175e+02 -7.840000e+01  1.510000e+00
   endloop
 endfacet
 facet normal  9.238795e-01  3.826834e-01 -0.000000e+00
   outer loop
     vertex  1.897684e+02 -7.859000e+01  0.000000e+00
     vertex  1.897304e+02 -7.849835e+01  1.510000e+00
     vertex  1.897684e+02 -7.859000e+01  1.510000e+00
   endloop
 endfacet
 facet normal  9.238795e-01  3.826834e-01  0.000000e+00
   outer loop
     vertex  1.897684e+02 -7.859000e+01  0.000000e+00
     vertex  1.897304e+02 -7.849835e+01  0.000000e+00
     vertex  1.897304e+02 -7.849835e+01  1.510000e+00
   endloop
 endfacet
 facet normal  6.087614e-01  7.933533e-01 -0.000000e+00
   outer loop
     vertex  1.898288e+02 -7.866870e+01  0.000000e+00
     vertex  1.898288e+02 -7.866870e+01  1.510000e+00
     vertex  1.899075e+02 -7.872909e+01  1.510000e+00
   endloop
 endfacet
 facet normal  7.933533e-01  6.087614e-01 -0.000000e+00
   outer loop
     vertex  1.898288e+02 -7.866870e+01  0.000000e+00
     vertex  1.897684e+02 -7.859000e+01  1.510000e+00
     vertex  1.898288e+02 -7.866870e+01  1.510000e+00
   endloop
 endfacet
 facet normal  7.933533e-01  6.087614e-01  0.000000e+00
   outer loop
     vertex  1.898288e+02 -7.866870e+01  0.000000e+00
     vertex  1.897684e+02 -7.859000e+01  0.000000e+00
     vertex  1.897684e+02 -7.859000e+01  1.510000e+00
   endloop
 endfacet
 facet normal  6.087614e-01  7.933533e-01 -0.000000e+00
   outer loop
     vertex  1.899075e+02 -7.872909e+01  0.000000e+00
     vertex  1.898288e+02 -7.866870e+01  0.000000e+00
     vertex  1.899075e+02 -7.872909e+01  1.510000e+00
   endloop
 endfacet
 facet normal  3.826834e-01  9.238795e-01 -0.000000e+00
   outer loop
     vertex  1.899991e+02 -7.876705e+01  0.000000e+00
     vertex  1.899075e+02 -7.872909e+01  1.510000e+00
     vertex  1.899991e+02 -7.876705e+01  1.510000e+00
   endloop
 endfacet
 facet normal  3.826834e-01  9.238795e-01  0.000000e+00
   outer loop
     vertex  1.899991e+02 -7.876705e+01  0.000000e+00
     vertex  1.899075e+02 -7.872909e+01  0.000000e+00
     vertex  1.899075e+02 -7.872909e+01  1.510000e+00
   endloop
 endfacet
 facet normal  1.305262e-01  9.914449e-01 -0.000000e+00
   outer loop
     vertex  1.900975e+02 -7.878000e+01  0.000000e+00
     vertex  1.899991e+02 -7.876705e+01  1.510000e+00
     vertex  1.900975e+02 -7.878000e+01  1.510000e+00
   endloop
 endfacet
 facet normal  1.305262e-01  9.914449e-01  0.000000e+00
   outer loop
     vertex  1.900975e+02 -7.878000e+01  0.000000e+00
     vertex  1.899991e+02 -7.876705e+01  0.000000e+00
     vertex  1.899991e+02 -7.876705e+01  1.510000e+00
   endloop
 endfacet
 facet normal -1.305262e-01  9.914449e-01  0.000000e+00
   outer loop
     vertex  1.927359e+02 -7.876705e+01  0.000000e+00
     vertex  1.926375e+02 -7.878000e+01  0.000000e+00
     vertex  1.926375e+02 -7.878000e+01  1.510000e+00
   endloop
 endfacet
 facet normal -1.305262e-01  9.914449e-01  0.000000e+00
   outer loop
     vertex  1.927359e+02 -7.876705e+01  0.000000e+00
     vertex  1.926375e+02 -7.878000e+01  1.510000e+00
     vertex  1.927359e+02 -7.876705e+01  1.510000e+00
   endloop
 endfacet
 facet normal -3.826834e-01  9.238795e-01  0.000000e+00
   outer loop
     vertex  1.928275e+02 -7.872909e+01  0.000000e+00
     vertex  1.927359e+02 -7.876705e+01  1.510000e+00
     vertex  1.928275e+02 -7.872909e+01  1.510000e+00
   endloop
 endfacet
 facet normal -3.826834e-01  9.238795e-01  0.000000e+00
   outer loop
     vertex  1.928275e+02 -7.872909e+01  0.000000e+00
     vertex  1.927359e+02 -7.876705e+01  0.000000e+00
     vertex  1.927359e+02 -7.876705e+01  1.510000e+00
   endloop
 endfacet
 facet normal -6.087614e-01  7.933533e-01  0.000000e+00
   outer loop
     vertex  1.929062e+02 -7.866870e+01  0.000000e+00
     vertex  1.928275e+02 -7.872909e+01  1.510000e+00
     vertex  1.929062e+02 -7.866870e+01  1.510000e+00
   endloop
 endfacet
 facet normal -6.087614e-01  7.933533e-01  0.000000e+00
   outer loop
     vertex  1.929062e+02 -7.866870e+01  0.000000e+00
     vertex  1.928275e+02 -7.872909e+01  0.000000e+00
     vertex  1.928275e+02 -7.872909e+01  1.510000e+00
   endloop
 endfacet
 facet normal -7.933533e-01  6.087614e-01  0.000000e+00
   outer loop
     vertex  1.929666e+02 -7.859000e+01  0.000000e+00
     vertex  1.929062e+02 -7.866870e+01  1.510000e+00
     vertex  1.929666e+02 -7.859000e+01  1.510000e+00
   endloop
 endfacet
 facet normal -7.933533e-01  6.087614e-01  0.000000e+00
   outer loop
     vertex  1.929666e+02 -7.859000e+01  0.000000e+00
     vertex  1.929062e+02 -7.866870e+01  0.000000e+00
     vertex  1.929062e+02 -7.866870e+01  1.510000e+00
   endloop
 endfacet
 facet normal -9.238795e-01  3.826834e-01  0.000000e+00
   outer loop
     vertex  1.930046e+02 -7.849835e+01  0.000000e+00
     vertex  1.929666e+02 -7.859000e+01  1.510000e+00
     vertex  1.930046e+02 -7.849835e+01  1.510000e+00
   endloop
 endfacet
 facet normal -9.238795e-01  3.826834e-01  0.000000e+00
   outer loop
     vertex  1.930046e+02 -7.849835e+01  0.000000e+00
     vertex  1.929666e+02 -7.859000e+01  0.000000e+00
     vertex  1.929666e+02 -7.859000e+01  1.510000e+00
   endloop
 endfacet
 facet normal -9.914449e-01  1.305262e-01  0.000000e+00
   outer loop
     vertex  1.930175e+02 -7.840000e+01  0.000000e+00
     vertex  1.930046e+02 -7.849835e+01  1.510000e+00
     vertex  1.930175e+02 -7.840000e+01  1.510000e+00
   endloop
 endfacet
 facet normal -9.914449e-01  1.305262e-01  0.000000e+00
   outer loop
     vertex  1.930175e+02 -7.840000e+01  0.000000e+00
     vertex  1.930046e+02 -7.849835e+01  0.000000e+00
     vertex  1.930046e+02 -7.849835e+01  1.510000e+00
   endloop
 endfacet
 facet normal -9.914449e-01 -1.305262e-01  0.000000e+00
   outer loop
     vertex  1.930046e+02 -7.830165e+01  0.000000e+00
     vertex  1.930175e+02 -7.840000e+01  1.510000e+00
     vertex  1.930046e+02 -7.830165e+01  1.510000e+00
   endloop
 endfacet
 facet normal -9.914449e-01 -1.305262e-01  0.000000e+00
   outer loop
     vertex  1.930046e+02 -7.830165e+01  0.000000e+00
     vertex  1.930175e+02 -7.840000e+01  0.000000e+00
     vertex  1.930175e+02 -7.840000e+01  1.510000e+00
   endloop
 endfacet
 facet normal -9.238795e-01 -3.826834e-01  0.000000e+00
   outer loop
     vertex  1.929666e+02 -7.821000e+01  0.000000e+00
     vertex  1.930046e+02 -7.830165e+01  1.510000e+00
     vertex  1.929666e+02 -7.821000e+01  1.510000e+00
   endloop
 endfacet
 facet normal -9.238795e-01 -3.826834e-01  0.000000e+00
   outer loop
     vertex  1.929666e+02 -7.821000e+01  0.000000e+00
     vertex  1.930046e+02 -7.830165e+01  0.000000e+00
     vertex  1.930046e+02 -7.830165e+01  1.510000e+00
   endloop
 endfacet
 facet normal -7.933533e-01 -6.087614e-01  0.000000e+00
   outer loop
     vertex  1.929062e+02 -7.813130e+01  0.000000e+00
     vertex  1.929666e+02 -7.821000e+01  1.510000e+00
     vertex  1.929062e+02 -7.813130e+01  1.510000e+00
   endloop
 endfacet
 facet normal -7.933533e-01 -6.087614e-01  0.000000e+00
   outer loop
     vertex  1.929062e+02 -7.813130e+01  0.000000e+00
     vertex  1.929666e+02 -7.821000e+01  0.000000e+00
     vertex  1.929666e+02 -7.821000e+01  1.510000e+00
   endloop
 endfacet
 facet normal -6.087614e-01 -7.933533e-01  0.000000e+00
   outer loop
     vertex  1.928275e+02 -7.807091e+01  0.000000e+00
     vertex  1.929062e+02 -7.813130e+01  1.510000e+00
     vertex  1.928275e+02 -7.807091e+01  1.510000e+00
   endloop
 endfacet
 facet normal -6.087614e-01 -7.933533e-01  0.000000e+00
   outer loop
     vertex  1.928275e+02 -7.807091e+01  0.000000e+00
     vertex  1.929062e+02 -7.813130e+01  0.000000e+00
     vertex  1.929062e+02 -7.813130e+01  1.510000e+00
   endloop
 endfacet
 facet normal -3.826834e-01 -9.238795e-01  0.000000e+00
   outer loop
     vertex  1.927359e+02 -7.803295e+01  0.000000e+00
     vertex  1.928275e+02 -7.807091e+01  1.510000e+00
     vertex  1.927359e+02 -7.803295e+01  1.510000e+00
   endloop
 endfacet
 facet normal -3.826834e-01 -9.238795e-01  0.000000e+00
   outer loop
     vertex  1.927359e+02 -7.803295e+01  0.000000e+00
     vertex  1.928275e+02 -7.807091e+01  0.000000e+00
     vertex  1.928275e+02 -7.807091e+01  1.510000e+00
   endloop
 endfacet
 facet normal -1.305262e-01 -9.914449e-01  0.000000e+00
   outer loop
     vertex  1.926375e+02 -7.802000e+01  0.000000e+00
     vertex  1.927359e+02 -7.803295e+01  1.510000e+00
     vertex  1.926375e+02 -7.802000e+01  1.510000e+00
   endloop
 endfacet
 facet normal -1.305262e-01 -9.914449e-01  0.000000e+00
   outer loop
     vertex  1.926375e+02 -7.802000e+01  0.000000e+00
     vertex  1.927359e+02 -7.803295e+01  0.000000e+00
     vertex  1.927359e+02 -7.803295e+01  1.510000e+00
   endloop
 endfacet
 facet normal  1.305262e-01 -9.914449e-01  0.000000e+00
   outer loop
     vertex  1.925391e+02 -7.803295e+01  0.000000e+00
     vertex  1.926375e+02 -7.802000e+01  1.510000e+00
     vertex  1.925391e+02 -7.803295e+01  1.510000e+00
   endloop
 endfacet
 facet normal  1.305262e-01 -9.914449e-01  0.000000e+00
   outer loop
     vertex  1.925391e+02 -7.803295e+01  0.000000e+00
     vertex  1.926375e+02 -7.802000e+01  0.000000e+00
     vertex  1.926375e+02 -7.802000e+01  1.510000e+00
   endloop
 endfacet
 facet normal  3.826834e-01 -9.238795e-01  0.000000e+00
   outer loop
     vertex  1.924475e+02 -7.807091e+01  0.000000e+00
     vertex  1.925391e+02 -7.803295e+01  0.000000e+00
     vertex  1.925391e+02 -7.803295e+01  1.510000e+00
   endloop
 endfacet
 facet normal  3.826834e-01 -9.238795e-01  0.000000e+00
   outer loop
     vertex  1.924475e+02 -7.807091e+01  0.000000e+00
     vertex  1.925391e+02 -7.803295e+01  1.510000e+00
     vertex  1.924475e+02 -7.807091e+01  1.510000e+00
   endloop
 endfacet
 facet normal  6.087614e-01 -7.933533e-01  0.000000e+00
   outer loop
     vertex  1.923688e+02 -7.813130e+01  0.000000e+00
     vertex  1.924475e+02 -7.807091e+01  0.000000e+00
     vertex  1.924475e+02 -7.807091e+01  1.510000e+00
   endloop
 endfacet
 facet normal  7.933533e-01 -6.087614e-01  0.000000e+00
   outer loop
     vertex  1.923688e+02 -7.813130e+01  0.000000e+00
     vertex  1.923688e+02 -7.813130e+01  1.510000e+00
     vertex  1.923084e+02 -7.821000e+01  1.510000e+00
   endloop
 endfacet
 facet normal  6.087614e-01 -7.933533e-01  0.000000e+00
   outer loop
     vertex  1.923688e+02 -7.813130e+01  0.000000e+00
     vertex  1.924475e+02 -7.807091e+01  1.510000e+00
     vertex  1.923688e+02 -7.813130e+01  1.510000e+00
   endloop
 endfacet
 facet normal  7.933533e-01 -6.087614e-01  0.000000e+00
   outer loop
     vertex  1.923084e+02 -7.821000e+01  0.000000e+00
     vertex  1.923688e+02 -7.813130e+01  0.000000e+00
     vertex  1.923084e+02 -7.821000e+01  1.510000e+00
   endloop
 endfacet
 facet normal  9.238795e-01 -3.826834e-01  0.000000e+00
   outer loop
     vertex  1.923084e+02 -7.821000e+01  0.000000e+00
     vertex  1.923084e+02 -7.821000e+01  1.510000e+00
     vertex  1.922704e+02 -7.830165e+01  1.510000e+00
   endloop
 endfacet
 facet normal  9.238795e-01 -3.826834e-01  0.000000e+00
   outer loop
     vertex  1.922704e+02 -7.830165e+01  0.000000e+00
     vertex  1.923084e+02 -7.821000e+01  0.000000e+00
     vertex  1.922704e+02 -7.830165e+01  1.510000e+00
   endloop
 endfacet
 facet normal  9.914449e-01 -1.305262e-01  0.000000e+00
   outer loop
     vertex  1.922575e+02 -7.840000e+01  0.000000e+00
     vertex  1.922704e+02 -7.830165e+01  0.000000e+00
     vertex  1.922704e+02 -7.830165e+01  1.510000e+00
   endloop
 endfacet
 facet normal  9.914449e-01 -1.305262e-01  0.000000e+00
   outer loop
     vertex  1.922575e+02 -7.840000e+01  0.000000e+00
     vertex  1.922704e+02 -7.830165e+01  1.510000e+00
     vertex  1.922575e+02 -7.840000e+01  1.510000e+00
   endloop
 endfacet
 facet normal  9.914449e-01  1.305262e-01 -0.000000e+00
   outer loop
     vertex  1.922704e+02 -7.849835e+01  0.000000e+00
     vertex  1.922575e+02 -7.840000e+01  1.510000e+00
     vertex  1.922704e+02 -7.849835e+01  1.510000e+00
   endloop
 endfacet
 facet normal  9.914449e-01  1.305262e-01  0.000000e+00
   outer loop
     vertex  1.922704e+02 -7.849835e+01  0.000000e+00
     vertex  1.922575e+02 -7.840000e+01  0.000000e+00
     vertex  1.922575e+02 -7.840000e+01  1.510000e+00
   endloop
 endfacet
 facet normal  9.238795e-01  3.826834e-01 -0.000000e+00
   outer loop
     vertex  1.923084e+02 -7.859000e+01  0.000000e+00
     vertex  1.922704e+02 -7.849835e+01  1.510000e+00
     vertex  1.923084e+02 -7.859000e+01  1.510000e+00
   endloop
 endfacet
 facet normal  9.238795e-01  3.826834e-01  0.000000e+00
   outer loop
     vertex  1.923084e+02 -7.859000e+01  0.000000e+00
     vertex  1.922704e+02 -7.849835e+01  0.000000e+00
     vertex  1.922704e+02 -7.849835e+01  1.510000e+00
   endloop
 endfacet
 facet normal  6.087614e-01  7.933533e-01 -0.000000e+00
   outer loop
     vertex  1.923688e+02 -7.866870e+01  0.000000e+00
     vertex  1.923688e+02 -7.866870e+01  1.510000e+00
     vertex  1.924475e+02 -7.872909e+01  1.510000e+00
   endloop
 endfacet
 facet normal  7.933533e-01  6.087614e-01 -0.000000e+00
   outer loop
     vertex  1.923688e+02 -7.866870e+01  0.000000e+00
     vertex  1.923084e+02 -7.859000e+01  1.510000e+00
     vertex  1.923688e+02 -7.866870e+01  1.510000e+00
   endloop
 endfacet
 facet normal  7.933533e-01  6.087614e-01  0.000000e+00
   outer loop
     vertex  1.923688e+02 -7.866870e+01  0.000000e+00
     vertex  1.923084e+02 -7.859000e+01  0.000000e+00
     vertex  1.923084e+02 -7.859000e+01  1.510000e+00
   endloop
 endfacet
 facet normal  6.087614e-01  7.933533e-01 -0.000000e+00
   outer loop
     vertex  1.924475e+02 -7.872909e+01  0.000000e+00
     vertex  1.923688e+02 -7.866870e+01  0.000000e+00
     vertex  1.924475e+02 -7.872909e+01  1.510000e+00
   endloop
 endfacet
 facet normal  3.826834e-01  9.238795e-01 -0.000000e+00
   outer loop
     vertex  1.925391e+02 -7.876705e+01  0.000000e+00
     vertex  1.924475e+02 -7.872909e+01  1.510000e+00
     vertex  1.925391e+02 -7.876705e+01  1.510000e+00
   endloop
 endfacet
 facet normal  3.826834e-01  9.238795e-01  0.000000e+00
   outer loop
     vertex  1.925391e+02 -7.876705e+01  0.000000e+00
     vertex  1.924475e+02 -7.872909e+01  0.000000e+00
     vertex  1.924475e+02 -7.872909e+01  1.510000e+00
   endloop
 endfacet
 facet normal  1.305262e-01  9.914449e-01 -0.000000e+00
   outer loop
     vertex  1.926375e+02 -7.878000e+01  0.000000e+00
     vertex  1.925391e+02 -7.876705e+01  1.510000e+00
     vertex  1.926375e+02 -7.878000e+01  1.510000e+00
   endloop
 endfacet
 facet normal  1.305262e-01  9.914449e-01  0.000000e+00
   outer loop
     vertex  1.926375e+02 -7.878000e+01  0.000000e+00
     vertex  1.925391e+02 -7.876705e+01  0.000000e+00
     vertex  1.925391e+02 -7.876705e+01  1.510000e+00
   endloop
 endfacet
 facet normal -9.926801e-01 -1.207734e-01  0.000000e+00
   outer loop
     vertex  2.076533e+02 -8.409636e+01  0.000000e+00
     vertex  2.077000e+02 -8.448000e+01  0.000000e+00
     vertex  2.077000e+02 -8.448000e+01  1.510000e+00
   endloop
 endfacet
 facet normal -9.926801e-01 -1.207734e-01  0.000000e+00
   outer loop
     vertex  2.076533e+02 -8.409636e+01  0.000000e+00
     vertex  2.077000e+02 -8.448000e+01  1.510000e+00
     vertex  2.076533e+02 -8.409636e+01  1.510000e+00
   endloop
 endfacet
 facet normal -9.347623e-01 -3.552737e-01  0.000000e+00
   outer loop
     vertex  2.075160e+02 -8.373509e+01  0.000000e+00
     vertex  2.076533e+02 -8.409636e+01  1.510000e+00
     vertex  2.075160e+02 -8.373509e+01  1.510000e+00
   endloop
 endfacet
 facet normal -9.347623e-01 -3.552737e-01  0.000000e+00
   outer loop
     vertex  2.075160e+02 -8.373509e+01  0.000000e+00
     vertex  2.076533e+02 -8.409636e+01  0.000000e+00
     vertex  2.076533e+02 -8.409636e+01  1.510000e+00
   endloop
 endfacet
 facet normal -8.223060e-01 -5.690455e-01  0.000000e+00
   outer loop
     vertex  2.072961e+02 -8.341729e+01  0.000000e+00
     vertex  2.075160e+02 -8.373509e+01  1.510000e+00
     vertex  2.072961e+02 -8.341729e+01  1.510000e+00
   endloop
 endfacet
 facet normal -8.223060e-01 -5.690455e-01  0.000000e+00
   outer loop
     vertex  2.072961e+02 -8.341729e+01  0.000000e+00
     vertex  2.075160e+02 -8.373509e+01  0.000000e+00
     vertex  2.075160e+02 -8.373509e+01  1.510000e+00
   endloop
 endfacet
 facet normal -6.618724e-01 -7.496166e-01  0.000000e+00
   outer loop
     vertex  2.070064e+02 -8.316150e+01  0.000000e+00
     vertex  2.072961e+02 -8.341729e+01  1.510000e+00
     vertex  2.070064e+02 -8.316150e+01  1.510000e+00
   endloop
 endfacet
 facet normal -6.618724e-01 -7.496166e-01  0.000000e+00
   outer loop
     vertex  2.070064e+02 -8.316150e+01  0.000000e+00
     vertex  2.072961e+02 -8.341729e+01  0.000000e+00
     vertex  2.072961e+02 -8.341729e+01  1.510000e+00
   endloop
 endfacet
 facet normal -4.628219e-01 -8.864513e-01  0.000000e+00
   outer loop
     vertex  2.066638e+02 -8.298263e+01  0.000000e+00
     vertex  2.070064e+02 -8.316150e+01  1.510000e+00
     vertex  2.066638e+02 -8.298263e+01  1.510000e+00
   endloop
 endfacet
 facet normal -4.628219e-01 -8.864513e-01  0.000000e+00
   outer loop
     vertex  2.066638e+02 -8.298263e+01  0.000000e+00
     vertex  2.070064e+02 -8.316150e+01  0.000000e+00
     vertex  2.070064e+02 -8.316150e+01  1.510000e+00
   endloop
 endfacet
 facet normal -2.367681e-01 -9.715662e-01  0.000000e+00
   outer loop
     vertex  2.062883e+02 -8.289112e+01  0.000000e+00
     vertex  2.066638e+02 -8.298263e+01  1.510000e+00
     vertex  2.062883e+02 -8.289112e+01  1.510000e+00
   endloop
 endfacet
 facet normal -2.367681e-01 -9.715662e-01  0.000000e+00
   outer loop
     vertex  2.062883e+02 -8.289112e+01  0.000000e+00
     vertex  2.066638e+02 -8.298263e+01  0.000000e+00
     vertex  2.066638e+02 -8.298263e+01  1.510000e+00
   endloop
 endfacet
 facet normal  3.099858e-03 -9.999952e-01  0.000000e+00
   outer loop
     vertex  2.059018e+02 -8.289232e+01  0.000000e+00
     vertex  2.062883e+02 -8.289112e+01  1.510000e+00
     vertex  2.059018e+02 -8.289232e+01  1.510000e+00
   endloop
 endfacet
 facet normal  2.427870e-01 -9.700796e-01  0.000000e+00
   outer loop
     vertex  2.059018e+02 -8.289232e+01  0.000000e+00
     vertex  2.059018e+02 -8.289232e+01  1.510000e+00
     vertex  2.055269e+02 -8.298615e+01  1.510000e+00
   endloop
 endfacet
 facet normal  3.099858e-03 -9.999952e-01  0.000000e+00
   outer loop
     vertex  2.059018e+02 -8.289232e+01  0.000000e+00
     vertex  2.062883e+02 -8.289112e+01  0.000000e+00
     vertex  2.062883e+02 -8.289112e+01  1.510000e+00
   endloop
 endfacet
 facet normal  2.427870e-01 -9.700796e-01  0.000000e+00
   outer loop
     vertex  2.055269e+02 -8.298615e+01  0.000000e+00
     vertex  2.059018e+02 -8.289232e+01  0.000000e+00
     vertex  2.055269e+02 -8.298615e+01  1.510000e+00
   endloop
 endfacet
 facet normal  4.683087e-01 -8.835649e-01  0.000000e+00
   outer loop
     vertex  2.051855e+02 -8.316714e+01  0.000000e+00
     vertex  2.055269e+02 -8.298615e+01  1.510000e+00
     vertex  2.051855e+02 -8.316714e+01  1.510000e+00
   endloop
 endfacet
 facet normal  4.683087e-01 -8.835649e-01  0.000000e+00
   outer loop
     vertex  2.051855e+02 -8.316714e+01  0.000000e+00
     vertex  2.055269e+02 -8.298615e+01  0.000000e+00
     vertex  2.055269e+02 -8.298615e+01  1.510000e+00
   endloop
 endfacet
 facet normal  6.665070e-01 -7.454988e-01  0.000000e+00
   outer loop
     vertex  2.048973e+02 -8.342473e+01  0.000000e+00
     vertex  2.051855e+02 -8.316714e+01  1.510000e+00
     vertex  2.048973e+02 -8.342473e+01  1.510000e+00
   endloop
 endfacet
 facet normal  8.258181e-01 -5.639366e-01  0.000000e+00
   outer loop
     vertex  2.048973e+02 -8.342473e+01  0.000000e+00
     vertex  2.048973e+02 -8.342473e+01  1.510000e+00
     vertex  2.046794e+02 -8.374389e+01  1.510000e+00
   endloop
 endfacet
 facet normal  6.665070e-01 -7.454988e-01  0.000000e+00
   outer loop
     vertex  2.048973e+02 -8.342473e+01  0.000000e+00
     vertex  2.051855e+02 -8.316714e+01  0.000000e+00
     vertex  2.051855e+02 -8.316714e+01  1.510000e+00
   endloop
 endfacet
 facet normal  8.258181e-01 -5.639366e-01  0.000000e+00
   outer loop
     vertex  2.046794e+02 -8.374389e+01  0.000000e+00
     vertex  2.048973e+02 -8.342473e+01  0.000000e+00
     vertex  2.046794e+02 -8.374389e+01  1.510000e+00
   endloop
 endfacet
 facet normal  9.369470e-01 -3.494716e-01  0.000000e+00
   outer loop
     vertex  2.045443e+02 -8.410599e+01  0.000000e+00
     vertex  2.046794e+02 -8.374389e+01  1.510000e+00
     vertex  2.045443e+02 -8.410599e+01  1.510000e+00
   endloop
 endfacet
 facet normal  9.369470e-01 -3.494716e-01  0.000000e+00
   outer loop
     vertex  2.045443e+02 -8.410599e+01  0.000000e+00
     vertex  2.046794e+02 -8.374389e+01  0.000000e+00
     vertex  2.046794e+02 -8.374389e+01  1.510000e+00
   endloop
 endfacet
 facet normal  9.934098e-01 -1.146168e-01  0.000000e+00
   outer loop
     vertex  2.045000e+02 -8.448992e+01  0.000000e+00
     vertex  2.045443e+02 -8.410599e+01  1.510000e+00
     vertex  2.045000e+02 -8.448992e+01  1.510000e+00
   endloop
 endfacet
 facet normal  9.934098e-01 -1.146168e-01  0.000000e+00
   outer loop
     vertex  2.045000e+02 -8.448992e+01  0.000000e+00
     vertex  2.045443e+02 -8.410599e+01  0.000000e+00
     vertex  2.045443e+02 -8.410599e+01  1.510000e+00
   endloop
 endfacet
 facet normal  9.943502e-01  1.061496e-01  0.000000e+00
   outer loop
     vertex  2.045382e+02 -8.484761e+01  0.000000e+00
     vertex  2.045000e+02 -8.448992e+01  0.000000e+00
     vertex  2.045000e+02 -8.448992e+01  1.510000e+00
   endloop
 endfacet
 facet normal  9.943502e-01  1.061496e-01 -0.000000e+00
   outer loop
     vertex  2.045382e+02 -8.484761e+01  0.000000e+00
     vertex  2.045000e+02 -8.448992e+01  1.510000e+00
     vertex  2.045382e+02 -8.484761e+01  1.510000e+00
   endloop
 endfacet
 facet normal  9.455066e-01  3.256030e-01 -0.000000e+00
   outer loop
     vertex  2.046553e+02 -8.518772e+01  0.000000e+00
     vertex  2.045382e+02 -8.484761e+01  1.510000e+00
     vertex  2.046553e+02 -8.518772e+01  1.510000e+00
   endloop
 endfacet
 facet normal  9.455066e-01  3.256030e-01  0.000000e+00
   outer loop
     vertex  2.046553e+02 -8.518772e+01  0.000000e+00
     vertex  2.045382e+02 -8.484761e+01  0.000000e+00
     vertex  2.045382e+02 -8.484761e+01  1.510000e+00
   endloop
 endfacet
 facet normal  8.488719e-01  5.285986e-01 -0.000000e+00
   outer loop
     vertex  2.048455e+02 -8.549307e+01  0.000000e+00
     vertex  2.046553e+02 -8.518772e+01  1.510000e+00
     vertex  2.048455e+02 -8.549307e+01  1.510000e+00
   endloop
 endfacet
 facet normal  8.488719e-01  5.285986e-01  0.000000e+00
   outer loop
     vertex  2.048455e+02 -8.549307e+01  0.000000e+00
     vertex  2.046553e+02 -8.518772e+01  0.000000e+00
     vertex  2.046553e+02 -8.518772e+01  1.510000e+00
   endloop
 endfacet
 facet normal  7.093306e-01  7.048760e-01 -0.000000e+00
   outer loop
     vertex  2.050990e+02 -8.574823e+01  0.000000e+00
     vertex  2.048455e+02 -8.549307e+01  1.510000e+00
     vertex  2.050990e+02 -8.574823e+01  1.510000e+00
   endloop
 endfacet
 facet normal  7.093306e-01  7.048760e-01  0.000000e+00
   outer loop
     vertex  2.050990e+02 -8.574823e+01  0.000000e+00
     vertex  2.048455e+02 -8.549307e+01  0.000000e+00
     vertex  2.048455e+02 -8.549307e+01  1.510000e+00
   endloop
 endfacet
 facet normal  5.339358e-01  8.455250e-01 -0.000000e+00
   outer loop
     vertex  2.054032e+02 -8.594030e+01  0.000000e+00
     vertex  2.050990e+02 -8.574823e+01  1.510000e+00
     vertex  2.054032e+02 -8.594030e+01  1.510000e+00
   endloop
 endfacet
 facet normal  5.339358e-01  8.455250e-01  0.000000e+00
   outer loop
     vertex  2.054032e+02 -8.594030e+01  0.000000e+00
     vertex  2.050990e+02 -8.574823e+01  0.000000e+00
     vertex  2.050990e+02 -8.574823e+01  1.510000e+00
   endloop
 endfacet
 facet normal  3.315529e-01  9.434366e-01 -0.000000e+00
   outer loop
     vertex  2.057426e+02 -8.605956e+01  0.000000e+00
     vertex  2.054032e+02 -8.594030e+01  1.510000e+00
     vertex  2.057426e+02 -8.605956e+01  1.510000e+00
   endloop
 endfacet
 facet normal  3.315529e-01  9.434366e-01  0.000000e+00
   outer loop
     vertex  2.057426e+02 -8.605956e+01  0.000000e+00
     vertex  2.054032e+02 -8.594030e+01  0.000000e+00
     vertex  2.054032e+02 -8.594030e+01  1.510000e+00
   endloop
 endfacet
 facet normal  1.124116e-01  9.936617e-01 -0.000000e+00
   outer loop
     vertex  2.061000e+02 -8.610000e+01  0.000000e+00
     vertex  2.057426e+02 -8.605956e+01  1.510000e+00
     vertex  2.061000e+02 -8.610000e+01  1.510000e+00
   endloop
 endfacet
 facet normal  1.124116e-01  9.936617e-01  0.000000e+00
   outer loop
     vertex  2.061000e+02 -8.610000e+01  0.000000e+00
     vertex  2.057426e+02 -8.605956e+01  0.000000e+00
     vertex  2.057426e+02 -8.605956e+01  1.510000e+00
   endloop
 endfacet
 facet normal -1.124045e-01  9.936625e-01  0.000000e+00
   outer loop
     vertex  2.064574e+02 -8.605957e+01  0.000000e+00
     vertex  2.061000e+02 -8.610000e+01  0.000000e+00
     vertex  2.061000e+02 -8.610000e+01  1.510000e+00
   endloop
 endfacet
 facet normal -1.124045e-01  9.936625e-01  0.000000e+00
   outer loop
     vertex  2.064574e+02 -8.605957e+01  0.000000e+00
     vertex  2.061000e+02 -8.610000e+01  1.510000e+00
     vertex  2.064574e+02 -8.605957e+01  1.510000e+00
   endloop
 endfacet
 facet normal -3.315327e-01  9.434437e-01  0.000000e+00
   outer loop
     vertex  2.067968e+02 -8.594032e+01  0.000000e+00
     vertex  2.064574e+02 -8.605957e+01  1.510000e+00
     vertex  2.067968e+02 -8.594032e+01  1.510000e+00
   endloop
 endfacet
 facet normal -3.315327e-01  9.434437e-01  0.000000e+00
   outer loop
     vertex  2.067968e+02 -8.594032e+01  0.000000e+00
     vertex  2.064574e+02 -8.605957e+01  0.000000e+00
     vertex  2.064574e+02 -8.605957e+01  1.510000e+00
   endloop
 endfacet
 facet normal -5.339056e-01  8.455441e-01  0.000000e+00
   outer loop
     vertex  2.071009e+02 -8.574828e+01  0.000000e+00
     vertex  2.067968e+02 -8.594032e+01  1.510000e+00
     vertex  2.071009e+02 -8.574828e+01  1.510000e+00
   endloop
 endfacet
 facet normal -5.339056e-01  8.455441e-01  0.000000e+00
   outer loop
     vertex  2.071009e+02 -8.574828e+01  0.000000e+00
     vertex  2.067968e+02 -8.594032e+01  0.000000e+00
     vertex  2.067968e+02 -8.594032e+01  1.510000e+00
   endloop
 endfacet
 facet normal -7.092953e-01  7.049115e-01  0.000000e+00
   outer loop
     vertex  2.073545e+02 -8.549315e+01  0.000000e+00
     vertex  2.071009e+02 -8.574828e+01  1.510000e+00
     vertex  2.073545e+02 -8.549315e+01  1.510000e+00
   endloop
 endfacet
 facet normal -7.092953e-01  7.049115e-01  0.000000e+00
   outer loop
     vertex  2.073545e+02 -8.549315e+01  0.000000e+00
     vertex  2.071009e+02 -8.574828e+01  0.000000e+00
     vertex  2.071009e+02 -8.574828e+01  1.510000e+00
   endloop
 endfacet
 facet normal -8.488379e-01  5.286532e-01  0.000000e+00
   outer loop
     vertex  2.075446e+02 -8.518782e+01  0.000000e+00
     vertex  2.073545e+02 -8.549315e+01  1.510000e+00
     vertex  2.075446e+02 -8.518782e+01  1.510000e+00
   endloop
 endfacet
 facet normal -8.488379e-01  5.286532e-01  0.000000e+00
   outer loop
     vertex  2.075446e+02 -8.518782e+01  0.000000e+00
     vertex  2.073545e+02 -8.549315e+01  0.000000e+00
     vertex  2.073545e+02 -8.549315e+01  1.510000e+00
   endloop
 endfacet
 facet normal -9.943403e-01  1.062420e-01  0.000000e+00
   outer loop
     vertex  2.076618e+02 -8.484774e+01  0.000000e+00
     vertex  2.076618e+02 -8.484774e+01  1.510000e+00
     vertex  2.077000e+02 -8.449008e+01  1.510000e+00
   endloop
 endfacet
 facet normal -9.454810e-01  3.256773e-01  0.000000e+00
   outer loop
     vertex  2.076618e+02 -8.484774e+01  0.000000e+00
     vertex  2.075446e+02 -8.518782e+01  1.510000e+00
     vertex  2.076618e+02 -8.484774e+01  1.510000e+00
   endloop
 endfacet
 facet normal -9.454810e-01  3.256773e-01  0.000000e+00
   outer loop
     vertex  2.076618e+02 -8.484774e+01  0.000000e+00
     vertex  2.075446e+02 -8.518782e+01  0.000000e+00
     vertex  2.075446e+02 -8.518782e+01  1.510000e+00
   endloop
 endfacet
 facet normal -9.943403e-01  1.062420e-01  0.000000e+00
   outer loop
     vertex  2.077000e+02 -8.449008e+01  0.000000e+00
     vertex  2.076618e+02 -8.484774e+01  0.000000e+00
     vertex  2.077000e+02 -8.449008e+01  1.510000e+00
   endloop
 endfacet
 facet normal -9.999862e-01  5.249751e-03  0.000000e+00
   outer loop
     vertex  2.077000e+02 -8.449008e+01  0.000000e+00
     vertex  2.077000e+02 -8.449008e+01  1.510000e+00
     vertex  2.077000e+02 -8.448672e+01  1.510000e+00
   endloop
 endfacet
 facet normal -9.999862e-01  5.249751e-03  0.000000e+00
   outer loop
     vertex  2.077000e+02 -8.448672e+01  0.000000e+00
     vertex  2.077000e+02 -8.449008e+01  0.000000e+00
     vertex  2.077000e+02 -8.448672e+01  1.510000e+00
   endloop
 endfacet
 facet normal -9.999950e-01  3.149860e-03  0.000000e+00
   outer loop
     vertex  2.077000e+02 -8.448336e+01  0.000000e+00
     vertex  2.077000e+02 -8.448672e+01  1.510000e+00
     vertex  2.077000e+02 -8.448336e+01  1.510000e+00
   endloop
 endfacet
 facet normal -9.999950e-01  3.149860e-03  0.000000e+00
   outer loop
     vertex  2.077000e+02 -8.448336e+01  0.000000e+00
     vertex  2.077000e+02 -8.448672e+01  0.000000e+00
     vertex  2.077000e+02 -8.448672e+01  1.510000e+00
   endloop
 endfacet
 facet normal -9.999994e-01  1.049955e-03  0.000000e+00
   outer loop
     vertex  2.077000e+02 -8.448000e+01  0.000000e+00
     vertex  2.077000e+02 -8.448336e+01  1.510000e+00
     vertex  2.077000e+02 -8.448000e+01  1.510000e+00
   endloop
 endfacet
 facet normal -9.999994e-01  1.049955e-03  0.000000e+00
   outer loop
     vertex  2.077000e+02 -8.448000e+01  0.000000e+00
     vertex  2.077000e+02 -8.448336e+01  0.000000e+00
     vertex  2.077000e+02 -8.448336e+01  1.510000e+00
   endloop
 endfacet
 facet normal -1.305262e-01  9.914449e-01  0.000000e+00
   outer loop
     vertex  1.914659e+02 -7.622705e+01  0.000000e+00
     vertex  1.913675e+02 -7.624000e+01  0.000000e+00
     vertex  1.913675e+02 -7.624000e+01  1.510000e+00
   endloop
 endfacet
 facet normal -1.305262e-01  9.914449e-01  0.000000e+00
   outer loop
     vertex  1.914659e+02 -7.622705e+01  0.000000e+00
     vertex  1.913675e+02 -7.624000e+01  1.510000e+00
     vertex  1.914659e+02 -7.622705e+01  1.510000e+00
   endloop
 endfacet
 facet normal -3.826834e-01  9.238795e-01  0.000000e+00
   outer loop
     vertex  1.915575e+02 -7.618909e+01  0.000000e+00
     vertex  1.914659e+02 -7.622705e+01  1.510000e+00
     vertex  1.915575e+02 -7.618909e+01  1.510000e+00
   endloop
 endfacet
 facet normal -3.826834e-01  9.238795e-01  0.000000e+00
   outer loop
     vertex  1.915575e+02 -7.618909e+01  0.000000e+00
     vertex  1.914659e+02 -7.622705e+01  0.000000e+00
     vertex  1.914659e+02 -7.622705e+01  1.510000e+00
   endloop
 endfacet
 facet normal -6.087614e-01  7.933533e-01  0.000000e+00
   outer loop
     vertex  1.916362e+02 -7.612870e+01  0.000000e+00
     vertex  1.915575e+02 -7.618909e+01  1.510000e+00
     vertex  1.916362e+02 -7.612870e+01  1.510000e+00
   endloop
 endfacet
 facet normal -6.087614e-01  7.933533e-01  0.000000e+00
   outer loop
     vertex  1.916362e+02 -7.612870e+01  0.000000e+00
     vertex  1.915575e+02 -7.618909e+01  0.000000e+00
     vertex  1.915575e+02 -7.618909e+01  1.510000e+00
   endloop
 endfacet
 facet normal -7.933533e-01  6.087614e-01  0.000000e+00
   outer loop
     vertex  1.916966e+02 -7.605000e+01  0.000000e+00
     vertex  1.916362e+02 -7.612870e+01  1.510000e+00
     vertex  1.916966e+02 -7.605000e+01  1.510000e+00
   endloop
 endfacet
 facet normal -7.933533e-01  6.087614e-01  0.000000e+00
   outer loop
     vertex  1.916966e+02 -7.605000e+01  0.000000e+00
     vertex  1.916362e+02 -7.612870e+01  0.000000e+00
     vertex  1.916362e+02 -7.612870e+01  1.510000e+00
   endloop
 endfacet
 facet normal -9.238795e-01  3.826834e-01  0.000000e+00
   outer loop
     vertex  1.917346e+02 -7.595835e+01  0.000000e+00
     vertex  1.916966e+02 -7.605000e+01  1.510000e+00
     vertex  1.917346e+02 -7.595835e+01  1.510000e+00
   endloop
 endfacet
 facet normal -9.238795e-01  3.826834e-01  0.000000e+00
   outer loop
     vertex  1.917346e+02 -7.595835e+01  0.000000e+00
     vertex  1.916966e+02 -7.605000e+01  0.000000e+00
     vertex  1.916966e+02 -7.605000e+01  1.510000e+00
   endloop
 endfacet
 facet normal -9.914449e-01  1.305262e-01  0.000000e+00
   outer loop
     vertex  1.917475e+02 -7.586000e+01  0.000000e+00
     vertex  1.917346e+02 -7.595835e+01  1.510000e+00
     vertex  1.917475e+02 -7.586000e+01  1.510000e+00
   endloop
 endfacet
 facet normal -9.914449e-01  1.305262e-01  0.000000e+00
   outer loop
     vertex  1.917475e+02 -7.586000e+01  0.000000e+00
     vertex  1.917346e+02 -7.595835e+01  0.000000e+00
     vertex  1.917346e+02 -7.595835e+01  1.510000e+00
   endloop
 endfacet
 facet normal -9.914449e-01 -1.305262e-01  0.000000e+00
   outer loop
     vertex  1.917346e+02 -7.576165e+01  0.000000e+00
     vertex  1.917475e+02 -7.586000e+01  1.510000e+00
     vertex  1.917346e+02 -7.576165e+01  1.510000e+00
   endloop
 endfacet
 facet normal -9.914449e-01 -1.305262e-01  0.000000e+00
   outer loop
     vertex  1.917346e+02 -7.576165e+01  0.000000e+00
     vertex  1.917475e+02 -7.586000e+01  0.000000e+00
     vertex  1.917475e+02 -7.586000e+01  1.510000e+00
   endloop
 endfacet
 facet normal -9.238795e-01 -3.826834e-01  0.000000e+00
   outer loop
     vertex  1.916966e+02 -7.567000e+01  0.000000e+00
     vertex  1.917346e+02 -7.576165e+01  1.510000e+00
     vertex  1.916966e+02 -7.567000e+01  1.510000e+00
   endloop
 endfacet
 facet normal -9.238795e-01 -3.826834e-01  0.000000e+00
   outer loop
     vertex  1.916966e+02 -7.567000e+01  0.000000e+00
     vertex  1.917346e+02 -7.576165e+01  0.000000e+00
     vertex  1.917346e+02 -7.576165e+01  1.510000e+00
   endloop
 endfacet
 facet normal -7.933533e-01 -6.087614e-01  0.000000e+00
   outer loop
     vertex  1.916362e+02 -7.559130e+01  0.000000e+00
     vertex  1.916966e+02 -7.567000e+01  1.510000e+00
     vertex  1.916362e+02 -7.559130e+01  1.510000e+00
   endloop
 endfacet
 facet normal -7.933533e-01 -6.087614e-01  0.000000e+00
   outer loop
     vertex  1.916362e+02 -7.559130e+01  0.000000e+00
     vertex  1.916966e+02 -7.567000e+01  0.000000e+00
     vertex  1.916966e+02 -7.567000e+01  1.510000e+00
   endloop
 endfacet
 facet normal -6.087614e-01 -7.933533e-01  0.000000e+00
   outer loop
     vertex  1.915575e+02 -7.553091e+01  0.000000e+00
     vertex  1.916362e+02 -7.559130e+01  1.510000e+00
     vertex  1.915575e+02 -7.553091e+01  1.510000e+00
   endloop
 endfacet
 facet normal -6.087614e-01 -7.933533e-01  0.000000e+00
   outer loop
     vertex  1.915575e+02 -7.553091e+01  0.000000e+00
     vertex  1.916362e+02 -7.559130e+01  0.000000e+00
     vertex  1.916362e+02 -7.559130e+01  1.510000e+00
   endloop
 endfacet
 facet normal -3.826834e-01 -9.238795e-01  0.000000e+00
   outer loop
     vertex  1.914659e+02 -7.549295e+01  0.000000e+00
     vertex  1.915575e+02 -7.553091e+01  1.510000e+00
     vertex  1.914659e+02 -7.549295e+01  1.510000e+00
   endloop
 endfacet
 facet normal -3.826834e-01 -9.238795e-01  0.000000e+00
   outer loop
     vertex  1.914659e+02 -7.549295e+01  0.000000e+00
     vertex  1.915575e+02 -7.553091e+01  0.000000e+00
     vertex  1.915575e+02 -7.553091e+01  1.510000e+00
   endloop
 endfacet
 facet normal -1.305262e-01 -9.914449e-01  0.000000e+00
   outer loop
     vertex  1.913675e+02 -7.548000e+01  0.000000e+00
     vertex  1.914659e+02 -7.549295e+01  1.510000e+00
     vertex  1.913675e+02 -7.548000e+01  1.510000e+00
   endloop
 endfacet
 facet normal -1.305262e-01 -9.914449e-01  0.000000e+00
   outer loop
     vertex  1.913675e+02 -7.548000e+01  0.000000e+00
     vertex  1.914659e+02 -7.549295e+01  0.000000e+00
     vertex  1.914659e+02 -7.549295e+01  1.510000e+00
   endloop
 endfacet
 facet normal  1.305262e-01 -9.914449e-01  0.000000e+00
   outer loop
     vertex  1.912691e+02 -7.549295e+01  0.000000e+00
     vertex  1.913675e+02 -7.548000e+01  1.510000e+00
     vertex  1.912691e+02 -7.549295e+01  1.510000e+00
   endloop
 endfacet
 facet normal  1.305262e-01 -9.914449e-01  0.000000e+00
   outer loop
     vertex  1.912691e+02 -7.549295e+01  0.000000e+00
     vertex  1.913675e+02 -7.548000e+01  0.000000e+00
     vertex  1.913675e+02 -7.548000e+01  1.510000e+00
   endloop
 endfacet
 facet normal  3.826834e-01 -9.238795e-01  0.000000e+00
   outer loop
     vertex  1.911775e+02 -7.553091e+01  0.000000e+00
     vertex  1.912691e+02 -7.549295e+01  0.000000e+00
     vertex  1.912691e+02 -7.549295e+01  1.510000e+00
   endloop
 endfacet
 facet normal  3.826834e-01 -9.238795e-01  0.000000e+00
   outer loop
     vertex  1.911775e+02 -7.553091e+01  0.000000e+00
     vertex  1.912691e+02 -7.549295e+01  1.510000e+00
     vertex  1.911775e+02 -7.553091e+01  1.510000e+00
   endloop
 endfacet
 facet normal  6.087614e-01 -7.933533e-01  0.000000e+00
   outer loop
     vertex  1.910988e+02 -7.559130e+01  0.000000e+00
     vertex  1.911775e+02 -7.553091e+01  0.000000e+00
     vertex  1.911775e+02 -7.553091e+01  1.510000e+00
   endloop
 endfacet
 facet normal  7.933533e-01 -6.087614e-01  0.000000e+00
   outer loop
     vertex  1.910988e+02 -7.559130e+01  0.000000e+00
     vertex  1.910988e+02 -7.559130e+01  1.510000e+00
     vertex  1.910384e+02 -7.567000e+01  1.510000e+00
   endloop
 endfacet
 facet normal  6.087614e-01 -7.933533e-01  0.000000e+00
   outer loop
     vertex  1.910988e+02 -7.559130e+01  0.000000e+00
     vertex  1.911775e+02 -7.553091e+01  1.510000e+00
     vertex  1.910988e+02 -7.559130e+01  1.510000e+00
   endloop
 endfacet
 facet normal  7.933533e-01 -6.087614e-01  0.000000e+00
   outer loop
     vertex  1.910384e+02 -7.567000e+01  0.000000e+00
     vertex  1.910988e+02 -7.559130e+01  0.000000e+00
     vertex  1.910384e+02 -7.567000e+01  1.510000e+00
   endloop
 endfacet
 facet normal  9.238795e-01 -3.826834e-01  0.000000e+00
   outer loop
     vertex  1.910384e+02 -7.567000e+01  0.000000e+00
     vertex  1.910384e+02 -7.567000e+01  1.510000e+00
     vertex  1.910004e+02 -7.576165e+01  1.510000e+00
   endloop
 endfacet
 facet normal  9.238795e-01 -3.826834e-01  0.000000e+00
   outer loop
     vertex  1.910004e+02 -7.576165e+01  0.000000e+00
     vertex  1.910384e+02 -7.567000e+01  0.000000e+00
     vertex  1.910004e+02 -7.576165e+01  1.510000e+00
   endloop
 endfacet
 facet normal  9.914449e-01 -1.305262e-01  0.000000e+00
   outer loop
     vertex  1.909875e+02 -7.586000e+01  0.000000e+00
     vertex  1.910004e+02 -7.576165e+01  0.000000e+00
     vertex  1.910004e+02 -7.576165e+01  1.510000e+00
   endloop
 endfacet
 facet normal  9.914449e-01 -1.305262e-01  0.000000e+00
   outer loop
     vertex  1.909875e+02 -7.586000e+01  0.000000e+00
     vertex  1.910004e+02 -7.576165e+01  1.510000e+00
     vertex  1.909875e+02 -7.586000e+01  1.510000e+00
   endloop
 endfacet
 facet normal  9.914449e-01  1.305262e-01 -0.000000e+00
   outer loop
     vertex  1.910004e+02 -7.595835e+01  0.000000e+00
     vertex  1.909875e+02 -7.586000e+01  1.510000e+00
     vertex  1.910004e+02 -7.595835e+01  1.510000e+00
   endloop
 endfacet
 facet normal  9.914449e-01  1.305262e-01  0.000000e+00
   outer loop
     vertex  1.910004e+02 -7.595835e+01  0.000000e+00
     vertex  1.909875e+02 -7.586000e+01  0.000000e+00
     vertex  1.909875e+02 -7.586000e+01  1.510000e+00
   endloop
 endfacet
 facet normal  9.238795e-01  3.826834e-01 -0.000000e+00
   outer loop
     vertex  1.910384e+02 -7.605000e+01  0.000000e+00
     vertex  1.910004e+02 -7.595835e+01  1.510000e+00
     vertex  1.910384e+02 -7.605000e+01  1.510000e+00
   endloop
 endfacet
 facet normal  9.238795e-01  3.826834e-01  0.000000e+00
   outer loop
     vertex  1.910384e+02 -7.605000e+01  0.000000e+00
     vertex  1.910004e+02 -7.595835e+01  0.000000e+00
     vertex  1.910004e+02 -7.595835e+01  1.510000e+00
   endloop
 endfacet
 facet normal  6.087614e-01  7.933533e-01 -0.000000e+00
   outer loop
     vertex  1.910988e+02 -7.612870e+01  0.000000e+00
     vertex  1.910988e+02 -7.612870e+01  1.510000e+00
     vertex  1.911775e+02 -7.618909e+01  1.510000e+00
   endloop
 endfacet
 facet normal  7.933533e-01  6.087614e-01 -0.000000e+00
   outer loop
     vertex  1.910988e+02 -7.612870e+01  0.000000e+00
     vertex  1.910384e+02 -7.605000e+01  1.510000e+00
     vertex  1.910988e+02 -7.612870e+01  1.510000e+00
   endloop
 endfacet
 facet normal  7.933533e-01  6.087614e-01  0.000000e+00
   outer loop
     vertex  1.910988e+02 -7.612870e+01  0.000000e+00
     vertex  1.910384e+02 -7.605000e+01  0.000000e+00
     vertex  1.910384e+02 -7.605000e+01  1.510000e+00
   endloop
 endfacet
 facet normal  6.087614e-01  7.933533e-01 -0.000000e+00
   outer loop
     vertex  1.911775e+02 -7.618909e+01  0.000000e+00
     vertex  1.910988e+02 -7.612870e+01  0.000000e+00
     vertex  1.911775e+02 -7.618909e+01  1.510000e+00
   endloop
 endfacet
 facet normal  3.826834e-01  9.238795e-01 -0.000000e+00
   outer loop
     vertex  1.912691e+02 -7.622705e+01  0.000000e+00
     vertex  1.911775e+02 -7.618909e+01  1.510000e+00
     vertex  1.912691e+02 -7.622705e+01  1.510000e+00
   endloop
 endfacet
 facet normal  3.826834e-01  9.238795e-01  0.000000e+00
   outer loop
     vertex  1.912691e+02 -7.622705e+01  0.000000e+00
     vertex  1.911775e+02 -7.618909e+01  0.000000e+00
     vertex  1.911775e+02 -7.618909e+01  1.510000e+00
   endloop
 endfacet
 facet normal  1.305262e-01  9.914449e-01 -0.000000e+00
   outer loop
     vertex  1.913675e+02 -7.624000e+01  0.000000e+00
     vertex  1.912691e+02 -7.622705e+01  1.510000e+00
     vertex  1.913675e+02 -7.624000e+01  1.510000e+00
   endloop
 endfacet
 facet normal  1.305262e-01  9.914449e-01  0.000000e+00
   outer loop
     vertex  1.913675e+02 -7.624000e+01  0.000000e+00
     vertex  1.912691e+02 -7.622705e+01  0.000000e+00
     vertex  1.912691e+02 -7.622705e+01  1.510000e+00
   endloop
 endfacet
 facet normal -1.305262e-01  9.914449e-01  0.000000e+00
   outer loop
     vertex  1.940059e+02 -7.622705e+01  0.000000e+00
     vertex  1.939075e+02 -7.624000e+01  0.000000e+00
     vertex  1.939075e+02 -7.624000e+01  1.510000e+00
   endloop
 endfacet
 facet normal -1.305262e-01  9.914449e-01  0.000000e+00
   outer loop
     vertex  1.940059e+02 -7.622705e+01  0.000000e+00
     vertex  1.939075e+02 -7.624000e+01  1.510000e+00
     vertex  1.940059e+02 -7.622705e+01  1.510000e+00
   endloop
 endfacet
 facet normal -3.826834e-01  9.238795e-01  0.000000e+00
   outer loop
     vertex  1.940975e+02 -7.618909e+01  0.000000e+00
     vertex  1.940059e+02 -7.622705e+01  1.510000e+00
     vertex  1.940975e+02 -7.618909e+01  1.510000e+00
   endloop
 endfacet
 facet normal -3.826834e-01  9.238795e-01  0.000000e+00
   outer loop
     vertex  1.940975e+02 -7.618909e+01  0.000000e+00
     vertex  1.940059e+02 -7.622705e+01  0.000000e+00
     vertex  1.940059e+02 -7.622705e+01  1.510000e+00
   endloop
 endfacet
 facet normal -6.087614e-01  7.933533e-01  0.000000e+00
   outer loop
     vertex  1.941762e+02 -7.612870e+01  0.000000e+00
     vertex  1.940975e+02 -7.618909e+01  1.510000e+00
     vertex  1.941762e+02 -7.612870e+01  1.510000e+00
   endloop
 endfacet
 facet normal -6.087614e-01  7.933533e-01  0.000000e+00
   outer loop
     vertex  1.941762e+02 -7.612870e+01  0.000000e+00
     vertex  1.940975e+02 -7.618909e+01  0.000000e+00
     vertex  1.940975e+02 -7.618909e+01  1.510000e+00
   endloop
 endfacet
 facet normal -7.933533e-01  6.087614e-01  0.000000e+00
   outer loop
     vertex  1.942366e+02 -7.605000e+01  0.000000e+00
     vertex  1.941762e+02 -7.612870e+01  1.510000e+00
     vertex  1.942366e+02 -7.605000e+01  1.510000e+00
   endloop
 endfacet
 facet normal -7.933533e-01  6.087614e-01  0.000000e+00
   outer loop
     vertex  1.942366e+02 -7.605000e+01  0.000000e+00
     vertex  1.941762e+02 -7.612870e+01  0.000000e+00
     vertex  1.941762e+02 -7.612870e+01  1.510000e+00
   endloop
 endfacet
 facet normal -9.238795e-01  3.826834e-01  0.000000e+00
   outer loop
     vertex  1.942746e+02 -7.595835e+01  0.000000e+00
     vertex  1.942366e+02 -7.605000e+01  1.510000e+00
     vertex  1.942746e+02 -7.595835e+01  1.510000e+00
   endloop
 endfacet
 facet normal -9.238795e-01  3.826834e-01  0.000000e+00
   outer loop
     vertex  1.942746e+02 -7.595835e+01  0.000000e+00
     vertex  1.942366e+02 -7.605000e+01  0.000000e+00
     vertex  1.942366e+02 -7.605000e+01  1.510000e+00
   endloop
 endfacet
 facet normal -9.914449e-01  1.305262e-01  0.000000e+00
   outer loop
     vertex  1.942875e+02 -7.586000e+01  0.000000e+00
     vertex  1.942746e+02 -7.595835e+01  1.510000e+00
     vertex  1.942875e+02 -7.586000e+01  1.510000e+00
   endloop
 endfacet
 facet normal -9.914449e-01  1.305262e-01  0.000000e+00
   outer loop
     vertex  1.942875e+02 -7.586000e+01  0.000000e+00
     vertex  1.942746e+02 -7.595835e+01  0.000000e+00
     vertex  1.942746e+02 -7.595835e+01  1.510000e+00
   endloop
 endfacet
 facet normal -9.914449e-01 -1.305262e-01  0.000000e+00
   outer loop
     vertex  1.942746e+02 -7.576165e+01  0.000000e+00
     vertex  1.942875e+02 -7.586000e+01  1.510000e+00
     vertex  1.942746e+02 -7.576165e+01  1.510000e+00
   endloop
 endfacet
 facet normal -9.914449e-01 -1.305262e-01  0.000000e+00
   outer loop
     vertex  1.942746e+02 -7.576165e+01  0.000000e+00
     vertex  1.942875e+02 -7.586000e+01  0.000000e+00
     vertex  1.942875e+02 -7.586000e+01  1.510000e+00
   endloop
 endfacet
 facet normal -9.238795e-01 -3.826834e-01  0.000000e+00
   outer loop
     vertex  1.942366e+02 -7.567000e+01  0.000000e+00
     vertex  1.942746e+02 -7.576165e+01  1.510000e+00
     vertex  1.942366e+02 -7.567000e+01  1.510000e+00
   endloop
 endfacet
 facet normal -9.238795e-01 -3.826834e-01  0.000000e+00
   outer loop
     vertex  1.942366e+02 -7.567000e+01  0.000000e+00
     vertex  1.942746e+02 -7.576165e+01  0.000000e+00
     vertex  1.942746e+02 -7.576165e+01  1.510000e+00
   endloop
 endfacet
 facet normal -7.933533e-01 -6.087614e-01  0.000000e+00
   outer loop
     vertex  1.941762e+02 -7.559130e+01  0.000000e+00
     vertex  1.942366e+02 -7.567000e+01  1.510000e+00
     vertex  1.941762e+02 -7.559130e+01  1.510000e+00
   endloop
 endfacet
 facet normal -7.933533e-01 -6.087614e-01  0.000000e+00
   outer loop
     vertex  1.941762e+02 -7.559130e+01  0.000000e+00
     vertex  1.942366e+02 -7.567000e+01  0.000000e+00
     vertex  1.942366e+02 -7.567000e+01  1.510000e+00
   endloop
 endfacet
 facet normal -6.087614e-01 -7.933533e-01  0.000000e+00
   outer loop
     vertex  1.940975e+02 -7.553091e+01  0.000000e+00
     vertex  1.941762e+02 -7.559130e+01  1.510000e+00
     vertex  1.940975e+02 -7.553091e+01  1.510000e+00
   endloop
 endfacet
 facet normal -6.087614e-01 -7.933533e-01  0.000000e+00
   outer loop
     vertex  1.940975e+02 -7.553091e+01  0.000000e+00
     vertex  1.941762e+02 -7.559130e+01  0.000000e+00
     vertex  1.941762e+02 -7.559130e+01  1.510000e+00
   endloop
 endfacet
 facet normal -3.826834e-01 -9.238795e-01  0.000000e+00
   outer loop
     vertex  1.940059e+02 -7.549295e+01  0.000000e+00
     vertex  1.940975e+02 -7.553091e+01  1.510000e+00
     vertex  1.940059e+02 -7.549295e+01  1.510000e+00
   endloop
 endfacet
 facet normal -3.826834e-01 -9.238795e-01  0.000000e+00
   outer loop
     vertex  1.940059e+02 -7.549295e+01  0.000000e+00
     vertex  1.940975e+02 -7.553091e+01  0.000000e+00
     vertex  1.940975e+02 -7.553091e+01  1.510000e+00
   endloop
 endfacet
 facet normal -1.305262e-01 -9.914449e-01  0.000000e+00
   outer loop
     vertex  1.939075e+02 -7.548000e+01  0.000000e+00
     vertex  1.940059e+02 -7.549295e+01  1.510000e+00
     vertex  1.939075e+02 -7.548000e+01  1.510000e+00
   endloop
 endfacet
 facet normal -1.305262e-01 -9.914449e-01  0.000000e+00
   outer loop
     vertex  1.939075e+02 -7.548000e+01  0.000000e+00
     vertex  1.940059e+02 -7.549295e+01  0.000000e+00
     vertex  1.940059e+02 -7.549295e+01  1.510000e+00
   endloop
 endfacet
 facet normal  1.305262e-01 -9.914449e-01  0.000000e+00
   outer loop
     vertex  1.938091e+02 -7.549295e+01  0.000000e+00
     vertex  1.939075e+02 -7.548000e+01  1.510000e+00
     vertex  1.938091e+02 -7.549295e+01  1.510000e+00
   endloop
 endfacet
 facet normal  1.305262e-01 -9.914449e-01  0.000000e+00
   outer loop
     vertex  1.938091e+02 -7.549295e+01  0.000000e+00
     vertex  1.939075e+02 -7.548000e+01  0.000000e+00
     vertex  1.939075e+02 -7.548000e+01  1.510000e+00
   endloop
 endfacet
 facet normal  3.826834e-01 -9.238795e-01  0.000000e+00
   outer loop
     vertex  1.937175e+02 -7.553091e+01  0.000000e+00
     vertex  1.938091e+02 -7.549295e+01  0.000000e+00
     vertex  1.938091e+02 -7.549295e+01  1.510000e+00
   endloop
 endfacet
 facet normal  3.826834e-01 -9.238795e-01  0.000000e+00
   outer loop
     vertex  1.937175e+02 -7.553091e+01  0.000000e+00
     vertex  1.938091e+02 -7.549295e+01  1.510000e+00
     vertex  1.937175e+02 -7.553091e+01  1.510000e+00
   endloop
 endfacet
 facet normal  6.087614e-01 -7.933533e-01  0.000000e+00
   outer loop
     vertex  1.936388e+02 -7.559130e+01  0.000000e+00
     vertex  1.937175e+02 -7.553091e+01  0.000000e+00
     vertex  1.937175e+02 -7.553091e+01  1.510000e+00
   endloop
 endfacet
 facet normal  7.933533e-01 -6.087614e-01  0.000000e+00
   outer loop
     vertex  1.936388e+02 -7.559130e+01  0.000000e+00
     vertex  1.936388e+02 -7.559130e+01  1.510000e+00
     vertex  1.935784e+02 -7.567000e+01  1.510000e+00
   endloop
 endfacet
 facet normal  6.087614e-01 -7.933533e-01  0.000000e+00
   outer loop
     vertex  1.936388e+02 -7.559130e+01  0.000000e+00
     vertex  1.937175e+02 -7.553091e+01  1.510000e+00
     vertex  1.936388e+02 -7.559130e+01  1.510000e+00
   endloop
 endfacet
 facet normal  7.933533e-01 -6.087614e-01  0.000000e+00
   outer loop
     vertex  1.935784e+02 -7.567000e+01  0.000000e+00
     vertex  1.936388e+02 -7.559130e+01  0.000000e+00
     vertex  1.935784e+02 -7.567000e+01  1.510000e+00
   endloop
 endfacet
 facet normal  9.238795e-01 -3.826834e-01  0.000000e+00
   outer loop
     vertex  1.935784e+02 -7.567000e+01  0.000000e+00
     vertex  1.935784e+02 -7.567000e+01  1.510000e+00
     vertex  1.935404e+02 -7.576165e+01  1.510000e+00
   endloop
 endfacet
 facet normal  9.238795e-01 -3.826834e-01  0.000000e+00
   outer loop
     vertex  1.935404e+02 -7.576165e+01  0.000000e+00
     vertex  1.935784e+02 -7.567000e+01  0.000000e+00
     vertex  1.935404e+02 -7.576165e+01  1.510000e+00
   endloop
 endfacet
 facet normal  9.914449e-01 -1.305262e-01  0.000000e+00
   outer loop
     vertex  1.935275e+02 -7.586000e+01  0.000000e+00
     vertex  1.935404e+02 -7.576165e+01  0.000000e+00
     vertex  1.935404e+02 -7.576165e+01  1.510000e+00
   endloop
 endfacet
 facet normal  9.914449e-01 -1.305262e-01  0.000000e+00
   outer loop
     vertex  1.935275e+02 -7.586000e+01  0.000000e+00
     vertex  1.935404e+02 -7.576165e+01  1.510000e+00
     vertex  1.935275e+02 -7.586000e+01  1.510000e+00
   endloop
 endfacet
 facet normal  9.914449e-01  1.305262e-01 -0.000000e+00
   outer loop
     vertex  1.935404e+02 -7.595835e+01  0.000000e+00
     vertex  1.935275e+02 -7.586000e+01  1.510000e+00
     vertex  1.935404e+02 -7.595835e+01  1.510000e+00
   endloop
 endfacet
 facet normal  9.914449e-01  1.305262e-01  0.000000e+00
   outer loop
     vertex  1.935404e+02 -7.595835e+01  0.000000e+00
     vertex  1.935275e+02 -7.586000e+01  0.000000e+00
     vertex  1.935275e+02 -7.586000e+01  1.510000e+00
   endloop
 endfacet
 facet normal  9.238795e-01  3.826834e-01 -0.000000e+00
   outer loop
     vertex  1.935784e+02 -7.605000e+01  0.000000e+00
     vertex  1.935404e+02 -7.595835e+01  1.510000e+00
     vertex  1.935784e+02 -7.605000e+01  1.510000e+00
   endloop
 endfacet
 facet normal  9.238795e-01  3.826834e-01  0.000000e+00
   outer loop
     vertex  1.935784e+02 -7.605000e+01  0.000000e+00
     vertex  1.935404e+02 -7.595835e+01  0.000000e+00
     vertex  1.935404e+02 -7.595835e+01  1.510000e+00
   endloop
 endfacet
 facet normal  6.087614e-01  7.933533e-01 -0.000000e+00
   outer loop
     vertex  1.936388e+02 -7.612870e+01  0.000000e+00
     vertex  1.936388e+02 -7.612870e+01  1.510000e+00
     vertex  1.937175e+02 -7.618909e+01  1.510000e+00
   endloop
 endfacet
 facet normal  7.933533e-01  6.087614e-01 -0.000000e+00
   outer loop
     vertex  1.936388e+02 -7.612870e+01  0.000000e+00
     vertex  1.935784e+02 -7.605000e+01  1.510000e+00
     vertex  1.936388e+02 -7.612870e+01  1.510000e+00
   endloop
 endfacet
 facet normal  7.933533e-01  6.087614e-01  0.000000e+00
   outer loop
     vertex  1.936388e+02 -7.612870e+01  0.000000e+00
     vertex  1.935784e+02 -7.605000e+01  0.000000e+00
     vertex  1.935784e+02 -7.605000e+01  1.510000e+00
   endloop
 endfacet
 facet normal  6.087614e-01  7.933533e-01 -0.000000e+00
   outer loop
     vertex  1.937175e+02 -7.618909e+01  0.000000e+00
     vertex  1.936388e+02 -7.612870e+01  0.000000e+00
     vertex  1.937175e+02 -7.618909e+01  1.510000e+00
   endloop
 endfacet
 facet normal  3.826834e-01  9.238795e-01 -0.000000e+00
   outer loop
     vertex  1.938091e+02 -7.622705e+01  0.000000e+00
     vertex  1.937175e+02 -7.618909e+01  1.510000e+00
     vertex  1.938091e+02 -7.622705e+01  1.510000e+00
   endloop
 endfacet
 facet normal  3.826834e-01  9.238795e-01  0.000000e+00
   outer loop
     vertex  1.938091e+02 -7.622705e+01  0.000000e+00
     vertex  1.937175e+02 -7.618909e+01  0.000000e+00
     vertex  1.937175e+02 -7.618909e+01  1.510000e+00
   endloop
 endfacet
 facet normal  1.305262e-01  9.914449e-01 -0.000000e+00
   outer loop
     vertex  1.939075e+02 -7.624000e+01  0.000000e+00
     vertex  1.938091e+02 -7.622705e+01  1.510000e+00
     vertex  1.939075e+02 -7.624000e+01  1.510000e+00
   endloop
 endfacet
 facet normal  1.305262e-01  9.914449e-01  0.000000e+00
   outer loop
     vertex  1.939075e+02 -7.624000e+01  0.000000e+00
     vertex  1.938091e+02 -7.622705e+01  0.000000e+00
     vertex  1.938091e+02 -7.622705e+01  1.510000e+00
   endloop
 endfacet
 facet normal -1.305262e-01  9.914449e-01  0.000000e+00
   outer loop
     vertex  2.029176e+02 -7.478978e+01  0.000000e+00
     vertex  2.028400e+02 -7.480000e+01  0.000000e+00
     vertex  2.028400e+02 -7.480000e+01  1.510000e+00
   endloop
 endfacet
 facet normal -1.305262e-01  9.914449e-01  0.000000e+00
   outer loop
     vertex  2.029176e+02 -7.478978e+01  0.000000e+00
     vertex  2.028400e+02 -7.480000e+01  1.510000e+00
     vertex  2.029176e+02 -7.478978e+01  1.510000e+00
   endloop
 endfacet
 facet normal -3.826834e-01  9.238795e-01  0.000000e+00
   outer loop
     vertex  2.029900e+02 -7.475981e+01  0.000000e+00
     vertex  2.029176e+02 -7.478978e+01  1.510000e+00
     vertex  2.029900e+02 -7.475981e+01  1.510000e+00
   endloop
 endfacet
 facet normal -3.826834e-01  9.238795e-01  0.000000e+00
   outer loop
     vertex  2.029900e+02 -7.475981e+01  0.000000e+00
     vertex  2.029176e+02 -7.478978e+01  0.000000e+00
     vertex  2.029176e+02 -7.478978e+01  1.510000e+00
   endloop
 endfacet
 facet normal -6.087614e-01  7.933533e-01  0.000000e+00
   outer loop
     vertex  2.030521e+02 -7.471213e+01  0.000000e+00
     vertex  2.029900e+02 -7.475981e+01  1.510000e+00
     vertex  2.030521e+02 -7.471213e+01  1.510000e+00
   endloop
 endfacet
 facet normal -6.087614e-01  7.933533e-01  0.000000e+00
   outer loop
     vertex  2.030521e+02 -7.471213e+01  0.000000e+00
     vertex  2.029900e+02 -7.475981e+01  0.000000e+00
     vertex  2.029900e+02 -7.475981e+01  1.510000e+00
   endloop
 endfacet
 facet normal -7.933533e-01  6.087614e-01  0.000000e+00
   outer loop
     vertex  2.030998e+02 -7.465000e+01  0.000000e+00
     vertex  2.030521e+02 -7.471213e+01  1.510000e+00
     vertex  2.030998e+02 -7.465000e+01  1.510000e+00
   endloop
 endfacet
 facet normal -7.933533e-01  6.087614e-01  0.000000e+00
   outer loop
     vertex  2.030998e+02 -7.465000e+01  0.000000e+00
     vertex  2.030521e+02 -7.471213e+01  0.000000e+00
     vertex  2.030521e+02 -7.471213e+01  1.510000e+00
   endloop
 endfacet
 facet normal -9.238795e-01  3.826834e-01  0.000000e+00
   outer loop
     vertex  2.031298e+02 -7.457765e+01  0.000000e+00
     vertex  2.030998e+02 -7.465000e+01  1.510000e+00
     vertex  2.031298e+02 -7.457765e+01  1.510000e+00
   endloop
 endfacet
 facet normal -9.238795e-01  3.826834e-01  0.000000e+00
   outer loop
     vertex  2.031298e+02 -7.457765e+01  0.000000e+00
     vertex  2.030998e+02 -7.465000e+01  0.000000e+00
     vertex  2.030998e+02 -7.465000e+01  1.510000e+00
   endloop
 endfacet
 facet normal -9.914449e-01  1.305262e-01  0.000000e+00
   outer loop
     vertex  2.031400e+02 -7.450000e+01  0.000000e+00
     vertex  2.031298e+02 -7.457765e+01  1.510000e+00
     vertex  2.031400e+02 -7.450000e+01  1.510000e+00
   endloop
 endfacet
 facet normal -9.914449e-01  1.305262e-01  0.000000e+00
   outer loop
     vertex  2.031400e+02 -7.450000e+01  0.000000e+00
     vertex  2.031298e+02 -7.457765e+01  0.000000e+00
     vertex  2.031298e+02 -7.457765e+01  1.510000e+00
   endloop
 endfacet
 facet normal -9.914449e-01 -1.305262e-01  0.000000e+00
   outer loop
     vertex  2.031298e+02 -7.442236e+01  0.000000e+00
     vertex  2.031400e+02 -7.450000e+01  1.510000e+00
     vertex  2.031298e+02 -7.442236e+01  1.510000e+00
   endloop
 endfacet
 facet normal -9.914449e-01 -1.305262e-01  0.000000e+00
   outer loop
     vertex  2.031298e+02 -7.442236e+01  0.000000e+00
     vertex  2.031400e+02 -7.450000e+01  0.000000e+00
     vertex  2.031400e+02 -7.450000e+01  1.510000e+00
   endloop
 endfacet
 facet normal -9.238795e-01 -3.826834e-01  0.000000e+00
   outer loop
     vertex  2.030998e+02 -7.435000e+01  0.000000e+00
     vertex  2.031298e+02 -7.442236e+01  1.510000e+00
     vertex  2.030998e+02 -7.435000e+01  1.510000e+00
   endloop
 endfacet
 facet normal -9.238795e-01 -3.826834e-01  0.000000e+00
   outer loop
     vertex  2.030998e+02 -7.435000e+01  0.000000e+00
     vertex  2.031298e+02 -7.442236e+01  0.000000e+00
     vertex  2.031298e+02 -7.442236e+01  1.510000e+00
   endloop
 endfacet
 facet normal -6.087614e-01 -7.933533e-01  0.000000e+00
   outer loop
     vertex  2.030521e+02 -7.428787e+01  0.000000e+00
     vertex  2.030521e+02 -7.428787e+01  1.510000e+00
     vertex  2.029900e+02 -7.424019e+01  1.510000e+00
   endloop
 endfacet
 facet normal -7.933533e-01 -6.087614e-01  0.000000e+00
   outer loop
     vertex  2.030521e+02 -7.428787e+01  0.000000e+00
     vertex  2.030998e+02 -7.435000e+01  1.510000e+00
     vertex  2.030521e+02 -7.428787e+01  1.510000e+00
   endloop
 endfacet
 facet normal -7.933533e-01 -6.087614e-01  0.000000e+00
   outer loop
     vertex  2.030521e+02 -7.428787e+01  0.000000e+00
     vertex  2.030998e+02 -7.435000e+01  0.000000e+00
     vertex  2.030998e+02 -7.435000e+01  1.510000e+00
   endloop
 endfacet
 facet normal -6.087614e-01 -7.933533e-01  0.000000e+00
   outer loop
     vertex  2.029900e+02 -7.424019e+01  0.000000e+00
     vertex  2.030521e+02 -7.428787e+01  0.000000e+00
     vertex  2.029900e+02 -7.424019e+01  1.510000e+00
   endloop
 endfacet
 facet normal -3.826834e-01 -9.238795e-01  0.000000e+00
   outer loop
     vertex  2.029176e+02 -7.421022e+01  0.000000e+00
     vertex  2.029900e+02 -7.424019e+01  1.510000e+00
     vertex  2.029176e+02 -7.421022e+01  1.510000e+00
   endloop
 endfacet
 facet normal -3.826834e-01 -9.238795e-01  0.000000e+00
   outer loop
     vertex  2.029176e+02 -7.421022e+01  0.000000e+00
     vertex  2.029900e+02 -7.424019e+01  0.000000e+00
     vertex  2.029900e+02 -7.424019e+01  1.510000e+00
   endloop
 endfacet
 facet normal -1.305262e-01 -9.914449e-01  0.000000e+00
   outer loop
     vertex  2.028400e+02 -7.420000e+01  0.000000e+00
     vertex  2.029176e+02 -7.421022e+01  1.510000e+00
     vertex  2.028400e+02 -7.420000e+01  1.510000e+00
   endloop
 endfacet
 facet normal -1.305262e-01 -9.914449e-01  0.000000e+00
   outer loop
     vertex  2.028400e+02 -7.420000e+01  0.000000e+00
     vertex  2.029176e+02 -7.421022e+01  0.000000e+00
     vertex  2.029176e+02 -7.421022e+01  1.510000e+00
   endloop
 endfacet
 facet normal  0.000000e+00 -1.000000e+00  0.000000e+00
   outer loop
     vertex  2.017400e+02 -7.420000e+01  0.000000e+00
     vertex  2.028400e+02 -7.420000e+01  0.000000e+00
     vertex  2.028400e+02 -7.420000e+01  1.510000e+00
   endloop
 endfacet
 facet normal  0.000000e+00 -1.000000e+00  0.000000e+00
   outer loop
     vertex  2.017400e+02 -7.420000e+01  0.000000e+00
     vertex  2.028400e+02 -7.420000e+01  1.510000e+00
     vertex  2.017400e+02 -7.420000e+01  1.510000e+00
   endloop
 endfacet
 facet normal  1.305262e-01 -9.914449e-01  0.000000e+00
   outer loop
     vertex  2.016624e+02 -7.421022e+01  0.000000e+00
     vertex  2.017400e+02 -7.420000e+01  0.000000e+00
     vertex  2.017400e+02 -7.420000e+01  1.510000e+00
   endloop
 endfacet
 facet normal  1.305262e-01 -9.914449e-01  0.000000e+00
   outer loop
     vertex  2.016624e+02 -7.421022e+01  0.000000e+00
     vertex  2.017400e+02 -7.420000e+01  1.510000e+00
     vertex  2.016624e+02 -7.421022e+01  1.510000e+00
   endloop
 endfacet
 facet normal  3.826834e-01 -9.238795e-01  0.000000e+00
   outer loop
     vertex  2.015900e+02 -7.424019e+01  0.000000e+00
     vertex  2.016624e+02 -7.421022e+01  1.510000e+00
     vertex  2.015900e+02 -7.424019e+01  1.510000e+00
   endloop
 endfacet
 facet normal  3.826834e-01 -9.238795e-01  0.000000e+00
   outer loop
     vertex  2.015900e+02 -7.424019e+01  0.000000e+00
     vertex  2.016624e+02 -7.421022e+01  0.000000e+00
     vertex  2.016624e+02 -7.421022e+01  1.510000e+00
   endloop
 endfacet
 facet normal  6.087614e-01 -7.933533e-01  0.000000e+00
   outer loop
     vertex  2.015279e+02 -7.428787e+01  0.000000e+00
     vertex  2.015900e+02 -7.424019e+01  1.510000e+00
     vertex  2.015279e+02 -7.428787e+01  1.510000e+00
   endloop
 endfacet
 facet normal  6.087614e-01 -7.933533e-01  0.000000e+00
   outer loop
     vertex  2.015279e+02 -7.428787e+01  0.000000e+00
     vertex  2.015900e+02 -7.424019e+01  0.000000e+00
     vertex  2.015900e+02 -7.424019e+01  1.510000e+00
   endloop
 endfacet
 facet normal  7.933533e-01 -6.087614e-01  0.000000e+00
   outer loop
     vertex  2.014802e+02 -7.435000e+01  0.000000e+00
     vertex  2.015279e+02 -7.428787e+01  1.510000e+00
     vertex  2.014802e+02 -7.435000e+01  1.510000e+00
   endloop
 endfacet
 facet normal  7.933533e-01 -6.087614e-01  0.000000e+00
   outer loop
     vertex  2.014802e+02 -7.435000e+01  0.000000e+00
     vertex  2.015279e+02 -7.428787e+01  0.000000e+00
     vertex  2.015279e+02 -7.428787e+01  1.510000e+00
   endloop
 endfacet
 facet normal  9.238795e-01 -3.826834e-01  0.000000e+00
   outer loop
     vertex  2.014502e+02 -7.442236e+01  0.000000e+00
     vertex  2.014802e+02 -7.435000e+01  1.510000e+00
     vertex  2.014502e+02 -7.442236e+01  1.510000e+00
   endloop
 endfacet
 facet normal  9.238795e-01 -3.826834e-01  0.000000e+00
   outer loop
     vertex  2.014502e+02 -7.442236e+01  0.000000e+00
     vertex  2.014802e+02 -7.435000e+01  0.000000e+00
     vertex  2.014802e+02 -7.435000e+01  1.510000e+00
   endloop
 endfacet
 facet normal  9.914449e-01 -1.305262e-01  0.000000e+00
   outer loop
     vertex  2.014400e+02 -7.450000e+01  0.000000e+00
     vertex  2.014502e+02 -7.442236e+01  1.510000e+00
     vertex  2.014400e+02 -7.450000e+01  1.510000e+00
   endloop
 endfacet
 facet normal  9.914449e-01 -1.305262e-01  0.000000e+00
   outer loop
     vertex  2.014400e+02 -7.450000e+01  0.000000e+00
     vertex  2.014502e+02 -7.442236e+01  0.000000e+00
     vertex  2.014502e+02 -7.442236e+01  1.510000e+00
   endloop
 endfacet
 facet normal  9.914449e-01  1.305262e-01 -0.000000e+00
   outer loop
     vertex  2.014502e+02 -7.457765e+01  0.000000e+00
     vertex  2.014400e+02 -7.450000e+01  1.510000e+00
     vertex  2.014502e+02 -7.457765e+01  1.510000e+00
   endloop
 endfacet
 facet normal  9.914449e-01  1.305262e-01  0.000000e+00
   outer loop
     vertex  2.014502e+02 -7.457765e+01  0.000000e+00
     vertex  2.014400e+02 -7.450000e+01  0.000000e+00
     vertex  2.014400e+02 -7.450000e+01  1.510000e+00
   endloop
 endfacet
 facet normal  9.238795e-01  3.826834e-01 -0.000000e+00
   outer loop
     vertex  2.014802e+02 -7.465000e+01  0.000000e+00
     vertex  2.014502e+02 -7.457765e+01  1.510000e+00
     vertex  2.014802e+02 -7.465000e+01  1.510000e+00
   endloop
 endfacet
 facet normal  9.238795e-01  3.826834e-01  0.000000e+00
   outer loop
     vertex  2.014802e+02 -7.465000e+01  0.000000e+00
     vertex  2.014502e+02 -7.457765e+01  0.000000e+00
     vertex  2.014502e+02 -7.457765e+01  1.510000e+00
   endloop
 endfacet
 facet normal  6.087614e-01  7.933533e-01 -0.000000e+00
   outer loop
     vertex  2.015279e+02 -7.471213e+01  0.000000e+00
     vertex  2.015279e+02 -7.471213e+01  1.510000e+00
     vertex  2.015900e+02 -7.475981e+01  1.510000e+00
   endloop
 endfacet
 facet normal  7.933533e-01  6.087614e-01 -0.000000e+00
   outer loop
     vertex  2.015279e+02 -7.471213e+01  0.000000e+00
     vertex  2.014802e+02 -7.465000e+01  1.510000e+00
     vertex  2.015279e+02 -7.471213e+01  1.510000e+00
   endloop
 endfacet
 facet normal  7.933533e-01  6.087614e-01  0.000000e+00
   outer loop
     vertex  2.015279e+02 -7.471213e+01  0.000000e+00
     vertex  2.014802e+02 -7.465000e+01  0.000000e+00
     vertex  2.014802e+02 -7.465000e+01  1.510000e+00
   endloop
 endfacet
 facet normal  6.087614e-01  7.933533e-01 -0.000000e+00
   outer loop
     vertex  2.015900e+02 -7.475981e+01  0.000000e+00
     vertex  2.015279e+02 -7.471213e+01  0.000000e+00
     vertex  2.015900e+02 -7.475981e+01  1.510000e+00
   endloop
 endfacet
 facet normal  3.826834e-01  9.238795e-01 -0.000000e+00
   outer loop
     vertex  2.016624e+02 -7.478978e+01  0.000000e+00
     vertex  2.015900e+02 -7.475981e+01  1.510000e+00
     vertex  2.016624e+02 -7.478978e+01  1.510000e+00
   endloop
 endfacet
 facet normal  3.826834e-01  9.238795e-01  0.000000e+00
   outer loop
     vertex  2.016624e+02 -7.478978e+01  0.000000e+00
     vertex  2.015900e+02 -7.475981e+01  0.000000e+00
     vertex  2.015900e+02 -7.475981e+01  1.510000e+00
   endloop
 endfacet
 facet normal  1.305262e-01  9.914449e-01 -0.000000e+00
   outer loop
     vertex  2.017400e+02 -7.480000e+01  0.000000e+00
     vertex  2.016624e+02 -7.478978e+01  1.510000e+00
     vertex  2.017400e+02 -7.480000e+01  1.510000e+00
   endloop
 endfacet
 facet normal  1.305262e-01  9.914449e-01  0.000000e+00
   outer loop
     vertex  2.017400e+02 -7.480000e+01  0.000000e+00
     vertex  2.016624e+02 -7.478978e+01  0.000000e+00
     vertex  2.016624e+02 -7.478978e+01  1.510000e+00
   endloop
 endfacet
 facet normal  0.000000e+00  1.000000e+00  0.000000e+00
   outer loop
     vertex  2.028400e+02 -7.480000e+01  0.000000e+00
     vertex  2.017400e+02 -7.480000e+01  0.000000e+00
     vertex  2.017400e+02 -7.480000e+01  1.510000e+00
   endloop
 endfacet
 facet normal  0.000000e+00  1.000000e+00 -0.000000e+00
   outer loop
     vertex  2.028400e+02 -7.480000e+01  0.000000e+00
     vertex  2.017400e+02 -7.480000e+01  1.510000e+00
     vertex  2.028400e+02 -7.480000e+01  1.510000e+00
   endloop
 endfacet
 facet normal -1.305262e-01  9.914449e-01  0.000000e+00
   outer loop
     vertex  2.069476e+02 -7.478978e+01  0.000000e+00
     vertex  2.068700e+02 -7.480000e+01  0.000000e+00
     vertex  2.068700e+02 -7.480000e+01  1.510000e+00
   endloop
 endfacet
 facet normal -1.305262e-01  9.914449e-01  0.000000e+00
   outer loop
     vertex  2.069476e+02 -7.478978e+01  0.000000e+00
     vertex  2.068700e+02 -7.480000e+01  1.510000e+00
     vertex  2.069476e+02 -7.478978e+01  1.510000e+00
   endloop
 endfacet
 facet normal -3.826834e-01  9.238795e-01  0.000000e+00
   outer loop
     vertex  2.070200e+02 -7.475981e+01  0.000000e+00
     vertex  2.069476e+02 -7.478978e+01  1.510000e+00
     vertex  2.070200e+02 -7.475981e+01  1.510000e+00
   endloop
 endfacet
 facet normal -3.826834e-01  9.238795e-01  0.000000e+00
   outer loop
     vertex  2.070200e+02 -7.475981e+01  0.000000e+00
     vertex  2.069476e+02 -7.478978e+01  0.000000e+00
     vertex  2.069476e+02 -7.478978e+01  1.510000e+00
   endloop
 endfacet
 facet normal -6.087614e-01  7.933533e-01  0.000000e+00
   outer loop
     vertex  2.070821e+02 -7.471213e+01  0.000000e+00
     vertex  2.070200e+02 -7.475981e+01  1.510000e+00
     vertex  2.070821e+02 -7.471213e+01  1.510000e+00
   endloop
 endfacet
 facet normal -6.087614e-01  7.933533e-01  0.000000e+00
   outer loop
     vertex  2.070821e+02 -7.471213e+01  0.000000e+00
     vertex  2.070200e+02 -7.475981e+01  0.000000e+00
     vertex  2.070200e+02 -7.475981e+01  1.510000e+00
   endloop
 endfacet
 facet normal -7.933533e-01  6.087614e-01  0.000000e+00
   outer loop
     vertex  2.071298e+02 -7.465000e+01  0.000000e+00
     vertex  2.070821e+02 -7.471213e+01  1.510000e+00
     vertex  2.071298e+02 -7.465000e+01  1.510000e+00
   endloop
 endfacet
 facet normal -7.933533e-01  6.087614e-01  0.000000e+00
   outer loop
     vertex  2.071298e+02 -7.465000e+01  0.000000e+00
     vertex  2.070821e+02 -7.471213e+01  0.000000e+00
     vertex  2.070821e+02 -7.471213e+01  1.510000e+00
   endloop
 endfacet
 facet normal -9.238795e-01  3.826834e-01  0.000000e+00
   outer loop
     vertex  2.071598e+02 -7.457765e+01  0.000000e+00
     vertex  2.071298e+02 -7.465000e+01  1.510000e+00
     vertex  2.071598e+02 -7.457765e+01  1.510000e+00
   endloop
 endfacet
 facet normal -9.238795e-01  3.826834e-01  0.000000e+00
   outer loop
     vertex  2.071598e+02 -7.457765e+01  0.000000e+00
     vertex  2.071298e+02 -7.465000e+01  0.000000e+00
     vertex  2.071298e+02 -7.465000e+01  1.510000e+00
   endloop
 endfacet
 facet normal -9.914449e-01  1.305262e-01  0.000000e+00
   outer loop
     vertex  2.071700e+02 -7.450000e+01  0.000000e+00
     vertex  2.071598e+02 -7.457765e+01  1.510000e+00
     vertex  2.071700e+02 -7.450000e+01  1.510000e+00
   endloop
 endfacet
 facet normal -9.914449e-01  1.305262e-01  0.000000e+00
   outer loop
     vertex  2.071700e+02 -7.450000e+01  0.000000e+00
     vertex  2.071598e+02 -7.457765e+01  0.000000e+00
     vertex  2.071598e+02 -7.457765e+01  1.510000e+00
   endloop
 endfacet
 facet normal -9.914449e-01 -1.305262e-01  0.000000e+00
   outer loop
     vertex  2.071598e+02 -7.442236e+01  0.000000e+00
     vertex  2.071700e+02 -7.450000e+01  1.510000e+00
     vertex  2.071598e+02 -7.442236e+01  1.510000e+00
   endloop
 endfacet
 facet normal -9.914449e-01 -1.305262e-01  0.000000e+00
   outer loop
     vertex  2.071598e+02 -7.442236e+01  0.000000e+00
     vertex  2.071700e+02 -7.450000e+01  0.000000e+00
     vertex  2.071700e+02 -7.450000e+01  1.510000e+00
   endloop
 endfacet
 facet normal -9.238795e-01 -3.826834e-01  0.000000e+00
   outer loop
     vertex  2.071298e+02 -7.435000e+01  0.000000e+00
     vertex  2.071598e+02 -7.442236e+01  1.510000e+00
     vertex  2.071298e+02 -7.435000e+01  1.510000e+00
   endloop
 endfacet
 facet normal -9.238795e-01 -3.826834e-01  0.000000e+00
   outer loop
     vertex  2.071298e+02 -7.435000e+01  0.000000e+00
     vertex  2.071598e+02 -7.442236e+01  0.000000e+00
     vertex  2.071598e+02 -7.442236e+01  1.510000e+00
   endloop
 endfacet
 facet normal -6.087614e-01 -7.933533e-01  0.000000e+00
   outer loop
     vertex  2.070821e+02 -7.428787e+01  0.000000e+00
     vertex  2.070821e+02 -7.428787e+01  1.510000e+00
     vertex  2.070200e+02 -7.424019e+01  1.510000e+00
   endloop
 endfacet
 facet normal -7.933533e-01 -6.087614e-01  0.000000e+00
   outer loop
     vertex  2.070821e+02 -7.428787e+01  0.000000e+00
     vertex  2.071298e+02 -7.435000e+01  1.510000e+00
     vertex  2.070821e+02 -7.428787e+01  1.510000e+00
   endloop
 endfacet
 facet normal -7.933533e-01 -6.087614e-01  0.000000e+00
   outer loop
     vertex  2.070821e+02 -7.428787e+01  0.000000e+00
     vertex  2.071298e+02 -7.435000e+01  0.000000e+00
     vertex  2.071298e+02 -7.435000e+01  1.510000e+00
   endloop
 endfacet
 facet normal -6.087614e-01 -7.933533e-01  0.000000e+00
   outer loop
     vertex  2.070200e+02 -7.424019e+01  0.000000e+00
     vertex  2.070821e+02 -7.428787e+01  0.000000e+00
     vertex  2.070200e+02 -7.424019e+01  1.510000e+00
   endloop
 endfacet
 facet normal -3.826834e-01 -9.238795e-01  0.000000e+00
   outer loop
     vertex  2.069476e+02 -7.421022e+01  0.000000e+00
     vertex  2.070200e+02 -7.424019e+01  1.510000e+00
     vertex  2.069476e+02 -7.421022e+01  1.510000e+00
   endloop
 endfacet
 facet normal -3.826834e-01 -9.238795e-01  0.000000e+00
   outer loop
     vertex  2.069476e+02 -7.421022e+01  0.000000e+00
     vertex  2.070200e+02 -7.424019e+01  0.000000e+00
     vertex  2.070200e+02 -7.424019e+01  1.510000e+00
   endloop
 endfacet
 facet normal -1.305262e-01 -9.914449e-01  0.000000e+00
   outer loop
     vertex  2.068700e+02 -7.420000e+01  0.000000e+00
     vertex  2.069476e+02 -7.421022e+01  1.510000e+00
     vertex  2.068700e+02 -7.420000e+01  1.510000e+00
   endloop
 endfacet
 facet normal -1.305262e-01 -9.914449e-01  0.000000e+00
   outer loop
     vertex  2.068700e+02 -7.420000e+01  0.000000e+00
     vertex  2.069476e+02 -7.421022e+01  0.000000e+00
     vertex  2.069476e+02 -7.421022e+01  1.510000e+00
   endloop
 endfacet
 facet normal  0.000000e+00 -1.000000e+00  0.000000e+00
   outer loop
     vertex  2.060700e+02 -7.420000e+01  0.000000e+00
     vertex  2.068700e+02 -7.420000e+01  0.000000e+00
     vertex  2.068700e+02 -7.420000e+01  1.510000e+00
   endloop
 endfacet
 facet normal  0.000000e+00 -1.000000e+00  0.000000e+00
   outer loop
     vertex  2.060700e+02 -7.420000e+01  0.000000e+00
     vertex  2.068700e+02 -7.420000e+01  1.510000e+00
     vertex  2.060700e+02 -7.420000e+01  1.510000e+00
   endloop
 endfacet
 facet normal  1.305262e-01 -9.914449e-01  0.000000e+00
   outer loop
     vertex  2.059924e+02 -7.421022e+01  0.000000e+00
     vertex  2.060700e+02 -7.420000e+01  0.000000e+00
     vertex  2.060700e+02 -7.420000e+01  1.510000e+00
   endloop
 endfacet
 facet normal  1.305262e-01 -9.914449e-01  0.000000e+00
   outer loop
     vertex  2.059924e+02 -7.421022e+01  0.000000e+00
     vertex  2.060700e+02 -7.420000e+01  1.510000e+00
     vertex  2.059924e+02 -7.421022e+01  1.510000e+00
   endloop
 endfacet
 facet normal  3.826834e-01 -9.238795e-01  0.000000e+00
   outer loop
     vertex  2.059200e+02 -7.424019e+01  0.000000e+00
     vertex  2.059924e+02 -7.421022e+01  1.510000e+00
     vertex  2.059200e+02 -7.424019e+01  1.510000e+00
   endloop
 endfacet
 facet normal  3.826834e-01 -9.238795e-01  0.000000e+00
   outer loop
     vertex  2.059200e+02 -7.424019e+01  0.000000e+00
     vertex  2.059924e+02 -7.421022e+01  0.000000e+00
     vertex  2.059924e+02 -7.421022e+01  1.510000e+00
   endloop
 endfacet
 facet normal  6.087614e-01 -7.933533e-01  0.000000e+00
   outer loop
     vertex  2.058579e+02 -7.428787e+01  0.000000e+00
     vertex  2.059200e+02 -7.424019e+01  1.510000e+00
     vertex  2.058579e+02 -7.428787e+01  1.510000e+00
   endloop
 endfacet
 facet normal  6.087614e-01 -7.933533e-01  0.000000e+00
   outer loop
     vertex  2.058579e+02 -7.428787e+01  0.000000e+00
     vertex  2.059200e+02 -7.424019e+01  0.000000e+00
     vertex  2.059200e+02 -7.424019e+01  1.510000e+00
   endloop
 endfacet
 facet normal  7.933533e-01 -6.087614e-01  0.000000e+00
   outer loop
     vertex  2.058102e+02 -7.435000e+01  0.000000e+00
     vertex  2.058579e+02 -7.428787e+01  1.510000e+00
     vertex  2.058102e+02 -7.435000e+01  1.510000e+00
   endloop
 endfacet
 facet normal  7.933533e-01 -6.087614e-01  0.000000e+00
   outer loop
     vertex  2.058102e+02 -7.435000e+01  0.000000e+00
     vertex  2.058579e+02 -7.428787e+01  0.000000e+00
     vertex  2.058579e+02 -7.428787e+01  1.510000e+00
   endloop
 endfacet
 facet normal  9.238795e-01 -3.826834e-01  0.000000e+00
   outer loop
     vertex  2.057802e+02 -7.442236e+01  0.000000e+00
     vertex  2.058102e+02 -7.435000e+01  1.510000e+00
     vertex  2.057802e+02 -7.442236e+01  1.510000e+00
   endloop
 endfacet
 facet normal  9.238795e-01 -3.826834e-01  0.000000e+00
   outer loop
     vertex  2.057802e+02 -7.442236e+01  0.000000e+00
     vertex  2.058102e+02 -7.435000e+01  0.000000e+00
     vertex  2.058102e+02 -7.435000e+01  1.510000e+00
   endloop
 endfacet
 facet normal  9.914449e-01 -1.305262e-01  0.000000e+00
   outer loop
     vertex  2.057700e+02 -7.450000e+01  0.000000e+00
     vertex  2.057802e+02 -7.442236e+01  1.510000e+00
     vertex  2.057700e+02 -7.450000e+01  1.510000e+00
   endloop
 endfacet
 facet normal  9.914449e-01 -1.305262e-01  0.000000e+00
   outer loop
     vertex  2.057700e+02 -7.450000e+01  0.000000e+00
     vertex  2.057802e+02 -7.442236e+01  0.000000e+00
     vertex  2.057802e+02 -7.442236e+01  1.510000e+00
   endloop
 endfacet
 facet normal  9.238795e-01  3.826834e-01 -0.000000e+00
   outer loop
     vertex  2.057802e+02 -7.457765e+01  0.000000e+00
     vertex  2.057802e+02 -7.457765e+01  1.510000e+00
     vertex  2.058102e+02 -7.465000e+01  1.510000e+00
   endloop
 endfacet
 facet normal  9.914449e-01  1.305262e-01 -0.000000e+00
   outer loop
     vertex  2.057802e+02 -7.457765e+01  0.000000e+00
     vertex  2.057700e+02 -7.450000e+01  1.510000e+00
     vertex  2.057802e+02 -7.457765e+01  1.510000e+00
   endloop
 endfacet
 facet normal  9.914449e-01  1.305262e-01  0.000000e+00
   outer loop
     vertex  2.057802e+02 -7.457765e+01  0.000000e+00
     vertex  2.057700e+02 -7.450000e+01  0.000000e+00
     vertex  2.057700e+02 -7.450000e+01  1.510000e+00
   endloop
 endfacet
 facet normal  9.238795e-01  3.826834e-01 -0.000000e+00
   outer loop
     vertex  2.058102e+02 -7.465000e+01  0.000000e+00
     vertex  2.057802e+02 -7.457765e+01  0.000000e+00
     vertex  2.058102e+02 -7.465000e+01  1.510000e+00
   endloop
 endfacet
 facet normal  7.933533e-01  6.087614e-01 -0.000000e+00
   outer loop
     vertex  2.058579e+02 -7.471213e+01  0.000000e+00
     vertex  2.058102e+02 -7.465000e+01  1.510000e+00
     vertex  2.058579e+02 -7.471213e+01  1.510000e+00
   endloop
 endfacet
 facet normal  7.933533e-01  6.087614e-01  0.000000e+00
   outer loop
     vertex  2.058579e+02 -7.471213e+01  0.000000e+00
     vertex  2.058102e+02 -7.465000e+01  0.000000e+00
     vertex  2.058102e+02 -7.465000e+01  1.510000e+00
   endloop
 endfacet
 facet normal  6.087614e-01  7.933533e-01 -0.000000e+00
   outer loop
     vertex  2.059200e+02 -7.475981e+01  0.000000e+00
     vertex  2.058579e+02 -7.471213e+01  1.510000e+00
     vertex  2.059200e+02 -7.475981e+01  1.510000e+00
   endloop
 endfacet
 facet normal  6.087614e-01  7.933533e-01  0.000000e+00
   outer loop
     vertex  2.059200e+02 -7.475981e+01  0.000000e+00
     vertex  2.058579e+02 -7.471213e+01  0.000000e+00
     vertex  2.058579e+02 -7.471213e+01  1.510000e+00
   endloop
 endfacet
 facet normal  3.826834e-01  9.238795e-01 -0.000000e+00
   outer loop
     vertex  2.059924e+02 -7.478978e+01  0.000000e+00
     vertex  2.059200e+02 -7.475981e+01  1.510000e+00
     vertex  2.059924e+02 -7.478978e+01  1.510000e+00
   endloop
 endfacet
 facet normal  3.826834e-01  9.238795e-01  0.000000e+00
   outer loop
     vertex  2.059924e+02 -7.478978e+01  0.000000e+00
     vertex  2.059200e+02 -7.475981e+01  0.000000e+00
     vertex  2.059200e+02 -7.475981e+01  1.510000e+00
   endloop
 endfacet
 facet normal  1.305262e-01  9.914449e-01 -0.000000e+00
   outer loop
     vertex  2.060700e+02 -7.480000e+01  0.000000e+00
     vertex  2.059924e+02 -7.478978e+01  1.510000e+00
     vertex  2.060700e+02 -7.480000e+01  1.510000e+00
   endloop
 endfacet
 facet normal  1.305262e-01  9.914449e-01  0.000000e+00
   outer loop
     vertex  2.060700e+02 -7.480000e+01  0.000000e+00
     vertex  2.059924e+02 -7.478978e+01  0.000000e+00
     vertex  2.059924e+02 -7.478978e+01  1.510000e+00
   endloop
 endfacet
 facet normal  0.000000e+00  1.000000e+00  0.000000e+00
   outer loop
     vertex  2.068700e+02 -7.480000e+01  0.000000e+00
     vertex  2.060700e+02 -7.480000e+01  0.000000e+00
     vertex  2.060700e+02 -7.480000e+01  1.510000e+00
   endloop
 endfacet
 facet normal  0.000000e+00  1.000000e+00 -0.000000e+00
   outer loop
     vertex  2.068700e+02 -7.480000e+01  0.000000e+00
     vertex  2.060700e+02 -7.480000e+01  1.510000e+00
     vertex  2.068700e+02 -7.480000e+01  1.510000e+00
   endloop
 endfacet
 facet normal -1.305262e-01  9.914449e-01  0.000000e+00
   outer loop
     vertex  2.028741e+02 -7.338393e+01  0.000000e+00
     vertex  2.027900e+02 -7.339500e+01  0.000000e+00
     vertex  2.027900e+02 -7.339500e+01  1.510000e+00
   endloop
 endfacet
 facet normal -1.305262e-01  9.914449e-01  0.000000e+00
   outer loop
     vertex  2.028741e+02 -7.338393e+01  0.000000e+00
     vertex  2.027900e+02 -7.339500e+01  1.510000e+00
     vertex  2.028741e+02 -7.338393e+01  1.510000e+00
   endloop
 endfacet
 facet normal -3.826834e-01  9.238795e-01  0.000000e+00
   outer loop
     vertex  2.029525e+02 -7.335146e+01  0.000000e+00
     vertex  2.028741e+02 -7.338393e+01  1.510000e+00
     vertex  2.029525e+02 -7.335146e+01  1.510000e+00
   endloop
 endfacet
 facet normal -3.826834e-01  9.238795e-01  0.000000e+00
   outer loop
     vertex  2.029525e+02 -7.335146e+01  0.000000e+00
     vertex  2.028741e+02 -7.338393e+01  0.000000e+00
     vertex  2.028741e+02 -7.338393e+01  1.510000e+00
   endloop
 endfacet
 facet normal -6.087614e-01  7.933533e-01  0.000000e+00
   outer loop
     vertex  2.030198e+02 -7.329981e+01  0.000000e+00
     vertex  2.029525e+02 -7.335146e+01  1.510000e+00
     vertex  2.030198e+02 -7.329981e+01  1.510000e+00
   endloop
 endfacet
 facet normal -6.087614e-01  7.933533e-01  0.000000e+00
   outer loop
     vertex  2.030198e+02 -7.329981e+01  0.000000e+00
     vertex  2.029525e+02 -7.335146e+01  0.000000e+00
     vertex  2.029525e+02 -7.335146e+01  1.510000e+00
   endloop
 endfacet
 facet normal -7.933533e-01  6.087614e-01  0.000000e+00
   outer loop
     vertex  2.030715e+02 -7.323250e+01  0.000000e+00
     vertex  2.030198e+02 -7.329981e+01  1.510000e+00
     vertex  2.030715e+02 -7.323250e+01  1.510000e+00
   endloop
 endfacet
 facet normal -7.933533e-01  6.087614e-01  0.000000e+00
   outer loop
     vertex  2.030715e+02 -7.323250e+01  0.000000e+00
     vertex  2.030198e+02 -7.329981e+01  0.000000e+00
     vertex  2.030198e+02 -7.329981e+01  1.510000e+00
   endloop
 endfacet
 facet normal -9.238795e-01  3.826834e-01  0.000000e+00
   outer loop
     vertex  2.031039e+02 -7.315412e+01  0.000000e+00
     vertex  2.030715e+02 -7.323250e+01  1.510000e+00
     vertex  2.031039e+02 -7.315412e+01  1.510000e+00
   endloop
 endfacet
 facet normal -9.238795e-01  3.826834e-01  0.000000e+00
   outer loop
     vertex  2.031039e+02 -7.315412e+01  0.000000e+00
     vertex  2.030715e+02 -7.323250e+01  0.000000e+00
     vertex  2.030715e+02 -7.323250e+01  1.510000e+00
   endloop
 endfacet
 facet normal -9.914449e-01  1.305262e-01  0.000000e+00
   outer loop
     vertex  2.031150e+02 -7.307000e+01  0.000000e+00
     vertex  2.031039e+02 -7.315412e+01  1.510000e+00
     vertex  2.031150e+02 -7.307000e+01  1.510000e+00
   endloop
 endfacet
 facet normal -9.914449e-01  1.305262e-01  0.000000e+00
   outer loop
     vertex  2.031150e+02 -7.307000e+01  0.000000e+00
     vertex  2.031039e+02 -7.315412e+01  0.000000e+00
     vertex  2.031039e+02 -7.315412e+01  1.510000e+00
   endloop
 endfacet
 facet normal -9.914449e-01 -1.305262e-01  0.000000e+00
   outer loop
     vertex  2.031039e+02 -7.298588e+01  0.000000e+00
     vertex  2.031150e+02 -7.307000e+01  1.510000e+00
     vertex  2.031039e+02 -7.298588e+01  1.510000e+00
   endloop
 endfacet
 facet normal -9.914449e-01 -1.305262e-01  0.000000e+00
   outer loop
     vertex  2.031039e+02 -7.298588e+01  0.000000e+00
     vertex  2.031150e+02 -7.307000e+01  0.000000e+00
     vertex  2.031150e+02 -7.307000e+01  1.510000e+00
   endloop
 endfacet
 facet normal -9.238795e-01 -3.826834e-01  0.000000e+00
   outer loop
     vertex  2.030715e+02 -7.290750e+01  0.000000e+00
     vertex  2.031039e+02 -7.298588e+01  1.510000e+00
     vertex  2.030715e+02 -7.290750e+01  1.510000e+00
   endloop
 endfacet
 facet normal -9.238795e-01 -3.826834e-01  0.000000e+00
   outer loop
     vertex  2.030715e+02 -7.290750e+01  0.000000e+00
     vertex  2.031039e+02 -7.298588e+01  0.000000e+00
     vertex  2.031039e+02 -7.298588e+01  1.510000e+00
   endloop
 endfacet
 facet normal -7.933533e-01 -6.087614e-01  0.000000e+00
   outer loop
     vertex  2.030198e+02 -7.284019e+01  0.000000e+00
     vertex  2.030715e+02 -7.290750e+01  1.510000e+00
     vertex  2.030198e+02 -7.284019e+01  1.510000e+00
   endloop
 endfacet
 facet normal -7.933533e-01 -6.087614e-01  0.000000e+00
   outer loop
     vertex  2.030198e+02 -7.284019e+01  0.000000e+00
     vertex  2.030715e+02 -7.290750e+01  0.000000e+00
     vertex  2.030715e+02 -7.290750e+01  1.510000e+00
   endloop
 endfacet
 facet normal -6.087614e-01 -7.933533e-01  0.000000e+00
   outer loop
     vertex  2.029525e+02 -7.278854e+01  0.000000e+00
     vertex  2.030198e+02 -7.284019e+01  1.510000e+00
     vertex  2.029525e+02 -7.278854e+01  1.510000e+00
   endloop
 endfacet
 facet normal -6.087614e-01 -7.933533e-01  0.000000e+00
   outer loop
     vertex  2.029525e+02 -7.278854e+01  0.000000e+00
     vertex  2.030198e+02 -7.284019e+01  0.000000e+00
     vertex  2.030198e+02 -7.284019e+01  1.510000e+00
   endloop
 endfacet
 facet normal -3.826834e-01 -9.238795e-01  0.000000e+00
   outer loop
     vertex  2.028741e+02 -7.275608e+01  0.000000e+00
     vertex  2.029525e+02 -7.278854e+01  1.510000e+00
     vertex  2.028741e+02 -7.275608e+01  1.510000e+00
   endloop
 endfacet
 facet normal -3.826834e-01 -9.238795e-01  0.000000e+00
   outer loop
     vertex  2.028741e+02 -7.275608e+01  0.000000e+00
     vertex  2.029525e+02 -7.278854e+01  0.000000e+00
     vertex  2.029525e+02 -7.278854e+01  1.510000e+00
   endloop
 endfacet
 facet normal -1.305262e-01 -9.914449e-01  0.000000e+00
   outer loop
     vertex  2.027900e+02 -7.274500e+01  0.000000e+00
     vertex  2.028741e+02 -7.275608e+01  1.510000e+00
     vertex  2.027900e+02 -7.274500e+01  1.510000e+00
   endloop
 endfacet
 facet normal -1.305262e-01 -9.914449e-01  0.000000e+00
   outer loop
     vertex  2.027900e+02 -7.274500e+01  0.000000e+00
     vertex  2.028741e+02 -7.275608e+01  0.000000e+00
     vertex  2.028741e+02 -7.275608e+01  1.510000e+00
   endloop
 endfacet
 facet normal  1.305262e-01 -9.914449e-01  0.000000e+00
   outer loop
     vertex  2.027059e+02 -7.275608e+01  0.000000e+00
     vertex  2.027900e+02 -7.274500e+01  1.510000e+00
     vertex  2.027059e+02 -7.275608e+01  1.510000e+00
   endloop
 endfacet
 facet normal  1.305262e-01 -9.914449e-01  0.000000e+00
   outer loop
     vertex  2.027059e+02 -7.275608e+01  0.000000e+00
     vertex  2.027900e+02 -7.274500e+01  0.000000e+00
     vertex  2.027900e+02 -7.274500e+01  1.510000e+00
   endloop
 endfacet
 facet normal  3.826834e-01 -9.238795e-01  0.000000e+00
   outer loop
     vertex  2.026275e+02 -7.278854e+01  0.000000e+00
     vertex  2.027059e+02 -7.275608e+01  0.000000e+00
     vertex  2.027059e+02 -7.275608e+01  1.510000e+00
   endloop
 endfacet
 facet normal  3.826834e-01 -9.238795e-01  0.000000e+00
   outer loop
     vertex  2.026275e+02 -7.278854e+01  0.000000e+00
     vertex  2.027059e+02 -7.275608e+01  1.510000e+00
     vertex  2.026275e+02 -7.278854e+01  1.510000e+00
   endloop
 endfacet
 facet normal  6.087614e-01 -7.933533e-01  0.000000e+00
   outer loop
     vertex  2.025602e+02 -7.284019e+01  0.000000e+00
     vertex  2.026275e+02 -7.278854e+01  0.000000e+00
     vertex  2.026275e+02 -7.278854e+01  1.510000e+00
   endloop
 endfacet
 facet normal  7.933533e-01 -6.087614e-01  0.000000e+00
   outer loop
     vertex  2.025602e+02 -7.284019e+01  0.000000e+00
     vertex  2.025602e+02 -7.284019e+01  1.510000e+00
     vertex  2.025085e+02 -7.290750e+01  1.510000e+00
   endloop
 endfacet
 facet normal  6.087614e-01 -7.933533e-01  0.000000e+00
   outer loop
     vertex  2.025602e+02 -7.284019e+01  0.000000e+00
     vertex  2.026275e+02 -7.278854e+01  1.510000e+00
     vertex  2.025602e+02 -7.284019e+01  1.510000e+00
   endloop
 endfacet
 facet normal  7.933533e-01 -6.087614e-01  0.000000e+00
   outer loop
     vertex  2.025085e+02 -7.290750e+01  0.000000e+00
     vertex  2.025602e+02 -7.284019e+01  0.000000e+00
     vertex  2.025085e+02 -7.290750e+01  1.510000e+00
   endloop
 endfacet
 facet normal  9.238795e-01 -3.826834e-01  0.000000e+00
   outer loop
     vertex  2.025085e+02 -7.290750e+01  0.000000e+00
     vertex  2.025085e+02 -7.290750e+01  1.510000e+00
     vertex  2.024761e+02 -7.298588e+01  1.510000e+00
   endloop
 endfacet
 facet normal  9.238795e-01 -3.826834e-01  0.000000e+00
   outer loop
     vertex  2.024761e+02 -7.298588e+01  0.000000e+00
     vertex  2.025085e+02 -7.290750e+01  0.000000e+00
     vertex  2.024761e+02 -7.298588e+01  1.510000e+00
   endloop
 endfacet
 facet normal  9.914449e-01 -1.305262e-01  0.000000e+00
   outer loop
     vertex  2.024650e+02 -7.307000e+01  0.000000e+00
     vertex  2.024761e+02 -7.298588e+01  0.000000e+00
     vertex  2.024761e+02 -7.298588e+01  1.510000e+00
   endloop
 endfacet
 facet normal  9.914449e-01 -1.305262e-01  0.000000e+00
   outer loop
     vertex  2.024650e+02 -7.307000e+01  0.000000e+00
     vertex  2.024761e+02 -7.298588e+01  1.510000e+00
     vertex  2.024650e+02 -7.307000e+01  1.510000e+00
   endloop
 endfacet
 facet normal  9.914449e-01  1.305262e-01 -0.000000e+00
   outer loop
     vertex  2.024761e+02 -7.315412e+01  0.000000e+00
     vertex  2.024650e+02 -7.307000e+01  1.510000e+00
     vertex  2.024761e+02 -7.315412e+01  1.510000e+00
   endloop
 endfacet
 facet normal  9.914449e-01  1.305262e-01  0.000000e+00
   outer loop
     vertex  2.024761e+02 -7.315412e+01  0.000000e+00
     vertex  2.024650e+02 -7.307000e+01  0.000000e+00
     vertex  2.024650e+02 -7.307000e+01  1.510000e+00
   endloop
 endfacet
 facet normal  9.238795e-01  3.826834e-01 -0.000000e+00
   outer loop
     vertex  2.025085e+02 -7.323250e+01  0.000000e+00
     vertex  2.024761e+02 -7.315412e+01  1.510000e+00
     vertex  2.025085e+02 -7.323250e+01  1.510000e+00
   endloop
 endfacet
 facet normal  9.238795e-01  3.826834e-01  0.000000e+00
   outer loop
     vertex  2.025085e+02 -7.323250e+01  0.000000e+00
     vertex  2.024761e+02 -7.315412e+01  0.000000e+00
     vertex  2.024761e+02 -7.315412e+01  1.510000e+00
   endloop
 endfacet
 facet normal  6.087614e-01  7.933533e-01 -0.000000e+00
   outer loop
     vertex  2.025602e+02 -7.329981e+01  0.000000e+00
     vertex  2.025602e+02 -7.329981e+01  1.510000e+00
     vertex  2.026275e+02 -7.335146e+01  1.510000e+00
   endloop
 endfacet
 facet normal  7.933533e-01  6.087614e-01 -0.000000e+00
   outer loop
     vertex  2.025602e+02 -7.329981e+01  0.000000e+00
     vertex  2.025085e+02 -7.323250e+01  1.510000e+00
     vertex  2.025602e+02 -7.329981e+01  1.510000e+00
   endloop
 endfacet
 facet normal  7.933533e-01  6.087614e-01  0.000000e+00
   outer loop
     vertex  2.025602e+02 -7.329981e+01  0.000000e+00
     vertex  2.025085e+02 -7.323250e+01  0.000000e+00
     vertex  2.025085e+02 -7.323250e+01  1.510000e+00
   endloop
 endfacet
 facet normal  6.087614e-01  7.933533e-01 -0.000000e+00
   outer loop
     vertex  2.026275e+02 -7.335146e+01  0.000000e+00
     vertex  2.025602e+02 -7.329981e+01  0.000000e+00
     vertex  2.026275e+02 -7.335146e+01  1.510000e+00
   endloop
 endfacet
 facet normal  3.826834e-01  9.238795e-01 -0.000000e+00
   outer loop
     vertex  2.027059e+02 -7.338393e+01  0.000000e+00
     vertex  2.026275e+02 -7.335146e+01  1.510000e+00
     vertex  2.027059e+02 -7.338393e+01  1.510000e+00
   endloop
 endfacet
 facet normal  3.826834e-01  9.238795e-01  0.000000e+00
   outer loop
     vertex  2.027059e+02 -7.338393e+01  0.000000e+00
     vertex  2.026275e+02 -7.335146e+01  0.000000e+00
     vertex  2.026275e+02 -7.335146e+01  1.510000e+00
   endloop
 endfacet
 facet normal  1.305262e-01  9.914449e-01 -0.000000e+00
   outer loop
     vertex  2.027900e+02 -7.339500e+01  0.000000e+00
     vertex  2.027059e+02 -7.338393e+01  1.510000e+00
     vertex  2.027900e+02 -7.339500e+01  1.510000e+00
   endloop
 endfacet
 facet normal  1.305262e-01  9.914449e-01  0.000000e+00
   outer loop
     vertex  2.027900e+02 -7.339500e+01  0.000000e+00
     vertex  2.027059e+02 -7.338393e+01  0.000000e+00
     vertex  2.027059e+02 -7.338393e+01  1.510000e+00
   endloop
 endfacet
 facet normal -1.305262e-01  9.914449e-01  0.000000e+00
   outer loop
     vertex  1.847909e+02 -6.490705e+01  0.000000e+00
     vertex  1.846925e+02 -6.492000e+01  0.000000e+00
     vertex  1.846925e+02 -6.492000e+01  1.510000e+00
   endloop
 endfacet
 facet normal -1.305262e-01  9.914449e-01  0.000000e+00
   outer loop
     vertex  1.847909e+02 -6.490705e+01  0.000000e+00
     vertex  1.846925e+02 -6.492000e+01  1.510000e+00
     vertex  1.847909e+02 -6.490705e+01  1.510000e+00
   endloop
 endfacet
 facet normal -3.826834e-01  9.238795e-01  0.000000e+00
   outer loop
     vertex  1.848825e+02 -6.486909e+01  0.000000e+00
     vertex  1.847909e+02 -6.490705e+01  1.510000e+00
     vertex  1.848825e+02 -6.486909e+01  1.510000e+00
   endloop
 endfacet
 facet normal -3.826834e-01  9.238795e-01  0.000000e+00
   outer loop
     vertex  1.848825e+02 -6.486909e+01  0.000000e+00
     vertex  1.847909e+02 -6.490705e+01  0.000000e+00
     vertex  1.847909e+02 -6.490705e+01  1.510000e+00
   endloop
 endfacet
 facet normal -6.087614e-01  7.933533e-01  0.000000e+00
   outer loop
     vertex  1.849612e+02 -6.480870e+01  0.000000e+00
     vertex  1.848825e+02 -6.486909e+01  1.510000e+00
     vertex  1.849612e+02 -6.480870e+01  1.510000e+00
   endloop
 endfacet
 facet normal -6.087614e-01  7.933533e-01  0.000000e+00
   outer loop
     vertex  1.849612e+02 -6.480870e+01  0.000000e+00
     vertex  1.848825e+02 -6.486909e+01  0.000000e+00
     vertex  1.848825e+02 -6.486909e+01  1.510000e+00
   endloop
 endfacet
 facet normal -7.933533e-01  6.087614e-01  0.000000e+00
   outer loop
     vertex  1.850216e+02 -6.473000e+01  0.000000e+00
     vertex  1.849612e+02 -6.480870e+01  1.510000e+00
     vertex  1.850216e+02 -6.473000e+01  1.510000e+00
   endloop
 endfacet
 facet normal -7.933533e-01  6.087614e-01  0.000000e+00
   outer loop
     vertex  1.850216e+02 -6.473000e+01  0.000000e+00
     vertex  1.849612e+02 -6.480870e+01  0.000000e+00
     vertex  1.849612e+02 -6.480870e+01  1.510000e+00
   endloop
 endfacet
 facet normal -9.238795e-01  3.826834e-01  0.000000e+00
   outer loop
     vertex  1.850596e+02 -6.463835e+01  0.000000e+00
     vertex  1.850216e+02 -6.473000e+01  1.510000e+00
     vertex  1.850596e+02 -6.463835e+01  1.510000e+00
   endloop
 endfacet
 facet normal -9.238795e-01  3.826834e-01  0.000000e+00
   outer loop
     vertex  1.850596e+02 -6.463835e+01  0.000000e+00
     vertex  1.850216e+02 -6.473000e+01  0.000000e+00
     vertex  1.850216e+02 -6.473000e+01  1.510000e+00
   endloop
 endfacet
 facet normal -9.914449e-01  1.305262e-01  0.000000e+00
   outer loop
     vertex  1.850725e+02 -6.454000e+01  0.000000e+00
     vertex  1.850596e+02 -6.463835e+01  1.510000e+00
     vertex  1.850725e+02 -6.454000e+01  1.510000e+00
   endloop
 endfacet
 facet normal -9.914449e-01  1.305262e-01  0.000000e+00
   outer loop
     vertex  1.850725e+02 -6.454000e+01  0.000000e+00
     vertex  1.850596e+02 -6.463835e+01  0.000000e+00
     vertex  1.850596e+02 -6.463835e+01  1.510000e+00
   endloop
 endfacet
 facet normal -9.914449e-01 -1.305262e-01  0.000000e+00
   outer loop
     vertex  1.850596e+02 -6.444165e+01  0.000000e+00
     vertex  1.850725e+02 -6.454000e+01  1.510000e+00
     vertex  1.850596e+02 -6.444165e+01  1.510000e+00
   endloop
 endfacet
 facet normal -9.914449e-01 -1.305262e-01  0.000000e+00
   outer loop
     vertex  1.850596e+02 -6.444165e+01  0.000000e+00
     vertex  1.850725e+02 -6.454000e+01  0.000000e+00
     vertex  1.850725e+02 -6.454000e+01  1.510000e+00
   endloop
 endfacet
 facet normal -9.238795e-01 -3.826834e-01  0.000000e+00
   outer loop
     vertex  1.850216e+02 -6.435000e+01  0.000000e+00
     vertex  1.850596e+02 -6.444165e+01  1.510000e+00
     vertex  1.850216e+02 -6.435000e+01  1.510000e+00
   endloop
 endfacet
 facet normal -9.238795e-01 -3.826834e-01  0.000000e+00
   outer loop
     vertex  1.850216e+02 -6.435000e+01  0.000000e+00
     vertex  1.850596e+02 -6.444165e+01  0.000000e+00
     vertex  1.850596e+02 -6.444165e+01  1.510000e+00
   endloop
 endfacet
 facet normal -7.933533e-01 -6.087614e-01  0.000000e+00
   outer loop
     vertex  1.849612e+02 -6.427130e+01  0.000000e+00
     vertex  1.850216e+02 -6.435000e+01  1.510000e+00
     vertex  1.849612e+02 -6.427130e+01  1.510000e+00
   endloop
 endfacet
 facet normal -7.933533e-01 -6.087614e-01  0.000000e+00
   outer loop
     vertex  1.849612e+02 -6.427130e+01  0.000000e+00
     vertex  1.850216e+02 -6.435000e+01  0.000000e+00
     vertex  1.850216e+02 -6.435000e+01  1.510000e+00
   endloop
 endfacet
 facet normal -6.087614e-01 -7.933533e-01  0.000000e+00
   outer loop
     vertex  1.848825e+02 -6.421091e+01  0.000000e+00
     vertex  1.849612e+02 -6.427130e+01  1.510000e+00
     vertex  1.848825e+02 -6.421091e+01  1.510000e+00
   endloop
 endfacet
 facet normal -6.087614e-01 -7.933533e-01  0.000000e+00
   outer loop
     vertex  1.848825e+02 -6.421091e+01  0.000000e+00
     vertex  1.849612e+02 -6.427130e+01  0.000000e+00
     vertex  1.849612e+02 -6.427130e+01  1.510000e+00
   endloop
 endfacet
 facet normal -3.826834e-01 -9.238795e-01  0.000000e+00
   outer loop
     vertex  1.847909e+02 -6.417295e+01  0.000000e+00
     vertex  1.848825e+02 -6.421091e+01  1.510000e+00
     vertex  1.847909e+02 -6.417295e+01  1.510000e+00
   endloop
 endfacet
 facet normal -3.826834e-01 -9.238795e-01  0.000000e+00
   outer loop
     vertex  1.847909e+02 -6.417295e+01  0.000000e+00
     vertex  1.848825e+02 -6.421091e+01  0.000000e+00
     vertex  1.848825e+02 -6.421091e+01  1.510000e+00
   endloop
 endfacet
 facet normal -1.305262e-01 -9.914449e-01  0.000000e+00
   outer loop
     vertex  1.846925e+02 -6.416000e+01  0.000000e+00
     vertex  1.847909e+02 -6.417295e+01  1.510000e+00
     vertex  1.846925e+02 -6.416000e+01  1.510000e+00
   endloop
 endfacet
 facet normal -1.305262e-01 -9.914449e-01  0.000000e+00
   outer loop
     vertex  1.846925e+02 -6.416000e+01  0.000000e+00
     vertex  1.847909e+02 -6.417295e+01  0.000000e+00
     vertex  1.847909e+02 -6.417295e+01  1.510000e+00
   endloop
 endfacet
 facet normal  1.305262e-01 -9.914449e-01  0.000000e+00
   outer loop
     vertex  1.845941e+02 -6.417295e+01  0.000000e+00
     vertex  1.846925e+02 -6.416000e+01  1.510000e+00
     vertex  1.845941e+02 -6.417295e+01  1.510000e+00
   endloop
 endfacet
 facet normal  1.305262e-01 -9.914449e-01  0.000000e+00
   outer loop
     vertex  1.845941e+02 -6.417295e+01  0.000000e+00
     vertex  1.846925e+02 -6.416000e+01  0.000000e+00
     vertex  1.846925e+02 -6.416000e+01  1.510000e+00
   endloop
 endfacet
 facet normal  3.826834e-01 -9.238795e-01  0.000000e+00
   outer loop
     vertex  1.845025e+02 -6.421091e+01  0.000000e+00
     vertex  1.845941e+02 -6.417295e+01  0.000000e+00
     vertex  1.845941e+02 -6.417295e+01  1.510000e+00
   endloop
 endfacet
 facet normal  3.826834e-01 -9.238795e-01  0.000000e+00
   outer loop
     vertex  1.845025e+02 -6.421091e+01  0.000000e+00
     vertex  1.845941e+02 -6.417295e+01  1.510000e+00
     vertex  1.845025e+02 -6.421091e+01  1.510000e+00
   endloop
 endfacet
 facet normal  6.087614e-01 -7.933533e-01  0.000000e+00
   outer loop
     vertex  1.844238e+02 -6.427130e+01  0.000000e+00
     vertex  1.845025e+02 -6.421091e+01  0.000000e+00
     vertex  1.845025e+02 -6.421091e+01  1.510000e+00
   endloop
 endfacet
 facet normal  7.933533e-01 -6.087614e-01  0.000000e+00
   outer loop
     vertex  1.844238e+02 -6.427130e+01  0.000000e+00
     vertex  1.844238e+02 -6.427130e+01  1.510000e+00
     vertex  1.843634e+02 -6.435000e+01  1.510000e+00
   endloop
 endfacet
 facet normal  6.087614e-01 -7.933533e-01  0.000000e+00
   outer loop
     vertex  1.844238e+02 -6.427130e+01  0.000000e+00
     vertex  1.845025e+02 -6.421091e+01  1.510000e+00
     vertex  1.844238e+02 -6.427130e+01  1.510000e+00
   endloop
 endfacet
 facet normal  7.933533e-01 -6.087614e-01  0.000000e+00
   outer loop
     vertex  1.843634e+02 -6.435000e+01  0.000000e+00
     vertex  1.844238e+02 -6.427130e+01  0.000000e+00
     vertex  1.843634e+02 -6.435000e+01  1.510000e+00
   endloop
 endfacet
 facet normal  9.238795e-01 -3.826834e-01  0.000000e+00
   outer loop
     vertex  1.843634e+02 -6.435000e+01  0.000000e+00
     vertex  1.843634e+02 -6.435000e+01  1.510000e+00
     vertex  1.843254e+02 -6.444165e+01  1.510000e+00
   endloop
 endfacet
 facet normal  9.238795e-01 -3.826834e-01  0.000000e+00
   outer loop
     vertex  1.843254e+02 -6.444165e+01  0.000000e+00
     vertex  1.843634e+02 -6.435000e+01  0.000000e+00
     vertex  1.843254e+02 -6.444165e+01  1.510000e+00
   endloop
 endfacet
 facet normal  9.914449e-01 -1.305262e-01  0.000000e+00
   outer loop
     vertex  1.843125e+02 -6.454000e+01  0.000000e+00
     vertex  1.843254e+02 -6.444165e+01  0.000000e+00
     vertex  1.843254e+02 -6.444165e+01  1.510000e+00
   endloop
 endfacet
 facet normal  9.914449e-01 -1.305262e-01  0.000000e+00
   outer loop
     vertex  1.843125e+02 -6.454000e+01  0.000000e+00
     vertex  1.843254e+02 -6.444165e+01  1.510000e+00
     vertex  1.843125e+02 -6.454000e+01  1.510000e+00
   endloop
 endfacet
 facet normal  9.914449e-01  1.305262e-01 -0.000000e+00
   outer loop
     vertex  1.843254e+02 -6.463835e+01  0.000000e+00
     vertex  1.843125e+02 -6.454000e+01  1.510000e+00
     vertex  1.843254e+02 -6.463835e+01  1.510000e+00
   endloop
 endfacet
 facet normal  9.914449e-01  1.305262e-01  0.000000e+00
   outer loop
     vertex  1.843254e+02 -6.463835e+01  0.000000e+00
     vertex  1.843125e+02 -6.454000e+01  0.000000e+00
     vertex  1.843125e+02 -6.454000e+01  1.510000e+00
   endloop
 endfacet
 facet normal  9.238795e-01  3.826834e-01 -0.000000e+00
   outer loop
     vertex  1.843634e+02 -6.473000e+01  0.000000e+00
     vertex  1.843254e+02 -6.463835e+01  1.510000e+00
     vertex  1.843634e+02 -6.473000e+01  1.510000e+00
   endloop
 endfacet
 facet normal  9.238795e-01  3.826834e-01  0.000000e+00
   outer loop
     vertex  1.843634e+02 -6.473000e+01  0.000000e+00
     vertex  1.843254e+02 -6.463835e+01  0.000000e+00
     vertex  1.843254e+02 -6.463835e+01  1.510000e+00
   endloop
 endfacet
 facet normal  6.087614e-01  7.933533e-01 -0.000000e+00
   outer loop
     vertex  1.844238e+02 -6.480870e+01  0.000000e+00
     vertex  1.844238e+02 -6.480870e+01  1.510000e+00
     vertex  1.845025e+02 -6.486909e+01  1.510000e+00
   endloop
 endfacet
 facet normal  7.933533e-01  6.087614e-01 -0.000000e+00
   outer loop
     vertex  1.844238e+02 -6.480870e+01  0.000000e+00
     vertex  1.843634e+02 -6.473000e+01  1.510000e+00
     vertex  1.844238e+02 -6.480870e+01  1.510000e+00
   endloop
 endfacet
 facet normal  7.933533e-01  6.087614e-01  0.000000e+00
   outer loop
     vertex  1.844238e+02 -6.480870e+01  0.000000e+00
     vertex  1.843634e+02 -6.473000e+01  0.000000e+00
     vertex  1.843634e+02 -6.473000e+01  1.510000e+00
   endloop
 endfacet
 facet normal  6.087614e-01  7.933533e-01 -0.000000e+00
   outer loop
     vertex  1.845025e+02 -6.486909e+01  0.000000e+00
     vertex  1.844238e+02 -6.480870e+01  0.000000e+00
     vertex  1.845025e+02 -6.486909e+01  1.510000e+00
   endloop
 endfacet
 facet normal  3.826834e-01  9.238795e-01 -0.000000e+00
   outer loop
     vertex  1.845941e+02 -6.490705e+01  0.000000e+00
     vertex  1.845025e+02 -6.486909e+01  1.510000e+00
     vertex  1.845941e+02 -6.490705e+01  1.510000e+00
   endloop
 endfacet
 facet normal  3.826834e-01  9.238795e-01  0.000000e+00
   outer loop
     vertex  1.845941e+02 -6.490705e+01  0.000000e+00
     vertex  1.845025e+02 -6.486909e+01  0.000000e+00
     vertex  1.845025e+02 -6.486909e+01  1.510000e+00
   endloop
 endfacet
 facet normal  1.305262e-01  9.914449e-01 -0.000000e+00
   outer loop
     vertex  1.846925e+02 -6.492000e+01  0.000000e+00
     vertex  1.845941e+02 -6.490705e+01  1.510000e+00
     vertex  1.846925e+02 -6.492000e+01  1.510000e+00
   endloop
 endfacet
 facet normal  1.305262e-01  9.914449e-01  0.000000e+00
   outer loop
     vertex  1.846925e+02 -6.492000e+01  0.000000e+00
     vertex  1.845941e+02 -6.490705e+01  0.000000e+00
     vertex  1.845941e+02 -6.490705e+01  1.510000e+00
   endloop
 endfacet
 facet normal -1.305262e-01  9.914449e-01  0.000000e+00
   outer loop
     vertex  1.873309e+02 -6.490705e+01  0.000000e+00
     vertex  1.872325e+02 -6.492000e+01  0.000000e+00
     vertex  1.872325e+02 -6.492000e+01  1.510000e+00
   endloop
 endfacet
 facet normal -1.305262e-01  9.914449e-01  0.000000e+00
   outer loop
     vertex  1.873309e+02 -6.490705e+01  0.000000e+00
     vertex  1.872325e+02 -6.492000e+01  1.510000e+00
     vertex  1.873309e+02 -6.490705e+01  1.510000e+00
   endloop
 endfacet
 facet normal -3.826834e-01  9.238795e-01  0.000000e+00
   outer loop
     vertex  1.874225e+02 -6.486909e+01  0.000000e+00
     vertex  1.873309e+02 -6.490705e+01  1.510000e+00
     vertex  1.874225e+02 -6.486909e+01  1.510000e+00
   endloop
 endfacet
 facet normal -3.826834e-01  9.238795e-01  0.000000e+00
   outer loop
     vertex  1.874225e+02 -6.486909e+01  0.000000e+00
     vertex  1.873309e+02 -6.490705e+01  0.000000e+00
     vertex  1.873309e+02 -6.490705e+01  1.510000e+00
   endloop
 endfacet
 facet normal -6.087614e-01  7.933533e-01  0.000000e+00
   outer loop
     vertex  1.875012e+02 -6.480870e+01  0.000000e+00
     vertex  1.874225e+02 -6.486909e+01  1.510000e+00
     vertex  1.875012e+02 -6.480870e+01  1.510000e+00
   endloop
 endfacet
 facet normal -6.087614e-01  7.933533e-01  0.000000e+00
   outer loop
     vertex  1.875012e+02 -6.480870e+01  0.000000e+00
     vertex  1.874225e+02 -6.486909e+01  0.000000e+00
     vertex  1.874225e+02 -6.486909e+01  1.510000e+00
   endloop
 endfacet
 facet normal -7.933533e-01  6.087614e-01  0.000000e+00
   outer loop
     vertex  1.875616e+02 -6.473000e+01  0.000000e+00
     vertex  1.875012e+02 -6.480870e+01  1.510000e+00
     vertex  1.875616e+02 -6.473000e+01  1.510000e+00
   endloop
 endfacet
 facet normal -7.933533e-01  6.087614e-01  0.000000e+00
   outer loop
     vertex  1.875616e+02 -6.473000e+01  0.000000e+00
     vertex  1.875012e+02 -6.480870e+01  0.000000e+00
     vertex  1.875012e+02 -6.480870e+01  1.510000e+00
   endloop
 endfacet
 facet normal -9.238795e-01  3.826834e-01  0.000000e+00
   outer loop
     vertex  1.875996e+02 -6.463835e+01  0.000000e+00
     vertex  1.875616e+02 -6.473000e+01  1.510000e+00
     vertex  1.875996e+02 -6.463835e+01  1.510000e+00
   endloop
 endfacet
 facet normal -9.238795e-01  3.826834e-01  0.000000e+00
   outer loop
     vertex  1.875996e+02 -6.463835e+01  0.000000e+00
     vertex  1.875616e+02 -6.473000e+01  0.000000e+00
     vertex  1.875616e+02 -6.473000e+01  1.510000e+00
   endloop
 endfacet
 facet normal -9.914449e-01  1.305262e-01  0.000000e+00
   outer loop
     vertex  1.876125e+02 -6.454000e+01  0.000000e+00
     vertex  1.875996e+02 -6.463835e+01  1.510000e+00
     vertex  1.876125e+02 -6.454000e+01  1.510000e+00
   endloop
 endfacet
 facet normal -9.914449e-01  1.305262e-01  0.000000e+00
   outer loop
     vertex  1.876125e+02 -6.454000e+01  0.000000e+00
     vertex  1.875996e+02 -6.463835e+01  0.000000e+00
     vertex  1.875996e+02 -6.463835e+01  1.510000e+00
   endloop
 endfacet
 facet normal -9.914449e-01 -1.305262e-01  0.000000e+00
   outer loop
     vertex  1.875996e+02 -6.444165e+01  0.000000e+00
     vertex  1.876125e+02 -6.454000e+01  1.510000e+00
     vertex  1.875996e+02 -6.444165e+01  1.510000e+00
   endloop
 endfacet
 facet normal -9.914449e-01 -1.305262e-01  0.000000e+00
   outer loop
     vertex  1.875996e+02 -6.444165e+01  0.000000e+00
     vertex  1.876125e+02 -6.454000e+01  0.000000e+00
     vertex  1.876125e+02 -6.454000e+01  1.510000e+00
   endloop
 endfacet
 facet normal -9.238795e-01 -3.826834e-01  0.000000e+00
   outer loop
     vertex  1.875616e+02 -6.435000e+01  0.000000e+00
     vertex  1.875996e+02 -6.444165e+01  1.510000e+00
     vertex  1.875616e+02 -6.435000e+01  1.510000e+00
   endloop
 endfacet
 facet normal -9.238795e-01 -3.826834e-01  0.000000e+00
   outer loop
     vertex  1.875616e+02 -6.435000e+01  0.000000e+00
     vertex  1.875996e+02 -6.444165e+01  0.000000e+00
     vertex  1.875996e+02 -6.444165e+01  1.510000e+00
   endloop
 endfacet
 facet normal -7.933533e-01 -6.087614e-01  0.000000e+00
   outer loop
     vertex  1.875012e+02 -6.427130e+01  0.000000e+00
     vertex  1.875616e+02 -6.435000e+01  1.510000e+00
     vertex  1.875012e+02 -6.427130e+01  1.510000e+00
   endloop
 endfacet
 facet normal -7.933533e-01 -6.087614e-01  0.000000e+00
   outer loop
     vertex  1.875012e+02 -6.427130e+01  0.000000e+00
     vertex  1.875616e+02 -6.435000e+01  0.000000e+00
     vertex  1.875616e+02 -6.435000e+01  1.510000e+00
   endloop
 endfacet
 facet normal -6.087614e-01 -7.933533e-01  0.000000e+00
   outer loop
     vertex  1.874225e+02 -6.421091e+01  0.000000e+00
     vertex  1.875012e+02 -6.427130e+01  1.510000e+00
     vertex  1.874225e+02 -6.421091e+01  1.510000e+00
   endloop
 endfacet
 facet normal -6.087614e-01 -7.933533e-01  0.000000e+00
   outer loop
     vertex  1.874225e+02 -6.421091e+01  0.000000e+00
     vertex  1.875012e+02 -6.427130e+01  0.000000e+00
     vertex  1.875012e+02 -6.427130e+01  1.510000e+00
   endloop
 endfacet
 facet normal -3.826834e-01 -9.238795e-01  0.000000e+00
   outer loop
     vertex  1.873309e+02 -6.417295e+01  0.000000e+00
     vertex  1.874225e+02 -6.421091e+01  1.510000e+00
     vertex  1.873309e+02 -6.417295e+01  1.510000e+00
   endloop
 endfacet
 facet normal -3.826834e-01 -9.238795e-01  0.000000e+00
   outer loop
     vertex  1.873309e+02 -6.417295e+01  0.000000e+00
     vertex  1.874225e+02 -6.421091e+01  0.000000e+00
     vertex  1.874225e+02 -6.421091e+01  1.510000e+00
   endloop
 endfacet
 facet normal -1.305262e-01 -9.914449e-01  0.000000e+00
   outer loop
     vertex  1.872325e+02 -6.416000e+01  0.000000e+00
     vertex  1.873309e+02 -6.417295e+01  1.510000e+00
     vertex  1.872325e+02 -6.416000e+01  1.510000e+00
   endloop
 endfacet
 facet normal -1.305262e-01 -9.914449e-01  0.000000e+00
   outer loop
     vertex  1.872325e+02 -6.416000e+01  0.000000e+00
     vertex  1.873309e+02 -6.417295e+01  0.000000e+00
     vertex  1.873309e+02 -6.417295e+01  1.510000e+00
   endloop
 endfacet
 facet normal  1.305262e-01 -9.914449e-01  0.000000e+00
   outer loop
     vertex  1.871341e+02 -6.417295e+01  0.000000e+00
     vertex  1.872325e+02 -6.416000e+01  1.510000e+00
     vertex  1.871341e+02 -6.417295e+01  1.510000e+00
   endloop
 endfacet
 facet normal  1.305262e-01 -9.914449e-01  0.000000e+00
   outer loop
     vertex  1.871341e+02 -6.417295e+01  0.000000e+00
     vertex  1.872325e+02 -6.416000e+01  0.000000e+00
     vertex  1.872325e+02 -6.416000e+01  1.510000e+00
   endloop
 endfacet
 facet normal  3.826834e-01 -9.238795e-01  0.000000e+00
   outer loop
     vertex  1.870425e+02 -6.421091e+01  0.000000e+00
     vertex  1.871341e+02 -6.417295e+01  0.000000e+00
     vertex  1.871341e+02 -6.417295e+01  1.510000e+00
   endloop
 endfacet
 facet normal  3.826834e-01 -9.238795e-01  0.000000e+00
   outer loop
     vertex  1.870425e+02 -6.421091e+01  0.000000e+00
     vertex  1.871341e+02 -6.417295e+01  1.510000e+00
     vertex  1.870425e+02 -6.421091e+01  1.510000e+00
   endloop
 endfacet
 facet normal  6.087614e-01 -7.933533e-01  0.000000e+00
   outer loop
     vertex  1.869638e+02 -6.427130e+01  0.000000e+00
     vertex  1.870425e+02 -6.421091e+01  0.000000e+00
     vertex  1.870425e+02 -6.421091e+01  1.510000e+00
   endloop
 endfacet
 facet normal  7.933533e-01 -6.087614e-01  0.000000e+00
   outer loop
     vertex  1.869638e+02 -6.427130e+01  0.000000e+00
     vertex  1.869638e+02 -6.427130e+01  1.510000e+00
     vertex  1.869034e+02 -6.435000e+01  1.510000e+00
   endloop
 endfacet
 facet normal  6.087614e-01 -7.933533e-01  0.000000e+00
   outer loop
     vertex  1.869638e+02 -6.427130e+01  0.000000e+00
     vertex  1.870425e+02 -6.421091e+01  1.510000e+00
     vertex  1.869638e+02 -6.427130e+01  1.510000e+00
   endloop
 endfacet
 facet normal  7.933533e-01 -6.087614e-01  0.000000e+00
   outer loop
     vertex  1.869034e+02 -6.435000e+01  0.000000e+00
     vertex  1.869638e+02 -6.427130e+01  0.000000e+00
     vertex  1.869034e+02 -6.435000e+01  1.510000e+00
   endloop
 endfacet
 facet normal  9.238795e-01 -3.826834e-01  0.000000e+00
   outer loop
     vertex  1.869034e+02 -6.435000e+01  0.000000e+00
     vertex  1.869034e+02 -6.435000e+01  1.510000e+00
     vertex  1.868654e+02 -6.444165e+01  1.510000e+00
   endloop
 endfacet
 facet normal  9.238795e-01 -3.826834e-01  0.000000e+00
   outer loop
     vertex  1.868654e+02 -6.444165e+01  0.000000e+00
     vertex  1.869034e+02 -6.435000e+01  0.000000e+00
     vertex  1.868654e+02 -6.444165e+01  1.510000e+00
   endloop
 endfacet
 facet normal  9.914449e-01 -1.305262e-01  0.000000e+00
   outer loop
     vertex  1.868525e+02 -6.454000e+01  0.000000e+00
     vertex  1.868654e+02 -6.444165e+01  0.000000e+00
     vertex  1.868654e+02 -6.444165e+01  1.510000e+00
   endloop
 endfacet
 facet normal  9.914449e-01 -1.305262e-01  0.000000e+00
   outer loop
     vertex  1.868525e+02 -6.454000e+01  0.000000e+00
     vertex  1.868654e+02 -6.444165e+01  1.510000e+00
     vertex  1.868525e+02 -6.454000e+01  1.510000e+00
   endloop
 endfacet
 facet normal  9.914449e-01  1.305262e-01 -0.000000e+00
   outer loop
     vertex  1.868654e+02 -6.463835e+01  0.000000e+00
     vertex  1.868525e+02 -6.454000e+01  1.510000e+00
     vertex  1.868654e+02 -6.463835e+01  1.510000e+00
   endloop
 endfacet
 facet normal  9.914449e-01  1.305262e-01  0.000000e+00
   outer loop
     vertex  1.868654e+02 -6.463835e+01  0.000000e+00
     vertex  1.868525e+02 -6.454000e+01  0.000000e+00
     vertex  1.868525e+02 -6.454000e+01  1.510000e+00
   endloop
 endfacet
 facet normal  9.238795e-01  3.826834e-01 -0.000000e+00
   outer loop
     vertex  1.869034e+02 -6.473000e+01  0.000000e+00
     vertex  1.868654e+02 -6.463835e+01  1.510000e+00
     vertex  1.869034e+02 -6.473000e+01  1.510000e+00
   endloop
 endfacet
 facet normal  9.238795e-01  3.826834e-01  0.000000e+00
   outer loop
     vertex  1.869034e+02 -6.473000e+01  0.000000e+00
     vertex  1.868654e+02 -6.463835e+01  0.000000e+00
     vertex  1.868654e+02 -6.463835e+01  1.510000e+00
   endloop
 endfacet
 facet normal  6.087614e-01  7.933533e-01 -0.000000e+00
   outer loop
     vertex  1.869638e+02 -6.480870e+01  0.000000e+00
     vertex  1.869638e+02 -6.480870e+01  1.510000e+00
     vertex  1.870425e+02 -6.486909e+01  1.510000e+00
   endloop
 endfacet
 facet normal  7.933533e-01  6.087614e-01 -0.000000e+00
   outer loop
     vertex  1.869638e+02 -6.480870e+01  0.000000e+00
     vertex  1.869034e+02 -6.473000e+01  1.510000e+00
     vertex  1.869638e+02 -6.480870e+01  1.510000e+00
   endloop
 endfacet
 facet normal  7.933533e-01  6.087614e-01  0.000000e+00
   outer loop
     vertex  1.869638e+02 -6.480870e+01  0.000000e+00
     vertex  1.869034e+02 -6.473000e+01  0.000000e+00
     vertex  1.869034e+02 -6.473000e+01  1.510000e+00
   endloop
 endfacet
 facet normal  6.087614e-01  7.933533e-01 -0.000000e+00
   outer loop
     vertex  1.870425e+02 -6.486909e+01  0.000000e+00
     vertex  1.869638e+02 -6.480870e+01  0.000000e+00
     vertex  1.870425e+02 -6.486909e+01  1.510000e+00
   endloop
 endfacet
 facet normal  3.826834e-01  9.238795e-01 -0.000000e+00
   outer loop
     vertex  1.871341e+02 -6.490705e+01  0.000000e+00
     vertex  1.870425e+02 -6.486909e+01  1.510000e+00
     vertex  1.871341e+02 -6.490705e+01  1.510000e+00
   endloop
 endfacet
 facet normal  3.826834e-01  9.238795e-01  0.000000e+00
   outer loop
     vertex  1.871341e+02 -6.490705e+01  0.000000e+00
     vertex  1.870425e+02 -6.486909e+01  0.000000e+00
     vertex  1.870425e+02 -6.486909e+01  1.510000e+00
   endloop
 endfacet
 facet normal  1.305262e-01  9.914449e-01 -0.000000e+00
   outer loop
     vertex  1.872325e+02 -6.492000e+01  0.000000e+00
     vertex  1.871341e+02 -6.490705e+01  1.510000e+00
     vertex  1.872325e+02 -6.492000e+01  1.510000e+00
   endloop
 endfacet
 facet normal  1.305262e-01  9.914449e-01  0.000000e+00
   outer loop
     vertex  1.872325e+02 -6.492000e+01  0.000000e+00
     vertex  1.871341e+02 -6.490705e+01  0.000000e+00
     vertex  1.871341e+02 -6.490705e+01  1.510000e+00
   endloop
 endfacet
 facet normal -9.926801e-01 -1.207734e-01  0.000000e+00
   outer loop
     vertex  1.740533e+02 -5.549636e+01  0.000000e+00
     vertex  1.741000e+02 -5.588000e+01  0.000000e+00
     vertex  1.741000e+02 -5.588000e+01  1.510000e+00
   endloop
 endfacet
 facet normal -9.926801e-01 -1.207734e-01  0.000000e+00
   outer loop
     vertex  1.740533e+02 -5.549636e+01  0.000000e+00
     vertex  1.741000e+02 -5.588000e+01  1.510000e+00
     vertex  1.740533e+02 -5.549636e+01  1.510000e+00
   endloop
 endfacet
 facet normal -9.347623e-01 -3.552737e-01  0.000000e+00
   outer loop
     vertex  1.739160e+02 -5.513509e+01  0.000000e+00
     vertex  1.740533e+02 -5.549636e+01  1.510000e+00
     vertex  1.739160e+02 -5.513509e+01  1.510000e+00
   endloop
 endfacet
 facet normal -9.347623e-01 -3.552737e-01  0.000000e+00
   outer loop
     vertex  1.739160e+02 -5.513509e+01  0.000000e+00
     vertex  1.740533e+02 -5.549636e+01  0.000000e+00
     vertex  1.740533e+02 -5.549636e+01  1.510000e+00
   endloop
 endfacet
 facet normal -8.223060e-01 -5.690455e-01  0.000000e+00
   outer loop
     vertex  1.736961e+02 -5.481729e+01  0.000000e+00
     vertex  1.739160e+02 -5.513509e+01  1.510000e+00
     vertex  1.736961e+02 -5.481729e+01  1.510000e+00
   endloop
 endfacet
 facet normal -8.223060e-01 -5.690455e-01  0.000000e+00
   outer loop
     vertex  1.736961e+02 -5.481729e+01  0.000000e+00
     vertex  1.739160e+02 -5.513509e+01  0.000000e+00
     vertex  1.739160e+02 -5.513509e+01  1.510000e+00
   endloop
 endfacet
 facet normal -6.618724e-01 -7.496166e-01  0.000000e+00
   outer loop
     vertex  1.734064e+02 -5.456150e+01  0.000000e+00
     vertex  1.736961e+02 -5.481729e+01  1.510000e+00
     vertex  1.734064e+02 -5.456150e+01  1.510000e+00
   endloop
 endfacet
 facet normal -6.618724e-01 -7.496166e-01  0.000000e+00
   outer loop
     vertex  1.734064e+02 -5.456150e+01  0.000000e+00
     vertex  1.736961e+02 -5.481729e+01  0.000000e+00
     vertex  1.736961e+02 -5.481729e+01  1.510000e+00
   endloop
 endfacet
 facet normal -4.628219e-01 -8.864513e-01  0.000000e+00
   outer loop
     vertex  1.730638e+02 -5.438263e+01  0.000000e+00
     vertex  1.734064e+02 -5.456150e+01  1.510000e+00
     vertex  1.730638e+02 -5.438263e+01  1.510000e+00
   endloop
 endfacet
 facet normal -4.628219e-01 -8.864513e-01  0.000000e+00
   outer loop
     vertex  1.730638e+02 -5.438263e+01  0.000000e+00
     vertex  1.734064e+02 -5.456150e+01  0.000000e+00
     vertex  1.734064e+02 -5.456150e+01  1.510000e+00
   endloop
 endfacet
 facet normal -2.367681e-01 -9.715662e-01  0.000000e+00
   outer loop
     vertex  1.726883e+02 -5.429112e+01  0.000000e+00
     vertex  1.730638e+02 -5.438263e+01  1.510000e+00
     vertex  1.726883e+02 -5.429112e+01  1.510000e+00
   endloop
 endfacet
 facet normal -2.367681e-01 -9.715662e-01  0.000000e+00
   outer loop
     vertex  1.726883e+02 -5.429112e+01  0.000000e+00
     vertex  1.730638e+02 -5.438263e+01  0.000000e+00
     vertex  1.730638e+02 -5.438263e+01  1.510000e+00
   endloop
 endfacet
 facet normal  3.099858e-03 -9.999952e-01  0.000000e+00
   outer loop
     vertex  1.723018e+02 -5.429232e+01  0.000000e+00
     vertex  1.726883e+02 -5.429112e+01  1.510000e+00
     vertex  1.723018e+02 -5.429232e+01  1.510000e+00
   endloop
 endfacet
 facet normal  3.099858e-03 -9.999952e-01  0.000000e+00
   outer loop
     vertex  1.723018e+02 -5.429232e+01  0.000000e+00
     vertex  1.726883e+02 -5.429112e+01  0.000000e+00
     vertex  1.726883e+02 -5.429112e+01  1.510000e+00
   endloop
 endfacet
 facet normal  2.427870e-01 -9.700796e-01  0.000000e+00
   outer loop
     vertex  1.719269e+02 -5.438615e+01  0.000000e+00
     vertex  1.723018e+02 -5.429232e+01  1.510000e+00
     vertex  1.719269e+02 -5.438615e+01  1.510000e+00
   endloop
 endfacet
 facet normal  4.683087e-01 -8.835649e-01  0.000000e+00
   outer loop
     vertex  1.719269e+02 -5.438615e+01  0.000000e+00
     vertex  1.719269e+02 -5.438615e+01  1.510000e+00
     vertex  1.715855e+02 -5.456714e+01  1.510000e+00
   endloop
 endfacet
 facet normal  2.427870e-01 -9.700796e-01  0.000000e+00
   outer loop
     vertex  1.719269e+02 -5.438615e+01  0.000000e+00
     vertex  1.723018e+02 -5.429232e+01  0.000000e+00
     vertex  1.723018e+02 -5.429232e+01  1.510000e+00
   endloop
 endfacet
 facet normal  4.683087e-01 -8.835649e-01  0.000000e+00
   outer loop
     vertex  1.715855e+02 -5.456714e+01  0.000000e+00
     vertex  1.719269e+02 -5.438615e+01  0.000000e+00
     vertex  1.715855e+02 -5.456714e+01  1.510000e+00
   endloop
 endfacet
 facet normal  6.665070e-01 -7.454988e-01  0.000000e+00
   outer loop
     vertex  1.712973e+02 -5.482473e+01  0.000000e+00
     vertex  1.715855e+02 -5.456714e+01  1.510000e+00
     vertex  1.712973e+02 -5.482473e+01  1.510000e+00
   endloop
 endfacet
 facet normal  8.258181e-01 -5.639366e-01  0.000000e+00
   outer loop
     vertex  1.712973e+02 -5.482473e+01  0.000000e+00
     vertex  1.712973e+02 -5.482473e+01  1.510000e+00
     vertex  1.710794e+02 -5.514389e+01  1.510000e+00
   endloop
 endfacet
 facet normal  6.665070e-01 -7.454988e-01  0.000000e+00
   outer loop
     vertex  1.712973e+02 -5.482473e+01  0.000000e+00
     vertex  1.715855e+02 -5.456714e+01  0.000000e+00
     vertex  1.715855e+02 -5.456714e+01  1.510000e+00
   endloop
 endfacet
 facet normal  8.258181e-01 -5.639366e-01  0.000000e+00
   outer loop
     vertex  1.710794e+02 -5.514389e+01  0.000000e+00
     vertex  1.712973e+02 -5.482473e+01  0.000000e+00
     vertex  1.710794e+02 -5.514389e+01  1.510000e+00
   endloop
 endfacet
 facet normal  9.369470e-01 -3.494716e-01  0.000000e+00
   outer loop
     vertex  1.709443e+02 -5.550599e+01  0.000000e+00
     vertex  1.710794e+02 -5.514389e+01  1.510000e+00
     vertex  1.709443e+02 -5.550599e+01  1.510000e+00
   endloop
 endfacet
 facet normal  9.369470e-01 -3.494716e-01  0.000000e+00
   outer loop
     vertex  1.709443e+02 -5.550599e+01  0.000000e+00
     vertex  1.710794e+02 -5.514389e+01  0.000000e+00
     vertex  1.710794e+02 -5.514389e+01  1.510000e+00
   endloop
 endfacet
 facet normal  9.934098e-01 -1.146168e-01  0.000000e+00
   outer loop
     vertex  1.709000e+02 -5.588992e+01  0.000000e+00
     vertex  1.709443e+02 -5.550599e+01  1.510000e+00
     vertex  1.709000e+02 -5.588992e+01  1.510000e+00
   endloop
 endfacet
 facet normal  9.934098e-01 -1.146168e-01  0.000000e+00
   outer loop
     vertex  1.709000e+02 -5.588992e+01  0.000000e+00
     vertex  1.709443e+02 -5.550599e+01  0.000000e+00
     vertex  1.709443e+02 -5.550599e+01  1.510000e+00
   endloop
 endfacet
 facet normal  9.943502e-01  1.061496e-01 -0.000000e+00
   outer loop
     vertex  1.709000e+02 -5.588992e+01  0.000000e+00
     vertex  1.709000e+02 -5.588992e+01  1.510000e+00
     vertex  1.709382e+02 -5.624761e+01  1.510000e+00
   endloop
 endfacet
 facet normal  9.943502e-01  1.061496e-01 -0.000000e+00
   outer loop
     vertex  1.709382e+02 -5.624761e+01  0.000000e+00
     vertex  1.709000e+02 -5.588992e+01  0.000000e+00
     vertex  1.709382e+02 -5.624761e+01  1.510000e+00
   endloop
 endfacet
 facet normal  9.455066e-01  3.256030e-01 -0.000000e+00
   outer loop
     vertex  1.710553e+02 -5.658772e+01  0.000000e+00
     vertex  1.709382e+02 -5.624761e+01  1.510000e+00
     vertex  1.710553e+02 -5.658772e+01  1.510000e+00
   endloop
 endfacet
 facet normal  9.455066e-01  3.256030e-01  0.000000e+00
   outer loop
     vertex  1.710553e+02 -5.658772e+01  0.000000e+00
     vertex  1.709382e+02 -5.624761e+01  0.000000e+00
     vertex  1.709382e+02 -5.624761e+01  1.510000e+00
   endloop
 endfacet
 facet normal  8.488719e-01  5.285986e-01 -0.000000e+00
   outer loop
     vertex  1.712455e+02 -5.689307e+01  0.000000e+00
     vertex  1.710553e+02 -5.658772e+01  1.510000e+00
     vertex  1.712455e+02 -5.689307e+01  1.510000e+00
   endloop
 endfacet
 facet normal  8.488719e-01  5.285986e-01  0.000000e+00
   outer loop
     vertex  1.712455e+02 -5.689307e+01  0.000000e+00
     vertex  1.710553e+02 -5.658772e+01  0.000000e+00
     vertex  1.710553e+02 -5.658772e+01  1.510000e+00
   endloop
 endfacet
 facet normal  7.093306e-01  7.048760e-01 -0.000000e+00
   outer loop
     vertex  1.714990e+02 -5.714823e+01  0.000000e+00
     vertex  1.712455e+02 -5.689307e+01  1.510000e+00
     vertex  1.714990e+02 -5.714823e+01  1.510000e+00
   endloop
 endfacet
 facet normal  7.093306e-01  7.048760e-01  0.000000e+00
   outer loop
     vertex  1.714990e+02 -5.714823e+01  0.000000e+00
     vertex  1.712455e+02 -5.689307e+01  0.000000e+00
     vertex  1.712455e+02 -5.689307e+01  1.510000e+00
   endloop
 endfacet
 facet normal  5.339358e-01  8.455250e-01 -0.000000e+00
   outer loop
     vertex  1.718032e+02 -5.734030e+01  0.000000e+00
     vertex  1.714990e+02 -5.714823e+01  1.510000e+00
     vertex  1.718032e+02 -5.734030e+01  1.510000e+00
   endloop
 endfacet
 facet normal  5.339358e-01  8.455250e-01  0.000000e+00
   outer loop
     vertex  1.718032e+02 -5.734030e+01  0.000000e+00
     vertex  1.714990e+02 -5.714823e+01  0.000000e+00
     vertex  1.714990e+02 -5.714823e+01  1.510000e+00
   endloop
 endfacet
 facet normal  3.315529e-01  9.434366e-01 -0.000000e+00
   outer loop
     vertex  1.721426e+02 -5.745956e+01  0.000000e+00
     vertex  1.718032e+02 -5.734030e+01  1.510000e+00
     vertex  1.721426e+02 -5.745956e+01  1.510000e+00
   endloop
 endfacet
 facet normal  3.315529e-01  9.434366e-01  0.000000e+00
   outer loop
     vertex  1.721426e+02 -5.745956e+01  0.000000e+00
     vertex  1.718032e+02 -5.734030e+01  0.000000e+00
     vertex  1.718032e+02 -5.734030e+01  1.510000e+00
   endloop
 endfacet
 facet normal  1.124116e-01  9.936617e-01 -0.000000e+00
   outer loop
     vertex  1.725000e+02 -5.750000e+01  0.000000e+00
     vertex  1.721426e+02 -5.745956e+01  1.510000e+00
     vertex  1.725000e+02 -5.750000e+01  1.510000e+00
   endloop
 endfacet
 facet normal  1.124116e-01  9.936617e-01  0.000000e+00
   outer loop
     vertex  1.725000e+02 -5.750000e+01  0.000000e+00
     vertex  1.721426e+02 -5.745956e+01  0.000000e+00
     vertex  1.721426e+02 -5.745956e+01  1.510000e+00
   endloop
 endfacet
 facet normal -1.124045e-01  9.936625e-01  0.000000e+00
   outer loop
     vertex  1.728574e+02 -5.745957e+01  0.000000e+00
     vertex  1.725000e+02 -5.750000e+01  0.000000e+00
     vertex  1.725000e+02 -5.750000e+01  1.510000e+00
   endloop
 endfacet
 facet normal -1.124045e-01  9.936625e-01  0.000000e+00
   outer loop
     vertex  1.728574e+02 -5.745957e+01  0.000000e+00
     vertex  1.725000e+02 -5.750000e+01  1.510000e+00
     vertex  1.728574e+02 -5.745957e+01  1.510000e+00
   endloop
 endfacet
 facet normal -3.315327e-01  9.434437e-01  0.000000e+00
   outer loop
     vertex  1.731968e+02 -5.734032e+01  0.000000e+00
     vertex  1.728574e+02 -5.745957e+01  1.510000e+00
     vertex  1.731968e+02 -5.734032e+01  1.510000e+00
   endloop
 endfacet
 facet normal -3.315327e-01  9.434437e-01  0.000000e+00
   outer loop
     vertex  1.731968e+02 -5.734032e+01  0.000000e+00
     vertex  1.728574e+02 -5.745957e+01  0.000000e+00
     vertex  1.728574e+02 -5.745957e+01  1.510000e+00
   endloop
 endfacet
 facet normal -5.339056e-01  8.455441e-01  0.000000e+00
   outer loop
     vertex  1.735009e+02 -5.714828e+01  0.000000e+00
     vertex  1.731968e+02 -5.734032e+01  1.510000e+00
     vertex  1.735009e+02 -5.714828e+01  1.510000e+00
   endloop
 endfacet
 facet normal -5.339056e-01  8.455441e-01  0.000000e+00
   outer loop
     vertex  1.735009e+02 -5.714828e+01  0.000000e+00
     vertex  1.731968e+02 -5.734032e+01  0.000000e+00
     vertex  1.731968e+02 -5.734032e+01  1.510000e+00
   endloop
 endfacet
 facet normal -7.092953e-01  7.049115e-01  0.000000e+00
   outer loop
     vertex  1.737545e+02 -5.689315e+01  0.000000e+00
     vertex  1.735009e+02 -5.714828e+01  1.510000e+00
     vertex  1.737545e+02 -5.689315e+01  1.510000e+00
   endloop
 endfacet
 facet normal -7.092953e-01  7.049115e-01  0.000000e+00
   outer loop
     vertex  1.737545e+02 -5.689315e+01  0.000000e+00
     vertex  1.735009e+02 -5.714828e+01  0.000000e+00
     vertex  1.735009e+02 -5.714828e+01  1.510000e+00
   endloop
 endfacet
 facet normal -8.488379e-01  5.286532e-01  0.000000e+00
   outer loop
     vertex  1.739446e+02 -5.658782e+01  0.000000e+00
     vertex  1.737545e+02 -5.689315e+01  1.510000e+00
     vertex  1.739446e+02 -5.658782e+01  1.510000e+00
   endloop
 endfacet
 facet normal -8.488379e-01  5.286532e-01  0.000000e+00
   outer loop
     vertex  1.739446e+02 -5.658782e+01  0.000000e+00
     vertex  1.737545e+02 -5.689315e+01  0.000000e+00
     vertex  1.737545e+02 -5.689315e+01  1.510000e+00
   endloop
 endfacet
 facet normal -9.454810e-01  3.256773e-01  0.000000e+00
   outer loop
     vertex  1.740618e+02 -5.624774e+01  0.000000e+00
     vertex  1.739446e+02 -5.658782e+01  1.510000e+00
     vertex  1.740618e+02 -5.624774e+01  1.510000e+00
   endloop
 endfacet
 facet normal -9.454810e-01  3.256773e-01  0.000000e+00
   outer loop
     vertex  1.740618e+02 -5.624774e+01  0.000000e+00
     vertex  1.739446e+02 -5.658782e+01  0.000000e+00
     vertex  1.739446e+02 -5.658782e+01  1.510000e+00
   endloop
 endfacet
 facet normal -9.943403e-01  1.062420e-01  0.000000e+00
   outer loop
     vertex  1.741000e+02 -5.589008e+01  0.000000e+00
     vertex  1.740618e+02 -5.624774e+01  1.510000e+00
     vertex  1.741000e+02 -5.589008e+01  1.510000e+00
   endloop
 endfacet
 facet normal -9.943403e-01  1.062420e-01  0.000000e+00
   outer loop
     vertex  1.741000e+02 -5.589008e+01  0.000000e+00
     vertex  1.740618e+02 -5.624774e+01  0.000000e+00
     vertex  1.740618e+02 -5.624774e+01  1.510000e+00
   endloop
 endfacet
 facet normal -9.999862e-01  5.249751e-03  0.000000e+00
   outer loop
     vertex  1.741000e+02 -5.588672e+01  0.000000e+00
     vertex  1.741000e+02 -5.589008e+01  0.000000e+00
     vertex  1.741000e+02 -5.589008e+01  1.510000e+00
   endloop
 endfacet
 facet normal -9.999862e-01  5.249751e-03  0.000000e+00
   outer loop
     vertex  1.741000e+02 -5.588672e+01  0.000000e+00
     vertex  1.741000e+02 -5.589008e+01  1.510000e+00
     vertex  1.741000e+02 -5.588672e+01  1.510000e+00
   endloop
 endfacet
 facet normal -9.999950e-01  3.149860e-03  0.000000e+00
   outer loop
     vertex  1.741000e+02 -5.588336e+01  0.000000e+00
     vertex  1.741000e+02 -5.588672e+01  1.510000e+00
     vertex  1.741000e+02 -5.588336e+01  1.510000e+00
   endloop
 endfacet
 facet normal -9.999950e-01  3.149860e-03  0.000000e+00
   outer loop
     vertex  1.741000e+02 -5.588336e+01  0.000000e+00
     vertex  1.741000e+02 -5.588672e+01  0.000000e+00
     vertex  1.741000e+02 -5.588672e+01  1.510000e+00
   endloop
 endfacet
 facet normal -9.999994e-01  1.049955e-03  0.000000e+00
   outer loop
     vertex  1.741000e+02 -5.588000e+01  0.000000e+00
     vertex  1.741000e+02 -5.588336e+01  1.510000e+00
     vertex  1.741000e+02 -5.588000e+01  1.510000e+00
   endloop
 endfacet
 facet normal -9.999994e-01  1.049955e-03  0.000000e+00
   outer loop
     vertex  1.741000e+02 -5.588000e+01  0.000000e+00
     vertex  1.741000e+02 -5.588336e+01  0.000000e+00
     vertex  1.741000e+02 -5.588336e+01  1.510000e+00
   endloop
 endfacet
 facet normal -1.305262e-01  9.914449e-01  0.000000e+00
   outer loop
     vertex  1.860609e+02 -6.236705e+01  0.000000e+00
     vertex  1.859625e+02 -6.238000e+01  0.000000e+00
     vertex  1.859625e+02 -6.238000e+01  1.510000e+00
   endloop
 endfacet
 facet normal -1.305262e-01  9.914449e-01  0.000000e+00
   outer loop
     vertex  1.860609e+02 -6.236705e+01  0.000000e+00
     vertex  1.859625e+02 -6.238000e+01  1.510000e+00
     vertex  1.860609e+02 -6.236705e+01  1.510000e+00
   endloop
 endfacet
 facet normal -3.826834e-01  9.238795e-01  0.000000e+00
   outer loop
     vertex  1.861525e+02 -6.232909e+01  0.000000e+00
     vertex  1.860609e+02 -6.236705e+01  1.510000e+00
     vertex  1.861525e+02 -6.232909e+01  1.510000e+00
   endloop
 endfacet
 facet normal -3.826834e-01  9.238795e-01  0.000000e+00
   outer loop
     vertex  1.861525e+02 -6.232909e+01  0.000000e+00
     vertex  1.860609e+02 -6.236705e+01  0.000000e+00
     vertex  1.860609e+02 -6.236705e+01  1.510000e+00
   endloop
 endfacet
 facet normal -6.087614e-01  7.933533e-01  0.000000e+00
   outer loop
     vertex  1.862312e+02 -6.226870e+01  0.000000e+00
     vertex  1.861525e+02 -6.232909e+01  1.510000e+00
     vertex  1.862312e+02 -6.226870e+01  1.510000e+00
   endloop
 endfacet
 facet normal -6.087614e-01  7.933533e-01  0.000000e+00
   outer loop
     vertex  1.862312e+02 -6.226870e+01  0.000000e+00
     vertex  1.861525e+02 -6.232909e+01  0.000000e+00
     vertex  1.861525e+02 -6.232909e+01  1.510000e+00
   endloop
 endfacet
 facet normal -7.933533e-01  6.087614e-01  0.000000e+00
   outer loop
     vertex  1.862916e+02 -6.219000e+01  0.000000e+00
     vertex  1.862312e+02 -6.226870e+01  1.510000e+00
     vertex  1.862916e+02 -6.219000e+01  1.510000e+00
   endloop
 endfacet
 facet normal -7.933533e-01  6.087614e-01  0.000000e+00
   outer loop
     vertex  1.862916e+02 -6.219000e+01  0.000000e+00
     vertex  1.862312e+02 -6.226870e+01  0.000000e+00
     vertex  1.862312e+02 -6.226870e+01  1.510000e+00
   endloop
 endfacet
 facet normal -9.238795e-01  3.826834e-01  0.000000e+00
   outer loop
     vertex  1.863296e+02 -6.209835e+01  0.000000e+00
     vertex  1.862916e+02 -6.219000e+01  1.510000e+00
     vertex  1.863296e+02 -6.209835e+01  1.510000e+00
   endloop
 endfacet
 facet normal -9.238795e-01  3.826834e-01  0.000000e+00
   outer loop
     vertex  1.863296e+02 -6.209835e+01  0.000000e+00
     vertex  1.862916e+02 -6.219000e+01  0.000000e+00
     vertex  1.862916e+02 -6.219000e+01  1.510000e+00
   endloop
 endfacet
 facet normal -9.914449e-01  1.305262e-01  0.000000e+00
   outer loop
     vertex  1.863425e+02 -6.200000e+01  0.000000e+00
     vertex  1.863296e+02 -6.209835e+01  1.510000e+00
     vertex  1.863425e+02 -6.200000e+01  1.510000e+00
   endloop
 endfacet
 facet normal -9.914449e-01  1.305262e-01  0.000000e+00
   outer loop
     vertex  1.863425e+02 -6.200000e+01  0.000000e+00
     vertex  1.863296e+02 -6.209835e+01  0.000000e+00
     vertex  1.863296e+02 -6.209835e+01  1.510000e+00
   endloop
 endfacet
 facet normal -9.914449e-01 -1.305262e-01  0.000000e+00
   outer loop
     vertex  1.863296e+02 -6.190165e+01  0.000000e+00
     vertex  1.863425e+02 -6.200000e+01  1.510000e+00
     vertex  1.863296e+02 -6.190165e+01  1.510000e+00
   endloop
 endfacet
 facet normal -9.914449e-01 -1.305262e-01  0.000000e+00
   outer loop
     vertex  1.863296e+02 -6.190165e+01  0.000000e+00
     vertex  1.863425e+02 -6.200000e+01  0.000000e+00
     vertex  1.863425e+02 -6.200000e+01  1.510000e+00
   endloop
 endfacet
 facet normal -9.238795e-01 -3.826834e-01  0.000000e+00
   outer loop
     vertex  1.862916e+02 -6.181000e+01  0.000000e+00
     vertex  1.863296e+02 -6.190165e+01  1.510000e+00
     vertex  1.862916e+02 -6.181000e+01  1.510000e+00
   endloop
 endfacet
 facet normal -9.238795e-01 -3.826834e-01  0.000000e+00
   outer loop
     vertex  1.862916e+02 -6.181000e+01  0.000000e+00
     vertex  1.863296e+02 -6.190165e+01  0.000000e+00
     vertex  1.863296e+02 -6.190165e+01  1.510000e+00
   endloop
 endfacet
 facet normal -7.933533e-01 -6.087614e-01  0.000000e+00
   outer loop
     vertex  1.862312e+02 -6.173130e+01  0.000000e+00
     vertex  1.862916e+02 -6.181000e+01  1.510000e+00
     vertex  1.862312e+02 -6.173130e+01  1.510000e+00
   endloop
 endfacet
 facet normal -7.933533e-01 -6.087614e-01  0.000000e+00
   outer loop
     vertex  1.862312e+02 -6.173130e+01  0.000000e+00
     vertex  1.862916e+02 -6.181000e+01  0.000000e+00
     vertex  1.862916e+02 -6.181000e+01  1.510000e+00
   endloop
 endfacet
 facet normal -6.087614e-01 -7.933533e-01  0.000000e+00
   outer loop
     vertex  1.861525e+02 -6.167091e+01  0.000000e+00
     vertex  1.862312e+02 -6.173130e+01  1.510000e+00
     vertex  1.861525e+02 -6.167091e+01  1.510000e+00
   endloop
 endfacet
 facet normal -6.087614e-01 -7.933533e-01  0.000000e+00
   outer loop
     vertex  1.861525e+02 -6.167091e+01  0.000000e+00
     vertex  1.862312e+02 -6.173130e+01  0.000000e+00
     vertex  1.862312e+02 -6.173130e+01  1.510000e+00
   endloop
 endfacet
 facet normal -3.826834e-01 -9.238795e-01  0.000000e+00
   outer loop
     vertex  1.860609e+02 -6.163295e+01  0.000000e+00
     vertex  1.861525e+02 -6.167091e+01  1.510000e+00
     vertex  1.860609e+02 -6.163295e+01  1.510000e+00
   endloop
 endfacet
 facet normal -3.826834e-01 -9.238795e-01  0.000000e+00
   outer loop
     vertex  1.860609e+02 -6.163295e+01  0.000000e+00
     vertex  1.861525e+02 -6.167091e+01  0.000000e+00
     vertex  1.861525e+02 -6.167091e+01  1.510000e+00
   endloop
 endfacet
 facet normal -1.305262e-01 -9.914449e-01  0.000000e+00
   outer loop
     vertex  1.859625e+02 -6.162000e+01  0.000000e+00
     vertex  1.860609e+02 -6.163295e+01  1.510000e+00
     vertex  1.859625e+02 -6.162000e+01  1.510000e+00
   endloop
 endfacet
 facet normal -1.305262e-01 -9.914449e-01  0.000000e+00
   outer loop
     vertex  1.859625e+02 -6.162000e+01  0.000000e+00
     vertex  1.860609e+02 -6.163295e+01  0.000000e+00
     vertex  1.860609e+02 -6.163295e+01  1.510000e+00
   endloop
 endfacet
 facet normal  1.305262e-01 -9.914449e-01  0.000000e+00
   outer loop
     vertex  1.858641e+02 -6.163295e+01  0.000000e+00
     vertex  1.859625e+02 -6.162000e+01  1.510000e+00
     vertex  1.858641e+02 -6.163295e+01  1.510000e+00
   endloop
 endfacet
 facet normal  1.305262e-01 -9.914449e-01  0.000000e+00
   outer loop
     vertex  1.858641e+02 -6.163295e+01  0.000000e+00
     vertex  1.859625e+02 -6.162000e+01  0.000000e+00
     vertex  1.859625e+02 -6.162000e+01  1.510000e+00
   endloop
 endfacet
 facet normal  3.826834e-01 -9.238795e-01  0.000000e+00
   outer loop
     vertex  1.857725e+02 -6.167091e+01  0.000000e+00
     vertex  1.858641e+02 -6.163295e+01  0.000000e+00
     vertex  1.858641e+02 -6.163295e+01  1.510000e+00
   endloop
 endfacet
 facet normal  3.826834e-01 -9.238795e-01  0.000000e+00
   outer loop
     vertex  1.857725e+02 -6.167091e+01  0.000000e+00
     vertex  1.858641e+02 -6.163295e+01  1.510000e+00
     vertex  1.857725e+02 -6.167091e+01  1.510000e+00
   endloop
 endfacet
 facet normal  6.087614e-01 -7.933533e-01  0.000000e+00
   outer loop
     vertex  1.856938e+02 -6.173130e+01  0.000000e+00
     vertex  1.857725e+02 -6.167091e+01  0.000000e+00
     vertex  1.857725e+02 -6.167091e+01  1.510000e+00
   endloop
 endfacet
 facet normal  7.933533e-01 -6.087614e-01  0.000000e+00
   outer loop
     vertex  1.856938e+02 -6.173130e+01  0.000000e+00
     vertex  1.856938e+02 -6.173130e+01  1.510000e+00
     vertex  1.856334e+02 -6.181000e+01  1.510000e+00
   endloop
 endfacet
 facet normal  6.087614e-01 -7.933533e-01  0.000000e+00
   outer loop
     vertex  1.856938e+02 -6.173130e+01  0.000000e+00
     vertex  1.857725e+02 -6.167091e+01  1.510000e+00
     vertex  1.856938e+02 -6.173130e+01  1.510000e+00
   endloop
 endfacet
 facet normal  7.933533e-01 -6.087614e-01  0.000000e+00
   outer loop
     vertex  1.856334e+02 -6.181000e+01  0.000000e+00
     vertex  1.856938e+02 -6.173130e+01  0.000000e+00
     vertex  1.856334e+02 -6.181000e+01  1.510000e+00
   endloop
 endfacet
 facet normal  9.238795e-01 -3.826834e-01  0.000000e+00
   outer loop
     vertex  1.856334e+02 -6.181000e+01  0.000000e+00
     vertex  1.856334e+02 -6.181000e+01  1.510000e+00
     vertex  1.855954e+02 -6.190165e+01  1.510000e+00
   endloop
 endfacet
 facet normal  9.238795e-01 -3.826834e-01  0.000000e+00
   outer loop
     vertex  1.855954e+02 -6.190165e+01  0.000000e+00
     vertex  1.856334e+02 -6.181000e+01  0.000000e+00
     vertex  1.855954e+02 -6.190165e+01  1.510000e+00
   endloop
 endfacet
 facet normal  9.914449e-01 -1.305262e-01  0.000000e+00
   outer loop
     vertex  1.855825e+02 -6.200000e+01  0.000000e+00
     vertex  1.855954e+02 -6.190165e+01  0.000000e+00
     vertex  1.855954e+02 -6.190165e+01  1.510000e+00
   endloop
 endfacet
 facet normal  9.914449e-01 -1.305262e-01  0.000000e+00
   outer loop
     vertex  1.855825e+02 -6.200000e+01  0.000000e+00
     vertex  1.855954e+02 -6.190165e+01  1.510000e+00
     vertex  1.855825e+02 -6.200000e+01  1.510000e+00
   endloop
 endfacet
 facet normal  9.914449e-01  1.305262e-01 -0.000000e+00
   outer loop
     vertex  1.855954e+02 -6.209835e+01  0.000000e+00
     vertex  1.855825e+02 -6.200000e+01  1.510000e+00
     vertex  1.855954e+02 -6.209835e+01  1.510000e+00
   endloop
 endfacet
 facet normal  9.914449e-01  1.305262e-01  0.000000e+00
   outer loop
     vertex  1.855954e+02 -6.209835e+01  0.000000e+00
     vertex  1.855825e+02 -6.200000e+01  0.000000e+00
     vertex  1.855825e+02 -6.200000e+01  1.510000e+00
   endloop
 endfacet
 facet normal  9.238795e-01  3.826834e-01 -0.000000e+00
   outer loop
     vertex  1.856334e+02 -6.219000e+01  0.000000e+00
     vertex  1.855954e+02 -6.209835e+01  1.510000e+00
     vertex  1.856334e+02 -6.219000e+01  1.510000e+00
   endloop
 endfacet
 facet normal  9.238795e-01  3.826834e-01  0.000000e+00
   outer loop
     vertex  1.856334e+02 -6.219000e+01  0.000000e+00
     vertex  1.855954e+02 -6.209835e+01  0.000000e+00
     vertex  1.855954e+02 -6.209835e+01  1.510000e+00
   endloop
 endfacet
 facet normal  6.087614e-01  7.933533e-01 -0.000000e+00
   outer loop
     vertex  1.856938e+02 -6.226870e+01  0.000000e+00
     vertex  1.856938e+02 -6.226870e+01  1.510000e+00
     vertex  1.857725e+02 -6.232909e+01  1.510000e+00
   endloop
 endfacet
 facet normal  7.933533e-01  6.087614e-01 -0.000000e+00
   outer loop
     vertex  1.856938e+02 -6.226870e+01  0.000000e+00
     vertex  1.856334e+02 -6.219000e+01  1.510000e+00
     vertex  1.856938e+02 -6.226870e+01  1.510000e+00
   endloop
 endfacet
 facet normal  7.933533e-01  6.087614e-01  0.000000e+00
   outer loop
     vertex  1.856938e+02 -6.226870e+01  0.000000e+00
     vertex  1.856334e+02 -6.219000e+01  0.000000e+00
     vertex  1.856334e+02 -6.219000e+01  1.510000e+00
   endloop
 endfacet
 facet normal  6.087614e-01  7.933533e-01 -0.000000e+00
   outer loop
     vertex  1.857725e+02 -6.232909e+01  0.000000e+00
     vertex  1.856938e+02 -6.226870e+01  0.000000e+00
     vertex  1.857725e+02 -6.232909e+01  1.510000e+00
   endloop
 endfacet
 facet normal  3.826834e-01  9.238795e-01 -0.000000e+00
   outer loop
     vertex  1.858641e+02 -6.236705e+01  0.000000e+00
     vertex  1.857725e+02 -6.232909e+01  1.510000e+00
     vertex  1.858641e+02 -6.236705e+01  1.510000e+00
   endloop
 endfacet
 facet normal  3.826834e-01  9.238795e-01  0.000000e+00
   outer loop
     vertex  1.858641e+02 -6.236705e+01  0.000000e+00
     vertex  1.857725e+02 -6.232909e+01  0.000000e+00
     vertex  1.857725e+02 -6.232909e+01  1.510000e+00
   endloop
 endfacet
 facet normal  1.305262e-01  9.914449e-01 -0.000000e+00
   outer loop
     vertex  1.859625e+02 -6.238000e+01  0.000000e+00
     vertex  1.858641e+02 -6.236705e+01  1.510000e+00
     vertex  1.859625e+02 -6.238000e+01  1.510000e+00
   endloop
 endfacet
 facet normal  1.305262e-01  9.914449e-01  0.000000e+00
   outer loop
     vertex  1.859625e+02 -6.238000e+01  0.000000e+00
     vertex  1.858641e+02 -6.236705e+01  0.000000e+00
     vertex  1.858641e+02 -6.236705e+01  1.510000e+00
   endloop
 endfacet
 facet normal -1.305262e-01  9.914449e-01  0.000000e+00
   outer loop
     vertex  1.886009e+02 -6.236705e+01  0.000000e+00
     vertex  1.885025e+02 -6.238000e+01  0.000000e+00
     vertex  1.885025e+02 -6.238000e+01  1.510000e+00
   endloop
 endfacet
 facet normal -1.305262e-01  9.914449e-01  0.000000e+00
   outer loop
     vertex  1.886009e+02 -6.236705e+01  0.000000e+00
     vertex  1.885025e+02 -6.238000e+01  1.510000e+00
     vertex  1.886009e+02 -6.236705e+01  1.510000e+00
   endloop
 endfacet
 facet normal -3.826834e-01  9.238795e-01  0.000000e+00
   outer loop
     vertex  1.886925e+02 -6.232909e+01  0.000000e+00
     vertex  1.886009e+02 -6.236705e+01  1.510000e+00
     vertex  1.886925e+02 -6.232909e+01  1.510000e+00
   endloop
 endfacet
 facet normal -3.826834e-01  9.238795e-01  0.000000e+00
   outer loop
     vertex  1.886925e+02 -6.232909e+01  0.000000e+00
     vertex  1.886009e+02 -6.236705e+01  0.000000e+00
     vertex  1.886009e+02 -6.236705e+01  1.510000e+00
   endloop
 endfacet
 facet normal -6.087614e-01  7.933533e-01  0.000000e+00
   outer loop
     vertex  1.887712e+02 -6.226870e+01  0.000000e+00
     vertex  1.886925e+02 -6.232909e+01  1.510000e+00
     vertex  1.887712e+02 -6.226870e+01  1.510000e+00
   endloop
 endfacet
 facet normal -6.087614e-01  7.933533e-01  0.000000e+00
   outer loop
     vertex  1.887712e+02 -6.226870e+01  0.000000e+00
     vertex  1.886925e+02 -6.232909e+01  0.000000e+00
     vertex  1.886925e+02 -6.232909e+01  1.510000e+00
   endloop
 endfacet
 facet normal -7.933533e-01  6.087614e-01  0.000000e+00
   outer loop
     vertex  1.888316e+02 -6.219000e+01  0.000000e+00
     vertex  1.887712e+02 -6.226870e+01  1.510000e+00
     vertex  1.888316e+02 -6.219000e+01  1.510000e+00
   endloop
 endfacet
 facet normal -7.933533e-01  6.087614e-01  0.000000e+00
   outer loop
     vertex  1.888316e+02 -6.219000e+01  0.000000e+00
     vertex  1.887712e+02 -6.226870e+01  0.000000e+00
     vertex  1.887712e+02 -6.226870e+01  1.510000e+00
   endloop
 endfacet
 facet normal -9.238795e-01  3.826834e-01  0.000000e+00
   outer loop
     vertex  1.888696e+02 -6.209835e+01  0.000000e+00
     vertex  1.888316e+02 -6.219000e+01  1.510000e+00
     vertex  1.888696e+02 -6.209835e+01  1.510000e+00
   endloop
 endfacet
 facet normal -9.238795e-01  3.826834e-01  0.000000e+00
   outer loop
     vertex  1.888696e+02 -6.209835e+01  0.000000e+00
     vertex  1.888316e+02 -6.219000e+01  0.000000e+00
     vertex  1.888316e+02 -6.219000e+01  1.510000e+00
   endloop
 endfacet
 facet normal -9.914449e-01  1.305262e-01  0.000000e+00
   outer loop
     vertex  1.888825e+02 -6.200000e+01  0.000000e+00
     vertex  1.888696e+02 -6.209835e+01  1.510000e+00
     vertex  1.888825e+02 -6.200000e+01  1.510000e+00
   endloop
 endfacet
 facet normal -9.914449e-01  1.305262e-01  0.000000e+00
   outer loop
     vertex  1.888825e+02 -6.200000e+01  0.000000e+00
     vertex  1.888696e+02 -6.209835e+01  0.000000e+00
     vertex  1.888696e+02 -6.209835e+01  1.510000e+00
   endloop
 endfacet
 facet normal -9.914449e-01 -1.305262e-01  0.000000e+00
   outer loop
     vertex  1.888696e+02 -6.190165e+01  0.000000e+00
     vertex  1.888825e+02 -6.200000e+01  1.510000e+00
     vertex  1.888696e+02 -6.190165e+01  1.510000e+00
   endloop
 endfacet
 facet normal -9.914449e-01 -1.305262e-01  0.000000e+00
   outer loop
     vertex  1.888696e+02 -6.190165e+01  0.000000e+00
     vertex  1.888825e+02 -6.200000e+01  0.000000e+00
     vertex  1.888825e+02 -6.200000e+01  1.510000e+00
   endloop
 endfacet
 facet normal -9.238795e-01 -3.826834e-01  0.000000e+00
   outer loop
     vertex  1.888316e+02 -6.181000e+01  0.000000e+00
     vertex  1.888696e+02 -6.190165e+01  1.510000e+00
     vertex  1.888316e+02 -6.181000e+01  1.510000e+00
   endloop
 endfacet
 facet normal -9.238795e-01 -3.826834e-01  0.000000e+00
   outer loop
     vertex  1.888316e+02 -6.181000e+01  0.000000e+00
     vertex  1.888696e+02 -6.190165e+01  0.000000e+00
     vertex  1.888696e+02 -6.190165e+01  1.510000e+00
   endloop
 endfacet
 facet normal -7.933533e-01 -6.087614e-01  0.000000e+00
   outer loop
     vertex  1.887712e+02 -6.173130e+01  0.000000e+00
     vertex  1.888316e+02 -6.181000e+01  1.510000e+00
     vertex  1.887712e+02 -6.173130e+01  1.510000e+00
   endloop
 endfacet
 facet normal -7.933533e-01 -6.087614e-01  0.000000e+00
   outer loop
     vertex  1.887712e+02 -6.173130e+01  0.000000e+00
     vertex  1.888316e+02 -6.181000e+01  0.000000e+00
     vertex  1.888316e+02 -6.181000e+01  1.510000e+00
   endloop
 endfacet
 facet normal -6.087614e-01 -7.933533e-01  0.000000e+00
   outer loop
     vertex  1.886925e+02 -6.167091e+01  0.000000e+00
     vertex  1.887712e+02 -6.173130e+01  1.510000e+00
     vertex  1.886925e+02 -6.167091e+01  1.510000e+00
   endloop
 endfacet
 facet normal -6.087614e-01 -7.933533e-01  0.000000e+00
   outer loop
     vertex  1.886925e+02 -6.167091e+01  0.000000e+00
     vertex  1.887712e+02 -6.173130e+01  0.000000e+00
     vertex  1.887712e+02 -6.173130e+01  1.510000e+00
   endloop
 endfacet
 facet normal -3.826834e-01 -9.238795e-01  0.000000e+00
   outer loop
     vertex  1.886009e+02 -6.163295e+01  0.000000e+00
     vertex  1.886925e+02 -6.167091e+01  1.510000e+00
     vertex  1.886009e+02 -6.163295e+01  1.510000e+00
   endloop
 endfacet
 facet normal -3.826834e-01 -9.238795e-01  0.000000e+00
   outer loop
     vertex  1.886009e+02 -6.163295e+01  0.000000e+00
     vertex  1.886925e+02 -6.167091e+01  0.000000e+00
     vertex  1.886925e+02 -6.167091e+01  1.510000e+00
   endloop
 endfacet
 facet normal -1.305262e-01 -9.914449e-01  0.000000e+00
   outer loop
     vertex  1.885025e+02 -6.162000e+01  0.000000e+00
     vertex  1.886009e+02 -6.163295e+01  1.510000e+00
     vertex  1.885025e+02 -6.162000e+01  1.510000e+00
   endloop
 endfacet
 facet normal -1.305262e-01 -9.914449e-01  0.000000e+00
   outer loop
     vertex  1.885025e+02 -6.162000e+01  0.000000e+00
     vertex  1.886009e+02 -6.163295e+01  0.000000e+00
     vertex  1.886009e+02 -6.163295e+01  1.510000e+00
   endloop
 endfacet
 facet normal  1.305262e-01 -9.914449e-01  0.000000e+00
   outer loop
     vertex  1.884041e+02 -6.163295e+01  0.000000e+00
     vertex  1.885025e+02 -6.162000e+01  1.510000e+00
     vertex  1.884041e+02 -6.163295e+01  1.510000e+00
   endloop
 endfacet
 facet normal  1.305262e-01 -9.914449e-01  0.000000e+00
   outer loop
     vertex  1.884041e+02 -6.163295e+01  0.000000e+00
     vertex  1.885025e+02 -6.162000e+01  0.000000e+00
     vertex  1.885025e+02 -6.162000e+01  1.510000e+00
   endloop
 endfacet
 facet normal  3.826834e-01 -9.238795e-01  0.000000e+00
   outer loop
     vertex  1.883125e+02 -6.167091e+01  0.000000e+00
     vertex  1.884041e+02 -6.163295e+01  0.000000e+00
     vertex  1.884041e+02 -6.163295e+01  1.510000e+00
   endloop
 endfacet
 facet normal  3.826834e-01 -9.238795e-01  0.000000e+00
   outer loop
     vertex  1.883125e+02 -6.167091e+01  0.000000e+00
     vertex  1.884041e+02 -6.163295e+01  1.510000e+00
     vertex  1.883125e+02 -6.167091e+01  1.510000e+00
   endloop
 endfacet
 facet normal  6.087614e-01 -7.933533e-01  0.000000e+00
   outer loop
     vertex  1.882338e+02 -6.173130e+01  0.000000e+00
     vertex  1.883125e+02 -6.167091e+01  0.000000e+00
     vertex  1.883125e+02 -6.167091e+01  1.510000e+00
   endloop
 endfacet
 facet normal  7.933533e-01 -6.087614e-01  0.000000e+00
   outer loop
     vertex  1.882338e+02 -6.173130e+01  0.000000e+00
     vertex  1.882338e+02 -6.173130e+01  1.510000e+00
     vertex  1.881734e+02 -6.181000e+01  1.510000e+00
   endloop
 endfacet
 facet normal  6.087614e-01 -7.933533e-01  0.000000e+00
   outer loop
     vertex  1.882338e+02 -6.173130e+01  0.000000e+00
     vertex  1.883125e+02 -6.167091e+01  1.510000e+00
     vertex  1.882338e+02 -6.173130e+01  1.510000e+00
   endloop
 endfacet
 facet normal  7.933533e-01 -6.087614e-01  0.000000e+00
   outer loop
     vertex  1.881734e+02 -6.181000e+01  0.000000e+00
     vertex  1.882338e+02 -6.173130e+01  0.000000e+00
     vertex  1.881734e+02 -6.181000e+01  1.510000e+00
   endloop
 endfacet
 facet normal  9.238795e-01 -3.826834e-01  0.000000e+00
   outer loop
     vertex  1.881734e+02 -6.181000e+01  0.000000e+00
     vertex  1.881734e+02 -6.181000e+01  1.510000e+00
     vertex  1.881354e+02 -6.190165e+01  1.510000e+00
   endloop
 endfacet
 facet normal  9.238795e-01 -3.826834e-01  0.000000e+00
   outer loop
     vertex  1.881354e+02 -6.190165e+01  0.000000e+00
     vertex  1.881734e+02 -6.181000e+01  0.000000e+00
     vertex  1.881354e+02 -6.190165e+01  1.510000e+00
   endloop
 endfacet
 facet normal  9.914449e-01 -1.305262e-01  0.000000e+00
   outer loop
     vertex  1.881225e+02 -6.200000e+01  0.000000e+00
     vertex  1.881354e+02 -6.190165e+01  0.000000e+00
     vertex  1.881354e+02 -6.190165e+01  1.510000e+00
   endloop
 endfacet
 facet normal  9.914449e-01 -1.305262e-01  0.000000e+00
   outer loop
     vertex  1.881225e+02 -6.200000e+01  0.000000e+00
     vertex  1.881354e+02 -6.190165e+01  1.510000e+00
     vertex  1.881225e+02 -6.200000e+01  1.510000e+00
   endloop
 endfacet
 facet normal  9.914449e-01  1.305262e-01 -0.000000e+00
   outer loop
     vertex  1.881354e+02 -6.209835e+01  0.000000e+00
     vertex  1.881225e+02 -6.200000e+01  1.510000e+00
     vertex  1.881354e+02 -6.209835e+01  1.510000e+00
   endloop
 endfacet
 facet normal  9.914449e-01  1.305262e-01  0.000000e+00
   outer loop
     vertex  1.881354e+02 -6.209835e+01  0.000000e+00
     vertex  1.881225e+02 -6.200000e+01  0.000000e+00
     vertex  1.881225e+02 -6.200000e+01  1.510000e+00
   endloop
 endfacet
 facet normal  9.238795e-01  3.826834e-01 -0.000000e+00
   outer loop
     vertex  1.881734e+02 -6.219000e+01  0.000000e+00
     vertex  1.881354e+02 -6.209835e+01  1.510000e+00
     vertex  1.881734e+02 -6.219000e+01  1.510000e+00
   endloop
 endfacet
 facet normal  9.238795e-01  3.826834e-01  0.000000e+00
   outer loop
     vertex  1.881734e+02 -6.219000e+01  0.000000e+00
     vertex  1.881354e+02 -6.209835e+01  0.000000e+00
     vertex  1.881354e+02 -6.209835e+01  1.510000e+00
   endloop
 endfacet
 facet normal  6.087614e-01  7.933533e-01 -0.000000e+00
   outer loop
     vertex  1.882338e+02 -6.226870e+01  0.000000e+00
     vertex  1.882338e+02 -6.226870e+01  1.510000e+00
     vertex  1.883125e+02 -6.232909e+01  1.510000e+00
   endloop
 endfacet
 facet normal  7.933533e-01  6.087614e-01 -0.000000e+00
   outer loop
     vertex  1.882338e+02 -6.226870e+01  0.000000e+00
     vertex  1.881734e+02 -6.219000e+01  1.510000e+00
     vertex  1.882338e+02 -6.226870e+01  1.510000e+00
   endloop
 endfacet
 facet normal  7.933533e-01  6.087614e-01  0.000000e+00
   outer loop
     vertex  1.882338e+02 -6.226870e+01  0.000000e+00
     vertex  1.881734e+02 -6.219000e+01  0.000000e+00
     vertex  1.881734e+02 -6.219000e+01  1.510000e+00
   endloop
 endfacet
 facet normal  6.087614e-01  7.933533e-01 -0.000000e+00
   outer loop
     vertex  1.883125e+02 -6.232909e+01  0.000000e+00
     vertex  1.882338e+02 -6.226870e+01  0.000000e+00
     vertex  1.883125e+02 -6.232909e+01  1.510000e+00
   endloop
 endfacet
 facet normal  3.826834e-01  9.238795e-01 -0.000000e+00
   outer loop
     vertex  1.884041e+02 -6.236705e+01  0.000000e+00
     vertex  1.883125e+02 -6.232909e+01  1.510000e+00
     vertex  1.884041e+02 -6.236705e+01  1.510000e+00
   endloop
 endfacet
 facet normal  3.826834e-01  9.238795e-01  0.000000e+00
   outer loop
     vertex  1.884041e+02 -6.236705e+01  0.000000e+00
     vertex  1.883125e+02 -6.232909e+01  0.000000e+00
     vertex  1.883125e+02 -6.232909e+01  1.510000e+00
   endloop
 endfacet
 facet normal  1.305262e-01  9.914449e-01 -0.000000e+00
   outer loop
     vertex  1.885025e+02 -6.238000e+01  0.000000e+00
     vertex  1.884041e+02 -6.236705e+01  1.510000e+00
     vertex  1.885025e+02 -6.238000e+01  1.510000e+00
   endloop
 endfacet
 facet normal  1.305262e-01  9.914449e-01  0.000000e+00
   outer loop
     vertex  1.885025e+02 -6.238000e+01  0.000000e+00
     vertex  1.884041e+02 -6.236705e+01  0.000000e+00
     vertex  1.884041e+02 -6.236705e+01  1.510000e+00
   endloop
 endfacet
 facet normal -1.305262e-01  9.914449e-01  0.000000e+00
   outer loop
     vertex  1.838366e+02 -5.719548e+01  0.000000e+00
     vertex  1.834225e+02 -5.725000e+01  0.000000e+00
     vertex  1.834225e+02 -5.725000e+01  1.510000e+00
   endloop
 endfacet
 facet normal -1.305262e-01  9.914449e-01  0.000000e+00
   outer loop
     vertex  1.838366e+02 -5.719548e+01  0.000000e+00
     vertex  1.834225e+02 -5.725000e+01  1.510000e+00
     vertex  1.838366e+02 -5.719548e+01  1.510000e+00
   endloop
 endfacet
 facet normal -3.826834e-01  9.238795e-01  0.000000e+00
   outer loop
     vertex  1.842225e+02 -5.703564e+01  0.000000e+00
     vertex  1.838366e+02 -5.719548e+01  1.510000e+00
     vertex  1.842225e+02 -5.703564e+01  1.510000e+00
   endloop
 endfacet
 facet normal -3.826834e-01  9.238795e-01  0.000000e+00
   outer loop
     vertex  1.842225e+02 -5.703564e+01  0.000000e+00
     vertex  1.838366e+02 -5.719548e+01  0.000000e+00
     vertex  1.838366e+02 -5.719548e+01  1.510000e+00
   endloop
 endfacet
 facet normal -6.087614e-01  7.933533e-01  0.000000e+00
   outer loop
     vertex  1.845539e+02 -5.678137e+01  0.000000e+00
     vertex  1.842225e+02 -5.703564e+01  1.510000e+00
     vertex  1.845539e+02 -5.678137e+01  1.510000e+00
   endloop
 endfacet
 facet normal -6.087614e-01  7.933533e-01  0.000000e+00
   outer loop
     vertex  1.845539e+02 -5.678137e+01  0.000000e+00
     vertex  1.842225e+02 -5.703564e+01  0.000000e+00
     vertex  1.842225e+02 -5.703564e+01  1.510000e+00
   endloop
 endfacet
 facet normal -7.933533e-01  6.087614e-01  0.000000e+00
   outer loop
     vertex  1.848081e+02 -5.645000e+01  0.000000e+00
     vertex  1.845539e+02 -5.678137e+01  1.510000e+00
     vertex  1.848081e+02 -5.645000e+01  1.510000e+00
   endloop
 endfacet
 facet normal -7.933533e-01  6.087614e-01  0.000000e+00
   outer loop
     vertex  1.848081e+02 -5.645000e+01  0.000000e+00
     vertex  1.845539e+02 -5.678137e+01  0.000000e+00
     vertex  1.845539e+02 -5.678137e+01  1.510000e+00
   endloop
 endfacet
 facet normal -9.238795e-01  3.826834e-01  0.000000e+00
   outer loop
     vertex  1.849680e+02 -5.606411e+01  0.000000e+00
     vertex  1.848081e+02 -5.645000e+01  1.510000e+00
     vertex  1.849680e+02 -5.606411e+01  1.510000e+00
   endloop
 endfacet
 facet normal -9.238795e-01  3.826834e-01  0.000000e+00
   outer loop
     vertex  1.849680e+02 -5.606411e+01  0.000000e+00
     vertex  1.848081e+02 -5.645000e+01  0.000000e+00
     vertex  1.848081e+02 -5.645000e+01  1.510000e+00
   endloop
 endfacet
 facet normal -9.914449e-01  1.305262e-01  0.000000e+00
   outer loop
     vertex  1.850225e+02 -5.565000e+01  0.000000e+00
     vertex  1.849680e+02 -5.606411e+01  1.510000e+00
     vertex  1.850225e+02 -5.565000e+01  1.510000e+00
   endloop
 endfacet
 facet normal -9.914449e-01  1.305262e-01  0.000000e+00
   outer loop
     vertex  1.850225e+02 -5.565000e+01  0.000000e+00
     vertex  1.849680e+02 -5.606411e+01  0.000000e+00
     vertex  1.849680e+02 -5.606411e+01  1.510000e+00
   endloop
 endfacet
 facet normal -9.914449e-01 -1.305262e-01  0.000000e+00
   outer loop
     vertex  1.849680e+02 -5.523589e+01  0.000000e+00
     vertex  1.850225e+02 -5.565000e+01  1.510000e+00
     vertex  1.849680e+02 -5.523589e+01  1.510000e+00
   endloop
 endfacet
 facet normal -9.914449e-01 -1.305262e-01  0.000000e+00
   outer loop
     vertex  1.849680e+02 -5.523589e+01  0.000000e+00
     vertex  1.850225e+02 -5.565000e+01  0.000000e+00
     vertex  1.850225e+02 -5.565000e+01  1.510000e+00
   endloop
 endfacet
 facet normal -9.238795e-01 -3.826834e-01  0.000000e+00
   outer loop
     vertex  1.848081e+02 -5.485000e+01  0.000000e+00
     vertex  1.849680e+02 -5.523589e+01  1.510000e+00
     vertex  1.848081e+02 -5.485000e+01  1.510000e+00
   endloop
 endfacet
 facet normal -9.238795e-01 -3.826834e-01  0.000000e+00
   outer loop
     vertex  1.848081e+02 -5.485000e+01  0.000000e+00
     vertex  1.849680e+02 -5.523589e+01  0.000000e+00
     vertex  1.849680e+02 -5.523589e+01  1.510000e+00
   endloop
 endfacet
 facet normal -7.933533e-01 -6.087614e-01  0.000000e+00
   outer loop
     vertex  1.845539e+02 -5.451863e+01  0.000000e+00
     vertex  1.848081e+02 -5.485000e+01  1.510000e+00
     vertex  1.845539e+02 -5.451863e+01  1.510000e+00
   endloop
 endfacet
 facet normal -7.933533e-01 -6.087614e-01  0.000000e+00
   outer loop
     vertex  1.845539e+02 -5.451863e+01  0.000000e+00
     vertex  1.848081e+02 -5.485000e+01  0.000000e+00
     vertex  1.848081e+02 -5.485000e+01  1.510000e+00
   endloop
 endfacet
 facet normal -6.087614e-01 -7.933533e-01  0.000000e+00
   outer loop
     vertex  1.842225e+02 -5.426436e+01  0.000000e+00
     vertex  1.845539e+02 -5.451863e+01  1.510000e+00
     vertex  1.842225e+02 -5.426436e+01  1.510000e+00
   endloop
 endfacet
 facet normal -6.087614e-01 -7.933533e-01  0.000000e+00
   outer loop
     vertex  1.842225e+02 -5.426436e+01  0.000000e+00
     vertex  1.845539e+02 -5.451863e+01  0.000000e+00
     vertex  1.845539e+02 -5.451863e+01  1.510000e+00
   endloop
 endfacet
 facet normal -3.826834e-01 -9.238795e-01  0.000000e+00
   outer loop
     vertex  1.838366e+02 -5.410452e+01  0.000000e+00
     vertex  1.842225e+02 -5.426436e+01  1.510000e+00
     vertex  1.838366e+02 -5.410452e+01  1.510000e+00
   endloop
 endfacet
 facet normal -3.826834e-01 -9.238795e-01  0.000000e+00
   outer loop
     vertex  1.838366e+02 -5.410452e+01  0.000000e+00
     vertex  1.842225e+02 -5.426436e+01  0.000000e+00
     vertex  1.842225e+02 -5.426436e+01  1.510000e+00
   endloop
 endfacet
 facet normal -1.305262e-01 -9.914449e-01  0.000000e+00
   outer loop
     vertex  1.834225e+02 -5.405000e+01  0.000000e+00
     vertex  1.838366e+02 -5.410452e+01  1.510000e+00
     vertex  1.834225e+02 -5.405000e+01  1.510000e+00
   endloop
 endfacet
 facet normal -1.305262e-01 -9.914449e-01  0.000000e+00
   outer loop
     vertex  1.834225e+02 -5.405000e+01  0.000000e+00
     vertex  1.838366e+02 -5.410452e+01  0.000000e+00
     vertex  1.838366e+02 -5.410452e+01  1.510000e+00
   endloop
 endfacet
 facet normal  1.305262e-01 -9.914449e-01  0.000000e+00
   outer loop
     vertex  1.830084e+02 -5.410452e+01  0.000000e+00
     vertex  1.834225e+02 -5.405000e+01  1.510000e+00
     vertex  1.830084e+02 -5.410452e+01  1.510000e+00
   endloop
 endfacet
 facet normal  1.305262e-01 -9.914449e-01  0.000000e+00
   outer loop
     vertex  1.830084e+02 -5.410452e+01  0.000000e+00
     vertex  1.834225e+02 -5.405000e+01  0.000000e+00
     vertex  1.834225e+02 -5.405000e+01  1.510000e+00
   endloop
 endfacet
 facet normal  3.826834e-01 -9.238795e-01  0.000000e+00
   outer loop
     vertex  1.826225e+02 -5.426436e+01  0.000000e+00
     vertex  1.830084e+02 -5.410452e+01  0.000000e+00
     vertex  1.830084e+02 -5.410452e+01  1.510000e+00
   endloop
 endfacet
 facet normal  3.826834e-01 -9.238795e-01  0.000000e+00
   outer loop
     vertex  1.826225e+02 -5.426436e+01  0.000000e+00
     vertex  1.830084e+02 -5.410452e+01  1.510000e+00
     vertex  1.826225e+02 -5.426436e+01  1.510000e+00
   endloop
 endfacet
 facet normal  6.087614e-01 -7.933533e-01  0.000000e+00
   outer loop
     vertex  1.822911e+02 -5.451863e+01  0.000000e+00
     vertex  1.826225e+02 -5.426436e+01  0.000000e+00
     vertex  1.826225e+02 -5.426436e+01  1.510000e+00
   endloop
 endfacet
 facet normal  7.933533e-01 -6.087614e-01  0.000000e+00
   outer loop
     vertex  1.822911e+02 -5.451863e+01  0.000000e+00
     vertex  1.822911e+02 -5.451863e+01  1.510000e+00
     vertex  1.820369e+02 -5.485000e+01  1.510000e+00
   endloop
 endfacet
 facet normal  6.087614e-01 -7.933533e-01  0.000000e+00
   outer loop
     vertex  1.822911e+02 -5.451863e+01  0.000000e+00
     vertex  1.826225e+02 -5.426436e+01  1.510000e+00
     vertex  1.822911e+02 -5.451863e+01  1.510000e+00
   endloop
 endfacet
 facet normal  7.933533e-01 -6.087614e-01  0.000000e+00
   outer loop
     vertex  1.820369e+02 -5.485000e+01  0.000000e+00
     vertex  1.822911e+02 -5.451863e+01  0.000000e+00
     vertex  1.820369e+02 -5.485000e+01  1.510000e+00
   endloop
 endfacet
 facet normal  9.238795e-01 -3.826834e-01  0.000000e+00
   outer loop
     vertex  1.820369e+02 -5.485000e+01  0.000000e+00
     vertex  1.820369e+02 -5.485000e+01  1.510000e+00
     vertex  1.818770e+02 -5.523589e+01  1.510000e+00
   endloop
 endfacet
 facet normal  9.238795e-01 -3.826834e-01  0.000000e+00
   outer loop
     vertex  1.818770e+02 -5.523589e+01  0.000000e+00
     vertex  1.820369e+02 -5.485000e+01  0.000000e+00
     vertex  1.818770e+02 -5.523589e+01  1.510000e+00
   endloop
 endfacet
 facet normal  9.914449e-01 -1.305262e-01  0.000000e+00
   outer loop
     vertex  1.818225e+02 -5.565000e+01  0.000000e+00
     vertex  1.818770e+02 -5.523589e+01  0.000000e+00
     vertex  1.818770e+02 -5.523589e+01  1.510000e+00
   endloop
 endfacet
 facet normal  9.914449e-01 -1.305262e-01  0.000000e+00
   outer loop
     vertex  1.818225e+02 -5.565000e+01  0.000000e+00
     vertex  1.818770e+02 -5.523589e+01  1.510000e+00
     vertex  1.818225e+02 -5.565000e+01  1.510000e+00
   endloop
 endfacet
 facet normal  9.914449e-01  1.305262e-01 -0.000000e+00
   outer loop
     vertex  1.818770e+02 -5.606411e+01  0.000000e+00
     vertex  1.818225e+02 -5.565000e+01  1.510000e+00
     vertex  1.818770e+02 -5.606411e+01  1.510000e+00
   endloop
 endfacet
 facet normal  9.914449e-01  1.305262e-01  0.000000e+00
   outer loop
     vertex  1.818770e+02 -5.606411e+01  0.000000e+00
     vertex  1.818225e+02 -5.565000e+01  0.000000e+00
     vertex  1.818225e+02 -5.565000e+01  1.510000e+00
   endloop
 endfacet
 facet normal  9.238795e-01  3.826834e-01 -0.000000e+00
   outer loop
     vertex  1.820369e+02 -5.645000e+01  0.000000e+00
     vertex  1.818770e+02 -5.606411e+01  1.510000e+00
     vertex  1.820369e+02 -5.645000e+01  1.510000e+00
   endloop
 endfacet
 facet normal  9.238795e-01  3.826834e-01  0.000000e+00
   outer loop
     vertex  1.820369e+02 -5.645000e+01  0.000000e+00
     vertex  1.818770e+02 -5.606411e+01  0.000000e+00
     vertex  1.818770e+02 -5.606411e+01  1.510000e+00
   endloop
 endfacet
 facet normal  6.087614e-01  7.933533e-01 -0.000000e+00
   outer loop
     vertex  1.822911e+02 -5.678137e+01  0.000000e+00
     vertex  1.822911e+02 -5.678137e+01  1.510000e+00
     vertex  1.826225e+02 -5.703564e+01  1.510000e+00
   endloop
 endfacet
 facet normal  7.933533e-01  6.087614e-01 -0.000000e+00
   outer loop
     vertex  1.822911e+02 -5.678137e+01  0.000000e+00
     vertex  1.820369e+02 -5.645000e+01  1.510000e+00
     vertex  1.822911e+02 -5.678137e+01  1.510000e+00
   endloop
 endfacet
 facet normal  7.933533e-01  6.087614e-01  0.000000e+00
   outer loop
     vertex  1.822911e+02 -5.678137e+01  0.000000e+00
     vertex  1.820369e+02 -5.645000e+01  0.000000e+00
     vertex  1.820369e+02 -5.645000e+01  1.510000e+00
   endloop
 endfacet
 facet normal  6.087614e-01  7.933533e-01 -0.000000e+00
   outer loop
     vertex  1.826225e+02 -5.703564e+01  0.000000e+00
     vertex  1.822911e+02 -5.678137e+01  0.000000e+00
     vertex  1.826225e+02 -5.703564e+01  1.510000e+00
   endloop
 endfacet
 facet normal  3.826834e-01  9.238795e-01 -0.000000e+00
   outer loop
     vertex  1.830084e+02 -5.719548e+01  0.000000e+00
     vertex  1.826225e+02 -5.703564e+01  1.510000e+00
     vertex  1.830084e+02 -5.719548e+01  1.510000e+00
   endloop
 endfacet
 facet normal  3.826834e-01  9.238795e-01  0.000000e+00
   outer loop
     vertex  1.830084e+02 -5.719548e+01  0.000000e+00
     vertex  1.826225e+02 -5.703564e+01  0.000000e+00
     vertex  1.826225e+02 -5.703564e+01  1.510000e+00
   endloop
 endfacet
 facet normal  1.305262e-01  9.914449e-01 -0.000000e+00
   outer loop
     vertex  1.834225e+02 -5.725000e+01  0.000000e+00
     vertex  1.830084e+02 -5.719548e+01  1.510000e+00
     vertex  1.834225e+02 -5.725000e+01  1.510000e+00
   endloop
 endfacet
 facet normal  1.305262e-01  9.914449e-01  0.000000e+00
   outer loop
     vertex  1.834225e+02 -5.725000e+01  0.000000e+00
     vertex  1.830084e+02 -5.719548e+01  0.000000e+00
     vertex  1.830084e+02 -5.719548e+01  1.510000e+00
   endloop
 endfacet
 facet normal -1.305262e-01  9.914449e-01  0.000000e+00
   outer loop
     vertex  1.898709e+02 -6.490705e+01  0.000000e+00
     vertex  1.897725e+02 -6.492000e+01  0.000000e+00
     vertex  1.897725e+02 -6.492000e+01  1.510000e+00
   endloop
 endfacet
 facet normal -1.305262e-01  9.914449e-01  0.000000e+00
   outer loop
     vertex  1.898709e+02 -6.490705e+01  0.000000e+00
     vertex  1.897725e+02 -6.492000e+01  1.510000e+00
     vertex  1.898709e+02 -6.490705e+01  1.510000e+00
   endloop
 endfacet
 facet normal -3.826834e-01  9.238795e-01  0.000000e+00
   outer loop
     vertex  1.899625e+02 -6.486909e+01  0.000000e+00
     vertex  1.898709e+02 -6.490705e+01  1.510000e+00
     vertex  1.899625e+02 -6.486909e+01  1.510000e+00
   endloop
 endfacet
 facet normal -3.826834e-01  9.238795e-01  0.000000e+00
   outer loop
     vertex  1.899625e+02 -6.486909e+01  0.000000e+00
     vertex  1.898709e+02 -6.490705e+01  0.000000e+00
     vertex  1.898709e+02 -6.490705e+01  1.510000e+00
   endloop
 endfacet
 facet normal -6.087614e-01  7.933533e-01  0.000000e+00
   outer loop
     vertex  1.900412e+02 -6.480870e+01  0.000000e+00
     vertex  1.899625e+02 -6.486909e+01  1.510000e+00
     vertex  1.900412e+02 -6.480870e+01  1.510000e+00
   endloop
 endfacet
 facet normal -6.087614e-01  7.933533e-01  0.000000e+00
   outer loop
     vertex  1.900412e+02 -6.480870e+01  0.000000e+00
     vertex  1.899625e+02 -6.486909e+01  0.000000e+00
     vertex  1.899625e+02 -6.486909e+01  1.510000e+00
   endloop
 endfacet
 facet normal -7.933533e-01  6.087614e-01  0.000000e+00
   outer loop
     vertex  1.901016e+02 -6.473000e+01  0.000000e+00
     vertex  1.900412e+02 -6.480870e+01  1.510000e+00
     vertex  1.901016e+02 -6.473000e+01  1.510000e+00
   endloop
 endfacet
 facet normal -7.933533e-01  6.087614e-01  0.000000e+00
   outer loop
     vertex  1.901016e+02 -6.473000e+01  0.000000e+00
     vertex  1.900412e+02 -6.480870e+01  0.000000e+00
     vertex  1.900412e+02 -6.480870e+01  1.510000e+00
   endloop
 endfacet
 facet normal -9.238795e-01  3.826834e-01  0.000000e+00
   outer loop
     vertex  1.901396e+02 -6.463835e+01  0.000000e+00
     vertex  1.901016e+02 -6.473000e+01  1.510000e+00
     vertex  1.901396e+02 -6.463835e+01  1.510000e+00
   endloop
 endfacet
 facet normal -9.238795e-01  3.826834e-01  0.000000e+00
   outer loop
     vertex  1.901396e+02 -6.463835e+01  0.000000e+00
     vertex  1.901016e+02 -6.473000e+01  0.000000e+00
     vertex  1.901016e+02 -6.473000e+01  1.510000e+00
   endloop
 endfacet
 facet normal -9.914449e-01  1.305262e-01  0.000000e+00
   outer loop
     vertex  1.901525e+02 -6.454000e+01  0.000000e+00
     vertex  1.901396e+02 -6.463835e+01  1.510000e+00
     vertex  1.901525e+02 -6.454000e+01  1.510000e+00
   endloop
 endfacet
 facet normal -9.914449e-01  1.305262e-01  0.000000e+00
   outer loop
     vertex  1.901525e+02 -6.454000e+01  0.000000e+00
     vertex  1.901396e+02 -6.463835e+01  0.000000e+00
     vertex  1.901396e+02 -6.463835e+01  1.510000e+00
   endloop
 endfacet
 facet normal -9.914449e-01 -1.305262e-01  0.000000e+00
   outer loop
     vertex  1.901396e+02 -6.444165e+01  0.000000e+00
     vertex  1.901525e+02 -6.454000e+01  1.510000e+00
     vertex  1.901396e+02 -6.444165e+01  1.510000e+00
   endloop
 endfacet
 facet normal -9.914449e-01 -1.305262e-01  0.000000e+00
   outer loop
     vertex  1.901396e+02 -6.444165e+01  0.000000e+00
     vertex  1.901525e+02 -6.454000e+01  0.000000e+00
     vertex  1.901525e+02 -6.454000e+01  1.510000e+00
   endloop
 endfacet
 facet normal -9.238795e-01 -3.826834e-01  0.000000e+00
   outer loop
     vertex  1.901016e+02 -6.435000e+01  0.000000e+00
     vertex  1.901396e+02 -6.444165e+01  1.510000e+00
     vertex  1.901016e+02 -6.435000e+01  1.510000e+00
   endloop
 endfacet
 facet normal -9.238795e-01 -3.826834e-01  0.000000e+00
   outer loop
     vertex  1.901016e+02 -6.435000e+01  0.000000e+00
     vertex  1.901396e+02 -6.444165e+01  0.000000e+00
     vertex  1.901396e+02 -6.444165e+01  1.510000e+00
   endloop
 endfacet
 facet normal -7.933533e-01 -6.087614e-01  0.000000e+00
   outer loop
     vertex  1.900412e+02 -6.427130e+01  0.000000e+00
     vertex  1.901016e+02 -6.435000e+01  1.510000e+00
     vertex  1.900412e+02 -6.427130e+01  1.510000e+00
   endloop
 endfacet
 facet normal -7.933533e-01 -6.087614e-01  0.000000e+00
   outer loop
     vertex  1.900412e+02 -6.427130e+01  0.000000e+00
     vertex  1.901016e+02 -6.435000e+01  0.000000e+00
     vertex  1.901016e+02 -6.435000e+01  1.510000e+00
   endloop
 endfacet
 facet normal -6.087614e-01 -7.933533e-01  0.000000e+00
   outer loop
     vertex  1.899625e+02 -6.421091e+01  0.000000e+00
     vertex  1.900412e+02 -6.427130e+01  1.510000e+00
     vertex  1.899625e+02 -6.421091e+01  1.510000e+00
   endloop
 endfacet
 facet normal -6.087614e-01 -7.933533e-01  0.000000e+00
   outer loop
     vertex  1.899625e+02 -6.421091e+01  0.000000e+00
     vertex  1.900412e+02 -6.427130e+01  0.000000e+00
     vertex  1.900412e+02 -6.427130e+01  1.510000e+00
   endloop
 endfacet
 facet normal -3.826834e-01 -9.238795e-01  0.000000e+00
   outer loop
     vertex  1.898709e+02 -6.417295e+01  0.000000e+00
     vertex  1.899625e+02 -6.421091e+01  1.510000e+00
     vertex  1.898709e+02 -6.417295e+01  1.510000e+00
   endloop
 endfacet
 facet normal -3.826834e-01 -9.238795e-01  0.000000e+00
   outer loop
     vertex  1.898709e+02 -6.417295e+01  0.000000e+00
     vertex  1.899625e+02 -6.421091e+01  0.000000e+00
     vertex  1.899625e+02 -6.421091e+01  1.510000e+00
   endloop
 endfacet
 facet normal -1.305262e-01 -9.914449e-01  0.000000e+00
   outer loop
     vertex  1.897725e+02 -6.416000e+01  0.000000e+00
     vertex  1.898709e+02 -6.417295e+01  1.510000e+00
     vertex  1.897725e+02 -6.416000e+01  1.510000e+00
   endloop
 endfacet
 facet normal -1.305262e-01 -9.914449e-01  0.000000e+00
   outer loop
     vertex  1.897725e+02 -6.416000e+01  0.000000e+00
     vertex  1.898709e+02 -6.417295e+01  0.000000e+00
     vertex  1.898709e+02 -6.417295e+01  1.510000e+00
   endloop
 endfacet
 facet normal  1.305262e-01 -9.914449e-01  0.000000e+00
   outer loop
     vertex  1.896741e+02 -6.417295e+01  0.000000e+00
     vertex  1.897725e+02 -6.416000e+01  1.510000e+00
     vertex  1.896741e+02 -6.417295e+01  1.510000e+00
   endloop
 endfacet
 facet normal  1.305262e-01 -9.914449e-01  0.000000e+00
   outer loop
     vertex  1.896741e+02 -6.417295e+01  0.000000e+00
     vertex  1.897725e+02 -6.416000e+01  0.000000e+00
     vertex  1.897725e+02 -6.416000e+01  1.510000e+00
   endloop
 endfacet
 facet normal  3.826834e-01 -9.238795e-01  0.000000e+00
   outer loop
     vertex  1.895825e+02 -6.421091e+01  0.000000e+00
     vertex  1.896741e+02 -6.417295e+01  0.000000e+00
     vertex  1.896741e+02 -6.417295e+01  1.510000e+00
   endloop
 endfacet
 facet normal  3.826834e-01 -9.238795e-01  0.000000e+00
   outer loop
     vertex  1.895825e+02 -6.421091e+01  0.000000e+00
     vertex  1.896741e+02 -6.417295e+01  1.510000e+00
     vertex  1.895825e+02 -6.421091e+01  1.510000e+00
   endloop
 endfacet
 facet normal  6.087614e-01 -7.933533e-01  0.000000e+00
   outer loop
     vertex  1.895038e+02 -6.427130e+01  0.000000e+00
     vertex  1.895825e+02 -6.421091e+01  0.000000e+00
     vertex  1.895825e+02 -6.421091e+01  1.510000e+00
   endloop
 endfacet
 facet normal  7.933533e-01 -6.087614e-01  0.000000e+00
   outer loop
     vertex  1.895038e+02 -6.427130e+01  0.000000e+00
     vertex  1.895038e+02 -6.427130e+01  1.510000e+00
     vertex  1.894434e+02 -6.435000e+01  1.510000e+00
   endloop
 endfacet
 facet normal  6.087614e-01 -7.933533e-01  0.000000e+00
   outer loop
     vertex  1.895038e+02 -6.427130e+01  0.000000e+00
     vertex  1.895825e+02 -6.421091e+01  1.510000e+00
     vertex  1.895038e+02 -6.427130e+01  1.510000e+00
   endloop
 endfacet
 facet normal  7.933533e-01 -6.087614e-01  0.000000e+00
   outer loop
     vertex  1.894434e+02 -6.435000e+01  0.000000e+00
     vertex  1.895038e+02 -6.427130e+01  0.000000e+00
     vertex  1.894434e+02 -6.435000e+01  1.510000e+00
   endloop
 endfacet
 facet normal  9.238795e-01 -3.826834e-01  0.000000e+00
   outer loop
     vertex  1.894434e+02 -6.435000e+01  0.000000e+00
     vertex  1.894434e+02 -6.435000e+01  1.510000e+00
     vertex  1.894054e+02 -6.444165e+01  1.510000e+00
   endloop
 endfacet
 facet normal  9.238795e-01 -3.826834e-01  0.000000e+00
   outer loop
     vertex  1.894054e+02 -6.444165e+01  0.000000e+00
     vertex  1.894434e+02 -6.435000e+01  0.000000e+00
     vertex  1.894054e+02 -6.444165e+01  1.510000e+00
   endloop
 endfacet
 facet normal  9.914449e-01 -1.305262e-01  0.000000e+00
   outer loop
     vertex  1.893925e+02 -6.454000e+01  0.000000e+00
     vertex  1.894054e+02 -6.444165e+01  0.000000e+00
     vertex  1.894054e+02 -6.444165e+01  1.510000e+00
   endloop
 endfacet
 facet normal  9.914449e-01 -1.305262e-01  0.000000e+00
   outer loop
     vertex  1.893925e+02 -6.454000e+01  0.000000e+00
     vertex  1.894054e+02 -6.444165e+01  1.510000e+00
     vertex  1.893925e+02 -6.454000e+01  1.510000e+00
   endloop
 endfacet
 facet normal  9.914449e-01  1.305262e-01 -0.000000e+00
   outer loop
     vertex  1.894054e+02 -6.463835e+01  0.000000e+00
     vertex  1.893925e+02 -6.454000e+01  1.510000e+00
     vertex  1.894054e+02 -6.463835e+01  1.510000e+00
   endloop
 endfacet
 facet normal  9.914449e-01  1.305262e-01  0.000000e+00
   outer loop
     vertex  1.894054e+02 -6.463835e+01  0.000000e+00
     vertex  1.893925e+02 -6.454000e+01  0.000000e+00
     vertex  1.893925e+02 -6.454000e+01  1.510000e+00
   endloop
 endfacet
 facet normal  9.238795e-01  3.826834e-01 -0.000000e+00
   outer loop
     vertex  1.894434e+02 -6.473000e+01  0.000000e+00
     vertex  1.894054e+02 -6.463835e+01  1.510000e+00
     vertex  1.894434e+02 -6.473000e+01  1.510000e+00
   endloop
 endfacet
 facet normal  9.238795e-01  3.826834e-01  0.000000e+00
   outer loop
     vertex  1.894434e+02 -6.473000e+01  0.000000e+00
     vertex  1.894054e+02 -6.463835e+01  0.000000e+00
     vertex  1.894054e+02 -6.463835e+01  1.510000e+00
   endloop
 endfacet
 facet normal  6.087614e-01  7.933533e-01 -0.000000e+00
   outer loop
     vertex  1.895038e+02 -6.480870e+01  0.000000e+00
     vertex  1.895038e+02 -6.480870e+01  1.510000e+00
     vertex  1.895825e+02 -6.486909e+01  1.510000e+00
   endloop
 endfacet
 facet normal  7.933533e-01  6.087614e-01 -0.000000e+00
   outer loop
     vertex  1.895038e+02 -6.480870e+01  0.000000e+00
     vertex  1.894434e+02 -6.473000e+01  1.510000e+00
     vertex  1.895038e+02 -6.480870e+01  1.510000e+00
   endloop
 endfacet
 facet normal  7.933533e-01  6.087614e-01  0.000000e+00
   outer loop
     vertex  1.895038e+02 -6.480870e+01  0.000000e+00
     vertex  1.894434e+02 -6.473000e+01  0.000000e+00
     vertex  1.894434e+02 -6.473000e+01  1.510000e+00
   endloop
 endfacet
 facet normal  6.087614e-01  7.933533e-01 -0.000000e+00
   outer loop
     vertex  1.895825e+02 -6.486909e+01  0.000000e+00
     vertex  1.895038e+02 -6.480870e+01  0.000000e+00
     vertex  1.895825e+02 -6.486909e+01  1.510000e+00
   endloop
 endfacet
 facet normal  3.826834e-01  9.238795e-01 -0.000000e+00
   outer loop
     vertex  1.896741e+02 -6.490705e+01  0.000000e+00
     vertex  1.895825e+02 -6.486909e+01  1.510000e+00
     vertex  1.896741e+02 -6.490705e+01  1.510000e+00
   endloop
 endfacet
 facet normal  3.826834e-01  9.238795e-01  0.000000e+00
   outer loop
     vertex  1.896741e+02 -6.490705e+01  0.000000e+00
     vertex  1.895825e+02 -6.486909e+01  0.000000e+00
     vertex  1.895825e+02 -6.486909e+01  1.510000e+00
   endloop
 endfacet
 facet normal  1.305262e-01  9.914449e-01 -0.000000e+00
   outer loop
     vertex  1.897725e+02 -6.492000e+01  0.000000e+00
     vertex  1.896741e+02 -6.490705e+01  1.510000e+00
     vertex  1.897725e+02 -6.492000e+01  1.510000e+00
   endloop
 endfacet
 facet normal  1.305262e-01  9.914449e-01  0.000000e+00
   outer loop
     vertex  1.897725e+02 -6.492000e+01  0.000000e+00
     vertex  1.896741e+02 -6.490705e+01  0.000000e+00
     vertex  1.896741e+02 -6.490705e+01  1.510000e+00
   endloop
 endfacet
 facet normal -1.305262e-01  9.914449e-01  0.000000e+00
   outer loop
     vertex  1.924109e+02 -6.490705e+01  0.000000e+00
     vertex  1.923125e+02 -6.492000e+01  0.000000e+00
     vertex  1.923125e+02 -6.492000e+01  1.510000e+00
   endloop
 endfacet
 facet normal -1.305262e-01  9.914449e-01  0.000000e+00
   outer loop
     vertex  1.924109e+02 -6.490705e+01  0.000000e+00
     vertex  1.923125e+02 -6.492000e+01  1.510000e+00
     vertex  1.924109e+02 -6.490705e+01  1.510000e+00
   endloop
 endfacet
 facet normal -3.826834e-01  9.238795e-01  0.000000e+00
   outer loop
     vertex  1.925025e+02 -6.486909e+01  0.000000e+00
     vertex  1.924109e+02 -6.490705e+01  1.510000e+00
     vertex  1.925025e+02 -6.486909e+01  1.510000e+00
   endloop
 endfacet
 facet normal -3.826834e-01  9.238795e-01  0.000000e+00
   outer loop
     vertex  1.925025e+02 -6.486909e+01  0.000000e+00
     vertex  1.924109e+02 -6.490705e+01  0.000000e+00
     vertex  1.924109e+02 -6.490705e+01  1.510000e+00
   endloop
 endfacet
 facet normal -6.087614e-01  7.933533e-01  0.000000e+00
   outer loop
     vertex  1.925812e+02 -6.480870e+01  0.000000e+00
     vertex  1.925025e+02 -6.486909e+01  1.510000e+00
     vertex  1.925812e+02 -6.480870e+01  1.510000e+00
   endloop
 endfacet
 facet normal -6.087614e-01  7.933533e-01  0.000000e+00
   outer loop
     vertex  1.925812e+02 -6.480870e+01  0.000000e+00
     vertex  1.925025e+02 -6.486909e+01  0.000000e+00
     vertex  1.925025e+02 -6.486909e+01  1.510000e+00
   endloop
 endfacet
 facet normal -7.933533e-01  6.087614e-01  0.000000e+00
   outer loop
     vertex  1.926416e+02 -6.473000e+01  0.000000e+00
     vertex  1.925812e+02 -6.480870e+01  1.510000e+00
     vertex  1.926416e+02 -6.473000e+01  1.510000e+00
   endloop
 endfacet
 facet normal -7.933533e-01  6.087614e-01  0.000000e+00
   outer loop
     vertex  1.926416e+02 -6.473000e+01  0.000000e+00
     vertex  1.925812e+02 -6.480870e+01  0.000000e+00
     vertex  1.925812e+02 -6.480870e+01  1.510000e+00
   endloop
 endfacet
 facet normal -9.238795e-01  3.826834e-01  0.000000e+00
   outer loop
     vertex  1.926796e+02 -6.463835e+01  0.000000e+00
     vertex  1.926416e+02 -6.473000e+01  1.510000e+00
     vertex  1.926796e+02 -6.463835e+01  1.510000e+00
   endloop
 endfacet
 facet normal -9.238795e-01  3.826834e-01  0.000000e+00
   outer loop
     vertex  1.926796e+02 -6.463835e+01  0.000000e+00
     vertex  1.926416e+02 -6.473000e+01  0.000000e+00
     vertex  1.926416e+02 -6.473000e+01  1.510000e+00
   endloop
 endfacet
 facet normal -9.914449e-01  1.305262e-01  0.000000e+00
   outer loop
     vertex  1.926925e+02 -6.454000e+01  0.000000e+00
     vertex  1.926796e+02 -6.463835e+01  1.510000e+00
     vertex  1.926925e+02 -6.454000e+01  1.510000e+00
   endloop
 endfacet
 facet normal -9.914449e-01  1.305262e-01  0.000000e+00
   outer loop
     vertex  1.926925e+02 -6.454000e+01  0.000000e+00
     vertex  1.926796e+02 -6.463835e+01  0.000000e+00
     vertex  1.926796e+02 -6.463835e+01  1.510000e+00
   endloop
 endfacet
 facet normal -9.914449e-01 -1.305262e-01  0.000000e+00
   outer loop
     vertex  1.926796e+02 -6.444165e+01  0.000000e+00
     vertex  1.926925e+02 -6.454000e+01  1.510000e+00
     vertex  1.926796e+02 -6.444165e+01  1.510000e+00
   endloop
 endfacet
 facet normal -9.914449e-01 -1.305262e-01  0.000000e+00
   outer loop
     vertex  1.926796e+02 -6.444165e+01  0.000000e+00
     vertex  1.926925e+02 -6.454000e+01  0.000000e+00
     vertex  1.926925e+02 -6.454000e+01  1.510000e+00
   endloop
 endfacet
 facet normal -9.238795e-01 -3.826834e-01  0.000000e+00
   outer loop
     vertex  1.926416e+02 -6.435000e+01  0.000000e+00
     vertex  1.926796e+02 -6.444165e+01  1.510000e+00
     vertex  1.926416e+02 -6.435000e+01  1.510000e+00
   endloop
 endfacet
 facet normal -9.238795e-01 -3.826834e-01  0.000000e+00
   outer loop
     vertex  1.926416e+02 -6.435000e+01  0.000000e+00
     vertex  1.926796e+02 -6.444165e+01  0.000000e+00
     vertex  1.926796e+02 -6.444165e+01  1.510000e+00
   endloop
 endfacet
 facet normal -7.933533e-01 -6.087614e-01  0.000000e+00
   outer loop
     vertex  1.925812e+02 -6.427130e+01  0.000000e+00
     vertex  1.926416e+02 -6.435000e+01  1.510000e+00
     vertex  1.925812e+02 -6.427130e+01  1.510000e+00
   endloop
 endfacet
 facet normal -7.933533e-01 -6.087614e-01  0.000000e+00
   outer loop
     vertex  1.925812e+02 -6.427130e+01  0.000000e+00
     vertex  1.926416e+02 -6.435000e+01  0.000000e+00
     vertex  1.926416e+02 -6.435000e+01  1.510000e+00
   endloop
 endfacet
 facet normal -6.087614e-01 -7.933533e-01  0.000000e+00
   outer loop
     vertex  1.925025e+02 -6.421091e+01  0.000000e+00
     vertex  1.925812e+02 -6.427130e+01  1.510000e+00
     vertex  1.925025e+02 -6.421091e+01  1.510000e+00
   endloop
 endfacet
 facet normal -6.087614e-01 -7.933533e-01  0.000000e+00
   outer loop
     vertex  1.925025e+02 -6.421091e+01  0.000000e+00
     vertex  1.925812e+02 -6.427130e+01  0.000000e+00
     vertex  1.925812e+02 -6.427130e+01  1.510000e+00
   endloop
 endfacet
 facet normal -3.826834e-01 -9.238795e-01  0.000000e+00
   outer loop
     vertex  1.924109e+02 -6.417295e+01  0.000000e+00
     vertex  1.925025e+02 -6.421091e+01  1.510000e+00
     vertex  1.924109e+02 -6.417295e+01  1.510000e+00
   endloop
 endfacet
 facet normal -3.826834e-01 -9.238795e-01  0.000000e+00
   outer loop
     vertex  1.924109e+02 -6.417295e+01  0.000000e+00
     vertex  1.925025e+02 -6.421091e+01  0.000000e+00
     vertex  1.925025e+02 -6.421091e+01  1.510000e+00
   endloop
 endfacet
 facet normal -1.305262e-01 -9.914449e-01  0.000000e+00
   outer loop
     vertex  1.923125e+02 -6.416000e+01  0.000000e+00
     vertex  1.924109e+02 -6.417295e+01  1.510000e+00
     vertex  1.923125e+02 -6.416000e+01  1.510000e+00
   endloop
 endfacet
 facet normal -1.305262e-01 -9.914449e-01  0.000000e+00
   outer loop
     vertex  1.923125e+02 -6.416000e+01  0.000000e+00
     vertex  1.924109e+02 -6.417295e+01  0.000000e+00
     vertex  1.924109e+02 -6.417295e+01  1.510000e+00
   endloop
 endfacet
 facet normal  1.305262e-01 -9.914449e-01  0.000000e+00
   outer loop
     vertex  1.922141e+02 -6.417295e+01  0.000000e+00
     vertex  1.923125e+02 -6.416000e+01  1.510000e+00
     vertex  1.922141e+02 -6.417295e+01  1.510000e+00
   endloop
 endfacet
 facet normal  1.305262e-01 -9.914449e-01  0.000000e+00
   outer loop
     vertex  1.922141e+02 -6.417295e+01  0.000000e+00
     vertex  1.923125e+02 -6.416000e+01  0.000000e+00
     vertex  1.923125e+02 -6.416000e+01  1.510000e+00
   endloop
 endfacet
 facet normal  3.826834e-01 -9.238795e-01  0.000000e+00
   outer loop
     vertex  1.921225e+02 -6.421091e+01  0.000000e+00
     vertex  1.922141e+02 -6.417295e+01  0.000000e+00
     vertex  1.922141e+02 -6.417295e+01  1.510000e+00
   endloop
 endfacet
 facet normal  3.826834e-01 -9.238795e-01  0.000000e+00
   outer loop
     vertex  1.921225e+02 -6.421091e+01  0.000000e+00
     vertex  1.922141e+02 -6.417295e+01  1.510000e+00
     vertex  1.921225e+02 -6.421091e+01  1.510000e+00
   endloop
 endfacet
 facet normal  6.087614e-01 -7.933533e-01  0.000000e+00
   outer loop
     vertex  1.920438e+02 -6.427130e+01  0.000000e+00
     vertex  1.921225e+02 -6.421091e+01  0.000000e+00
     vertex  1.921225e+02 -6.421091e+01  1.510000e+00
   endloop
 endfacet
 facet normal  7.933533e-01 -6.087614e-01  0.000000e+00
   outer loop
     vertex  1.920438e+02 -6.427130e+01  0.000000e+00
     vertex  1.920438e+02 -6.427130e+01  1.510000e+00
     vertex  1.919834e+02 -6.435000e+01  1.510000e+00
   endloop
 endfacet
 facet normal  6.087614e-01 -7.933533e-01  0.000000e+00
   outer loop
     vertex  1.920438e+02 -6.427130e+01  0.000000e+00
     vertex  1.921225e+02 -6.421091e+01  1.510000e+00
     vertex  1.920438e+02 -6.427130e+01  1.510000e+00
   endloop
 endfacet
 facet normal  7.933533e-01 -6.087614e-01  0.000000e+00
   outer loop
     vertex  1.919834e+02 -6.435000e+01  0.000000e+00
     vertex  1.920438e+02 -6.427130e+01  0.000000e+00
     vertex  1.919834e+02 -6.435000e+01  1.510000e+00
   endloop
 endfacet
 facet normal  9.238795e-01 -3.826834e-01  0.000000e+00
   outer loop
     vertex  1.919834e+02 -6.435000e+01  0.000000e+00
     vertex  1.919834e+02 -6.435000e+01  1.510000e+00
     vertex  1.919454e+02 -6.444165e+01  1.510000e+00
   endloop
 endfacet
 facet normal  9.238795e-01 -3.826834e-01  0.000000e+00
   outer loop
     vertex  1.919454e+02 -6.444165e+01  0.000000e+00
     vertex  1.919834e+02 -6.435000e+01  0.000000e+00
     vertex  1.919454e+02 -6.444165e+01  1.510000e+00
   endloop
 endfacet
 facet normal  9.914449e-01 -1.305262e-01  0.000000e+00
   outer loop
     vertex  1.919325e+02 -6.454000e+01  0.000000e+00
     vertex  1.919454e+02 -6.444165e+01  0.000000e+00
     vertex  1.919454e+02 -6.444165e+01  1.510000e+00
   endloop
 endfacet
 facet normal  9.914449e-01 -1.305262e-01  0.000000e+00
   outer loop
     vertex  1.919325e+02 -6.454000e+01  0.000000e+00
     vertex  1.919454e+02 -6.444165e+01  1.510000e+00
     vertex  1.919325e+02 -6.454000e+01  1.510000e+00
   endloop
 endfacet
 facet normal  9.914449e-01  1.305262e-01 -0.000000e+00
   outer loop
     vertex  1.919454e+02 -6.463835e+01  0.000000e+00
     vertex  1.919325e+02 -6.454000e+01  1.510000e+00
     vertex  1.919454e+02 -6.463835e+01  1.510000e+00
   endloop
 endfacet
 facet normal  9.914449e-01  1.305262e-01  0.000000e+00
   outer loop
     vertex  1.919454e+02 -6.463835e+01  0.000000e+00
     vertex  1.919325e+02 -6.454000e+01  0.000000e+00
     vertex  1.919325e+02 -6.454000e+01  1.510000e+00
   endloop
 endfacet
 facet normal  9.238795e-01  3.826834e-01 -0.000000e+00
   outer loop
     vertex  1.919834e+02 -6.473000e+01  0.000000e+00
     vertex  1.919454e+02 -6.463835e+01  1.510000e+00
     vertex  1.919834e+02 -6.473000e+01  1.510000e+00
   endloop
 endfacet
 facet normal  9.238795e-01  3.826834e-01  0.000000e+00
   outer loop
     vertex  1.919834e+02 -6.473000e+01  0.000000e+00
     vertex  1.919454e+02 -6.463835e+01  0.000000e+00
     vertex  1.919454e+02 -6.463835e+01  1.510000e+00
   endloop
 endfacet
 facet normal  6.087614e-01  7.933533e-01 -0.000000e+00
   outer loop
     vertex  1.920438e+02 -6.480870e+01  0.000000e+00
     vertex  1.920438e+02 -6.480870e+01  1.510000e+00
     vertex  1.921225e+02 -6.486909e+01  1.510000e+00
   endloop
 endfacet
 facet normal  7.933533e-01  6.087614e-01 -0.000000e+00
   outer loop
     vertex  1.920438e+02 -6.480870e+01  0.000000e+00
     vertex  1.919834e+02 -6.473000e+01  1.510000e+00
     vertex  1.920438e+02 -6.480870e+01  1.510000e+00
   endloop
 endfacet
 facet normal  7.933533e-01  6.087614e-01  0.000000e+00
   outer loop
     vertex  1.920438e+02 -6.480870e+01  0.000000e+00
     vertex  1.919834e+02 -6.473000e+01  0.000000e+00
     vertex  1.919834e+02 -6.473000e+01  1.510000e+00
   endloop
 endfacet
 facet normal  6.087614e-01  7.933533e-01 -0.000000e+00
   outer loop
     vertex  1.921225e+02 -6.486909e+01  0.000000e+00
     vertex  1.920438e+02 -6.480870e+01  0.000000e+00
     vertex  1.921225e+02 -6.486909e+01  1.510000e+00
   endloop
 endfacet
 facet normal  3.826834e-01  9.238795e-01 -0.000000e+00
   outer loop
     vertex  1.922141e+02 -6.490705e+01  0.000000e+00
     vertex  1.921225e+02 -6.486909e+01  1.510000e+00
     vertex  1.922141e+02 -6.490705e+01  1.510000e+00
   endloop
 endfacet
 facet normal  3.826834e-01  9.238795e-01  0.000000e+00
   outer loop
     vertex  1.922141e+02 -6.490705e+01  0.000000e+00
     vertex  1.921225e+02 -6.486909e+01  0.000000e+00
     vertex  1.921225e+02 -6.486909e+01  1.510000e+00
   endloop
 endfacet
 facet normal  1.305262e-01  9.914449e-01 -0.000000e+00
   outer loop
     vertex  1.923125e+02 -6.492000e+01  0.000000e+00
     vertex  1.922141e+02 -6.490705e+01  1.510000e+00
     vertex  1.923125e+02 -6.492000e+01  1.510000e+00
   endloop
 endfacet
 facet normal  1.305262e-01  9.914449e-01  0.000000e+00
   outer loop
     vertex  1.923125e+02 -6.492000e+01  0.000000e+00
     vertex  1.922141e+02 -6.490705e+01  0.000000e+00
     vertex  1.922141e+02 -6.490705e+01  1.510000e+00
   endloop
 endfacet
 facet normal -1.305262e-01  9.914449e-01  0.000000e+00
   outer loop
     vertex  2.028741e+02 -6.760393e+01  0.000000e+00
     vertex  2.027900e+02 -6.761500e+01  0.000000e+00
     vertex  2.027900e+02 -6.761500e+01  1.510000e+00
   endloop
 endfacet
 facet normal -1.305262e-01  9.914449e-01  0.000000e+00
   outer loop
     vertex  2.028741e+02 -6.760393e+01  0.000000e+00
     vertex  2.027900e+02 -6.761500e+01  1.510000e+00
     vertex  2.028741e+02 -6.760393e+01  1.510000e+00
   endloop
 endfacet
 facet normal -3.826834e-01  9.238795e-01  0.000000e+00
   outer loop
     vertex  2.029525e+02 -6.757146e+01  0.000000e+00
     vertex  2.028741e+02 -6.760393e+01  1.510000e+00
     vertex  2.029525e+02 -6.757146e+01  1.510000e+00
   endloop
 endfacet
 facet normal -3.826834e-01  9.238795e-01  0.000000e+00
   outer loop
     vertex  2.029525e+02 -6.757146e+01  0.000000e+00
     vertex  2.028741e+02 -6.760393e+01  0.000000e+00
     vertex  2.028741e+02 -6.760393e+01  1.510000e+00
   endloop
 endfacet
 facet normal -6.087614e-01  7.933533e-01  0.000000e+00
   outer loop
     vertex  2.030198e+02 -6.751981e+01  0.000000e+00
     vertex  2.029525e+02 -6.757146e+01  1.510000e+00
     vertex  2.030198e+02 -6.751981e+01  1.510000e+00
   endloop
 endfacet
 facet normal -6.087614e-01  7.933533e-01  0.000000e+00
   outer loop
     vertex  2.030198e+02 -6.751981e+01  0.000000e+00
     vertex  2.029525e+02 -6.757146e+01  0.000000e+00
     vertex  2.029525e+02 -6.757146e+01  1.510000e+00
   endloop
 endfacet
 facet normal -7.933533e-01  6.087614e-01  0.000000e+00
   outer loop
     vertex  2.030715e+02 -6.745250e+01  0.000000e+00
     vertex  2.030198e+02 -6.751981e+01  1.510000e+00
     vertex  2.030715e+02 -6.745250e+01  1.510000e+00
   endloop
 endfacet
 facet normal -7.933533e-01  6.087614e-01  0.000000e+00
   outer loop
     vertex  2.030715e+02 -6.745250e+01  0.000000e+00
     vertex  2.030198e+02 -6.751981e+01  0.000000e+00
     vertex  2.030198e+02 -6.751981e+01  1.510000e+00
   endloop
 endfacet
 facet normal -9.238795e-01  3.826834e-01  0.000000e+00
   outer loop
     vertex  2.031039e+02 -6.737412e+01  0.000000e+00
     vertex  2.030715e+02 -6.745250e+01  1.510000e+00
     vertex  2.031039e+02 -6.737412e+01  1.510000e+00
   endloop
 endfacet
 facet normal -9.238795e-01  3.826834e-01  0.000000e+00
   outer loop
     vertex  2.031039e+02 -6.737412e+01  0.000000e+00
     vertex  2.030715e+02 -6.745250e+01  0.000000e+00
     vertex  2.030715e+02 -6.745250e+01  1.510000e+00
   endloop
 endfacet
 facet normal -9.914449e-01  1.305262e-01  0.000000e+00
   outer loop
     vertex  2.031150e+02 -6.729000e+01  0.000000e+00
     vertex  2.031039e+02 -6.737412e+01  1.510000e+00
     vertex  2.031150e+02 -6.729000e+01  1.510000e+00
   endloop
 endfacet
 facet normal -9.914449e-01  1.305262e-01  0.000000e+00
   outer loop
     vertex  2.031150e+02 -6.729000e+01  0.000000e+00
     vertex  2.031039e+02 -6.737412e+01  0.000000e+00
     vertex  2.031039e+02 -6.737412e+01  1.510000e+00
   endloop
 endfacet
 facet normal -9.914449e-01 -1.305262e-01  0.000000e+00
   outer loop
     vertex  2.031039e+02 -6.720588e+01  0.000000e+00
     vertex  2.031150e+02 -6.729000e+01  1.510000e+00
     vertex  2.031039e+02 -6.720588e+01  1.510000e+00
   endloop
 endfacet
 facet normal -9.914449e-01 -1.305262e-01  0.000000e+00
   outer loop
     vertex  2.031039e+02 -6.720588e+01  0.000000e+00
     vertex  2.031150e+02 -6.729000e+01  0.000000e+00
     vertex  2.031150e+02 -6.729000e+01  1.510000e+00
   endloop
 endfacet
 facet normal -9.238795e-01 -3.826834e-01  0.000000e+00
   outer loop
     vertex  2.030715e+02 -6.712750e+01  0.000000e+00
     vertex  2.031039e+02 -6.720588e+01  1.510000e+00
     vertex  2.030715e+02 -6.712750e+01  1.510000e+00
   endloop
 endfacet
 facet normal -9.238795e-01 -3.826834e-01  0.000000e+00
   outer loop
     vertex  2.030715e+02 -6.712750e+01  0.000000e+00
     vertex  2.031039e+02 -6.720588e+01  0.000000e+00
     vertex  2.031039e+02 -6.720588e+01  1.510000e+00
   endloop
 endfacet
 facet normal -7.933533e-01 -6.087614e-01  0.000000e+00
   outer loop
     vertex  2.030198e+02 -6.706019e+01  0.000000e+00
     vertex  2.030715e+02 -6.712750e+01  1.510000e+00
     vertex  2.030198e+02 -6.706019e+01  1.510000e+00
   endloop
 endfacet
 facet normal -7.933533e-01 -6.087614e-01  0.000000e+00
   outer loop
     vertex  2.030198e+02 -6.706019e+01  0.000000e+00
     vertex  2.030715e+02 -6.712750e+01  0.000000e+00
     vertex  2.030715e+02 -6.712750e+01  1.510000e+00
   endloop
 endfacet
 facet normal -6.087614e-01 -7.933533e-01  0.000000e+00
   outer loop
     vertex  2.029525e+02 -6.700854e+01  0.000000e+00
     vertex  2.030198e+02 -6.706019e+01  1.510000e+00
     vertex  2.029525e+02 -6.700854e+01  1.510000e+00
   endloop
 endfacet
 facet normal -6.087614e-01 -7.933533e-01  0.000000e+00
   outer loop
     vertex  2.029525e+02 -6.700854e+01  0.000000e+00
     vertex  2.030198e+02 -6.706019e+01  0.000000e+00
     vertex  2.030198e+02 -6.706019e+01  1.510000e+00
   endloop
 endfacet
 facet normal -3.826834e-01 -9.238795e-01  0.000000e+00
   outer loop
     vertex  2.028741e+02 -6.697608e+01  0.000000e+00
     vertex  2.029525e+02 -6.700854e+01  1.510000e+00
     vertex  2.028741e+02 -6.697608e+01  1.510000e+00
   endloop
 endfacet
 facet normal -3.826834e-01 -9.238795e-01  0.000000e+00
   outer loop
     vertex  2.028741e+02 -6.697608e+01  0.000000e+00
     vertex  2.029525e+02 -6.700854e+01  0.000000e+00
     vertex  2.029525e+02 -6.700854e+01  1.510000e+00
   endloop
 endfacet
 facet normal -1.305262e-01 -9.914449e-01  0.000000e+00
   outer loop
     vertex  2.027900e+02 -6.696500e+01  0.000000e+00
     vertex  2.028741e+02 -6.697608e+01  1.510000e+00
     vertex  2.027900e+02 -6.696500e+01  1.510000e+00
   endloop
 endfacet
 facet normal -1.305262e-01 -9.914449e-01  0.000000e+00
   outer loop
     vertex  2.027900e+02 -6.696500e+01  0.000000e+00
     vertex  2.028741e+02 -6.697608e+01  0.000000e+00
     vertex  2.028741e+02 -6.697608e+01  1.510000e+00
   endloop
 endfacet
 facet normal  1.305262e-01 -9.914449e-01  0.000000e+00
   outer loop
     vertex  2.027059e+02 -6.697608e+01  0.000000e+00
     vertex  2.027900e+02 -6.696500e+01  1.510000e+00
     vertex  2.027059e+02 -6.697608e+01  1.510000e+00
   endloop
 endfacet
 facet normal  1.305262e-01 -9.914449e-01  0.000000e+00
   outer loop
     vertex  2.027059e+02 -6.697608e+01  0.000000e+00
     vertex  2.027900e+02 -6.696500e+01  0.000000e+00
     vertex  2.027900e+02 -6.696500e+01  1.510000e+00
   endloop
 endfacet
 facet normal  3.826834e-01 -9.238795e-01  0.000000e+00
   outer loop
     vertex  2.026275e+02 -6.700854e+01  0.000000e+00
     vertex  2.027059e+02 -6.697608e+01  0.000000e+00
     vertex  2.027059e+02 -6.697608e+01  1.510000e+00
   endloop
 endfacet
 facet normal  3.826834e-01 -9.238795e-01  0.000000e+00
   outer loop
     vertex  2.026275e+02 -6.700854e+01  0.000000e+00
     vertex  2.027059e+02 -6.697608e+01  1.510000e+00
     vertex  2.026275e+02 -6.700854e+01  1.510000e+00
   endloop
 endfacet
 facet normal  6.087614e-01 -7.933533e-01  0.000000e+00
   outer loop
     vertex  2.025602e+02 -6.706019e+01  0.000000e+00
     vertex  2.026275e+02 -6.700854e+01  0.000000e+00
     vertex  2.026275e+02 -6.700854e+01  1.510000e+00
   endloop
 endfacet
 facet normal  7.933533e-01 -6.087614e-01  0.000000e+00
   outer loop
     vertex  2.025602e+02 -6.706019e+01  0.000000e+00
     vertex  2.025602e+02 -6.706019e+01  1.510000e+00
     vertex  2.025085e+02 -6.712750e+01  1.510000e+00
   endloop
 endfacet
 facet normal  6.087614e-01 -7.933533e-01  0.000000e+00
   outer loop
     vertex  2.025602e+02 -6.706019e+01  0.000000e+00
     vertex  2.026275e+02 -6.700854e+01  1.510000e+00
     vertex  2.025602e+02 -6.706019e+01  1.510000e+00
   endloop
 endfacet
 facet normal  7.933533e-01 -6.087614e-01  0.000000e+00
   outer loop
     vertex  2.025085e+02 -6.712750e+01  0.000000e+00
     vertex  2.025602e+02 -6.706019e+01  0.000000e+00
     vertex  2.025085e+02 -6.712750e+01  1.510000e+00
   endloop
 endfacet
 facet normal  9.238795e-01 -3.826834e-01  0.000000e+00
   outer loop
     vertex  2.025085e+02 -6.712750e+01  0.000000e+00
     vertex  2.025085e+02 -6.712750e+01  1.510000e+00
     vertex  2.024761e+02 -6.720588e+01  1.510000e+00
   endloop
 endfacet
 facet normal  9.238795e-01 -3.826834e-01  0.000000e+00
   outer loop
     vertex  2.024761e+02 -6.720588e+01  0.000000e+00
     vertex  2.025085e+02 -6.712750e+01  0.000000e+00
     vertex  2.024761e+02 -6.720588e+01  1.510000e+00
   endloop
 endfacet
 facet normal  9.914449e-01 -1.305262e-01  0.000000e+00
   outer loop
     vertex  2.024650e+02 -6.729000e+01  0.000000e+00
     vertex  2.024761e+02 -6.720588e+01  0.000000e+00
     vertex  2.024761e+02 -6.720588e+01  1.510000e+00
   endloop
 endfacet
 facet normal  9.914449e-01 -1.305262e-01  0.000000e+00
   outer loop
     vertex  2.024650e+02 -6.729000e+01  0.000000e+00
     vertex  2.024761e+02 -6.720588e+01  1.510000e+00
     vertex  2.024650e+02 -6.729000e+01  1.510000e+00
   endloop
 endfacet
 facet normal  9.914449e-01  1.305262e-01 -0.000000e+00
   outer loop
     vertex  2.024761e+02 -6.737412e+01  0.000000e+00
     vertex  2.024650e+02 -6.729000e+01  1.510000e+00
     vertex  2.024761e+02 -6.737412e+01  1.510000e+00
   endloop
 endfacet
 facet normal  9.914449e-01  1.305262e-01  0.000000e+00
   outer loop
     vertex  2.024761e+02 -6.737412e+01  0.000000e+00
     vertex  2.024650e+02 -6.729000e+01  0.000000e+00
     vertex  2.024650e+02 -6.729000e+01  1.510000e+00
   endloop
 endfacet
 facet normal  9.238795e-01  3.826834e-01 -0.000000e+00
   outer loop
     vertex  2.025085e+02 -6.745250e+01  0.000000e+00
     vertex  2.024761e+02 -6.737412e+01  1.510000e+00
     vertex  2.025085e+02 -6.745250e+01  1.510000e+00
   endloop
 endfacet
 facet normal  9.238795e-01  3.826834e-01  0.000000e+00
   outer loop
     vertex  2.025085e+02 -6.745250e+01  0.000000e+00
     vertex  2.024761e+02 -6.737412e+01  0.000000e+00
     vertex  2.024761e+02 -6.737412e+01  1.510000e+00
   endloop
 endfacet
 facet normal  6.087614e-01  7.933533e-01 -0.000000e+00
   outer loop
     vertex  2.025602e+02 -6.751981e+01  0.000000e+00
     vertex  2.025602e+02 -6.751981e+01  1.510000e+00
     vertex  2.026275e+02 -6.757146e+01  1.510000e+00
   endloop
 endfacet
 facet normal  7.933533e-01  6.087614e-01 -0.000000e+00
   outer loop
     vertex  2.025602e+02 -6.751981e+01  0.000000e+00
     vertex  2.025085e+02 -6.745250e+01  1.510000e+00
     vertex  2.025602e+02 -6.751981e+01  1.510000e+00
   endloop
 endfacet
 facet normal  7.933533e-01  6.087614e-01  0.000000e+00
   outer loop
     vertex  2.025602e+02 -6.751981e+01  0.000000e+00
     vertex  2.025085e+02 -6.745250e+01  0.000000e+00
     vertex  2.025085e+02 -6.745250e+01  1.510000e+00
   endloop
 endfacet
 facet normal  6.087614e-01  7.933533e-01 -0.000000e+00
   outer loop
     vertex  2.026275e+02 -6.757146e+01  0.000000e+00
     vertex  2.025602e+02 -6.751981e+01  0.000000e+00
     vertex  2.026275e+02 -6.757146e+01  1.510000e+00
   endloop
 endfacet
 facet normal  3.826834e-01  9.238795e-01 -0.000000e+00
   outer loop
     vertex  2.027059e+02 -6.760393e+01  0.000000e+00
     vertex  2.026275e+02 -6.757146e+01  1.510000e+00
     vertex  2.027059e+02 -6.760393e+01  1.510000e+00
   endloop
 endfacet
 facet normal  3.826834e-01  9.238795e-01  0.000000e+00
   outer loop
     vertex  2.027059e+02 -6.760393e+01  0.000000e+00
     vertex  2.026275e+02 -6.757146e+01  0.000000e+00
     vertex  2.026275e+02 -6.757146e+01  1.510000e+00
   endloop
 endfacet
 facet normal  1.305262e-01  9.914449e-01 -0.000000e+00
   outer loop
     vertex  2.027900e+02 -6.761500e+01  0.000000e+00
     vertex  2.027059e+02 -6.760393e+01  1.510000e+00
     vertex  2.027900e+02 -6.761500e+01  1.510000e+00
   endloop
 endfacet
 facet normal  1.305262e-01  9.914449e-01  0.000000e+00
   outer loop
     vertex  2.027900e+02 -6.761500e+01  0.000000e+00
     vertex  2.027059e+02 -6.760393e+01  0.000000e+00
     vertex  2.027059e+02 -6.760393e+01  1.510000e+00
   endloop
 endfacet
 facet normal -1.205367e-01  9.927089e-01  0.000000e+00
   outer loop
     vertex  2.029118e+02 -6.615128e+01  0.000000e+00
     vertex  2.028400e+02 -6.616000e+01  0.000000e+00
     vertex  2.028400e+02 -6.616000e+01  1.510000e+00
   endloop
 endfacet
 facet normal -1.205367e-01  9.927089e-01  0.000000e+00
   outer loop
     vertex  2.029118e+02 -6.615128e+01  0.000000e+00
     vertex  2.028400e+02 -6.616000e+01  1.510000e+00
     vertex  2.029118e+02 -6.615128e+01  1.510000e+00
   endloop
 endfacet
 facet normal -3.546049e-01  9.350162e-01  0.000000e+00
   outer loop
     vertex  2.029794e+02 -6.612564e+01  0.000000e+00
     vertex  2.029118e+02 -6.615128e+01  1.510000e+00
     vertex  2.029794e+02 -6.612564e+01  1.510000e+00
   endloop
 endfacet
 facet normal -3.546049e-01  9.350162e-01  0.000000e+00
   outer loop
     vertex  2.029794e+02 -6.612564e+01  0.000000e+00
     vertex  2.029118e+02 -6.615128e+01  0.000000e+00
     vertex  2.029118e+02 -6.615128e+01  1.510000e+00
   endloop
 endfacet
 facet normal -5.680647e-01  8.229839e-01  0.000000e+00
   outer loop
     vertex  2.030389e+02 -6.608455e+01  0.000000e+00
     vertex  2.029794e+02 -6.612564e+01  1.510000e+00
     vertex  2.030389e+02 -6.608455e+01  1.510000e+00
   endloop
 endfacet
 facet normal -5.680647e-01  8.229839e-01  0.000000e+00
   outer loop
     vertex  2.030389e+02 -6.608455e+01  0.000000e+00
     vertex  2.029794e+02 -6.612564e+01  0.000000e+00
     vertex  2.029794e+02 -6.612564e+01  1.510000e+00
   endloop
 endfacet
 facet normal -7.485107e-01  6.631227e-01  0.000000e+00
   outer loop
     vertex  2.030869e+02 -6.603042e+01  0.000000e+00
     vertex  2.030389e+02 -6.608455e+01  1.510000e+00
     vertex  2.030869e+02 -6.603042e+01  1.510000e+00
   endloop
 endfacet
 facet normal -7.485107e-01  6.631227e-01  0.000000e+00
   outer loop
     vertex  2.030869e+02 -6.603042e+01  0.000000e+00
     vertex  2.030389e+02 -6.608455e+01  0.000000e+00
     vertex  2.030389e+02 -6.608455e+01  1.510000e+00
   endloop
 endfacet
 facet normal -8.854560e-01  4.647232e-01  0.000000e+00
   outer loop
     vertex  2.031205e+02 -6.596638e+01  0.000000e+00
     vertex  2.030869e+02 -6.603042e+01  1.510000e+00
     vertex  2.031205e+02 -6.596638e+01  1.510000e+00
   endloop
 endfacet
 facet normal -8.854560e-01  4.647232e-01  0.000000e+00
   outer loop
     vertex  2.031205e+02 -6.596638e+01  0.000000e+00
     vertex  2.030869e+02 -6.603042e+01  0.000000e+00
     vertex  2.030869e+02 -6.603042e+01  1.510000e+00
   endloop
 endfacet
 facet normal -9.709418e-01  2.393157e-01  0.000000e+00
   outer loop
     vertex  2.031378e+02 -6.589616e+01  0.000000e+00
     vertex  2.031205e+02 -6.596638e+01  1.510000e+00
     vertex  2.031378e+02 -6.589616e+01  1.510000e+00
   endloop
 endfacet
 facet normal -9.709418e-01  2.393157e-01  0.000000e+00
   outer loop
     vertex  2.031378e+02 -6.589616e+01  0.000000e+00
     vertex  2.031205e+02 -6.596638e+01  0.000000e+00
     vertex  2.031205e+02 -6.596638e+01  1.510000e+00
   endloop
 endfacet
 facet normal -1.000000e+00  0.000000e+00  0.000000e+00
   outer loop
     vertex  2.031378e+02 -6.582384e+01  0.000000e+00
     vertex  2.031378e+02 -6.589616e+01  1.510000e+00
     vertex  2.031378e+02 -6.582384e+01  1.510000e+00
   endloop
 endfacet
 facet normal -1.000000e+00  0.000000e+00  0.000000e+00
   outer loop
     vertex  2.031378e+02 -6.582384e+01  0.000000e+00
     vertex  2.031378e+02 -6.589616e+01  0.000000e+00
     vertex  2.031378e+02 -6.589616e+01  1.510000e+00
   endloop
 endfacet
 facet normal -9.709418e-01 -2.393157e-01  0.000000e+00
   outer loop
     vertex  2.031205e+02 -6.575362e+01  0.000000e+00
     vertex  2.031378e+02 -6.582384e+01  1.510000e+00
     vertex  2.031205e+02 -6.575362e+01  1.510000e+00
   endloop
 endfacet
 facet normal -9.709418e-01 -2.393157e-01  0.000000e+00
   outer loop
     vertex  2.031205e+02 -6.575362e+01  0.000000e+00
     vertex  2.031378e+02 -6.582384e+01  0.000000e+00
     vertex  2.031378e+02 -6.582384e+01  1.510000e+00
   endloop
 endfacet
 facet normal -8.854560e-01 -4.647232e-01  0.000000e+00
   outer loop
     vertex  2.030869e+02 -6.568958e+01  0.000000e+00
     vertex  2.031205e+02 -6.575362e+01  1.510000e+00
     vertex  2.030869e+02 -6.568958e+01  1.510000e+00
   endloop
 endfacet
 facet normal -8.854560e-01 -4.647232e-01  0.000000e+00
   outer loop
     vertex  2.030869e+02 -6.568958e+01  0.000000e+00
     vertex  2.031205e+02 -6.575362e+01  0.000000e+00
     vertex  2.031205e+02 -6.575362e+01  1.510000e+00
   endloop
 endfacet
 facet normal -7.485107e-01 -6.631227e-01  0.000000e+00
   outer loop
     vertex  2.030389e+02 -6.563545e+01  0.000000e+00
     vertex  2.030869e+02 -6.568958e+01  1.510000e+00
     vertex  2.030389e+02 -6.563545e+01  1.510000e+00
   endloop
 endfacet
 facet normal -7.485107e-01 -6.631227e-01  0.000000e+00
   outer loop
     vertex  2.030389e+02 -6.563545e+01  0.000000e+00
     vertex  2.030869e+02 -6.568958e+01  0.000000e+00
     vertex  2.030869e+02 -6.568958e+01  1.510000e+00
   endloop
 endfacet
 facet normal -5.680647e-01 -8.229839e-01  0.000000e+00
   outer loop
     vertex  2.029794e+02 -6.559436e+01  0.000000e+00
     vertex  2.030389e+02 -6.563545e+01  1.510000e+00
     vertex  2.029794e+02 -6.559436e+01  1.510000e+00
   endloop
 endfacet
 facet normal -5.680647e-01 -8.229839e-01  0.000000e+00
   outer loop
     vertex  2.029794e+02 -6.559436e+01  0.000000e+00
     vertex  2.030389e+02 -6.563545e+01  0.000000e+00
     vertex  2.030389e+02 -6.563545e+01  1.510000e+00
   endloop
 endfacet
 facet normal -3.546049e-01 -9.350162e-01  0.000000e+00
   outer loop
     vertex  2.029118e+02 -6.556872e+01  0.000000e+00
     vertex  2.029794e+02 -6.559436e+01  1.510000e+00
     vertex  2.029118e+02 -6.556872e+01  1.510000e+00
   endloop
 endfacet
 facet normal -3.546049e-01 -9.350162e-01  0.000000e+00
   outer loop
     vertex  2.029118e+02 -6.556872e+01  0.000000e+00
     vertex  2.029794e+02 -6.559436e+01  0.000000e+00
     vertex  2.029794e+02 -6.559436e+01  1.510000e+00
   endloop
 endfacet
 facet normal -1.205367e-01 -9.927089e-01  0.000000e+00
   outer loop
     vertex  2.028400e+02 -6.556000e+01  0.000000e+00
     vertex  2.029118e+02 -6.556872e+01  1.510000e+00
     vertex  2.028400e+02 -6.556000e+01  1.510000e+00
   endloop
 endfacet
 facet normal -1.205367e-01 -9.927089e-01  0.000000e+00
   outer loop
     vertex  2.028400e+02 -6.556000e+01  0.000000e+00
     vertex  2.029118e+02 -6.556872e+01  0.000000e+00
     vertex  2.029118e+02 -6.556872e+01  1.510000e+00
   endloop
 endfacet
 facet normal  0.000000e+00 -1.000000e+00  0.000000e+00
   outer loop
     vertex  2.017400e+02 -6.556000e+01  0.000000e+00
     vertex  2.028400e+02 -6.556000e+01  0.000000e+00
     vertex  2.028400e+02 -6.556000e+01  1.510000e+00
   endloop
 endfacet
 facet normal  0.000000e+00 -1.000000e+00  0.000000e+00
   outer loop
     vertex  2.017400e+02 -6.556000e+01  0.000000e+00
     vertex  2.028400e+02 -6.556000e+01  1.510000e+00
     vertex  2.017400e+02 -6.556000e+01  1.510000e+00
   endloop
 endfacet
 facet normal  1.205367e-01 -9.927089e-01  0.000000e+00
   outer loop
     vertex  2.016682e+02 -6.556872e+01  0.000000e+00
     vertex  2.017400e+02 -6.556000e+01  0.000000e+00
     vertex  2.017400e+02 -6.556000e+01  1.510000e+00
   endloop
 endfacet
 facet normal  1.205367e-01 -9.927089e-01  0.000000e+00
   outer loop
     vertex  2.016682e+02 -6.556872e+01  0.000000e+00
     vertex  2.017400e+02 -6.556000e+01  1.510000e+00
     vertex  2.016682e+02 -6.556872e+01  1.510000e+00
   endloop
 endfacet
 facet normal  3.546049e-01 -9.350162e-01  0.000000e+00
   outer loop
     vertex  2.016006e+02 -6.559436e+01  0.000000e+00
     vertex  2.016682e+02 -6.556872e+01  1.510000e+00
     vertex  2.016006e+02 -6.559436e+01  1.510000e+00
   endloop
 endfacet
 facet normal  3.546049e-01 -9.350162e-01  0.000000e+00
   outer loop
     vertex  2.016006e+02 -6.559436e+01  0.000000e+00
     vertex  2.016682e+02 -6.556872e+01  0.000000e+00
     vertex  2.016682e+02 -6.556872e+01  1.510000e+00
   endloop
 endfacet
 facet normal  5.680647e-01 -8.229839e-01  0.000000e+00
   outer loop
     vertex  2.015411e+02 -6.563545e+01  0.000000e+00
     vertex  2.016006e+02 -6.559436e+01  1.510000e+00
     vertex  2.015411e+02 -6.563545e+01  1.510000e+00
   endloop
 endfacet
 facet normal  5.680647e-01 -8.229839e-01  0.000000e+00
   outer loop
     vertex  2.015411e+02 -6.563545e+01  0.000000e+00
     vertex  2.016006e+02 -6.559436e+01  0.000000e+00
     vertex  2.016006e+02 -6.559436e+01  1.510000e+00
   endloop
 endfacet
 facet normal  7.485107e-01 -6.631227e-01  0.000000e+00
   outer loop
     vertex  2.014931e+02 -6.568958e+01  0.000000e+00
     vertex  2.015411e+02 -6.563545e+01  1.510000e+00
     vertex  2.014931e+02 -6.568958e+01  1.510000e+00
   endloop
 endfacet
 facet normal  7.485107e-01 -6.631227e-01  0.000000e+00
   outer loop
     vertex  2.014931e+02 -6.568958e+01  0.000000e+00
     vertex  2.015411e+02 -6.563545e+01  0.000000e+00
     vertex  2.015411e+02 -6.563545e+01  1.510000e+00
   endloop
 endfacet
 facet normal  8.854560e-01 -4.647232e-01  0.000000e+00
   outer loop
     vertex  2.014595e+02 -6.575362e+01  0.000000e+00
     vertex  2.014931e+02 -6.568958e+01  1.510000e+00
     vertex  2.014595e+02 -6.575362e+01  1.510000e+00
   endloop
 endfacet
 facet normal  8.854560e-01 -4.647232e-01  0.000000e+00
   outer loop
     vertex  2.014595e+02 -6.575362e+01  0.000000e+00
     vertex  2.014931e+02 -6.568958e+01  0.000000e+00
     vertex  2.014931e+02 -6.568958e+01  1.510000e+00
   endloop
 endfacet
 facet normal  9.709418e-01 -2.393157e-01  0.000000e+00
   outer loop
     vertex  2.014422e+02 -6.582384e+01  0.000000e+00
     vertex  2.014595e+02 -6.575362e+01  1.510000e+00
     vertex  2.014422e+02 -6.582384e+01  1.510000e+00
   endloop
 endfacet
 facet normal  9.709418e-01 -2.393157e-01  0.000000e+00
   outer loop
     vertex  2.014422e+02 -6.582384e+01  0.000000e+00
     vertex  2.014595e+02 -6.575362e+01  0.000000e+00
     vertex  2.014595e+02 -6.575362e+01  1.510000e+00
   endloop
 endfacet
 facet normal  1.000000e+00  0.000000e+00  0.000000e+00
   outer loop
     vertex  2.014422e+02 -6.589616e+01  0.000000e+00
     vertex  2.014422e+02 -6.582384e+01  1.510000e+00
     vertex  2.014422e+02 -6.589616e+01  1.510000e+00
   endloop
 endfacet
 facet normal  1.000000e+00  0.000000e+00  0.000000e+00
   outer loop
     vertex  2.014422e+02 -6.589616e+01  0.000000e+00
     vertex  2.014422e+02 -6.582384e+01  0.000000e+00
     vertex  2.014422e+02 -6.582384e+01  1.510000e+00
   endloop
 endfacet
 facet normal  9.709418e-01  2.393157e-01 -0.000000e+00
   outer loop
     vertex  2.014595e+02 -6.596638e+01  0.000000e+00
     vertex  2.014422e+02 -6.589616e+01  1.510000e+00
     vertex  2.014595e+02 -6.596638e+01  1.510000e+00
   endloop
 endfacet
 facet normal  9.709418e-01  2.393157e-01  0.000000e+00
   outer loop
     vertex  2.014595e+02 -6.596638e+01  0.000000e+00
     vertex  2.014422e+02 -6.589616e+01  0.000000e+00
     vertex  2.014422e+02 -6.589616e+01  1.510000e+00
   endloop
 endfacet
 facet normal  8.854560e-01  4.647232e-01 -0.000000e+00
   outer loop
     vertex  2.014931e+02 -6.603042e+01  0.000000e+00
     vertex  2.014595e+02 -6.596638e+01  1.510000e+00
     vertex  2.014931e+02 -6.603042e+01  1.510000e+00
   endloop
 endfacet
 facet normal  8.854560e-01  4.647232e-01  0.000000e+00
   outer loop
     vertex  2.014931e+02 -6.603042e+01  0.000000e+00
     vertex  2.014595e+02 -6.596638e+01  0.000000e+00
     vertex  2.014595e+02 -6.596638e+01  1.510000e+00
   endloop
 endfacet
 facet normal  7.485107e-01  6.631227e-01 -0.000000e+00
   outer loop
     vertex  2.015411e+02 -6.608455e+01  0.000000e+00
     vertex  2.014931e+02 -6.603042e+01  1.510000e+00
     vertex  2.015411e+02 -6.608455e+01  1.510000e+00
   endloop
 endfacet
 facet normal  7.485107e-01  6.631227e-01  0.000000e+00
   outer loop
     vertex  2.015411e+02 -6.608455e+01  0.000000e+00
     vertex  2.014931e+02 -6.603042e+01  0.000000e+00
     vertex  2.014931e+02 -6.603042e+01  1.510000e+00
   endloop
 endfacet
 facet normal  5.680647e-01  8.229839e-01 -0.000000e+00
   outer loop
     vertex  2.016006e+02 -6.612564e+01  0.000000e+00
     vertex  2.015411e+02 -6.608455e+01  1.510000e+00
     vertex  2.016006e+02 -6.612564e+01  1.510000e+00
   endloop
 endfacet
 facet normal  5.680647e-01  8.229839e-01  0.000000e+00
   outer loop
     vertex  2.016006e+02 -6.612564e+01  0.000000e+00
     vertex  2.015411e+02 -6.608455e+01  0.000000e+00
     vertex  2.015411e+02 -6.608455e+01  1.510000e+00
   endloop
 endfacet
 facet normal  3.546049e-01  9.350162e-01 -0.000000e+00
   outer loop
     vertex  2.016682e+02 -6.615128e+01  0.000000e+00
     vertex  2.016006e+02 -6.612564e+01  1.510000e+00
     vertex  2.016682e+02 -6.615128e+01  1.510000e+00
   endloop
 endfacet
 facet normal  3.546049e-01  9.350162e-01  0.000000e+00
   outer loop
     vertex  2.016682e+02 -6.615128e+01  0.000000e+00
     vertex  2.016006e+02 -6.612564e+01  0.000000e+00
     vertex  2.016006e+02 -6.612564e+01  1.510000e+00
   endloop
 endfacet
 facet normal  1.205367e-01  9.927089e-01 -0.000000e+00
   outer loop
     vertex  2.017400e+02 -6.616000e+01  0.000000e+00
     vertex  2.016682e+02 -6.615128e+01  1.510000e+00
     vertex  2.017400e+02 -6.616000e+01  1.510000e+00
   endloop
 endfacet
 facet normal  1.205367e-01  9.927089e-01  0.000000e+00
   outer loop
     vertex  2.017400e+02 -6.616000e+01  0.000000e+00
     vertex  2.016682e+02 -6.615128e+01  0.000000e+00
     vertex  2.016682e+02 -6.615128e+01  1.510000e+00
   endloop
 endfacet
 facet normal  0.000000e+00  1.000000e+00  0.000000e+00
   outer loop
     vertex  2.028400e+02 -6.616000e+01  0.000000e+00
     vertex  2.017400e+02 -6.616000e+01  0.000000e+00
     vertex  2.017400e+02 -6.616000e+01  1.510000e+00
   endloop
 endfacet
 facet normal  0.000000e+00  1.000000e+00 -0.000000e+00
   outer loop
     vertex  2.028400e+02 -6.616000e+01  0.000000e+00
     vertex  2.017400e+02 -6.616000e+01  1.510000e+00
     vertex  2.028400e+02 -6.616000e+01  1.510000e+00
   endloop
 endfacet
 facet normal -1.305262e-01  9.914449e-01  0.000000e+00
   outer loop
     vertex  1.992294e+02 -6.330796e+01  0.000000e+00
     vertex  1.991000e+02 -6.332500e+01  0.000000e+00
     vertex  1.991000e+02 -6.332500e+01  1.510000e+00
   endloop
 endfacet
 facet normal -1.305262e-01  9.914449e-01  0.000000e+00
   outer loop
     vertex  1.992294e+02 -6.330796e+01  0.000000e+00
     vertex  1.991000e+02 -6.332500e+01  1.510000e+00
     vertex  1.992294e+02 -6.330796e+01  1.510000e+00
   endloop
 endfacet
 facet normal -3.826834e-01  9.238795e-01  0.000000e+00
   outer loop
     vertex  1.993500e+02 -6.325801e+01  0.000000e+00
     vertex  1.992294e+02 -6.330796e+01  1.510000e+00
     vertex  1.993500e+02 -6.325801e+01  1.510000e+00
   endloop
 endfacet
 facet normal -3.826834e-01  9.238795e-01  0.000000e+00
   outer loop
     vertex  1.993500e+02 -6.325801e+01  0.000000e+00
     vertex  1.992294e+02 -6.330796e+01  0.000000e+00
     vertex  1.992294e+02 -6.330796e+01  1.510000e+00
   endloop
 endfacet
 facet normal -6.087614e-01  7.933533e-01  0.000000e+00
   outer loop
     vertex  1.994536e+02 -6.317855e+01  0.000000e+00
     vertex  1.993500e+02 -6.325801e+01  1.510000e+00
     vertex  1.994536e+02 -6.317855e+01  1.510000e+00
   endloop
 endfacet
 facet normal -6.087614e-01  7.933533e-01  0.000000e+00
   outer loop
     vertex  1.994536e+02 -6.317855e+01  0.000000e+00
     vertex  1.993500e+02 -6.325801e+01  0.000000e+00
     vertex  1.993500e+02 -6.325801e+01  1.510000e+00
   endloop
 endfacet
 facet normal -7.933533e-01  6.087614e-01  0.000000e+00
   outer loop
     vertex  1.995330e+02 -6.307500e+01  0.000000e+00
     vertex  1.994536e+02 -6.317855e+01  1.510000e+00
     vertex  1.995330e+02 -6.307500e+01  1.510000e+00
   endloop
 endfacet
 facet normal -7.933533e-01  6.087614e-01  0.000000e+00
   outer loop
     vertex  1.995330e+02 -6.307500e+01  0.000000e+00
     vertex  1.994536e+02 -6.317855e+01  0.000000e+00
     vertex  1.994536e+02 -6.317855e+01  1.510000e+00
   endloop
 endfacet
 facet normal -9.238795e-01  3.826834e-01  0.000000e+00
   outer loop
     vertex  1.995830e+02 -6.295441e+01  0.000000e+00
     vertex  1.995330e+02 -6.307500e+01  1.510000e+00
     vertex  1.995830e+02 -6.295441e+01  1.510000e+00
   endloop
 endfacet
 facet normal -9.238795e-01  3.826834e-01  0.000000e+00
   outer loop
     vertex  1.995830e+02 -6.295441e+01  0.000000e+00
     vertex  1.995330e+02 -6.307500e+01  0.000000e+00
     vertex  1.995330e+02 -6.307500e+01  1.510000e+00
   endloop
 endfacet
 facet normal -9.914449e-01  1.305262e-01  0.000000e+00
   outer loop
     vertex  1.996000e+02 -6.282500e+01  0.000000e+00
     vertex  1.995830e+02 -6.295441e+01  1.510000e+00
     vertex  1.996000e+02 -6.282500e+01  1.510000e+00
   endloop
 endfacet
 facet normal -9.914449e-01  1.305262e-01  0.000000e+00
   outer loop
     vertex  1.996000e+02 -6.282500e+01  0.000000e+00
     vertex  1.995830e+02 -6.295441e+01  0.000000e+00
     vertex  1.995830e+02 -6.295441e+01  1.510000e+00
   endloop
 endfacet
 facet normal -9.914449e-01 -1.305262e-01  0.000000e+00
   outer loop
     vertex  1.995830e+02 -6.269559e+01  0.000000e+00
     vertex  1.996000e+02 -6.282500e+01  1.510000e+00
     vertex  1.995830e+02 -6.269559e+01  1.510000e+00
   endloop
 endfacet
 facet normal -9.914449e-01 -1.305262e-01  0.000000e+00
   outer loop
     vertex  1.995830e+02 -6.269559e+01  0.000000e+00
     vertex  1.996000e+02 -6.282500e+01  0.000000e+00
     vertex  1.996000e+02 -6.282500e+01  1.510000e+00
   endloop
 endfacet
 facet normal -9.238795e-01 -3.826834e-01  0.000000e+00
   outer loop
     vertex  1.995330e+02 -6.257500e+01  0.000000e+00
     vertex  1.995830e+02 -6.269559e+01  1.510000e+00
     vertex  1.995330e+02 -6.257500e+01  1.510000e+00
   endloop
 endfacet
 facet normal -9.238795e-01 -3.826834e-01  0.000000e+00
   outer loop
     vertex  1.995330e+02 -6.257500e+01  0.000000e+00
     vertex  1.995830e+02 -6.269559e+01  0.000000e+00
     vertex  1.995830e+02 -6.269559e+01  1.510000e+00
   endloop
 endfacet
 facet normal -7.933533e-01 -6.087614e-01  0.000000e+00
   outer loop
     vertex  1.994536e+02 -6.247145e+01  0.000000e+00
     vertex  1.995330e+02 -6.257500e+01  1.510000e+00
     vertex  1.994536e+02 -6.247145e+01  1.510000e+00
   endloop
 endfacet
 facet normal -7.933533e-01 -6.087614e-01  0.000000e+00
   outer loop
     vertex  1.994536e+02 -6.247145e+01  0.000000e+00
     vertex  1.995330e+02 -6.257500e+01  0.000000e+00
     vertex  1.995330e+02 -6.257500e+01  1.510000e+00
   endloop
 endfacet
 facet normal -6.087614e-01 -7.933533e-01  0.000000e+00
   outer loop
     vertex  1.993500e+02 -6.239199e+01  0.000000e+00
     vertex  1.994536e+02 -6.247145e+01  1.510000e+00
     vertex  1.993500e+02 -6.239199e+01  1.510000e+00
   endloop
 endfacet
 facet normal -6.087614e-01 -7.933533e-01  0.000000e+00
   outer loop
     vertex  1.993500e+02 -6.239199e+01  0.000000e+00
     vertex  1.994536e+02 -6.247145e+01  0.000000e+00
     vertex  1.994536e+02 -6.247145e+01  1.510000e+00
   endloop
 endfacet
 facet normal -3.826834e-01 -9.238795e-01  0.000000e+00
   outer loop
     vertex  1.992294e+02 -6.234204e+01  0.000000e+00
     vertex  1.993500e+02 -6.239199e+01  1.510000e+00
     vertex  1.992294e+02 -6.234204e+01  1.510000e+00
   endloop
 endfacet
 facet normal -3.826834e-01 -9.238795e-01  0.000000e+00
   outer loop
     vertex  1.992294e+02 -6.234204e+01  0.000000e+00
     vertex  1.993500e+02 -6.239199e+01  0.000000e+00
     vertex  1.993500e+02 -6.239199e+01  1.510000e+00
   endloop
 endfacet
 facet normal -1.305262e-01 -9.914449e-01  0.000000e+00
   outer loop
     vertex  1.991000e+02 -6.232500e+01  0.000000e+00
     vertex  1.992294e+02 -6.234204e+01  1.510000e+00
     vertex  1.991000e+02 -6.232500e+01  1.510000e+00
   endloop
 endfacet
 facet normal -1.305262e-01 -9.914449e-01  0.000000e+00
   outer loop
     vertex  1.991000e+02 -6.232500e+01  0.000000e+00
     vertex  1.992294e+02 -6.234204e+01  0.000000e+00
     vertex  1.992294e+02 -6.234204e+01  1.510000e+00
   endloop
 endfacet
 facet normal  1.305262e-01 -9.914449e-01  0.000000e+00
   outer loop
     vertex  1.989706e+02 -6.234204e+01  0.000000e+00
     vertex  1.991000e+02 -6.232500e+01  1.510000e+00
     vertex  1.989706e+02 -6.234204e+01  1.510000e+00
   endloop
 endfacet
 facet normal  1.305262e-01 -9.914449e-01  0.000000e+00
   outer loop
     vertex  1.989706e+02 -6.234204e+01  0.000000e+00
     vertex  1.991000e+02 -6.232500e+01  0.000000e+00
     vertex  1.991000e+02 -6.232500e+01  1.510000e+00
   endloop
 endfacet
 facet normal  3.826834e-01 -9.238795e-01  0.000000e+00
   outer loop
     vertex  1.988500e+02 -6.239199e+01  0.000000e+00
     vertex  1.989706e+02 -6.234204e+01  0.000000e+00
     vertex  1.989706e+02 -6.234204e+01  1.510000e+00
   endloop
 endfacet
 facet normal  3.826834e-01 -9.238795e-01  0.000000e+00
   outer loop
     vertex  1.988500e+02 -6.239199e+01  0.000000e+00
     vertex  1.989706e+02 -6.234204e+01  1.510000e+00
     vertex  1.988500e+02 -6.239199e+01  1.510000e+00
   endloop
 endfacet
 facet normal  6.087614e-01 -7.933533e-01  0.000000e+00
   outer loop
     vertex  1.987464e+02 -6.247145e+01  0.000000e+00
     vertex  1.988500e+02 -6.239199e+01  0.000000e+00
     vertex  1.988500e+02 -6.239199e+01  1.510000e+00
   endloop
 endfacet
 facet normal  7.933533e-01 -6.087614e-01  0.000000e+00
   outer loop
     vertex  1.987464e+02 -6.247145e+01  0.000000e+00
     vertex  1.987464e+02 -6.247145e+01  1.510000e+00
     vertex  1.986670e+02 -6.257500e+01  1.510000e+00
   endloop
 endfacet
 facet normal  6.087614e-01 -7.933533e-01  0.000000e+00
   outer loop
     vertex  1.987464e+02 -6.247145e+01  0.000000e+00
     vertex  1.988500e+02 -6.239199e+01  1.510000e+00
     vertex  1.987464e+02 -6.247145e+01  1.510000e+00
   endloop
 endfacet
 facet normal  7.933533e-01 -6.087614e-01  0.000000e+00
   outer loop
     vertex  1.986670e+02 -6.257500e+01  0.000000e+00
     vertex  1.987464e+02 -6.247145e+01  0.000000e+00
     vertex  1.986670e+02 -6.257500e+01  1.510000e+00
   endloop
 endfacet
 facet normal  9.238795e-01 -3.826834e-01  0.000000e+00
   outer loop
     vertex  1.986670e+02 -6.257500e+01  0.000000e+00
     vertex  1.986670e+02 -6.257500e+01  1.510000e+00
     vertex  1.986170e+02 -6.269559e+01  1.510000e+00
   endloop
 endfacet
 facet normal  9.238795e-01 -3.826834e-01  0.000000e+00
   outer loop
     vertex  1.986170e+02 -6.269559e+01  0.000000e+00
     vertex  1.986670e+02 -6.257500e+01  0.000000e+00
     vertex  1.986170e+02 -6.269559e+01  1.510000e+00
   endloop
 endfacet
 facet normal  9.914449e-01 -1.305262e-01  0.000000e+00
   outer loop
     vertex  1.986000e+02 -6.282500e+01  0.000000e+00
     vertex  1.986170e+02 -6.269559e+01  0.000000e+00
     vertex  1.986170e+02 -6.269559e+01  1.510000e+00
   endloop
 endfacet
 facet normal  9.914449e-01 -1.305262e-01  0.000000e+00
   outer loop
     vertex  1.986000e+02 -6.282500e+01  0.000000e+00
     vertex  1.986170e+02 -6.269559e+01  1.510000e+00
     vertex  1.986000e+02 -6.282500e+01  1.510000e+00
   endloop
 endfacet
 facet normal  9.914449e-01  1.305262e-01 -0.000000e+00
   outer loop
     vertex  1.986170e+02 -6.295441e+01  0.000000e+00
     vertex  1.986000e+02 -6.282500e+01  1.510000e+00
     vertex  1.986170e+02 -6.295441e+01  1.510000e+00
   endloop
 endfacet
 facet normal  9.914449e-01  1.305262e-01  0.000000e+00
   outer loop
     vertex  1.986170e+02 -6.295441e+01  0.000000e+00
     vertex  1.986000e+02 -6.282500e+01  0.000000e+00
     vertex  1.986000e+02 -6.282500e+01  1.510000e+00
   endloop
 endfacet
 facet normal  9.238795e-01  3.826834e-01 -0.000000e+00
   outer loop
     vertex  1.986670e+02 -6.307500e+01  0.000000e+00
     vertex  1.986170e+02 -6.295441e+01  1.510000e+00
     vertex  1.986670e+02 -6.307500e+01  1.510000e+00
   endloop
 endfacet
 facet normal  9.238795e-01  3.826834e-01  0.000000e+00
   outer loop
     vertex  1.986670e+02 -6.307500e+01  0.000000e+00
     vertex  1.986170e+02 -6.295441e+01  0.000000e+00
     vertex  1.986170e+02 -6.295441e+01  1.510000e+00
   endloop
 endfacet
 facet normal  6.087614e-01  7.933533e-01 -0.000000e+00
   outer loop
     vertex  1.987464e+02 -6.317855e+01  0.000000e+00
     vertex  1.987464e+02 -6.317855e+01  1.510000e+00
     vertex  1.988500e+02 -6.325801e+01  1.510000e+00
   endloop
 endfacet
 facet normal  7.933533e-01  6.087614e-01 -0.000000e+00
   outer loop
     vertex  1.987464e+02 -6.317855e+01  0.000000e+00
     vertex  1.986670e+02 -6.307500e+01  1.510000e+00
     vertex  1.987464e+02 -6.317855e+01  1.510000e+00
   endloop
 endfacet
 facet normal  7.933533e-01  6.087614e-01  0.000000e+00
   outer loop
     vertex  1.987464e+02 -6.317855e+01  0.000000e+00
     vertex  1.986670e+02 -6.307500e+01  0.000000e+00
     vertex  1.986670e+02 -6.307500e+01  1.510000e+00
   endloop
 endfacet
 facet normal  6.087614e-01  7.933533e-01 -0.000000e+00
   outer loop
     vertex  1.988500e+02 -6.325801e+01  0.000000e+00
     vertex  1.987464e+02 -6.317855e+01  0.000000e+00
     vertex  1.988500e+02 -6.325801e+01  1.510000e+00
   endloop
 endfacet
 facet normal  3.826834e-01  9.238795e-01 -0.000000e+00
   outer loop
     vertex  1.989706e+02 -6.330796e+01  0.000000e+00
     vertex  1.988500e+02 -6.325801e+01  1.510000e+00
     vertex  1.989706e+02 -6.330796e+01  1.510000e+00
   endloop
 endfacet
 facet normal  3.826834e-01  9.238795e-01  0.000000e+00
   outer loop
     vertex  1.989706e+02 -6.330796e+01  0.000000e+00
     vertex  1.988500e+02 -6.325801e+01  0.000000e+00
     vertex  1.988500e+02 -6.325801e+01  1.510000e+00
   endloop
 endfacet
 facet normal  1.305262e-01  9.914449e-01 -0.000000e+00
   outer loop
     vertex  1.991000e+02 -6.332500e+01  0.000000e+00
     vertex  1.989706e+02 -6.330796e+01  1.510000e+00
     vertex  1.991000e+02 -6.332500e+01  1.510000e+00
   endloop
 endfacet
 facet normal  1.305262e-01  9.914449e-01  0.000000e+00
   outer loop
     vertex  1.991000e+02 -6.332500e+01  0.000000e+00
     vertex  1.989706e+02 -6.330796e+01  0.000000e+00
     vertex  1.989706e+02 -6.330796e+01  1.510000e+00
   endloop
 endfacet
 facet normal -1.205367e-01  9.927089e-01  0.000000e+00
   outer loop
     vertex  2.069418e+02 -6.615128e+01  0.000000e+00
     vertex  2.068700e+02 -6.616000e+01  0.000000e+00
     vertex  2.068700e+02 -6.616000e+01  1.510000e+00
   endloop
 endfacet
 facet normal -1.205367e-01  9.927089e-01  0.000000e+00
   outer loop
     vertex  2.069418e+02 -6.615128e+01  0.000000e+00
     vertex  2.068700e+02 -6.616000e+01  1.510000e+00
     vertex  2.069418e+02 -6.615128e+01  1.510000e+00
   endloop
 endfacet
 facet normal -3.546049e-01  9.350162e-01  0.000000e+00
   outer loop
     vertex  2.070094e+02 -6.612564e+01  0.000000e+00
     vertex  2.069418e+02 -6.615128e+01  1.510000e+00
     vertex  2.070094e+02 -6.612564e+01  1.510000e+00
   endloop
 endfacet
 facet normal -3.546049e-01  9.350162e-01  0.000000e+00
   outer loop
     vertex  2.070094e+02 -6.612564e+01  0.000000e+00
     vertex  2.069418e+02 -6.615128e+01  0.000000e+00
     vertex  2.069418e+02 -6.615128e+01  1.510000e+00
   endloop
 endfacet
 facet normal -5.680647e-01  8.229839e-01  0.000000e+00
   outer loop
     vertex  2.070689e+02 -6.608455e+01  0.000000e+00
     vertex  2.070094e+02 -6.612564e+01  1.510000e+00
     vertex  2.070689e+02 -6.608455e+01  1.510000e+00
   endloop
 endfacet
 facet normal -5.680647e-01  8.229839e-01  0.000000e+00
   outer loop
     vertex  2.070689e+02 -6.608455e+01  0.000000e+00
     vertex  2.070094e+02 -6.612564e+01  0.000000e+00
     vertex  2.070094e+02 -6.612564e+01  1.510000e+00
   endloop
 endfacet
 facet normal -7.485107e-01  6.631227e-01  0.000000e+00
   outer loop
     vertex  2.071169e+02 -6.603042e+01  0.000000e+00
     vertex  2.070689e+02 -6.608455e+01  1.510000e+00
     vertex  2.071169e+02 -6.603042e+01  1.510000e+00
   endloop
 endfacet
 facet normal -7.485107e-01  6.631227e-01  0.000000e+00
   outer loop
     vertex  2.071169e+02 -6.603042e+01  0.000000e+00
     vertex  2.070689e+02 -6.608455e+01  0.000000e+00
     vertex  2.070689e+02 -6.608455e+01  1.510000e+00
   endloop
 endfacet
 facet normal -8.854560e-01  4.647232e-01  0.000000e+00
   outer loop
     vertex  2.071505e+02 -6.596638e+01  0.000000e+00
     vertex  2.071169e+02 -6.603042e+01  1.510000e+00
     vertex  2.071505e+02 -6.596638e+01  1.510000e+00
   endloop
 endfacet
 facet normal -8.854560e-01  4.647232e-01  0.000000e+00
   outer loop
     vertex  2.071505e+02 -6.596638e+01  0.000000e+00
     vertex  2.071169e+02 -6.603042e+01  0.000000e+00
     vertex  2.071169e+02 -6.603042e+01  1.510000e+00
   endloop
 endfacet
 facet normal -9.709418e-01  2.393157e-01  0.000000e+00
   outer loop
     vertex  2.071678e+02 -6.589616e+01  0.000000e+00
     vertex  2.071505e+02 -6.596638e+01  1.510000e+00
     vertex  2.071678e+02 -6.589616e+01  1.510000e+00
   endloop
 endfacet
 facet normal -9.709418e-01  2.393157e-01  0.000000e+00
   outer loop
     vertex  2.071678e+02 -6.589616e+01  0.000000e+00
     vertex  2.071505e+02 -6.596638e+01  0.000000e+00
     vertex  2.071505e+02 -6.596638e+01  1.510000e+00
   endloop
 endfacet
 facet normal -1.000000e+00  0.000000e+00  0.000000e+00
   outer loop
     vertex  2.071678e+02 -6.582384e+01  0.000000e+00
     vertex  2.071678e+02 -6.589616e+01  1.510000e+00
     vertex  2.071678e+02 -6.582384e+01  1.510000e+00
   endloop
 endfacet
 facet normal -1.000000e+00  0.000000e+00  0.000000e+00
   outer loop
     vertex  2.071678e+02 -6.582384e+01  0.000000e+00
     vertex  2.071678e+02 -6.589616e+01  0.000000e+00
     vertex  2.071678e+02 -6.589616e+01  1.510000e+00
   endloop
 endfacet
 facet normal -9.709418e-01 -2.393157e-01  0.000000e+00
   outer loop
     vertex  2.071505e+02 -6.575362e+01  0.000000e+00
     vertex  2.071678e+02 -6.582384e+01  1.510000e+00
     vertex  2.071505e+02 -6.575362e+01  1.510000e+00
   endloop
 endfacet
 facet normal -9.709418e-01 -2.393157e-01  0.000000e+00
   outer loop
     vertex  2.071505e+02 -6.575362e+01  0.000000e+00
     vertex  2.071678e+02 -6.582384e+01  0.000000e+00
     vertex  2.071678e+02 -6.582384e+01  1.510000e+00
   endloop
 endfacet
 facet normal -8.854560e-01 -4.647232e-01  0.000000e+00
   outer loop
     vertex  2.071169e+02 -6.568958e+01  0.000000e+00
     vertex  2.071505e+02 -6.575362e+01  1.510000e+00
     vertex  2.071169e+02 -6.568958e+01  1.510000e+00
   endloop
 endfacet
 facet normal -8.854560e-01 -4.647232e-01  0.000000e+00
   outer loop
     vertex  2.071169e+02 -6.568958e+01  0.000000e+00
     vertex  2.071505e+02 -6.575362e+01  0.000000e+00
     vertex  2.071505e+02 -6.575362e+01  1.510000e+00
   endloop
 endfacet
 facet normal -7.485107e-01 -6.631227e-01  0.000000e+00
   outer loop
     vertex  2.070689e+02 -6.563545e+01  0.000000e+00
     vertex  2.071169e+02 -6.568958e+01  1.510000e+00
     vertex  2.070689e+02 -6.563545e+01  1.510000e+00
   endloop
 endfacet
 facet normal -7.485107e-01 -6.631227e-01  0.000000e+00
   outer loop
     vertex  2.070689e+02 -6.563545e+01  0.000000e+00
     vertex  2.071169e+02 -6.568958e+01  0.000000e+00
     vertex  2.071169e+02 -6.568958e+01  1.510000e+00
   endloop
 endfacet
 facet normal -5.680647e-01 -8.229839e-01  0.000000e+00
   outer loop
     vertex  2.070094e+02 -6.559436e+01  0.000000e+00
     vertex  2.070689e+02 -6.563545e+01  1.510000e+00
     vertex  2.070094e+02 -6.559436e+01  1.510000e+00
   endloop
 endfacet
 facet normal -5.680647e-01 -8.229839e-01  0.000000e+00
   outer loop
     vertex  2.070094e+02 -6.559436e+01  0.000000e+00
     vertex  2.070689e+02 -6.563545e+01  0.000000e+00
     vertex  2.070689e+02 -6.563545e+01  1.510000e+00
   endloop
 endfacet
 facet normal -3.546049e-01 -9.350162e-01  0.000000e+00
   outer loop
     vertex  2.069418e+02 -6.556872e+01  0.000000e+00
     vertex  2.070094e+02 -6.559436e+01  1.510000e+00
     vertex  2.069418e+02 -6.556872e+01  1.510000e+00
   endloop
 endfacet
 facet normal -3.546049e-01 -9.350162e-01  0.000000e+00
   outer loop
     vertex  2.069418e+02 -6.556872e+01  0.000000e+00
     vertex  2.070094e+02 -6.559436e+01  0.000000e+00
     vertex  2.070094e+02 -6.559436e+01  1.510000e+00
   endloop
 endfacet
 facet normal -1.205367e-01 -9.927089e-01  0.000000e+00
   outer loop
     vertex  2.068700e+02 -6.556000e+01  0.000000e+00
     vertex  2.069418e+02 -6.556872e+01  1.510000e+00
     vertex  2.068700e+02 -6.556000e+01  1.510000e+00
   endloop
 endfacet
 facet normal -1.205367e-01 -9.927089e-01  0.000000e+00
   outer loop
     vertex  2.068700e+02 -6.556000e+01  0.000000e+00
     vertex  2.069418e+02 -6.556872e+01  0.000000e+00
     vertex  2.069418e+02 -6.556872e+01  1.510000e+00
   endloop
 endfacet
 facet normal  0.000000e+00 -1.000000e+00  0.000000e+00
   outer loop
     vertex  2.060700e+02 -6.556000e+01  0.000000e+00
     vertex  2.068700e+02 -6.556000e+01  0.000000e+00
     vertex  2.068700e+02 -6.556000e+01  1.510000e+00
   endloop
 endfacet
 facet normal  0.000000e+00 -1.000000e+00  0.000000e+00
   outer loop
     vertex  2.060700e+02 -6.556000e+01  0.000000e+00
     vertex  2.068700e+02 -6.556000e+01  1.510000e+00
     vertex  2.060700e+02 -6.556000e+01  1.510000e+00
   endloop
 endfacet
 facet normal  1.305262e-01 -9.914449e-01  0.000000e+00
   outer loop
     vertex  2.059924e+02 -6.557022e+01  0.000000e+00
     vertex  2.060700e+02 -6.556000e+01  0.000000e+00
     vertex  2.060700e+02 -6.556000e+01  1.510000e+00
   endloop
 endfacet
 facet normal  1.305262e-01 -9.914449e-01  0.000000e+00
   outer loop
     vertex  2.059924e+02 -6.557022e+01  0.000000e+00
     vertex  2.060700e+02 -6.556000e+01  1.510000e+00
     vertex  2.059924e+02 -6.557022e+01  1.510000e+00
   endloop
 endfacet
 facet normal  3.826834e-01 -9.238795e-01  0.000000e+00
   outer loop
     vertex  2.059200e+02 -6.560019e+01  0.000000e+00
     vertex  2.059924e+02 -6.557022e+01  1.510000e+00
     vertex  2.059200e+02 -6.560019e+01  1.510000e+00
   endloop
 endfacet
 facet normal  3.826834e-01 -9.238795e-01  0.000000e+00
   outer loop
     vertex  2.059200e+02 -6.560019e+01  0.000000e+00
     vertex  2.059924e+02 -6.557022e+01  0.000000e+00
     vertex  2.059924e+02 -6.557022e+01  1.510000e+00
   endloop
 endfacet
 facet normal  6.087614e-01 -7.933533e-01  0.000000e+00
   outer loop
     vertex  2.058579e+02 -6.564787e+01  0.000000e+00
     vertex  2.059200e+02 -6.560019e+01  1.510000e+00
     vertex  2.058579e+02 -6.564787e+01  1.510000e+00
   endloop
 endfacet
 facet normal  6.087614e-01 -7.933533e-01  0.000000e+00
   outer loop
     vertex  2.058579e+02 -6.564787e+01  0.000000e+00
     vertex  2.059200e+02 -6.560019e+01  0.000000e+00
     vertex  2.059200e+02 -6.560019e+01  1.510000e+00
   endloop
 endfacet
 facet normal  7.933533e-01 -6.087614e-01  0.000000e+00
   outer loop
     vertex  2.058102e+02 -6.571000e+01  0.000000e+00
     vertex  2.058579e+02 -6.564787e+01  1.510000e+00
     vertex  2.058102e+02 -6.571000e+01  1.510000e+00
   endloop
 endfacet
 facet normal  7.933533e-01 -6.087614e-01  0.000000e+00
   outer loop
     vertex  2.058102e+02 -6.571000e+01  0.000000e+00
     vertex  2.058579e+02 -6.564787e+01  0.000000e+00
     vertex  2.058579e+02 -6.564787e+01  1.510000e+00
   endloop
 endfacet
 facet normal  9.238795e-01 -3.826834e-01  0.000000e+00
   outer loop
     vertex  2.057802e+02 -6.578236e+01  0.000000e+00
     vertex  2.058102e+02 -6.571000e+01  1.510000e+00
     vertex  2.057802e+02 -6.578236e+01  1.510000e+00
   endloop
 endfacet
 facet normal  9.238795e-01 -3.826834e-01  0.000000e+00
   outer loop
     vertex  2.057802e+02 -6.578236e+01  0.000000e+00
     vertex  2.058102e+02 -6.571000e+01  0.000000e+00
     vertex  2.058102e+02 -6.571000e+01  1.510000e+00
   endloop
 endfacet
 facet normal  9.914449e-01 -1.305262e-01  0.000000e+00
   outer loop
     vertex  2.057700e+02 -6.586000e+01  0.000000e+00
     vertex  2.057802e+02 -6.578236e+01  1.510000e+00
     vertex  2.057700e+02 -6.586000e+01  1.510000e+00
   endloop
 endfacet
 facet normal  9.914449e-01 -1.305262e-01  0.000000e+00
   outer loop
     vertex  2.057700e+02 -6.586000e+01  0.000000e+00
     vertex  2.057802e+02 -6.578236e+01  0.000000e+00
     vertex  2.057802e+02 -6.578236e+01  1.510000e+00
   endloop
 endfacet
 facet normal  9.238795e-01  3.826834e-01 -0.000000e+00
   outer loop
     vertex  2.057802e+02 -6.593765e+01  0.000000e+00
     vertex  2.057802e+02 -6.593765e+01  1.510000e+00
     vertex  2.058102e+02 -6.601000e+01  1.510000e+00
   endloop
 endfacet
 facet normal  9.914449e-01  1.305262e-01 -0.000000e+00
   outer loop
     vertex  2.057802e+02 -6.593765e+01  0.000000e+00
     vertex  2.057700e+02 -6.586000e+01  1.510000e+00
     vertex  2.057802e+02 -6.593765e+01  1.510000e+00
   endloop
 endfacet
 facet normal  9.914449e-01  1.305262e-01  0.000000e+00
   outer loop
     vertex  2.057802e+02 -6.593765e+01  0.000000e+00
     vertex  2.057700e+02 -6.586000e+01  0.000000e+00
     vertex  2.057700e+02 -6.586000e+01  1.510000e+00
   endloop
 endfacet
 facet normal  9.238795e-01  3.826834e-01 -0.000000e+00
   outer loop
     vertex  2.058102e+02 -6.601000e+01  0.000000e+00
     vertex  2.057802e+02 -6.593765e+01  0.000000e+00
     vertex  2.058102e+02 -6.601000e+01  1.510000e+00
   endloop
 endfacet
 facet normal  7.933533e-01  6.087614e-01 -0.000000e+00
   outer loop
     vertex  2.058579e+02 -6.607213e+01  0.000000e+00
     vertex  2.058102e+02 -6.601000e+01  1.510000e+00
     vertex  2.058579e+02 -6.607213e+01  1.510000e+00
   endloop
 endfacet
 facet normal  7.933533e-01  6.087614e-01  0.000000e+00
   outer loop
     vertex  2.058579e+02 -6.607213e+01  0.000000e+00
     vertex  2.058102e+02 -6.601000e+01  0.000000e+00
     vertex  2.058102e+02 -6.601000e+01  1.510000e+00
   endloop
 endfacet
 facet normal  6.087614e-01  7.933533e-01 -0.000000e+00
   outer loop
     vertex  2.059200e+02 -6.611981e+01  0.000000e+00
     vertex  2.058579e+02 -6.607213e+01  1.510000e+00
     vertex  2.059200e+02 -6.611981e+01  1.510000e+00
   endloop
 endfacet
 facet normal  6.087614e-01  7.933533e-01  0.000000e+00
   outer loop
     vertex  2.059200e+02 -6.611981e+01  0.000000e+00
     vertex  2.058579e+02 -6.607213e+01  0.000000e+00
     vertex  2.058579e+02 -6.607213e+01  1.510000e+00
   endloop
 endfacet
 facet normal  3.826834e-01  9.238795e-01 -0.000000e+00
   outer loop
     vertex  2.059924e+02 -6.614978e+01  0.000000e+00
     vertex  2.059200e+02 -6.611981e+01  1.510000e+00
     vertex  2.059924e+02 -6.614978e+01  1.510000e+00
   endloop
 endfacet
 facet normal  3.826834e-01  9.238795e-01  0.000000e+00
   outer loop
     vertex  2.059924e+02 -6.614978e+01  0.000000e+00
     vertex  2.059200e+02 -6.611981e+01  0.000000e+00
     vertex  2.059200e+02 -6.611981e+01  1.510000e+00
   endloop
 endfacet
 facet normal  1.305262e-01  9.914449e-01 -0.000000e+00
   outer loop
     vertex  2.060700e+02 -6.616000e+01  0.000000e+00
     vertex  2.059924e+02 -6.614978e+01  1.510000e+00
     vertex  2.060700e+02 -6.616000e+01  1.510000e+00
   endloop
 endfacet
 facet normal  1.305262e-01  9.914449e-01  0.000000e+00
   outer loop
     vertex  2.060700e+02 -6.616000e+01  0.000000e+00
     vertex  2.059924e+02 -6.614978e+01  0.000000e+00
     vertex  2.059924e+02 -6.614978e+01  1.510000e+00
   endloop
 endfacet
 facet normal  0.000000e+00  1.000000e+00  0.000000e+00
   outer loop
     vertex  2.068700e+02 -6.616000e+01  0.000000e+00
     vertex  2.060700e+02 -6.616000e+01  0.000000e+00
     vertex  2.060700e+02 -6.616000e+01  1.510000e+00
   endloop
 endfacet
 facet normal  0.000000e+00  1.000000e+00 -0.000000e+00
   outer loop
     vertex  2.068700e+02 -6.616000e+01  0.000000e+00
     vertex  2.060700e+02 -6.616000e+01  1.510000e+00
     vertex  2.068700e+02 -6.616000e+01  1.510000e+00
   endloop
 endfacet
 facet normal -1.305262e-01  9.914449e-01  0.000000e+00
   outer loop
     vertex  1.911409e+02 -6.236705e+01  0.000000e+00
     vertex  1.910425e+02 -6.238000e+01  0.000000e+00
     vertex  1.910425e+02 -6.238000e+01  1.510000e+00
   endloop
 endfacet
 facet normal -1.305262e-01  9.914449e-01  0.000000e+00
   outer loop
     vertex  1.911409e+02 -6.236705e+01  0.000000e+00
     vertex  1.910425e+02 -6.238000e+01  1.510000e+00
     vertex  1.911409e+02 -6.236705e+01  1.510000e+00
   endloop
 endfacet
 facet normal -3.826834e-01  9.238795e-01  0.000000e+00
   outer loop
     vertex  1.912325e+02 -6.232909e+01  0.000000e+00
     vertex  1.911409e+02 -6.236705e+01  1.510000e+00
     vertex  1.912325e+02 -6.232909e+01  1.510000e+00
   endloop
 endfacet
 facet normal -3.826834e-01  9.238795e-01  0.000000e+00
   outer loop
     vertex  1.912325e+02 -6.232909e+01  0.000000e+00
     vertex  1.911409e+02 -6.236705e+01  0.000000e+00
     vertex  1.911409e+02 -6.236705e+01  1.510000e+00
   endloop
 endfacet
 facet normal -6.087614e-01  7.933533e-01  0.000000e+00
   outer loop
     vertex  1.913112e+02 -6.226870e+01  0.000000e+00
     vertex  1.912325e+02 -6.232909e+01  1.510000e+00
     vertex  1.913112e+02 -6.226870e+01  1.510000e+00
   endloop
 endfacet
 facet normal -6.087614e-01  7.933533e-01  0.000000e+00
   outer loop
     vertex  1.913112e+02 -6.226870e+01  0.000000e+00
     vertex  1.912325e+02 -6.232909e+01  0.000000e+00
     vertex  1.912325e+02 -6.232909e+01  1.510000e+00
   endloop
 endfacet
 facet normal -7.933533e-01  6.087614e-01  0.000000e+00
   outer loop
     vertex  1.913716e+02 -6.219000e+01  0.000000e+00
     vertex  1.913112e+02 -6.226870e+01  1.510000e+00
     vertex  1.913716e+02 -6.219000e+01  1.510000e+00
   endloop
 endfacet
 facet normal -7.933533e-01  6.087614e-01  0.000000e+00
   outer loop
     vertex  1.913716e+02 -6.219000e+01  0.000000e+00
     vertex  1.913112e+02 -6.226870e+01  0.000000e+00
     vertex  1.913112e+02 -6.226870e+01  1.510000e+00
   endloop
 endfacet
 facet normal -9.238795e-01  3.826834e-01  0.000000e+00
   outer loop
     vertex  1.914096e+02 -6.209835e+01  0.000000e+00
     vertex  1.913716e+02 -6.219000e+01  1.510000e+00
     vertex  1.914096e+02 -6.209835e+01  1.510000e+00
   endloop
 endfacet
 facet normal -9.238795e-01  3.826834e-01  0.000000e+00
   outer loop
     vertex  1.914096e+02 -6.209835e+01  0.000000e+00
     vertex  1.913716e+02 -6.219000e+01  0.000000e+00
     vertex  1.913716e+02 -6.219000e+01  1.510000e+00
   endloop
 endfacet
 facet normal -9.914449e-01  1.305262e-01  0.000000e+00
   outer loop
     vertex  1.914225e+02 -6.200000e+01  0.000000e+00
     vertex  1.914096e+02 -6.209835e+01  1.510000e+00
     vertex  1.914225e+02 -6.200000e+01  1.510000e+00
   endloop
 endfacet
 facet normal -9.914449e-01  1.305262e-01  0.000000e+00
   outer loop
     vertex  1.914225e+02 -6.200000e+01  0.000000e+00
     vertex  1.914096e+02 -6.209835e+01  0.000000e+00
     vertex  1.914096e+02 -6.209835e+01  1.510000e+00
   endloop
 endfacet
 facet normal -9.914449e-01 -1.305262e-01  0.000000e+00
   outer loop
     vertex  1.914096e+02 -6.190165e+01  0.000000e+00
     vertex  1.914225e+02 -6.200000e+01  1.510000e+00
     vertex  1.914096e+02 -6.190165e+01  1.510000e+00
   endloop
 endfacet
 facet normal -9.914449e-01 -1.305262e-01  0.000000e+00
   outer loop
     vertex  1.914096e+02 -6.190165e+01  0.000000e+00
     vertex  1.914225e+02 -6.200000e+01  0.000000e+00
     vertex  1.914225e+02 -6.200000e+01  1.510000e+00
   endloop
 endfacet
 facet normal -9.238795e-01 -3.826834e-01  0.000000e+00
   outer loop
     vertex  1.913716e+02 -6.181000e+01  0.000000e+00
     vertex  1.914096e+02 -6.190165e+01  1.510000e+00
     vertex  1.913716e+02 -6.181000e+01  1.510000e+00
   endloop
 endfacet
 facet normal -9.238795e-01 -3.826834e-01  0.000000e+00
   outer loop
     vertex  1.913716e+02 -6.181000e+01  0.000000e+00
     vertex  1.914096e+02 -6.190165e+01  0.000000e+00
     vertex  1.914096e+02 -6.190165e+01  1.510000e+00
   endloop
 endfacet
 facet normal -7.933533e-01 -6.087614e-01  0.000000e+00
   outer loop
     vertex  1.913112e+02 -6.173130e+01  0.000000e+00
     vertex  1.913716e+02 -6.181000e+01  1.510000e+00
     vertex  1.913112e+02 -6.173130e+01  1.510000e+00
   endloop
 endfacet
 facet normal -7.933533e-01 -6.087614e-01  0.000000e+00
   outer loop
     vertex  1.913112e+02 -6.173130e+01  0.000000e+00
     vertex  1.913716e+02 -6.181000e+01  0.000000e+00
     vertex  1.913716e+02 -6.181000e+01  1.510000e+00
   endloop
 endfacet
 facet normal -6.087614e-01 -7.933533e-01  0.000000e+00
   outer loop
     vertex  1.912325e+02 -6.167091e+01  0.000000e+00
     vertex  1.913112e+02 -6.173130e+01  1.510000e+00
     vertex  1.912325e+02 -6.167091e+01  1.510000e+00
   endloop
 endfacet
 facet normal -6.087614e-01 -7.933533e-01  0.000000e+00
   outer loop
     vertex  1.912325e+02 -6.167091e+01  0.000000e+00
     vertex  1.913112e+02 -6.173130e+01  0.000000e+00
     vertex  1.913112e+02 -6.173130e+01  1.510000e+00
   endloop
 endfacet
 facet normal -3.826834e-01 -9.238795e-01  0.000000e+00
   outer loop
     vertex  1.911409e+02 -6.163295e+01  0.000000e+00
     vertex  1.912325e+02 -6.167091e+01  1.510000e+00
     vertex  1.911409e+02 -6.163295e+01  1.510000e+00
   endloop
 endfacet
 facet normal -3.826834e-01 -9.238795e-01  0.000000e+00
   outer loop
     vertex  1.911409e+02 -6.163295e+01  0.000000e+00
     vertex  1.912325e+02 -6.167091e+01  0.000000e+00
     vertex  1.912325e+02 -6.167091e+01  1.510000e+00
   endloop
 endfacet
 facet normal -1.305262e-01 -9.914449e-01  0.000000e+00
   outer loop
     vertex  1.910425e+02 -6.162000e+01  0.000000e+00
     vertex  1.911409e+02 -6.163295e+01  1.510000e+00
     vertex  1.910425e+02 -6.162000e+01  1.510000e+00
   endloop
 endfacet
 facet normal -1.305262e-01 -9.914449e-01  0.000000e+00
   outer loop
     vertex  1.910425e+02 -6.162000e+01  0.000000e+00
     vertex  1.911409e+02 -6.163295e+01  0.000000e+00
     vertex  1.911409e+02 -6.163295e+01  1.510000e+00
   endloop
 endfacet
 facet normal  1.305262e-01 -9.914449e-01  0.000000e+00
   outer loop
     vertex  1.909441e+02 -6.163295e+01  0.000000e+00
     vertex  1.910425e+02 -6.162000e+01  1.510000e+00
     vertex  1.909441e+02 -6.163295e+01  1.510000e+00
   endloop
 endfacet
 facet normal  1.305262e-01 -9.914449e-01  0.000000e+00
   outer loop
     vertex  1.909441e+02 -6.163295e+01  0.000000e+00
     vertex  1.910425e+02 -6.162000e+01  0.000000e+00
     vertex  1.910425e+02 -6.162000e+01  1.510000e+00
   endloop
 endfacet
 facet normal  3.826834e-01 -9.238795e-01  0.000000e+00
   outer loop
     vertex  1.908525e+02 -6.167091e+01  0.000000e+00
     vertex  1.909441e+02 -6.163295e+01  0.000000e+00
     vertex  1.909441e+02 -6.163295e+01  1.510000e+00
   endloop
 endfacet
 facet normal  3.826834e-01 -9.238795e-01  0.000000e+00
   outer loop
     vertex  1.908525e+02 -6.167091e+01  0.000000e+00
     vertex  1.909441e+02 -6.163295e+01  1.510000e+00
     vertex  1.908525e+02 -6.167091e+01  1.510000e+00
   endloop
 endfacet
 facet normal  6.087614e-01 -7.933533e-01  0.000000e+00
   outer loop
     vertex  1.907738e+02 -6.173130e+01  0.000000e+00
     vertex  1.908525e+02 -6.167091e+01  0.000000e+00
     vertex  1.908525e+02 -6.167091e+01  1.510000e+00
   endloop
 endfacet
 facet normal  7.933533e-01 -6.087614e-01  0.000000e+00
   outer loop
     vertex  1.907738e+02 -6.173130e+01  0.000000e+00
     vertex  1.907738e+02 -6.173130e+01  1.510000e+00
     vertex  1.907134e+02 -6.181000e+01  1.510000e+00
   endloop
 endfacet
 facet normal  6.087614e-01 -7.933533e-01  0.000000e+00
   outer loop
     vertex  1.907738e+02 -6.173130e+01  0.000000e+00
     vertex  1.908525e+02 -6.167091e+01  1.510000e+00
     vertex  1.907738e+02 -6.173130e+01  1.510000e+00
   endloop
 endfacet
 facet normal  7.933533e-01 -6.087614e-01  0.000000e+00
   outer loop
     vertex  1.907134e+02 -6.181000e+01  0.000000e+00
     vertex  1.907738e+02 -6.173130e+01  0.000000e+00
     vertex  1.907134e+02 -6.181000e+01  1.510000e+00
   endloop
 endfacet
 facet normal  9.238795e-01 -3.826834e-01  0.000000e+00
   outer loop
     vertex  1.907134e+02 -6.181000e+01  0.000000e+00
     vertex  1.907134e+02 -6.181000e+01  1.510000e+00
     vertex  1.906754e+02 -6.190165e+01  1.510000e+00
   endloop
 endfacet
 facet normal  9.238795e-01 -3.826834e-01  0.000000e+00
   outer loop
     vertex  1.906754e+02 -6.190165e+01  0.000000e+00
     vertex  1.907134e+02 -6.181000e+01  0.000000e+00
     vertex  1.906754e+02 -6.190165e+01  1.510000e+00
   endloop
 endfacet
 facet normal  9.914449e-01 -1.305262e-01  0.000000e+00
   outer loop
     vertex  1.906625e+02 -6.200000e+01  0.000000e+00
     vertex  1.906754e+02 -6.190165e+01  0.000000e+00
     vertex  1.906754e+02 -6.190165e+01  1.510000e+00
   endloop
 endfacet
 facet normal  9.914449e-01 -1.305262e-01  0.000000e+00
   outer loop
     vertex  1.906625e+02 -6.200000e+01  0.000000e+00
     vertex  1.906754e+02 -6.190165e+01  1.510000e+00
     vertex  1.906625e+02 -6.200000e+01  1.510000e+00
   endloop
 endfacet
 facet normal  9.914449e-01  1.305262e-01 -0.000000e+00
   outer loop
     vertex  1.906754e+02 -6.209835e+01  0.000000e+00
     vertex  1.906625e+02 -6.200000e+01  1.510000e+00
     vertex  1.906754e+02 -6.209835e+01  1.510000e+00
   endloop
 endfacet
 facet normal  9.914449e-01  1.305262e-01  0.000000e+00
   outer loop
     vertex  1.906754e+02 -6.209835e+01  0.000000e+00
     vertex  1.906625e+02 -6.200000e+01  0.000000e+00
     vertex  1.906625e+02 -6.200000e+01  1.510000e+00
   endloop
 endfacet
 facet normal  9.238795e-01  3.826834e-01 -0.000000e+00
   outer loop
     vertex  1.907134e+02 -6.219000e+01  0.000000e+00
     vertex  1.906754e+02 -6.209835e+01  1.510000e+00
     vertex  1.907134e+02 -6.219000e+01  1.510000e+00
   endloop
 endfacet
 facet normal  9.238795e-01  3.826834e-01  0.000000e+00
   outer loop
     vertex  1.907134e+02 -6.219000e+01  0.000000e+00
     vertex  1.906754e+02 -6.209835e+01  0.000000e+00
     vertex  1.906754e+02 -6.209835e+01  1.510000e+00
   endloop
 endfacet
 facet normal  6.087614e-01  7.933533e-01 -0.000000e+00
   outer loop
     vertex  1.907738e+02 -6.226870e+01  0.000000e+00
     vertex  1.907738e+02 -6.226870e+01  1.510000e+00
     vertex  1.908525e+02 -6.232909e+01  1.510000e+00
   endloop
 endfacet
 facet normal  7.933533e-01  6.087614e-01 -0.000000e+00
   outer loop
     vertex  1.907738e+02 -6.226870e+01  0.000000e+00
     vertex  1.907134e+02 -6.219000e+01  1.510000e+00
     vertex  1.907738e+02 -6.226870e+01  1.510000e+00
   endloop
 endfacet
 facet normal  7.933533e-01  6.087614e-01  0.000000e+00
   outer loop
     vertex  1.907738e+02 -6.226870e+01  0.000000e+00
     vertex  1.907134e+02 -6.219000e+01  0.000000e+00
     vertex  1.907134e+02 -6.219000e+01  1.510000e+00
   endloop
 endfacet
 facet normal  6.087614e-01  7.933533e-01 -0.000000e+00
   outer loop
     vertex  1.908525e+02 -6.232909e+01  0.000000e+00
     vertex  1.907738e+02 -6.226870e+01  0.000000e+00
     vertex  1.908525e+02 -6.232909e+01  1.510000e+00
   endloop
 endfacet
 facet normal  3.826834e-01  9.238795e-01 -0.000000e+00
   outer loop
     vertex  1.909441e+02 -6.236705e+01  0.000000e+00
     vertex  1.908525e+02 -6.232909e+01  1.510000e+00
     vertex  1.909441e+02 -6.236705e+01  1.510000e+00
   endloop
 endfacet
 facet normal  3.826834e-01  9.238795e-01  0.000000e+00
   outer loop
     vertex  1.909441e+02 -6.236705e+01  0.000000e+00
     vertex  1.908525e+02 -6.232909e+01  0.000000e+00
     vertex  1.908525e+02 -6.232909e+01  1.510000e+00
   endloop
 endfacet
 facet normal  1.305262e-01  9.914449e-01 -0.000000e+00
   outer loop
     vertex  1.910425e+02 -6.238000e+01  0.000000e+00
     vertex  1.909441e+02 -6.236705e+01  1.510000e+00
     vertex  1.910425e+02 -6.238000e+01  1.510000e+00
   endloop
 endfacet
 facet normal  1.305262e-01  9.914449e-01  0.000000e+00
   outer loop
     vertex  1.910425e+02 -6.238000e+01  0.000000e+00
     vertex  1.909441e+02 -6.236705e+01  0.000000e+00
     vertex  1.909441e+02 -6.236705e+01  1.510000e+00
   endloop
 endfacet
 facet normal -1.305262e-01  9.914449e-01  0.000000e+00
   outer loop
     vertex  1.936809e+02 -6.236705e+01  0.000000e+00
     vertex  1.935825e+02 -6.238000e+01  0.000000e+00
     vertex  1.935825e+02 -6.238000e+01  1.510000e+00
   endloop
 endfacet
 facet normal -1.305262e-01  9.914449e-01  0.000000e+00
   outer loop
     vertex  1.936809e+02 -6.236705e+01  0.000000e+00
     vertex  1.935825e+02 -6.238000e+01  1.510000e+00
     vertex  1.936809e+02 -6.236705e+01  1.510000e+00
   endloop
 endfacet
 facet normal -3.826834e-01  9.238795e-01  0.000000e+00
   outer loop
     vertex  1.937725e+02 -6.232909e+01  0.000000e+00
     vertex  1.936809e+02 -6.236705e+01  1.510000e+00
     vertex  1.937725e+02 -6.232909e+01  1.510000e+00
   endloop
 endfacet
 facet normal -3.826834e-01  9.238795e-01  0.000000e+00
   outer loop
     vertex  1.937725e+02 -6.232909e+01  0.000000e+00
     vertex  1.936809e+02 -6.236705e+01  0.000000e+00
     vertex  1.936809e+02 -6.236705e+01  1.510000e+00
   endloop
 endfacet
 facet normal -6.087614e-01  7.933533e-01  0.000000e+00
   outer loop
     vertex  1.938512e+02 -6.226870e+01  0.000000e+00
     vertex  1.937725e+02 -6.232909e+01  1.510000e+00
     vertex  1.938512e+02 -6.226870e+01  1.510000e+00
   endloop
 endfacet
 facet normal -6.087614e-01  7.933533e-01  0.000000e+00
   outer loop
     vertex  1.938512e+02 -6.226870e+01  0.000000e+00
     vertex  1.937725e+02 -6.232909e+01  0.000000e+00
     vertex  1.937725e+02 -6.232909e+01  1.510000e+00
   endloop
 endfacet
 facet normal -7.933533e-01  6.087614e-01  0.000000e+00
   outer loop
     vertex  1.939116e+02 -6.219000e+01  0.000000e+00
     vertex  1.938512e+02 -6.226870e+01  1.510000e+00
     vertex  1.939116e+02 -6.219000e+01  1.510000e+00
   endloop
 endfacet
 facet normal -7.933533e-01  6.087614e-01  0.000000e+00
   outer loop
     vertex  1.939116e+02 -6.219000e+01  0.000000e+00
     vertex  1.938512e+02 -6.226870e+01  0.000000e+00
     vertex  1.938512e+02 -6.226870e+01  1.510000e+00
   endloop
 endfacet
 facet normal -9.238795e-01  3.826834e-01  0.000000e+00
   outer loop
     vertex  1.939496e+02 -6.209835e+01  0.000000e+00
     vertex  1.939116e+02 -6.219000e+01  1.510000e+00
     vertex  1.939496e+02 -6.209835e+01  1.510000e+00
   endloop
 endfacet
 facet normal -9.238795e-01  3.826834e-01  0.000000e+00
   outer loop
     vertex  1.939496e+02 -6.209835e+01  0.000000e+00
     vertex  1.939116e+02 -6.219000e+01  0.000000e+00
     vertex  1.939116e+02 -6.219000e+01  1.510000e+00
   endloop
 endfacet
 facet normal -9.914449e-01  1.305262e-01  0.000000e+00
   outer loop
     vertex  1.939625e+02 -6.200000e+01  0.000000e+00
     vertex  1.939496e+02 -6.209835e+01  1.510000e+00
     vertex  1.939625e+02 -6.200000e+01  1.510000e+00
   endloop
 endfacet
 facet normal -9.914449e-01  1.305262e-01  0.000000e+00
   outer loop
     vertex  1.939625e+02 -6.200000e+01  0.000000e+00
     vertex  1.939496e+02 -6.209835e+01  0.000000e+00
     vertex  1.939496e+02 -6.209835e+01  1.510000e+00
   endloop
 endfacet
 facet normal -9.914449e-01 -1.305262e-01  0.000000e+00
   outer loop
     vertex  1.939496e+02 -6.190165e+01  0.000000e+00
     vertex  1.939625e+02 -6.200000e+01  1.510000e+00
     vertex  1.939496e+02 -6.190165e+01  1.510000e+00
   endloop
 endfacet
 facet normal -9.914449e-01 -1.305262e-01  0.000000e+00
   outer loop
     vertex  1.939496e+02 -6.190165e+01  0.000000e+00
     vertex  1.939625e+02 -6.200000e+01  0.000000e+00
     vertex  1.939625e+02 -6.200000e+01  1.510000e+00
   endloop
 endfacet
 facet normal -9.238795e-01 -3.826834e-01  0.000000e+00
   outer loop
     vertex  1.939116e+02 -6.181000e+01  0.000000e+00
     vertex  1.939496e+02 -6.190165e+01  1.510000e+00
     vertex  1.939116e+02 -6.181000e+01  1.510000e+00
   endloop
 endfacet
 facet normal -9.238795e-01 -3.826834e-01  0.000000e+00
   outer loop
     vertex  1.939116e+02 -6.181000e+01  0.000000e+00
     vertex  1.939496e+02 -6.190165e+01  0.000000e+00
     vertex  1.939496e+02 -6.190165e+01  1.510000e+00
   endloop
 endfacet
 facet normal -7.933533e-01 -6.087614e-01  0.000000e+00
   outer loop
     vertex  1.938512e+02 -6.173130e+01  0.000000e+00
     vertex  1.939116e+02 -6.181000e+01  1.510000e+00
     vertex  1.938512e+02 -6.173130e+01  1.510000e+00
   endloop
 endfacet
 facet normal -7.933533e-01 -6.087614e-01  0.000000e+00
   outer loop
     vertex  1.938512e+02 -6.173130e+01  0.000000e+00
     vertex  1.939116e+02 -6.181000e+01  0.000000e+00
     vertex  1.939116e+02 -6.181000e+01  1.510000e+00
   endloop
 endfacet
 facet normal -6.087614e-01 -7.933533e-01  0.000000e+00
   outer loop
     vertex  1.937725e+02 -6.167091e+01  0.000000e+00
     vertex  1.938512e+02 -6.173130e+01  1.510000e+00
     vertex  1.937725e+02 -6.167091e+01  1.510000e+00
   endloop
 endfacet
 facet normal -6.087614e-01 -7.933533e-01  0.000000e+00
   outer loop
     vertex  1.937725e+02 -6.167091e+01  0.000000e+00
     vertex  1.938512e+02 -6.173130e+01  0.000000e+00
     vertex  1.938512e+02 -6.173130e+01  1.510000e+00
   endloop
 endfacet
 facet normal -3.826834e-01 -9.238795e-01  0.000000e+00
   outer loop
     vertex  1.936809e+02 -6.163295e+01  0.000000e+00
     vertex  1.937725e+02 -6.167091e+01  1.510000e+00
     vertex  1.936809e+02 -6.163295e+01  1.510000e+00
   endloop
 endfacet
 facet normal -3.826834e-01 -9.238795e-01  0.000000e+00
   outer loop
     vertex  1.936809e+02 -6.163295e+01  0.000000e+00
     vertex  1.937725e+02 -6.167091e+01  0.000000e+00
     vertex  1.937725e+02 -6.167091e+01  1.510000e+00
   endloop
 endfacet
 facet normal -1.305262e-01 -9.914449e-01  0.000000e+00
   outer loop
     vertex  1.935825e+02 -6.162000e+01  0.000000e+00
     vertex  1.936809e+02 -6.163295e+01  1.510000e+00
     vertex  1.935825e+02 -6.162000e+01  1.510000e+00
   endloop
 endfacet
 facet normal -1.305262e-01 -9.914449e-01  0.000000e+00
   outer loop
     vertex  1.935825e+02 -6.162000e+01  0.000000e+00
     vertex  1.936809e+02 -6.163295e+01  0.000000e+00
     vertex  1.936809e+02 -6.163295e+01  1.510000e+00
   endloop
 endfacet
 facet normal  1.305262e-01 -9.914449e-01  0.000000e+00
   outer loop
     vertex  1.934841e+02 -6.163295e+01  0.000000e+00
     vertex  1.935825e+02 -6.162000e+01  1.510000e+00
     vertex  1.934841e+02 -6.163295e+01  1.510000e+00
   endloop
 endfacet
 facet normal  1.305262e-01 -9.914449e-01  0.000000e+00
   outer loop
     vertex  1.934841e+02 -6.163295e+01  0.000000e+00
     vertex  1.935825e+02 -6.162000e+01  0.000000e+00
     vertex  1.935825e+02 -6.162000e+01  1.510000e+00
   endloop
 endfacet
 facet normal  3.826834e-01 -9.238795e-01  0.000000e+00
   outer loop
     vertex  1.933925e+02 -6.167091e+01  0.000000e+00
     vertex  1.934841e+02 -6.163295e+01  0.000000e+00
     vertex  1.934841e+02 -6.163295e+01  1.510000e+00
   endloop
 endfacet
 facet normal  3.826834e-01 -9.238795e-01  0.000000e+00
   outer loop
     vertex  1.933925e+02 -6.167091e+01  0.000000e+00
     vertex  1.934841e+02 -6.163295e+01  1.510000e+00
     vertex  1.933925e+02 -6.167091e+01  1.510000e+00
   endloop
 endfacet
 facet normal  6.087614e-01 -7.933533e-01  0.000000e+00
   outer loop
     vertex  1.933138e+02 -6.173130e+01  0.000000e+00
     vertex  1.933925e+02 -6.167091e+01  0.000000e+00
     vertex  1.933925e+02 -6.167091e+01  1.510000e+00
   endloop
 endfacet
 facet normal  7.933533e-01 -6.087614e-01  0.000000e+00
   outer loop
     vertex  1.933138e+02 -6.173130e+01  0.000000e+00
     vertex  1.933138e+02 -6.173130e+01  1.510000e+00
     vertex  1.932534e+02 -6.181000e+01  1.510000e+00
   endloop
 endfacet
 facet normal  6.087614e-01 -7.933533e-01  0.000000e+00
   outer loop
     vertex  1.933138e+02 -6.173130e+01  0.000000e+00
     vertex  1.933925e+02 -6.167091e+01  1.510000e+00
     vertex  1.933138e+02 -6.173130e+01  1.510000e+00
   endloop
 endfacet
 facet normal  7.933533e-01 -6.087614e-01  0.000000e+00
   outer loop
     vertex  1.932534e+02 -6.181000e+01  0.000000e+00
     vertex  1.933138e+02 -6.173130e+01  0.000000e+00
     vertex  1.932534e+02 -6.181000e+01  1.510000e+00
   endloop
 endfacet
 facet normal  9.238795e-01 -3.826834e-01  0.000000e+00
   outer loop
     vertex  1.932534e+02 -6.181000e+01  0.000000e+00
     vertex  1.932534e+02 -6.181000e+01  1.510000e+00
     vertex  1.932154e+02 -6.190165e+01  1.510000e+00
   endloop
 endfacet
 facet normal  9.238795e-01 -3.826834e-01  0.000000e+00
   outer loop
     vertex  1.932154e+02 -6.190165e+01  0.000000e+00
     vertex  1.932534e+02 -6.181000e+01  0.000000e+00
     vertex  1.932154e+02 -6.190165e+01  1.510000e+00
   endloop
 endfacet
 facet normal  9.914449e-01 -1.305262e-01  0.000000e+00
   outer loop
     vertex  1.932025e+02 -6.200000e+01  0.000000e+00
     vertex  1.932154e+02 -6.190165e+01  0.000000e+00
     vertex  1.932154e+02 -6.190165e+01  1.510000e+00
   endloop
 endfacet
 facet normal  9.914449e-01 -1.305262e-01  0.000000e+00
   outer loop
     vertex  1.932025e+02 -6.200000e+01  0.000000e+00
     vertex  1.932154e+02 -6.190165e+01  1.510000e+00
     vertex  1.932025e+02 -6.200000e+01  1.510000e+00
   endloop
 endfacet
 facet normal  9.914449e-01  1.305262e-01 -0.000000e+00
   outer loop
     vertex  1.932154e+02 -6.209835e+01  0.000000e+00
     vertex  1.932025e+02 -6.200000e+01  1.510000e+00
     vertex  1.932154e+02 -6.209835e+01  1.510000e+00
   endloop
 endfacet
 facet normal  9.914449e-01  1.305262e-01  0.000000e+00
   outer loop
     vertex  1.932154e+02 -6.209835e+01  0.000000e+00
     vertex  1.932025e+02 -6.200000e+01  0.000000e+00
     vertex  1.932025e+02 -6.200000e+01  1.510000e+00
   endloop
 endfacet
 facet normal  9.238795e-01  3.826834e-01 -0.000000e+00
   outer loop
     vertex  1.932534e+02 -6.219000e+01  0.000000e+00
     vertex  1.932154e+02 -6.209835e+01  1.510000e+00
     vertex  1.932534e+02 -6.219000e+01  1.510000e+00
   endloop
 endfacet
 facet normal  9.238795e-01  3.826834e-01  0.000000e+00
   outer loop
     vertex  1.932534e+02 -6.219000e+01  0.000000e+00
     vertex  1.932154e+02 -6.209835e+01  0.000000e+00
     vertex  1.932154e+02 -6.209835e+01  1.510000e+00
   endloop
 endfacet
 facet normal  6.087614e-01  7.933533e-01 -0.000000e+00
   outer loop
     vertex  1.933138e+02 -6.226870e+01  0.000000e+00
     vertex  1.933138e+02 -6.226870e+01  1.510000e+00
     vertex  1.933925e+02 -6.232909e+01  1.510000e+00
   endloop
 endfacet
 facet normal  7.933533e-01  6.087614e-01 -0.000000e+00
   outer loop
     vertex  1.933138e+02 -6.226870e+01  0.000000e+00
     vertex  1.932534e+02 -6.219000e+01  1.510000e+00
     vertex  1.933138e+02 -6.226870e+01  1.510000e+00
   endloop
 endfacet
 facet normal  7.933533e-01  6.087614e-01  0.000000e+00
   outer loop
     vertex  1.933138e+02 -6.226870e+01  0.000000e+00
     vertex  1.932534e+02 -6.219000e+01  0.000000e+00
     vertex  1.932534e+02 -6.219000e+01  1.510000e+00
   endloop
 endfacet
 facet normal  6.087614e-01  7.933533e-01 -0.000000e+00
   outer loop
     vertex  1.933925e+02 -6.232909e+01  0.000000e+00
     vertex  1.933138e+02 -6.226870e+01  0.000000e+00
     vertex  1.933925e+02 -6.232909e+01  1.510000e+00
   endloop
 endfacet
 facet normal  3.826834e-01  9.238795e-01 -0.000000e+00
   outer loop
     vertex  1.934841e+02 -6.236705e+01  0.000000e+00
     vertex  1.933925e+02 -6.232909e+01  1.510000e+00
     vertex  1.934841e+02 -6.236705e+01  1.510000e+00
   endloop
 endfacet
 facet normal  3.826834e-01  9.238795e-01  0.000000e+00
   outer loop
     vertex  1.934841e+02 -6.236705e+01  0.000000e+00
     vertex  1.933925e+02 -6.232909e+01  0.000000e+00
     vertex  1.933925e+02 -6.232909e+01  1.510000e+00
   endloop
 endfacet
 facet normal  1.305262e-01  9.914449e-01 -0.000000e+00
   outer loop
     vertex  1.935825e+02 -6.238000e+01  0.000000e+00
     vertex  1.934841e+02 -6.236705e+01  1.510000e+00
     vertex  1.935825e+02 -6.238000e+01  1.510000e+00
   endloop
 endfacet
 facet normal  1.305262e-01  9.914449e-01  0.000000e+00
   outer loop
     vertex  1.935825e+02 -6.238000e+01  0.000000e+00
     vertex  1.934841e+02 -6.236705e+01  0.000000e+00
     vertex  1.934841e+02 -6.236705e+01  1.510000e+00
   endloop
 endfacet
 facet normal -1.305262e-01  9.914449e-01  0.000000e+00
   outer loop
     vertex  1.952666e+02 -5.719548e+01  0.000000e+00
     vertex  1.948525e+02 -5.725000e+01  0.000000e+00
     vertex  1.948525e+02 -5.725000e+01  1.510000e+00
   endloop
 endfacet
 facet normal -1.305262e-01  9.914449e-01  0.000000e+00
   outer loop
     vertex  1.952666e+02 -5.719548e+01  0.000000e+00
     vertex  1.948525e+02 -5.725000e+01  1.510000e+00
     vertex  1.952666e+02 -5.719548e+01  1.510000e+00
   endloop
 endfacet
 facet normal -3.826834e-01  9.238795e-01  0.000000e+00
   outer loop
     vertex  1.956525e+02 -5.703564e+01  0.000000e+00
     vertex  1.952666e+02 -5.719548e+01  1.510000e+00
     vertex  1.956525e+02 -5.703564e+01  1.510000e+00
   endloop
 endfacet
 facet normal -3.826834e-01  9.238795e-01  0.000000e+00
   outer loop
     vertex  1.956525e+02 -5.703564e+01  0.000000e+00
     vertex  1.952666e+02 -5.719548e+01  0.000000e+00
     vertex  1.952666e+02 -5.719548e+01  1.510000e+00
   endloop
 endfacet
 facet normal -6.087614e-01  7.933533e-01  0.000000e+00
   outer loop
     vertex  1.959839e+02 -5.678137e+01  0.000000e+00
     vertex  1.956525e+02 -5.703564e+01  1.510000e+00
     vertex  1.959839e+02 -5.678137e+01  1.510000e+00
   endloop
 endfacet
 facet normal -6.087614e-01  7.933533e-01  0.000000e+00
   outer loop
     vertex  1.959839e+02 -5.678137e+01  0.000000e+00
     vertex  1.956525e+02 -5.703564e+01  0.000000e+00
     vertex  1.956525e+02 -5.703564e+01  1.510000e+00
   endloop
 endfacet
 facet normal -7.933533e-01  6.087614e-01  0.000000e+00
   outer loop
     vertex  1.962381e+02 -5.645000e+01  0.000000e+00
     vertex  1.959839e+02 -5.678137e+01  1.510000e+00
     vertex  1.962381e+02 -5.645000e+01  1.510000e+00
   endloop
 endfacet
 facet normal -7.933533e-01  6.087614e-01  0.000000e+00
   outer loop
     vertex  1.962381e+02 -5.645000e+01  0.000000e+00
     vertex  1.959839e+02 -5.678137e+01  0.000000e+00
     vertex  1.959839e+02 -5.678137e+01  1.510000e+00
   endloop
 endfacet
 facet normal -9.238795e-01  3.826834e-01  0.000000e+00
   outer loop
     vertex  1.963980e+02 -5.606411e+01  0.000000e+00
     vertex  1.962381e+02 -5.645000e+01  1.510000e+00
     vertex  1.963980e+02 -5.606411e+01  1.510000e+00
   endloop
 endfacet
 facet normal -9.238795e-01  3.826834e-01  0.000000e+00
   outer loop
     vertex  1.963980e+02 -5.606411e+01  0.000000e+00
     vertex  1.962381e+02 -5.645000e+01  0.000000e+00
     vertex  1.962381e+02 -5.645000e+01  1.510000e+00
   endloop
 endfacet
 facet normal -9.914449e-01  1.305262e-01  0.000000e+00
   outer loop
     vertex  1.964525e+02 -5.565000e+01  0.000000e+00
     vertex  1.963980e+02 -5.606411e+01  1.510000e+00
     vertex  1.964525e+02 -5.565000e+01  1.510000e+00
   endloop
 endfacet
 facet normal -9.914449e-01  1.305262e-01  0.000000e+00
   outer loop
     vertex  1.964525e+02 -5.565000e+01  0.000000e+00
     vertex  1.963980e+02 -5.606411e+01  0.000000e+00
     vertex  1.963980e+02 -5.606411e+01  1.510000e+00
   endloop
 endfacet
 facet normal -9.914449e-01 -1.305262e-01  0.000000e+00
   outer loop
     vertex  1.963980e+02 -5.523589e+01  0.000000e+00
     vertex  1.964525e+02 -5.565000e+01  1.510000e+00
     vertex  1.963980e+02 -5.523589e+01  1.510000e+00
   endloop
 endfacet
 facet normal -9.914449e-01 -1.305262e-01  0.000000e+00
   outer loop
     vertex  1.963980e+02 -5.523589e+01  0.000000e+00
     vertex  1.964525e+02 -5.565000e+01  0.000000e+00
     vertex  1.964525e+02 -5.565000e+01  1.510000e+00
   endloop
 endfacet
 facet normal -9.238795e-01 -3.826834e-01  0.000000e+00
   outer loop
     vertex  1.962381e+02 -5.485000e+01  0.000000e+00
     vertex  1.963980e+02 -5.523589e+01  1.510000e+00
     vertex  1.962381e+02 -5.485000e+01  1.510000e+00
   endloop
 endfacet
 facet normal -9.238795e-01 -3.826834e-01  0.000000e+00
   outer loop
     vertex  1.962381e+02 -5.485000e+01  0.000000e+00
     vertex  1.963980e+02 -5.523589e+01  0.000000e+00
     vertex  1.963980e+02 -5.523589e+01  1.510000e+00
   endloop
 endfacet
 facet normal -7.933533e-01 -6.087614e-01  0.000000e+00
   outer loop
     vertex  1.959839e+02 -5.451863e+01  0.000000e+00
     vertex  1.962381e+02 -5.485000e+01  1.510000e+00
     vertex  1.959839e+02 -5.451863e+01  1.510000e+00
   endloop
 endfacet
 facet normal -7.933533e-01 -6.087614e-01  0.000000e+00
   outer loop
     vertex  1.959839e+02 -5.451863e+01  0.000000e+00
     vertex  1.962381e+02 -5.485000e+01  0.000000e+00
     vertex  1.962381e+02 -5.485000e+01  1.510000e+00
   endloop
 endfacet
 facet normal -6.087614e-01 -7.933533e-01  0.000000e+00
   outer loop
     vertex  1.956525e+02 -5.426436e+01  0.000000e+00
     vertex  1.959839e+02 -5.451863e+01  1.510000e+00
     vertex  1.956525e+02 -5.426436e+01  1.510000e+00
   endloop
 endfacet
 facet normal -6.087614e-01 -7.933533e-01  0.000000e+00
   outer loop
     vertex  1.956525e+02 -5.426436e+01  0.000000e+00
     vertex  1.959839e+02 -5.451863e+01  0.000000e+00
     vertex  1.959839e+02 -5.451863e+01  1.510000e+00
   endloop
 endfacet
 facet normal -3.826834e-01 -9.238795e-01  0.000000e+00
   outer loop
     vertex  1.952666e+02 -5.410452e+01  0.000000e+00
     vertex  1.956525e+02 -5.426436e+01  1.510000e+00
     vertex  1.952666e+02 -5.410452e+01  1.510000e+00
   endloop
 endfacet
 facet normal -3.826834e-01 -9.238795e-01  0.000000e+00
   outer loop
     vertex  1.952666e+02 -5.410452e+01  0.000000e+00
     vertex  1.956525e+02 -5.426436e+01  0.000000e+00
     vertex  1.956525e+02 -5.426436e+01  1.510000e+00
   endloop
 endfacet
 facet normal -1.305262e-01 -9.914449e-01  0.000000e+00
   outer loop
     vertex  1.948525e+02 -5.405000e+01  0.000000e+00
     vertex  1.952666e+02 -5.410452e+01  1.510000e+00
     vertex  1.948525e+02 -5.405000e+01  1.510000e+00
   endloop
 endfacet
 facet normal -1.305262e-01 -9.914449e-01  0.000000e+00
   outer loop
     vertex  1.948525e+02 -5.405000e+01  0.000000e+00
     vertex  1.952666e+02 -5.410452e+01  0.000000e+00
     vertex  1.952666e+02 -5.410452e+01  1.510000e+00
   endloop
 endfacet
 facet normal  1.305262e-01 -9.914449e-01  0.000000e+00
   outer loop
     vertex  1.944384e+02 -5.410452e+01  0.000000e+00
     vertex  1.948525e+02 -5.405000e+01  1.510000e+00
     vertex  1.944384e+02 -5.410452e+01  1.510000e+00
   endloop
 endfacet
 facet normal  1.305262e-01 -9.914449e-01  0.000000e+00
   outer loop
     vertex  1.944384e+02 -5.410452e+01  0.000000e+00
     vertex  1.948525e+02 -5.405000e+01  0.000000e+00
     vertex  1.948525e+02 -5.405000e+01  1.510000e+00
   endloop
 endfacet
 facet normal  3.826834e-01 -9.238795e-01  0.000000e+00
   outer loop
     vertex  1.940525e+02 -5.426436e+01  0.000000e+00
     vertex  1.944384e+02 -5.410452e+01  0.000000e+00
     vertex  1.944384e+02 -5.410452e+01  1.510000e+00
   endloop
 endfacet
 facet normal  3.826834e-01 -9.238795e-01  0.000000e+00
   outer loop
     vertex  1.940525e+02 -5.426436e+01  0.000000e+00
     vertex  1.944384e+02 -5.410452e+01  1.510000e+00
     vertex  1.940525e+02 -5.426436e+01  1.510000e+00
   endloop
 endfacet
 facet normal  6.087614e-01 -7.933533e-01  0.000000e+00
   outer loop
     vertex  1.937211e+02 -5.451863e+01  0.000000e+00
     vertex  1.940525e+02 -5.426436e+01  0.000000e+00
     vertex  1.940525e+02 -5.426436e+01  1.510000e+00
   endloop
 endfacet
 facet normal  7.933533e-01 -6.087614e-01  0.000000e+00
   outer loop
     vertex  1.937211e+02 -5.451863e+01  0.000000e+00
     vertex  1.937211e+02 -5.451863e+01  1.510000e+00
     vertex  1.934669e+02 -5.485000e+01  1.510000e+00
   endloop
 endfacet
 facet normal  6.087614e-01 -7.933533e-01  0.000000e+00
   outer loop
     vertex  1.937211e+02 -5.451863e+01  0.000000e+00
     vertex  1.940525e+02 -5.426436e+01  1.510000e+00
     vertex  1.937211e+02 -5.451863e+01  1.510000e+00
   endloop
 endfacet
 facet normal  7.933533e-01 -6.087614e-01  0.000000e+00
   outer loop
     vertex  1.934669e+02 -5.485000e+01  0.000000e+00
     vertex  1.937211e+02 -5.451863e+01  0.000000e+00
     vertex  1.934669e+02 -5.485000e+01  1.510000e+00
   endloop
 endfacet
 facet normal  9.238795e-01 -3.826834e-01  0.000000e+00
   outer loop
     vertex  1.934669e+02 -5.485000e+01  0.000000e+00
     vertex  1.934669e+02 -5.485000e+01  1.510000e+00
     vertex  1.933070e+02 -5.523589e+01  1.510000e+00
   endloop
 endfacet
 facet normal  9.238795e-01 -3.826834e-01  0.000000e+00
   outer loop
     vertex  1.933070e+02 -5.523589e+01  0.000000e+00
     vertex  1.934669e+02 -5.485000e+01  0.000000e+00
     vertex  1.933070e+02 -5.523589e+01  1.510000e+00
   endloop
 endfacet
 facet normal  9.914449e-01 -1.305262e-01  0.000000e+00
   outer loop
     vertex  1.932525e+02 -5.565000e+01  0.000000e+00
     vertex  1.933070e+02 -5.523589e+01  0.000000e+00
     vertex  1.933070e+02 -5.523589e+01  1.510000e+00
   endloop
 endfacet
 facet normal  9.914449e-01 -1.305262e-01  0.000000e+00
   outer loop
     vertex  1.932525e+02 -5.565000e+01  0.000000e+00
     vertex  1.933070e+02 -5.523589e+01  1.510000e+00
     vertex  1.932525e+02 -5.565000e+01  1.510000e+00
   endloop
 endfacet
 facet normal  9.914449e-01  1.305262e-01 -0.000000e+00
   outer loop
     vertex  1.933070e+02 -5.606411e+01  0.000000e+00
     vertex  1.932525e+02 -5.565000e+01  1.510000e+00
     vertex  1.933070e+02 -5.606411e+01  1.510000e+00
   endloop
 endfacet
 facet normal  9.914449e-01  1.305262e-01  0.000000e+00
   outer loop
     vertex  1.933070e+02 -5.606411e+01  0.000000e+00
     vertex  1.932525e+02 -5.565000e+01  0.000000e+00
     vertex  1.932525e+02 -5.565000e+01  1.510000e+00
   endloop
 endfacet
 facet normal  9.238795e-01  3.826834e-01 -0.000000e+00
   outer loop
     vertex  1.934669e+02 -5.645000e+01  0.000000e+00
     vertex  1.933070e+02 -5.606411e+01  1.510000e+00
     vertex  1.934669e+02 -5.645000e+01  1.510000e+00
   endloop
 endfacet
 facet normal  9.238795e-01  3.826834e-01  0.000000e+00
   outer loop
     vertex  1.934669e+02 -5.645000e+01  0.000000e+00
     vertex  1.933070e+02 -5.606411e+01  0.000000e+00
     vertex  1.933070e+02 -5.606411e+01  1.510000e+00
   endloop
 endfacet
 facet normal  6.087614e-01  7.933533e-01 -0.000000e+00
   outer loop
     vertex  1.937211e+02 -5.678137e+01  0.000000e+00
     vertex  1.937211e+02 -5.678137e+01  1.510000e+00
     vertex  1.940525e+02 -5.703564e+01  1.510000e+00
   endloop
 endfacet
 facet normal  7.933533e-01  6.087614e-01 -0.000000e+00
   outer loop
     vertex  1.937211e+02 -5.678137e+01  0.000000e+00
     vertex  1.934669e+02 -5.645000e+01  1.510000e+00
     vertex  1.937211e+02 -5.678137e+01  1.510000e+00
   endloop
 endfacet
 facet normal  7.933533e-01  6.087614e-01  0.000000e+00
   outer loop
     vertex  1.937211e+02 -5.678137e+01  0.000000e+00
     vertex  1.934669e+02 -5.645000e+01  0.000000e+00
     vertex  1.934669e+02 -5.645000e+01  1.510000e+00
   endloop
 endfacet
 facet normal  6.087614e-01  7.933533e-01 -0.000000e+00
   outer loop
     vertex  1.940525e+02 -5.703564e+01  0.000000e+00
     vertex  1.937211e+02 -5.678137e+01  0.000000e+00
     vertex  1.940525e+02 -5.703564e+01  1.510000e+00
   endloop
 endfacet
 facet normal  3.826834e-01  9.238795e-01 -0.000000e+00
   outer loop
     vertex  1.944384e+02 -5.719548e+01  0.000000e+00
     vertex  1.940525e+02 -5.703564e+01  1.510000e+00
     vertex  1.944384e+02 -5.719548e+01  1.510000e+00
   endloop
 endfacet
 facet normal  3.826834e-01  9.238795e-01  0.000000e+00
   outer loop
     vertex  1.944384e+02 -5.719548e+01  0.000000e+00
     vertex  1.940525e+02 -5.703564e+01  0.000000e+00
     vertex  1.940525e+02 -5.703564e+01  1.510000e+00
   endloop
 endfacet
 facet normal  1.305262e-01  9.914449e-01 -0.000000e+00
   outer loop
     vertex  1.948525e+02 -5.725000e+01  0.000000e+00
     vertex  1.944384e+02 -5.719548e+01  1.510000e+00
     vertex  1.948525e+02 -5.725000e+01  1.510000e+00
   endloop
 endfacet
 facet normal  1.305262e-01  9.914449e-01  0.000000e+00
   outer loop
     vertex  1.948525e+02 -5.725000e+01  0.000000e+00
     vertex  1.944384e+02 -5.719548e+01  0.000000e+00
     vertex  1.944384e+02 -5.719548e+01  1.510000e+00
   endloop
 endfacet
 facet normal -1.305262e-01  9.914449e-01  0.000000e+00
   outer loop
     vertex  1.992294e+02 -6.076796e+01  0.000000e+00
     vertex  1.991000e+02 -6.078500e+01  0.000000e+00
     vertex  1.991000e+02 -6.078500e+01  1.510000e+00
   endloop
 endfacet
 facet normal -1.305262e-01  9.914449e-01  0.000000e+00
   outer loop
     vertex  1.992294e+02 -6.076796e+01  0.000000e+00
     vertex  1.991000e+02 -6.078500e+01  1.510000e+00
     vertex  1.992294e+02 -6.076796e+01  1.510000e+00
   endloop
 endfacet
 facet normal -3.826834e-01  9.238795e-01  0.000000e+00
   outer loop
     vertex  1.993500e+02 -6.071801e+01  0.000000e+00
     vertex  1.992294e+02 -6.076796e+01  1.510000e+00
     vertex  1.993500e+02 -6.071801e+01  1.510000e+00
   endloop
 endfacet
 facet normal -3.826834e-01  9.238795e-01  0.000000e+00
   outer loop
     vertex  1.993500e+02 -6.071801e+01  0.000000e+00
     vertex  1.992294e+02 -6.076796e+01  0.000000e+00
     vertex  1.992294e+02 -6.076796e+01  1.510000e+00
   endloop
 endfacet
 facet normal -6.087614e-01  7.933533e-01  0.000000e+00
   outer loop
     vertex  1.994536e+02 -6.063855e+01  0.000000e+00
     vertex  1.993500e+02 -6.071801e+01  1.510000e+00
     vertex  1.994536e+02 -6.063855e+01  1.510000e+00
   endloop
 endfacet
 facet normal -6.087614e-01  7.933533e-01  0.000000e+00
   outer loop
     vertex  1.994536e+02 -6.063855e+01  0.000000e+00
     vertex  1.993500e+02 -6.071801e+01  0.000000e+00
     vertex  1.993500e+02 -6.071801e+01  1.510000e+00
   endloop
 endfacet
 facet normal -7.933533e-01  6.087614e-01  0.000000e+00
   outer loop
     vertex  1.995330e+02 -6.053500e+01  0.000000e+00
     vertex  1.994536e+02 -6.063855e+01  1.510000e+00
     vertex  1.995330e+02 -6.053500e+01  1.510000e+00
   endloop
 endfacet
 facet normal -7.933533e-01  6.087614e-01  0.000000e+00
   outer loop
     vertex  1.995330e+02 -6.053500e+01  0.000000e+00
     vertex  1.994536e+02 -6.063855e+01  0.000000e+00
     vertex  1.994536e+02 -6.063855e+01  1.510000e+00
   endloop
 endfacet
 facet normal -9.238795e-01  3.826834e-01  0.000000e+00
   outer loop
     vertex  1.995830e+02 -6.041441e+01  0.000000e+00
     vertex  1.995330e+02 -6.053500e+01  1.510000e+00
     vertex  1.995830e+02 -6.041441e+01  1.510000e+00
   endloop
 endfacet
 facet normal -9.238795e-01  3.826834e-01  0.000000e+00
   outer loop
     vertex  1.995830e+02 -6.041441e+01  0.000000e+00
     vertex  1.995330e+02 -6.053500e+01  0.000000e+00
     vertex  1.995330e+02 -6.053500e+01  1.510000e+00
   endloop
 endfacet
 facet normal -9.914449e-01  1.305262e-01  0.000000e+00
   outer loop
     vertex  1.996000e+02 -6.028500e+01  0.000000e+00
     vertex  1.995830e+02 -6.041441e+01  1.510000e+00
     vertex  1.996000e+02 -6.028500e+01  1.510000e+00
   endloop
 endfacet
 facet normal -9.914449e-01  1.305262e-01  0.000000e+00
   outer loop
     vertex  1.996000e+02 -6.028500e+01  0.000000e+00
     vertex  1.995830e+02 -6.041441e+01  0.000000e+00
     vertex  1.995830e+02 -6.041441e+01  1.510000e+00
   endloop
 endfacet
 facet normal -9.914449e-01 -1.305262e-01  0.000000e+00
   outer loop
     vertex  1.995830e+02 -6.015559e+01  0.000000e+00
     vertex  1.996000e+02 -6.028500e+01  1.510000e+00
     vertex  1.995830e+02 -6.015559e+01  1.510000e+00
   endloop
 endfacet
 facet normal -9.914449e-01 -1.305262e-01  0.000000e+00
   outer loop
     vertex  1.995830e+02 -6.015559e+01  0.000000e+00
     vertex  1.996000e+02 -6.028500e+01  0.000000e+00
     vertex  1.996000e+02 -6.028500e+01  1.510000e+00
   endloop
 endfacet
 facet normal -9.238795e-01 -3.826834e-01  0.000000e+00
   outer loop
     vertex  1.995330e+02 -6.003500e+01  0.000000e+00
     vertex  1.995830e+02 -6.015559e+01  1.510000e+00
     vertex  1.995330e+02 -6.003500e+01  1.510000e+00
   endloop
 endfacet
 facet normal -9.238795e-01 -3.826834e-01  0.000000e+00
   outer loop
     vertex  1.995330e+02 -6.003500e+01  0.000000e+00
     vertex  1.995830e+02 -6.015559e+01  0.000000e+00
     vertex  1.995830e+02 -6.015559e+01  1.510000e+00
   endloop
 endfacet
 facet normal -7.933533e-01 -6.087614e-01  0.000000e+00
   outer loop
     vertex  1.994536e+02 -5.993145e+01  0.000000e+00
     vertex  1.995330e+02 -6.003500e+01  1.510000e+00
     vertex  1.994536e+02 -5.993145e+01  1.510000e+00
   endloop
 endfacet
 facet normal -7.933533e-01 -6.087614e-01  0.000000e+00
   outer loop
     vertex  1.994536e+02 -5.993145e+01  0.000000e+00
     vertex  1.995330e+02 -6.003500e+01  0.000000e+00
     vertex  1.995330e+02 -6.003500e+01  1.510000e+00
   endloop
 endfacet
 facet normal -6.087614e-01 -7.933533e-01  0.000000e+00
   outer loop
     vertex  1.993500e+02 -5.985199e+01  0.000000e+00
     vertex  1.994536e+02 -5.993145e+01  1.510000e+00
     vertex  1.993500e+02 -5.985199e+01  1.510000e+00
   endloop
 endfacet
 facet normal -6.087614e-01 -7.933533e-01  0.000000e+00
   outer loop
     vertex  1.993500e+02 -5.985199e+01  0.000000e+00
     vertex  1.994536e+02 -5.993145e+01  0.000000e+00
     vertex  1.994536e+02 -5.993145e+01  1.510000e+00
   endloop
 endfacet
 facet normal -3.826834e-01 -9.238795e-01  0.000000e+00
   outer loop
     vertex  1.992294e+02 -5.980204e+01  0.000000e+00
     vertex  1.993500e+02 -5.985199e+01  1.510000e+00
     vertex  1.992294e+02 -5.980204e+01  1.510000e+00
   endloop
 endfacet
 facet normal -3.826834e-01 -9.238795e-01  0.000000e+00
   outer loop
     vertex  1.992294e+02 -5.980204e+01  0.000000e+00
     vertex  1.993500e+02 -5.985199e+01  0.000000e+00
     vertex  1.993500e+02 -5.985199e+01  1.510000e+00
   endloop
 endfacet
 facet normal -1.305262e-01 -9.914449e-01  0.000000e+00
   outer loop
     vertex  1.991000e+02 -5.978500e+01  0.000000e+00
     vertex  1.992294e+02 -5.980204e+01  1.510000e+00
     vertex  1.991000e+02 -5.978500e+01  1.510000e+00
   endloop
 endfacet
 facet normal -1.305262e-01 -9.914449e-01  0.000000e+00
   outer loop
     vertex  1.991000e+02 -5.978500e+01  0.000000e+00
     vertex  1.992294e+02 -5.980204e+01  0.000000e+00
     vertex  1.992294e+02 -5.980204e+01  1.510000e+00
   endloop
 endfacet
 facet normal  1.305262e-01 -9.914449e-01  0.000000e+00
   outer loop
     vertex  1.989706e+02 -5.980204e+01  0.000000e+00
     vertex  1.991000e+02 -5.978500e+01  1.510000e+00
     vertex  1.989706e+02 -5.980204e+01  1.510000e+00
   endloop
 endfacet
 facet normal  1.305262e-01 -9.914449e-01  0.000000e+00
   outer loop
     vertex  1.989706e+02 -5.980204e+01  0.000000e+00
     vertex  1.991000e+02 -5.978500e+01  0.000000e+00
     vertex  1.991000e+02 -5.978500e+01  1.510000e+00
   endloop
 endfacet
 facet normal  3.826834e-01 -9.238795e-01  0.000000e+00
   outer loop
     vertex  1.988500e+02 -5.985199e+01  0.000000e+00
     vertex  1.989706e+02 -5.980204e+01  0.000000e+00
     vertex  1.989706e+02 -5.980204e+01  1.510000e+00
   endloop
 endfacet
 facet normal  3.826834e-01 -9.238795e-01  0.000000e+00
   outer loop
     vertex  1.988500e+02 -5.985199e+01  0.000000e+00
     vertex  1.989706e+02 -5.980204e+01  1.510000e+00
     vertex  1.988500e+02 -5.985199e+01  1.510000e+00
   endloop
 endfacet
 facet normal  6.087614e-01 -7.933533e-01  0.000000e+00
   outer loop
     vertex  1.987464e+02 -5.993145e+01  0.000000e+00
     vertex  1.988500e+02 -5.985199e+01  0.000000e+00
     vertex  1.988500e+02 -5.985199e+01  1.510000e+00
   endloop
 endfacet
 facet normal  7.933533e-01 -6.087614e-01  0.000000e+00
   outer loop
     vertex  1.987464e+02 -5.993145e+01  0.000000e+00
     vertex  1.987464e+02 -5.993145e+01  1.510000e+00
     vertex  1.986670e+02 -6.003500e+01  1.510000e+00
   endloop
 endfacet
 facet normal  6.087614e-01 -7.933533e-01  0.000000e+00
   outer loop
     vertex  1.987464e+02 -5.993145e+01  0.000000e+00
     vertex  1.988500e+02 -5.985199e+01  1.510000e+00
     vertex  1.987464e+02 -5.993145e+01  1.510000e+00
   endloop
 endfacet
 facet normal  7.933533e-01 -6.087614e-01  0.000000e+00
   outer loop
     vertex  1.986670e+02 -6.003500e+01  0.000000e+00
     vertex  1.987464e+02 -5.993145e+01  0.000000e+00
     vertex  1.986670e+02 -6.003500e+01  1.510000e+00
   endloop
 endfacet
 facet normal  9.238795e-01 -3.826834e-01  0.000000e+00
   outer loop
     vertex  1.986670e+02 -6.003500e+01  0.000000e+00
     vertex  1.986670e+02 -6.003500e+01  1.510000e+00
     vertex  1.986170e+02 -6.015559e+01  1.510000e+00
   endloop
 endfacet
 facet normal  9.238795e-01 -3.826834e-01  0.000000e+00
   outer loop
     vertex  1.986170e+02 -6.015559e+01  0.000000e+00
     vertex  1.986670e+02 -6.003500e+01  0.000000e+00
     vertex  1.986170e+02 -6.015559e+01  1.510000e+00
   endloop
 endfacet
 facet normal  9.914449e-01 -1.305262e-01  0.000000e+00
   outer loop
     vertex  1.986000e+02 -6.028500e+01  0.000000e+00
     vertex  1.986170e+02 -6.015559e+01  0.000000e+00
     vertex  1.986170e+02 -6.015559e+01  1.510000e+00
   endloop
 endfacet
 facet normal  9.914449e-01 -1.305262e-01  0.000000e+00
   outer loop
     vertex  1.986000e+02 -6.028500e+01  0.000000e+00
     vertex  1.986170e+02 -6.015559e+01  1.510000e+00
     vertex  1.986000e+02 -6.028500e+01  1.510000e+00
   endloop
 endfacet
 facet normal  9.914449e-01  1.305262e-01 -0.000000e+00
   outer loop
     vertex  1.986170e+02 -6.041441e+01  0.000000e+00
     vertex  1.986000e+02 -6.028500e+01  1.510000e+00
     vertex  1.986170e+02 -6.041441e+01  1.510000e+00
   endloop
 endfacet
 facet normal  9.914449e-01  1.305262e-01  0.000000e+00
   outer loop
     vertex  1.986170e+02 -6.041441e+01  0.000000e+00
     vertex  1.986000e+02 -6.028500e+01  0.000000e+00
     vertex  1.986000e+02 -6.028500e+01  1.510000e+00
   endloop
 endfacet
 facet normal  9.238795e-01  3.826834e-01 -0.000000e+00
   outer loop
     vertex  1.986670e+02 -6.053500e+01  0.000000e+00
     vertex  1.986170e+02 -6.041441e+01  1.510000e+00
     vertex  1.986670e+02 -6.053500e+01  1.510000e+00
   endloop
 endfacet
 facet normal  9.238795e-01  3.826834e-01  0.000000e+00
   outer loop
     vertex  1.986670e+02 -6.053500e+01  0.000000e+00
     vertex  1.986170e+02 -6.041441e+01  0.000000e+00
     vertex  1.986170e+02 -6.041441e+01  1.510000e+00
   endloop
 endfacet
 facet normal  6.087614e-01  7.933533e-01 -0.000000e+00
   outer loop
     vertex  1.987464e+02 -6.063855e+01  0.000000e+00
     vertex  1.987464e+02 -6.063855e+01  1.510000e+00
     vertex  1.988500e+02 -6.071801e+01  1.510000e+00
   endloop
 endfacet
 facet normal  7.933533e-01  6.087614e-01 -0.000000e+00
   outer loop
     vertex  1.987464e+02 -6.063855e+01  0.000000e+00
     vertex  1.986670e+02 -6.053500e+01  1.510000e+00
     vertex  1.987464e+02 -6.063855e+01  1.510000e+00
   endloop
 endfacet
 facet normal  7.933533e-01  6.087614e-01  0.000000e+00
   outer loop
     vertex  1.987464e+02 -6.063855e+01  0.000000e+00
     vertex  1.986670e+02 -6.053500e+01  0.000000e+00
     vertex  1.986670e+02 -6.053500e+01  1.510000e+00
   endloop
 endfacet
 facet normal  6.087614e-01  7.933533e-01 -0.000000e+00
   outer loop
     vertex  1.988500e+02 -6.071801e+01  0.000000e+00
     vertex  1.987464e+02 -6.063855e+01  0.000000e+00
     vertex  1.988500e+02 -6.071801e+01  1.510000e+00
   endloop
 endfacet
 facet normal  3.826834e-01  9.238795e-01 -0.000000e+00
   outer loop
     vertex  1.989706e+02 -6.076796e+01  0.000000e+00
     vertex  1.988500e+02 -6.071801e+01  1.510000e+00
     vertex  1.989706e+02 -6.076796e+01  1.510000e+00
   endloop
 endfacet
 facet normal  3.826834e-01  9.238795e-01  0.000000e+00
   outer loop
     vertex  1.989706e+02 -6.076796e+01  0.000000e+00
     vertex  1.988500e+02 -6.071801e+01  0.000000e+00
     vertex  1.988500e+02 -6.071801e+01  1.510000e+00
   endloop
 endfacet
 facet normal  1.305262e-01  9.914449e-01 -0.000000e+00
   outer loop
     vertex  1.991000e+02 -6.078500e+01  0.000000e+00
     vertex  1.989706e+02 -6.076796e+01  1.510000e+00
     vertex  1.991000e+02 -6.078500e+01  1.510000e+00
   endloop
 endfacet
 facet normal  1.305262e-01  9.914449e-01  0.000000e+00
   outer loop
     vertex  1.991000e+02 -6.078500e+01  0.000000e+00
     vertex  1.989706e+02 -6.076796e+01  0.000000e+00
     vertex  1.989706e+02 -6.076796e+01  1.510000e+00
   endloop
 endfacet
 facet normal -1.305262e-01  9.914449e-01  0.000000e+00
   outer loop
     vertex  1.992294e+02 -5.822796e+01  0.000000e+00
     vertex  1.991000e+02 -5.824500e+01  0.000000e+00
     vertex  1.991000e+02 -5.824500e+01  1.510000e+00
   endloop
 endfacet
 facet normal -1.305262e-01  9.914449e-01  0.000000e+00
   outer loop
     vertex  1.992294e+02 -5.822796e+01  0.000000e+00
     vertex  1.991000e+02 -5.824500e+01  1.510000e+00
     vertex  1.992294e+02 -5.822796e+01  1.510000e+00
   endloop
 endfacet
 facet normal -3.826834e-01  9.238795e-01  0.000000e+00
   outer loop
     vertex  1.993500e+02 -5.817801e+01  0.000000e+00
     vertex  1.992294e+02 -5.822796e+01  1.510000e+00
     vertex  1.993500e+02 -5.817801e+01  1.510000e+00
   endloop
 endfacet
 facet normal -3.826834e-01  9.238795e-01  0.000000e+00
   outer loop
     vertex  1.993500e+02 -5.817801e+01  0.000000e+00
     vertex  1.992294e+02 -5.822796e+01  0.000000e+00
     vertex  1.992294e+02 -5.822796e+01  1.510000e+00
   endloop
 endfacet
 facet normal -6.087614e-01  7.933533e-01  0.000000e+00
   outer loop
     vertex  1.994536e+02 -5.809855e+01  0.000000e+00
     vertex  1.993500e+02 -5.817801e+01  1.510000e+00
     vertex  1.994536e+02 -5.809855e+01  1.510000e+00
   endloop
 endfacet
 facet normal -6.087614e-01  7.933533e-01  0.000000e+00
   outer loop
     vertex  1.994536e+02 -5.809855e+01  0.000000e+00
     vertex  1.993500e+02 -5.817801e+01  0.000000e+00
     vertex  1.993500e+02 -5.817801e+01  1.510000e+00
   endloop
 endfacet
 facet normal -7.933533e-01  6.087614e-01  0.000000e+00
   outer loop
     vertex  1.995330e+02 -5.799500e+01  0.000000e+00
     vertex  1.994536e+02 -5.809855e+01  1.510000e+00
     vertex  1.995330e+02 -5.799500e+01  1.510000e+00
   endloop
 endfacet
 facet normal -7.933533e-01  6.087614e-01  0.000000e+00
   outer loop
     vertex  1.995330e+02 -5.799500e+01  0.000000e+00
     vertex  1.994536e+02 -5.809855e+01  0.000000e+00
     vertex  1.994536e+02 -5.809855e+01  1.510000e+00
   endloop
 endfacet
 facet normal -9.238795e-01  3.826834e-01  0.000000e+00
   outer loop
     vertex  1.995830e+02 -5.787441e+01  0.000000e+00
     vertex  1.995330e+02 -5.799500e+01  1.510000e+00
     vertex  1.995830e+02 -5.787441e+01  1.510000e+00
   endloop
 endfacet
 facet normal -9.238795e-01  3.826834e-01  0.000000e+00
   outer loop
     vertex  1.995830e+02 -5.787441e+01  0.000000e+00
     vertex  1.995330e+02 -5.799500e+01  0.000000e+00
     vertex  1.995330e+02 -5.799500e+01  1.510000e+00
   endloop
 endfacet
 facet normal -9.914449e-01  1.305262e-01  0.000000e+00
   outer loop
     vertex  1.996000e+02 -5.774500e+01  0.000000e+00
     vertex  1.995830e+02 -5.787441e+01  1.510000e+00
     vertex  1.996000e+02 -5.774500e+01  1.510000e+00
   endloop
 endfacet
 facet normal -9.914449e-01  1.305262e-01  0.000000e+00
   outer loop
     vertex  1.996000e+02 -5.774500e+01  0.000000e+00
     vertex  1.995830e+02 -5.787441e+01  0.000000e+00
     vertex  1.995830e+02 -5.787441e+01  1.510000e+00
   endloop
 endfacet
 facet normal -9.914449e-01 -1.305262e-01  0.000000e+00
   outer loop
     vertex  1.995830e+02 -5.761559e+01  0.000000e+00
     vertex  1.996000e+02 -5.774500e+01  1.510000e+00
     vertex  1.995830e+02 -5.761559e+01  1.510000e+00
   endloop
 endfacet
 facet normal -9.914449e-01 -1.305262e-01  0.000000e+00
   outer loop
     vertex  1.995830e+02 -5.761559e+01  0.000000e+00
     vertex  1.996000e+02 -5.774500e+01  0.000000e+00
     vertex  1.996000e+02 -5.774500e+01  1.510000e+00
   endloop
 endfacet
 facet normal -9.238795e-01 -3.826834e-01  0.000000e+00
   outer loop
     vertex  1.995330e+02 -5.749500e+01  0.000000e+00
     vertex  1.995830e+02 -5.761559e+01  1.510000e+00
     vertex  1.995330e+02 -5.749500e+01  1.510000e+00
   endloop
 endfacet
 facet normal -9.238795e-01 -3.826834e-01  0.000000e+00
   outer loop
     vertex  1.995330e+02 -5.749500e+01  0.000000e+00
     vertex  1.995830e+02 -5.761559e+01  0.000000e+00
     vertex  1.995830e+02 -5.761559e+01  1.510000e+00
   endloop
 endfacet
 facet normal -7.933533e-01 -6.087614e-01  0.000000e+00
   outer loop
     vertex  1.994536e+02 -5.739145e+01  0.000000e+00
     vertex  1.995330e+02 -5.749500e+01  1.510000e+00
     vertex  1.994536e+02 -5.739145e+01  1.510000e+00
   endloop
 endfacet
 facet normal -7.933533e-01 -6.087614e-01  0.000000e+00
   outer loop
     vertex  1.994536e+02 -5.739145e+01  0.000000e+00
     vertex  1.995330e+02 -5.749500e+01  0.000000e+00
     vertex  1.995330e+02 -5.749500e+01  1.510000e+00
   endloop
 endfacet
 facet normal -6.087614e-01 -7.933533e-01  0.000000e+00
   outer loop
     vertex  1.993500e+02 -5.731199e+01  0.000000e+00
     vertex  1.994536e+02 -5.739145e+01  1.510000e+00
     vertex  1.993500e+02 -5.731199e+01  1.510000e+00
   endloop
 endfacet
 facet normal -6.087614e-01 -7.933533e-01  0.000000e+00
   outer loop
     vertex  1.993500e+02 -5.731199e+01  0.000000e+00
     vertex  1.994536e+02 -5.739145e+01  0.000000e+00
     vertex  1.994536e+02 -5.739145e+01  1.510000e+00
   endloop
 endfacet
 facet normal -3.826834e-01 -9.238795e-01  0.000000e+00
   outer loop
     vertex  1.992294e+02 -5.726204e+01  0.000000e+00
     vertex  1.993500e+02 -5.731199e+01  1.510000e+00
     vertex  1.992294e+02 -5.726204e+01  1.510000e+00
   endloop
 endfacet
 facet normal -3.826834e-01 -9.238795e-01  0.000000e+00
   outer loop
     vertex  1.992294e+02 -5.726204e+01  0.000000e+00
     vertex  1.993500e+02 -5.731199e+01  0.000000e+00
     vertex  1.993500e+02 -5.731199e+01  1.510000e+00
   endloop
 endfacet
 facet normal -1.305262e-01 -9.914449e-01  0.000000e+00
   outer loop
     vertex  1.991000e+02 -5.724500e+01  0.000000e+00
     vertex  1.992294e+02 -5.726204e+01  1.510000e+00
     vertex  1.991000e+02 -5.724500e+01  1.510000e+00
   endloop
 endfacet
 facet normal -1.305262e-01 -9.914449e-01  0.000000e+00
   outer loop
     vertex  1.991000e+02 -5.724500e+01  0.000000e+00
     vertex  1.992294e+02 -5.726204e+01  0.000000e+00
     vertex  1.992294e+02 -5.726204e+01  1.510000e+00
   endloop
 endfacet
 facet normal  1.305262e-01 -9.914449e-01  0.000000e+00
   outer loop
     vertex  1.989706e+02 -5.726204e+01  0.000000e+00
     vertex  1.991000e+02 -5.724500e+01  1.510000e+00
     vertex  1.989706e+02 -5.726204e+01  1.510000e+00
   endloop
 endfacet
 facet normal  1.305262e-01 -9.914449e-01  0.000000e+00
   outer loop
     vertex  1.989706e+02 -5.726204e+01  0.000000e+00
     vertex  1.991000e+02 -5.724500e+01  0.000000e+00
     vertex  1.991000e+02 -5.724500e+01  1.510000e+00
   endloop
 endfacet
 facet normal  3.826834e-01 -9.238795e-01  0.000000e+00
   outer loop
     vertex  1.988500e+02 -5.731199e+01  0.000000e+00
     vertex  1.989706e+02 -5.726204e+01  0.000000e+00
     vertex  1.989706e+02 -5.726204e+01  1.510000e+00
   endloop
 endfacet
 facet normal  3.826834e-01 -9.238795e-01  0.000000e+00
   outer loop
     vertex  1.988500e+02 -5.731199e+01  0.000000e+00
     vertex  1.989706e+02 -5.726204e+01  1.510000e+00
     vertex  1.988500e+02 -5.731199e+01  1.510000e+00
   endloop
 endfacet
 facet normal  6.087614e-01 -7.933533e-01  0.000000e+00
   outer loop
     vertex  1.987464e+02 -5.739145e+01  0.000000e+00
     vertex  1.988500e+02 -5.731199e+01  0.000000e+00
     vertex  1.988500e+02 -5.731199e+01  1.510000e+00
   endloop
 endfacet
 facet normal  7.933533e-01 -6.087614e-01  0.000000e+00
   outer loop
     vertex  1.987464e+02 -5.739145e+01  0.000000e+00
     vertex  1.987464e+02 -5.739145e+01  1.510000e+00
     vertex  1.986670e+02 -5.749500e+01  1.510000e+00
   endloop
 endfacet
 facet normal  6.087614e-01 -7.933533e-01  0.000000e+00
   outer loop
     vertex  1.987464e+02 -5.739145e+01  0.000000e+00
     vertex  1.988500e+02 -5.731199e+01  1.510000e+00
     vertex  1.987464e+02 -5.739145e+01  1.510000e+00
   endloop
 endfacet
 facet normal  7.933533e-01 -6.087614e-01  0.000000e+00
   outer loop
     vertex  1.986670e+02 -5.749500e+01  0.000000e+00
     vertex  1.987464e+02 -5.739145e+01  0.000000e+00
     vertex  1.986670e+02 -5.749500e+01  1.510000e+00
   endloop
 endfacet
 facet normal  9.238795e-01 -3.826834e-01  0.000000e+00
   outer loop
     vertex  1.986670e+02 -5.749500e+01  0.000000e+00
     vertex  1.986670e+02 -5.749500e+01  1.510000e+00
     vertex  1.986170e+02 -5.761559e+01  1.510000e+00
   endloop
 endfacet
 facet normal  9.238795e-01 -3.826834e-01  0.000000e+00
   outer loop
     vertex  1.986170e+02 -5.761559e+01  0.000000e+00
     vertex  1.986670e+02 -5.749500e+01  0.000000e+00
     vertex  1.986170e+02 -5.761559e+01  1.510000e+00
   endloop
 endfacet
 facet normal  9.914449e-01 -1.305262e-01  0.000000e+00
   outer loop
     vertex  1.986000e+02 -5.774500e+01  0.000000e+00
     vertex  1.986170e+02 -5.761559e+01  0.000000e+00
     vertex  1.986170e+02 -5.761559e+01  1.510000e+00
   endloop
 endfacet
 facet normal  9.914449e-01 -1.305262e-01  0.000000e+00
   outer loop
     vertex  1.986000e+02 -5.774500e+01  0.000000e+00
     vertex  1.986170e+02 -5.761559e+01  1.510000e+00
     vertex  1.986000e+02 -5.774500e+01  1.510000e+00
   endloop
 endfacet
 facet normal  9.914449e-01  1.305262e-01 -0.000000e+00
   outer loop
     vertex  1.986170e+02 -5.787441e+01  0.000000e+00
     vertex  1.986000e+02 -5.774500e+01  1.510000e+00
     vertex  1.986170e+02 -5.787441e+01  1.510000e+00
   endloop
 endfacet
 facet normal  9.914449e-01  1.305262e-01  0.000000e+00
   outer loop
     vertex  1.986170e+02 -5.787441e+01  0.000000e+00
     vertex  1.986000e+02 -5.774500e+01  0.000000e+00
     vertex  1.986000e+02 -5.774500e+01  1.510000e+00
   endloop
 endfacet
 facet normal  9.238795e-01  3.826834e-01 -0.000000e+00
   outer loop
     vertex  1.986670e+02 -5.799500e+01  0.000000e+00
     vertex  1.986170e+02 -5.787441e+01  1.510000e+00
     vertex  1.986670e+02 -5.799500e+01  1.510000e+00
   endloop
 endfacet
 facet normal  9.238795e-01  3.826834e-01  0.000000e+00
   outer loop
     vertex  1.986670e+02 -5.799500e+01  0.000000e+00
     vertex  1.986170e+02 -5.787441e+01  0.000000e+00
     vertex  1.986170e+02 -5.787441e+01  1.510000e+00
   endloop
 endfacet
 facet normal  6.087614e-01  7.933533e-01 -0.000000e+00
   outer loop
     vertex  1.987464e+02 -5.809855e+01  0.000000e+00
     vertex  1.987464e+02 -5.809855e+01  1.510000e+00
     vertex  1.988500e+02 -5.817801e+01  1.510000e+00
   endloop
 endfacet
 facet normal  7.933533e-01  6.087614e-01 -0.000000e+00
   outer loop
     vertex  1.987464e+02 -5.809855e+01  0.000000e+00
     vertex  1.986670e+02 -5.799500e+01  1.510000e+00
     vertex  1.987464e+02 -5.809855e+01  1.510000e+00
   endloop
 endfacet
 facet normal  7.933533e-01  6.087614e-01  0.000000e+00
   outer loop
     vertex  1.987464e+02 -5.809855e+01  0.000000e+00
     vertex  1.986670e+02 -5.799500e+01  0.000000e+00
     vertex  1.986670e+02 -5.799500e+01  1.510000e+00
   endloop
 endfacet
 facet normal  6.087614e-01  7.933533e-01 -0.000000e+00
   outer loop
     vertex  1.988500e+02 -5.817801e+01  0.000000e+00
     vertex  1.987464e+02 -5.809855e+01  0.000000e+00
     vertex  1.988500e+02 -5.817801e+01  1.510000e+00
   endloop
 endfacet
 facet normal  3.826834e-01  9.238795e-01 -0.000000e+00
   outer loop
     vertex  1.989706e+02 -5.822796e+01  0.000000e+00
     vertex  1.988500e+02 -5.817801e+01  1.510000e+00
     vertex  1.989706e+02 -5.822796e+01  1.510000e+00
   endloop
 endfacet
 facet normal  3.826834e-01  9.238795e-01  0.000000e+00
   outer loop
     vertex  1.989706e+02 -5.822796e+01  0.000000e+00
     vertex  1.988500e+02 -5.817801e+01  0.000000e+00
     vertex  1.988500e+02 -5.817801e+01  1.510000e+00
   endloop
 endfacet
 facet normal  1.305262e-01  9.914449e-01 -0.000000e+00
   outer loop
     vertex  1.991000e+02 -5.824500e+01  0.000000e+00
     vertex  1.989706e+02 -5.822796e+01  1.510000e+00
     vertex  1.991000e+02 -5.824500e+01  1.510000e+00
   endloop
 endfacet
 facet normal  1.305262e-01  9.914449e-01  0.000000e+00
   outer loop
     vertex  1.991000e+02 -5.824500e+01  0.000000e+00
     vertex  1.989706e+02 -5.822796e+01  0.000000e+00
     vertex  1.989706e+02 -5.822796e+01  1.510000e+00
   endloop
 endfacet
 facet normal -1.305262e-01  9.914449e-01  0.000000e+00
   outer loop
     vertex  1.992294e+02 -5.568796e+01  0.000000e+00
     vertex  1.991000e+02 -5.570500e+01  0.000000e+00
     vertex  1.991000e+02 -5.570500e+01  1.510000e+00
   endloop
 endfacet
 facet normal -1.305262e-01  9.914449e-01  0.000000e+00
   outer loop
     vertex  1.992294e+02 -5.568796e+01  0.000000e+00
     vertex  1.991000e+02 -5.570500e+01  1.510000e+00
     vertex  1.992294e+02 -5.568796e+01  1.510000e+00
   endloop
 endfacet
 facet normal -3.826834e-01  9.238795e-01  0.000000e+00
   outer loop
     vertex  1.993500e+02 -5.563801e+01  0.000000e+00
     vertex  1.992294e+02 -5.568796e+01  1.510000e+00
     vertex  1.993500e+02 -5.563801e+01  1.510000e+00
   endloop
 endfacet
 facet normal -3.826834e-01  9.238795e-01  0.000000e+00
   outer loop
     vertex  1.993500e+02 -5.563801e+01  0.000000e+00
     vertex  1.992294e+02 -5.568796e+01  0.000000e+00
     vertex  1.992294e+02 -5.568796e+01  1.510000e+00
   endloop
 endfacet
 facet normal -6.087614e-01  7.933533e-01  0.000000e+00
   outer loop
     vertex  1.994536e+02 -5.555855e+01  0.000000e+00
     vertex  1.993500e+02 -5.563801e+01  1.510000e+00
     vertex  1.994536e+02 -5.555855e+01  1.510000e+00
   endloop
 endfacet
 facet normal -6.087614e-01  7.933533e-01  0.000000e+00
   outer loop
     vertex  1.994536e+02 -5.555855e+01  0.000000e+00
     vertex  1.993500e+02 -5.563801e+01  0.000000e+00
     vertex  1.993500e+02 -5.563801e+01  1.510000e+00
   endloop
 endfacet
 facet normal -7.933533e-01  6.087614e-01  0.000000e+00
   outer loop
     vertex  1.995330e+02 -5.545500e+01  0.000000e+00
     vertex  1.994536e+02 -5.555855e+01  1.510000e+00
     vertex  1.995330e+02 -5.545500e+01  1.510000e+00
   endloop
 endfacet
 facet normal -7.933533e-01  6.087614e-01  0.000000e+00
   outer loop
     vertex  1.995330e+02 -5.545500e+01  0.000000e+00
     vertex  1.994536e+02 -5.555855e+01  0.000000e+00
     vertex  1.994536e+02 -5.555855e+01  1.510000e+00
   endloop
 endfacet
 facet normal -9.238795e-01  3.826834e-01  0.000000e+00
   outer loop
     vertex  1.995830e+02 -5.533441e+01  0.000000e+00
     vertex  1.995330e+02 -5.545500e+01  1.510000e+00
     vertex  1.995830e+02 -5.533441e+01  1.510000e+00
   endloop
 endfacet
 facet normal -9.238795e-01  3.826834e-01  0.000000e+00
   outer loop
     vertex  1.995830e+02 -5.533441e+01  0.000000e+00
     vertex  1.995330e+02 -5.545500e+01  0.000000e+00
     vertex  1.995330e+02 -5.545500e+01  1.510000e+00
   endloop
 endfacet
 facet normal -9.914449e-01  1.305262e-01  0.000000e+00
   outer loop
     vertex  1.996000e+02 -5.520500e+01  0.000000e+00
     vertex  1.995830e+02 -5.533441e+01  1.510000e+00
     vertex  1.996000e+02 -5.520500e+01  1.510000e+00
   endloop
 endfacet
 facet normal -9.914449e-01  1.305262e-01  0.000000e+00
   outer loop
     vertex  1.996000e+02 -5.520500e+01  0.000000e+00
     vertex  1.995830e+02 -5.533441e+01  0.000000e+00
     vertex  1.995830e+02 -5.533441e+01  1.510000e+00
   endloop
 endfacet
 facet normal -9.914449e-01 -1.305262e-01  0.000000e+00
   outer loop
     vertex  1.995830e+02 -5.507559e+01  0.000000e+00
     vertex  1.996000e+02 -5.520500e+01  1.510000e+00
     vertex  1.995830e+02 -5.507559e+01  1.510000e+00
   endloop
 endfacet
 facet normal -9.914449e-01 -1.305262e-01  0.000000e+00
   outer loop
     vertex  1.995830e+02 -5.507559e+01  0.000000e+00
     vertex  1.996000e+02 -5.520500e+01  0.000000e+00
     vertex  1.996000e+02 -5.520500e+01  1.510000e+00
   endloop
 endfacet
 facet normal -9.238795e-01 -3.826834e-01  0.000000e+00
   outer loop
     vertex  1.995330e+02 -5.495500e+01  0.000000e+00
     vertex  1.995830e+02 -5.507559e+01  1.510000e+00
     vertex  1.995330e+02 -5.495500e+01  1.510000e+00
   endloop
 endfacet
 facet normal -9.238795e-01 -3.826834e-01  0.000000e+00
   outer loop
     vertex  1.995330e+02 -5.495500e+01  0.000000e+00
     vertex  1.995830e+02 -5.507559e+01  0.000000e+00
     vertex  1.995830e+02 -5.507559e+01  1.510000e+00
   endloop
 endfacet
 facet normal -7.933533e-01 -6.087614e-01  0.000000e+00
   outer loop
     vertex  1.994536e+02 -5.485145e+01  0.000000e+00
     vertex  1.995330e+02 -5.495500e+01  1.510000e+00
     vertex  1.994536e+02 -5.485145e+01  1.510000e+00
   endloop
 endfacet
 facet normal -7.933533e-01 -6.087614e-01  0.000000e+00
   outer loop
     vertex  1.994536e+02 -5.485145e+01  0.000000e+00
     vertex  1.995330e+02 -5.495500e+01  0.000000e+00
     vertex  1.995330e+02 -5.495500e+01  1.510000e+00
   endloop
 endfacet
 facet normal -6.087614e-01 -7.933533e-01  0.000000e+00
   outer loop
     vertex  1.993500e+02 -5.477199e+01  0.000000e+00
     vertex  1.994536e+02 -5.485145e+01  1.510000e+00
     vertex  1.993500e+02 -5.477199e+01  1.510000e+00
   endloop
 endfacet
 facet normal -6.087614e-01 -7.933533e-01  0.000000e+00
   outer loop
     vertex  1.993500e+02 -5.477199e+01  0.000000e+00
     vertex  1.994536e+02 -5.485145e+01  0.000000e+00
     vertex  1.994536e+02 -5.485145e+01  1.510000e+00
   endloop
 endfacet
 facet normal -3.826834e-01 -9.238795e-01  0.000000e+00
   outer loop
     vertex  1.992294e+02 -5.472204e+01  0.000000e+00
     vertex  1.993500e+02 -5.477199e+01  1.510000e+00
     vertex  1.992294e+02 -5.472204e+01  1.510000e+00
   endloop
 endfacet
 facet normal -3.826834e-01 -9.238795e-01  0.000000e+00
   outer loop
     vertex  1.992294e+02 -5.472204e+01  0.000000e+00
     vertex  1.993500e+02 -5.477199e+01  0.000000e+00
     vertex  1.993500e+02 -5.477199e+01  1.510000e+00
   endloop
 endfacet
 facet normal -1.305262e-01 -9.914449e-01  0.000000e+00
   outer loop
     vertex  1.991000e+02 -5.470500e+01  0.000000e+00
     vertex  1.992294e+02 -5.472204e+01  1.510000e+00
     vertex  1.991000e+02 -5.470500e+01  1.510000e+00
   endloop
 endfacet
 facet normal -1.305262e-01 -9.914449e-01  0.000000e+00
   outer loop
     vertex  1.991000e+02 -5.470500e+01  0.000000e+00
     vertex  1.992294e+02 -5.472204e+01  0.000000e+00
     vertex  1.992294e+02 -5.472204e+01  1.510000e+00
   endloop
 endfacet
 facet normal  1.305262e-01 -9.914449e-01  0.000000e+00
   outer loop
     vertex  1.989706e+02 -5.472204e+01  0.000000e+00
     vertex  1.991000e+02 -5.470500e+01  1.510000e+00
     vertex  1.989706e+02 -5.472204e+01  1.510000e+00
   endloop
 endfacet
 facet normal  1.305262e-01 -9.914449e-01  0.000000e+00
   outer loop
     vertex  1.989706e+02 -5.472204e+01  0.000000e+00
     vertex  1.991000e+02 -5.470500e+01  0.000000e+00
     vertex  1.991000e+02 -5.470500e+01  1.510000e+00
   endloop
 endfacet
 facet normal  3.826834e-01 -9.238795e-01  0.000000e+00
   outer loop
     vertex  1.988500e+02 -5.477199e+01  0.000000e+00
     vertex  1.989706e+02 -5.472204e+01  0.000000e+00
     vertex  1.989706e+02 -5.472204e+01  1.510000e+00
   endloop
 endfacet
 facet normal  3.826834e-01 -9.238795e-01  0.000000e+00
   outer loop
     vertex  1.988500e+02 -5.477199e+01  0.000000e+00
     vertex  1.989706e+02 -5.472204e+01  1.510000e+00
     vertex  1.988500e+02 -5.477199e+01  1.510000e+00
   endloop
 endfacet
 facet normal  6.087614e-01 -7.933533e-01  0.000000e+00
   outer loop
     vertex  1.987464e+02 -5.485145e+01  0.000000e+00
     vertex  1.988500e+02 -5.477199e+01  0.000000e+00
     vertex  1.988500e+02 -5.477199e+01  1.510000e+00
   endloop
 endfacet
 facet normal  7.933533e-01 -6.087614e-01  0.000000e+00
   outer loop
     vertex  1.987464e+02 -5.485145e+01  0.000000e+00
     vertex  1.987464e+02 -5.485145e+01  1.510000e+00
     vertex  1.986670e+02 -5.495500e+01  1.510000e+00
   endloop
 endfacet
 facet normal  6.087614e-01 -7.933533e-01  0.000000e+00
   outer loop
     vertex  1.987464e+02 -5.485145e+01  0.000000e+00
     vertex  1.988500e+02 -5.477199e+01  1.510000e+00
     vertex  1.987464e+02 -5.485145e+01  1.510000e+00
   endloop
 endfacet
 facet normal  7.933533e-01 -6.087614e-01  0.000000e+00
   outer loop
     vertex  1.986670e+02 -5.495500e+01  0.000000e+00
     vertex  1.987464e+02 -5.485145e+01  0.000000e+00
     vertex  1.986670e+02 -5.495500e+01  1.510000e+00
   endloop
 endfacet
 facet normal  9.238795e-01 -3.826834e-01  0.000000e+00
   outer loop
     vertex  1.986670e+02 -5.495500e+01  0.000000e+00
     vertex  1.986670e+02 -5.495500e+01  1.510000e+00
     vertex  1.986170e+02 -5.507559e+01  1.510000e+00
   endloop
 endfacet
 facet normal  9.238795e-01 -3.826834e-01  0.000000e+00
   outer loop
     vertex  1.986170e+02 -5.507559e+01  0.000000e+00
     vertex  1.986670e+02 -5.495500e+01  0.000000e+00
     vertex  1.986170e+02 -5.507559e+01  1.510000e+00
   endloop
 endfacet
 facet normal  9.914449e-01 -1.305262e-01  0.000000e+00
   outer loop
     vertex  1.986000e+02 -5.520500e+01  0.000000e+00
     vertex  1.986170e+02 -5.507559e+01  0.000000e+00
     vertex  1.986170e+02 -5.507559e+01  1.510000e+00
   endloop
 endfacet
 facet normal  9.914449e-01 -1.305262e-01  0.000000e+00
   outer loop
     vertex  1.986000e+02 -5.520500e+01  0.000000e+00
     vertex  1.986170e+02 -5.507559e+01  1.510000e+00
     vertex  1.986000e+02 -5.520500e+01  1.510000e+00
   endloop
 endfacet
 facet normal  9.914449e-01  1.305262e-01 -0.000000e+00
   outer loop
     vertex  1.986170e+02 -5.533441e+01  0.000000e+00
     vertex  1.986000e+02 -5.520500e+01  1.510000e+00
     vertex  1.986170e+02 -5.533441e+01  1.510000e+00
   endloop
 endfacet
 facet normal  9.914449e-01  1.305262e-01  0.000000e+00
   outer loop
     vertex  1.986170e+02 -5.533441e+01  0.000000e+00
     vertex  1.986000e+02 -5.520500e+01  0.000000e+00
     vertex  1.986000e+02 -5.520500e+01  1.510000e+00
   endloop
 endfacet
 facet normal  9.238795e-01  3.826834e-01 -0.000000e+00
   outer loop
     vertex  1.986670e+02 -5.545500e+01  0.000000e+00
     vertex  1.986170e+02 -5.533441e+01  1.510000e+00
     vertex  1.986670e+02 -5.545500e+01  1.510000e+00
   endloop
 endfacet
 facet normal  9.238795e-01  3.826834e-01  0.000000e+00
   outer loop
     vertex  1.986670e+02 -5.545500e+01  0.000000e+00
     vertex  1.986170e+02 -5.533441e+01  0.000000e+00
     vertex  1.986170e+02 -5.533441e+01  1.510000e+00
   endloop
 endfacet
 facet normal  6.087614e-01  7.933533e-01 -0.000000e+00
   outer loop
     vertex  1.987464e+02 -5.555855e+01  0.000000e+00
     vertex  1.987464e+02 -5.555855e+01  1.510000e+00
     vertex  1.988500e+02 -5.563801e+01  1.510000e+00
   endloop
 endfacet
 facet normal  7.933533e-01  6.087614e-01 -0.000000e+00
   outer loop
     vertex  1.987464e+02 -5.555855e+01  0.000000e+00
     vertex  1.986670e+02 -5.545500e+01  1.510000e+00
     vertex  1.987464e+02 -5.555855e+01  1.510000e+00
   endloop
 endfacet
 facet normal  7.933533e-01  6.087614e-01  0.000000e+00
   outer loop
     vertex  1.987464e+02 -5.555855e+01  0.000000e+00
     vertex  1.986670e+02 -5.545500e+01  0.000000e+00
     vertex  1.986670e+02 -5.545500e+01  1.510000e+00
   endloop
 endfacet
 facet normal  6.087614e-01  7.933533e-01 -0.000000e+00
   outer loop
     vertex  1.988500e+02 -5.563801e+01  0.000000e+00
     vertex  1.987464e+02 -5.555855e+01  0.000000e+00
     vertex  1.988500e+02 -5.563801e+01  1.510000e+00
   endloop
 endfacet
 facet normal  3.826834e-01  9.238795e-01 -0.000000e+00
   outer loop
     vertex  1.989706e+02 -5.568796e+01  0.000000e+00
     vertex  1.988500e+02 -5.563801e+01  1.510000e+00
     vertex  1.989706e+02 -5.568796e+01  1.510000e+00
   endloop
 endfacet
 facet normal  3.826834e-01  9.238795e-01  0.000000e+00
   outer loop
     vertex  1.989706e+02 -5.568796e+01  0.000000e+00
     vertex  1.988500e+02 -5.563801e+01  0.000000e+00
     vertex  1.988500e+02 -5.563801e+01  1.510000e+00
   endloop
 endfacet
 facet normal  1.305262e-01  9.914449e-01 -0.000000e+00
   outer loop
     vertex  1.991000e+02 -5.570500e+01  0.000000e+00
     vertex  1.989706e+02 -5.568796e+01  1.510000e+00
     vertex  1.991000e+02 -5.570500e+01  1.510000e+00
   endloop
 endfacet
 facet normal  1.305262e-01  9.914449e-01  0.000000e+00
   outer loop
     vertex  1.991000e+02 -5.570500e+01  0.000000e+00
     vertex  1.989706e+02 -5.568796e+01  0.000000e+00
     vertex  1.989706e+02 -5.568796e+01  1.510000e+00
   endloop
 endfacet
endsolid
