ISO-10303-21;
HEADER;
FILE_DESCRIPTION(('KiCad electronic assembly'),'2;1');
FILE_NAME('daisyChainPcb_V1_0.step','2026-08-28T09:04:39',('Pcbnew'),(
    'Kicad'),'Open CASCADE STEP processor 7.9','KiCad to STEP converter'
  ,'Unknown');
FILE_SCHEMA(('AUTOMOTIVE_DESIGN { 1 0 10303 214 1 1 1 1 }'));
ENDSEC;
DATA;
#1 = APPLICATION_PROTOCOL_DEFINITION('international standard',
  'automotive_design',2000,#2);
#2 = APPLICATION_CONTEXT(
  'core data for automotive mechanical design processes');
#3 = SHAPE_DEFINITION_REPRESENTATION(#4,#10);
#4 = PRODUCT_DEFINITION_SHAPE('','',#5);
#5 = PRODUCT_DEFINITION('design','',#6,#9);
#6 = PRODUCT_DEFINITION_FORMATION('','',#7);
#7 = PRODUCT('daisyChainPcb_V1_0 1','daisyChainPcb_V1_0 1','',(#8));
#8 = PRODUCT_CONTEXT('',#2,'mechanical');
#9 = PRODUCT_DEFINITION_CONTEXT('part definition',#2,'design');
#10 = SHAPE_REPRESENTATION('',(#11,#15,#19,#23,#27,#31),#35);
#11 = AXIS2_PLACEMENT_3D('',#12,#13,#14);
#12 = CARTESIAN_POINT('',(0.,0.,0.));
#13 = DIRECTION('',(0.,0.,1.));
#14 = DIRECTION('',(1.,0.,-0.));
#15 = AXIS2_PLACEMENT_3D('',#16,#17,#18);
#16 = CARTESIAN_POINT('',(150.629434,-111.401437,1.595));
#17 = DIRECTION('',(0.,0.,1.));
#18 = DIRECTION('',(-0.573576436351,-0.819152044289,0.));
#19 = AXIS2_PLACEMENT_3D('',#20,#21,#22);
#20 = CARTESIAN_POINT('',(153.906043,-113.695743,1.595));
#21 = DIRECTION('',(0.,-0.,1.));
#22 = DIRECTION('',(0.573576436351,0.819152044289,0.));
#23 = AXIS2_PLACEMENT_3D('',#24,#25,#26);
#24 = CARTESIAN_POINT('',(152.267738,-112.548592,1.595));
#25 = DIRECTION('',(0.,0.,1.));
#26 = DIRECTION('',(-0.573576436351,-0.819152044289,0.));
#27 = AXIS2_PLACEMENT_3D('',#28,#29,#30);
#28 = CARTESIAN_POINT('',(148.99113,-110.254285,1.595));
#29 = DIRECTION('',(0.,-0.,1.));
#30 = DIRECTION('',(0.573576436351,0.819152044289,0.));
#31 = AXIS2_PLACEMENT_3D('',#32,#33,#34);
#32 = CARTESIAN_POINT('',(0.,0.,0.));
#33 = DIRECTION('',(0.,0.,1.));
#34 = DIRECTION('',(1.,0.,-0.));
#35 = ( GEOMETRIC_REPRESENTATION_CONTEXT(3) 
GLOBAL_UNCERTAINTY_ASSIGNED_CONTEXT((#39)) GLOBAL_UNIT_ASSIGNED_CONTEXT(
(#36,#37,#38)) REPRESENTATION_CONTEXT('Context #1',
  '3D Context with UNIT and UNCERTAINTY') );
#36 = ( LENGTH_UNIT() NAMED_UNIT(*) SI_UNIT(.MILLI.,.METRE.) );
#37 = ( NAMED_UNIT(*) PLANE_ANGLE_UNIT() SI_UNIT($,.RADIAN.) );
#38 = ( NAMED_UNIT(*) SI_UNIT($,.STERADIAN.) SOLID_ANGLE_UNIT() );
#39 = UNCERTAINTY_MEASURE_WITH_UNIT(LENGTH_MEASURE(1.E-07),#36,
  'distance_accuracy_value','confusion accuracy');
#40 = PRODUCT_RELATED_PRODUCT_CATEGORY('part',$,(#7));
#41 = SHAPE_DEFINITION_REPRESENTATION(#42,#48);
#42 = PRODUCT_DEFINITION_SHAPE('','',#43);
#43 = PRODUCT_DEFINITION('design','',#44,#47);
#44 = PRODUCT_DEFINITION_FORMATION('','',#45);
#45 = PRODUCT('R_0805_2012Metric','R_0805_2012Metric','',(#46));
#46 = PRODUCT_CONTEXT('',#2,'mechanical');
#47 = PRODUCT_DEFINITION_CONTEXT('part definition',#2,'design');
#48 = SHAPE_REPRESENTATION('',(#11,#49),#53);
#49 = AXIS2_PLACEMENT_3D('',#50,#51,#52);
#50 = CARTESIAN_POINT('',(0.,0.,0.));
#51 = DIRECTION('',(0.,0.,1.));
#52 = DIRECTION('',(1.,0.,-0.));
#53 = ( GEOMETRIC_REPRESENTATION_CONTEXT(3) 
GLOBAL_UNCERTAINTY_ASSIGNED_CONTEXT((#57)) GLOBAL_UNIT_ASSIGNED_CONTEXT(
(#54,#55,#56)) REPRESENTATION_CONTEXT('Context #1',
  '3D Context with UNIT and UNCERTAINTY') );
#54 = ( LENGTH_UNIT() NAMED_UNIT(*) SI_UNIT(.MILLI.,.METRE.) );
#55 = ( NAMED_UNIT(*) PLANE_ANGLE_UNIT() SI_UNIT($,.RADIAN.) );
#56 = ( NAMED_UNIT(*) SI_UNIT($,.STERADIAN.) SOLID_ANGLE_UNIT() );
#57 = UNCERTAINTY_MEASURE_WITH_UNIT(LENGTH_MEASURE(1.E-07),#54,
  'distance_accuracy_value','confusion accuracy');
#58 = CONTEXT_DEPENDENT_SHAPE_REPRESENTATION(#59,#61);
#59 = ( REPRESENTATION_RELATIONSHIP('','',#48,#10) 
REPRESENTATION_RELATIONSHIP_WITH_TRANSFORMATION(#60) 
SHAPE_REPRESENTATION_RELATIONSHIP() );
#60 = ITEM_DEFINED_TRANSFORMATION('','',#11,#15);
#61 = PRODUCT_DEFINITION_SHAPE('Placement','Placement of an item',#62);
#62 = NEXT_ASSEMBLY_USAGE_OCCURRENCE('2','R201','',#5,#43,$);
#63 = PRODUCT_RELATED_PRODUCT_CATEGORY('part',$,(#45));
#64 = SHAPE_DEFINITION_REPRESENTATION(#65,#71);
#65 = PRODUCT_DEFINITION_SHAPE('','',#66);
#66 = PRODUCT_DEFINITION('design','',#67,#70);
#67 = PRODUCT_DEFINITION_FORMATION('','',#68);
#68 = PRODUCT('R_0805_2012Metric','R_0805_2012Metric','',(#69));
#69 = PRODUCT_CONTEXT('',#2,'mechanical');
#70 = PRODUCT_DEFINITION_CONTEXT('part definition',#2,'design');
#71 = ADVANCED_BREP_SHAPE_REPRESENTATION('',(#11,#72),#862);
#72 = MANIFOLD_SOLID_BREP('',#73);
#73 = CLOSED_SHELL('',(#74,#114,#197,#222,#247,#314,#331,#348,#397,#414,
    #431,#480,#497,#566,#597,#621,#690,#714,#731,#748,#765,#782,#799,
    #816,#833,#850));
#74 = ADVANCED_FACE('',(#75),#109,.F.);
#75 = FACE_BOUND('',#76,.F.);
#76 = EDGE_LOOP('',(#77,#87,#95,#103));
#77 = ORIENTED_EDGE('',*,*,#78,.F.);
#78 = EDGE_CURVE('',#79,#81,#83,.T.);
#79 = VERTEX_POINT('',#80);
#80 = CARTESIAN_POINT('',(-1.,-0.6,4.5E-02));
#81 = VERTEX_POINT('',#82);
#82 = CARTESIAN_POINT('',(-1.,-0.6,0.405));
#83 = LINE('',#84,#85);
#84 = CARTESIAN_POINT('',(-1.,-0.6,0.));
#85 = VECTOR('',#86,1.);
#86 = DIRECTION('',(0.,0.,1.));
#87 = ORIENTED_EDGE('',*,*,#88,.T.);
#88 = EDGE_CURVE('',#79,#89,#91,.T.);
#89 = VERTEX_POINT('',#90);
#90 = CARTESIAN_POINT('',(-1.,0.6,4.5E-02));
#91 = LINE('',#92,#93);
#92 = CARTESIAN_POINT('',(-1.,-0.6,4.5E-02));
#93 = VECTOR('',#94,1.);
#94 = DIRECTION('',(0.,1.,0.));
#95 = ORIENTED_EDGE('',*,*,#96,.T.);
#96 = EDGE_CURVE('',#89,#97,#99,.T.);
#97 = VERTEX_POINT('',#98);
#98 = CARTESIAN_POINT('',(-1.,0.6,0.405));
#99 = LINE('',#100,#101);
#100 = CARTESIAN_POINT('',(-1.,0.6,0.));
#101 = VECTOR('',#102,1.);
#102 = DIRECTION('',(0.,0.,1.));
#103 = ORIENTED_EDGE('',*,*,#104,.F.);
#104 = EDGE_CURVE('',#81,#97,#105,.T.);
#105 = LINE('',#106,#107);
#106 = CARTESIAN_POINT('',(-1.,-0.6,0.405));
#107 = VECTOR('',#108,1.);
#108 = DIRECTION('',(0.,1.,0.));
#109 = PLANE('',#110);
#110 = AXIS2_PLACEMENT_3D('',#111,#112,#113);
#111 = CARTESIAN_POINT('',(-1.,-0.6,0.));
#112 = DIRECTION('',(1.,0.,0.));
#113 = DIRECTION('',(0.,0.,1.));
#114 = ADVANCED_FACE('',(#115),#192,.F.);
#115 = FACE_BOUND('',#116,.F.);
#116 = EDGE_LOOP('',(#117,#127,#134,#135,#144,#152,#161,#169,#177,#185)
  );
#117 = ORIENTED_EDGE('',*,*,#118,.F.);
#118 = EDGE_CURVE('',#119,#121,#123,.T.);
#119 = VERTEX_POINT('',#120);
#120 = CARTESIAN_POINT('',(-0.955,-0.6,-2.775557561563E-17));
#121 = VERTEX_POINT('',#122);
#122 = CARTESIAN_POINT('',(-0.745,-0.6,-2.775557561563E-17));
#123 = LINE('',#124,#125);
#124 = CARTESIAN_POINT('',(-1.,-0.6,0.));
#125 = VECTOR('',#126,1.);
#126 = DIRECTION('',(1.,0.,0.));
#127 = ORIENTED_EDGE('',*,*,#128,.F.);
#128 = EDGE_CURVE('',#79,#119,#129,.T.);
#129 = CIRCLE('',#130,4.5E-02);
#130 = AXIS2_PLACEMENT_3D('',#131,#132,#133);
#131 = CARTESIAN_POINT('',(-0.955,-0.6,4.5E-02));
#132 = DIRECTION('',(0.,-1.,0.));
#133 = DIRECTION('',(0.,0.,1.));
#134 = ORIENTED_EDGE('',*,*,#78,.T.);
#135 = ORIENTED_EDGE('',*,*,#136,.T.);
#136 = EDGE_CURVE('',#81,#137,#139,.T.);
#137 = VERTEX_POINT('',#138);
#138 = CARTESIAN_POINT('',(-0.955,-0.6,0.45));
#139 = CIRCLE('',#140,4.5E-02);
#140 = AXIS2_PLACEMENT_3D('',#141,#142,#143);
#141 = CARTESIAN_POINT('',(-0.955,-0.6,0.405));
#142 = DIRECTION('',(0.,1.,0.));
#143 = DIRECTION('',(0.,-0.,1.));
#144 = ORIENTED_EDGE('',*,*,#145,.T.);
#145 = EDGE_CURVE('',#137,#146,#148,.T.);
#146 = VERTEX_POINT('',#147);
#147 = CARTESIAN_POINT('',(-0.745,-0.6,0.45));
#148 = LINE('',#149,#150);
#149 = CARTESIAN_POINT('',(-1.,-0.6,0.45));
#150 = VECTOR('',#151,1.);
#151 = DIRECTION('',(1.,0.,0.));
#152 = ORIENTED_EDGE('',*,*,#153,.F.);
#153 = EDGE_CURVE('',#154,#146,#156,.T.);
#154 = VERTEX_POINT('',#155);
#155 = CARTESIAN_POINT('',(-0.7,-0.6,0.405));
#156 = CIRCLE('',#157,4.5E-02);
#157 = AXIS2_PLACEMENT_3D('',#158,#159,#160);
#158 = CARTESIAN_POINT('',(-0.745,-0.6,0.405));
#159 = DIRECTION('',(0.,-1.,0.));
#160 = DIRECTION('',(0.,0.,1.));
#161 = ORIENTED_EDGE('',*,*,#162,.F.);
#162 = EDGE_CURVE('',#163,#154,#165,.T.);
#163 = VERTEX_POINT('',#164);
#164 = CARTESIAN_POINT('',(-0.955,-0.6,0.405));
#165 = LINE('',#166,#167);
#166 = CARTESIAN_POINT('',(-0.955,-0.6,0.405));
#167 = VECTOR('',#168,1.);
#168 = DIRECTION('',(1.,0.,0.));
#169 = ORIENTED_EDGE('',*,*,#170,.F.);
#170 = EDGE_CURVE('',#171,#163,#173,.T.);
#171 = VERTEX_POINT('',#172);
#172 = CARTESIAN_POINT('',(-0.955,-0.6,4.5E-02));
#173 = LINE('',#174,#175);
#174 = CARTESIAN_POINT('',(-0.955,-0.6,4.5E-02));
#175 = VECTOR('',#176,1.);
#176 = DIRECTION('',(0.,0.,1.));
#177 = ORIENTED_EDGE('',*,*,#178,.T.);
#178 = EDGE_CURVE('',#171,#179,#181,.T.);
#179 = VERTEX_POINT('',#180);
#180 = CARTESIAN_POINT('',(-0.7,-0.6,4.5E-02));
#181 = LINE('',#182,#183);
#182 = CARTESIAN_POINT('',(-0.955,-0.6,4.5E-02));
#183 = VECTOR('',#184,1.);
#184 = DIRECTION('',(1.,0.,0.));
#185 = ORIENTED_EDGE('',*,*,#186,.T.);
#186 = EDGE_CURVE('',#179,#121,#187,.T.);
#187 = CIRCLE('',#188,4.5E-02);
#188 = AXIS2_PLACEMENT_3D('',#189,#190,#191);
#189 = CARTESIAN_POINT('',(-0.745,-0.6,4.5E-02));
#190 = DIRECTION('',(0.,1.,0.));
#191 = DIRECTION('',(0.,-0.,1.));
#192 = PLANE('',#193);
#193 = AXIS2_PLACEMENT_3D('',#194,#195,#196);
#194 = CARTESIAN_POINT('',(-1.,-0.6,0.));
#195 = DIRECTION('',(0.,1.,0.));
#196 = DIRECTION('',(0.,-0.,1.));
#197 = ADVANCED_FACE('',(#198),#217,.T.);
#198 = FACE_BOUND('',#199,.T.);
#199 = EDGE_LOOP('',(#200,#201,#210,#216));
#200 = ORIENTED_EDGE('',*,*,#88,.T.);
#201 = ORIENTED_EDGE('',*,*,#202,.T.);
#202 = EDGE_CURVE('',#89,#203,#205,.T.);
#203 = VERTEX_POINT('',#204);
#204 = CARTESIAN_POINT('',(-0.955,0.6,-2.775557561563E-17));
#205 = CIRCLE('',#206,4.5E-02);
#206 = AXIS2_PLACEMENT_3D('',#207,#208,#209);
#207 = CARTESIAN_POINT('',(-0.955,0.6,4.5E-02));
#208 = DIRECTION('',(0.,-1.,0.));
#209 = DIRECTION('',(0.,0.,1.));
#210 = ORIENTED_EDGE('',*,*,#211,.F.);
#211 = EDGE_CURVE('',#119,#203,#212,.T.);
#212 = LINE('',#213,#214);
#213 = CARTESIAN_POINT('',(-0.955,-0.6,-2.775557561563E-17));
#214 = VECTOR('',#215,1.);
#215 = DIRECTION('',(0.,1.,0.));
#216 = ORIENTED_EDGE('',*,*,#128,.F.);
#217 = CYLINDRICAL_SURFACE('',#218,4.5E-02);
#218 = AXIS2_PLACEMENT_3D('',#219,#220,#221);
#219 = CARTESIAN_POINT('',(-0.955,-0.6,4.5E-02));
#220 = DIRECTION('',(0.,1.,0.));
#221 = DIRECTION('',(-1.,0.,0.));
#222 = ADVANCED_FACE('',(#223),#242,.T.);
#223 = FACE_BOUND('',#224,.T.);
#224 = EDGE_LOOP('',(#225,#226,#234,#241));
#225 = ORIENTED_EDGE('',*,*,#136,.T.);
#226 = ORIENTED_EDGE('',*,*,#227,.T.);
#227 = EDGE_CURVE('',#137,#228,#230,.T.);
#228 = VERTEX_POINT('',#229);
#229 = CARTESIAN_POINT('',(-0.955,0.6,0.45));
#230 = LINE('',#231,#232);
#231 = CARTESIAN_POINT('',(-0.955,-0.6,0.45));
#232 = VECTOR('',#233,1.);
#233 = DIRECTION('',(0.,1.,0.));
#234 = ORIENTED_EDGE('',*,*,#235,.F.);
#235 = EDGE_CURVE('',#97,#228,#236,.T.);
#236 = CIRCLE('',#237,4.5E-02);
#237 = AXIS2_PLACEMENT_3D('',#238,#239,#240);
#238 = CARTESIAN_POINT('',(-0.955,0.6,0.405));
#239 = DIRECTION('',(0.,1.,0.));
#240 = DIRECTION('',(0.,-0.,1.));
#241 = ORIENTED_EDGE('',*,*,#104,.F.);
#242 = CYLINDRICAL_SURFACE('',#243,4.5E-02);
#243 = AXIS2_PLACEMENT_3D('',#244,#245,#246);
#244 = CARTESIAN_POINT('',(-0.955,-0.6,0.405));
#245 = DIRECTION('',(0.,1.,0.));
#246 = DIRECTION('',(-1.,0.,0.));
#247 = ADVANCED_FACE('',(#248),#309,.T.);
#248 = FACE_BOUND('',#249,.T.);
#249 = EDGE_LOOP('',(#250,#258,#259,#260,#261,#269,#278,#286,#294,#302)
  );
#250 = ORIENTED_EDGE('',*,*,#251,.F.);
#251 = EDGE_CURVE('',#203,#252,#254,.T.);
#252 = VERTEX_POINT('',#253);
#253 = CARTESIAN_POINT('',(-0.745,0.6,-2.775557561563E-17));
#254 = LINE('',#255,#256);
#255 = CARTESIAN_POINT('',(-1.,0.6,0.));
#256 = VECTOR('',#257,1.);
#257 = DIRECTION('',(1.,0.,0.));
#258 = ORIENTED_EDGE('',*,*,#202,.F.);
#259 = ORIENTED_EDGE('',*,*,#96,.T.);
#260 = ORIENTED_EDGE('',*,*,#235,.T.);
#261 = ORIENTED_EDGE('',*,*,#262,.T.);
#262 = EDGE_CURVE('',#228,#263,#265,.T.);
#263 = VERTEX_POINT('',#264);
#264 = CARTESIAN_POINT('',(-0.745,0.6,0.45));
#265 = LINE('',#266,#267);
#266 = CARTESIAN_POINT('',(-1.,0.6,0.45));
#267 = VECTOR('',#268,1.);
#268 = DIRECTION('',(1.,0.,0.));
#269 = ORIENTED_EDGE('',*,*,#270,.F.);
#270 = EDGE_CURVE('',#271,#263,#273,.T.);
#271 = VERTEX_POINT('',#272);
#272 = CARTESIAN_POINT('',(-0.7,0.6,0.405));
#273 = CIRCLE('',#274,4.5E-02);
#274 = AXIS2_PLACEMENT_3D('',#275,#276,#277);
#275 = CARTESIAN_POINT('',(-0.745,0.6,0.405));
#276 = DIRECTION('',(0.,-1.,0.));
#277 = DIRECTION('',(0.,0.,1.));
#278 = ORIENTED_EDGE('',*,*,#279,.F.);
#279 = EDGE_CURVE('',#280,#271,#282,.T.);
#280 = VERTEX_POINT('',#281);
#281 = CARTESIAN_POINT('',(-0.955,0.6,0.405));
#282 = LINE('',#283,#284);
#283 = CARTESIAN_POINT('',(-0.955,0.6,0.405));
#284 = VECTOR('',#285,1.);
#285 = DIRECTION('',(1.,0.,0.));
#286 = ORIENTED_EDGE('',*,*,#287,.F.);
#287 = EDGE_CURVE('',#288,#280,#290,.T.);
#288 = VERTEX_POINT('',#289);
#289 = CARTESIAN_POINT('',(-0.955,0.6,4.5E-02));
#290 = LINE('',#291,#292);
#291 = CARTESIAN_POINT('',(-0.955,0.6,4.5E-02));
#292 = VECTOR('',#293,1.);
#293 = DIRECTION('',(0.,0.,1.));
#294 = ORIENTED_EDGE('',*,*,#295,.T.);
#295 = EDGE_CURVE('',#288,#296,#298,.T.);
#296 = VERTEX_POINT('',#297);
#297 = CARTESIAN_POINT('',(-0.7,0.6,4.5E-02));
#298 = LINE('',#299,#300);
#299 = CARTESIAN_POINT('',(-0.955,0.6,4.5E-02));
#300 = VECTOR('',#301,1.);
#301 = DIRECTION('',(1.,0.,0.));
#302 = ORIENTED_EDGE('',*,*,#303,.T.);
#303 = EDGE_CURVE('',#296,#252,#304,.T.);
#304 = CIRCLE('',#305,4.5E-02);
#305 = AXIS2_PLACEMENT_3D('',#306,#307,#308);
#306 = CARTESIAN_POINT('',(-0.745,0.6,4.5E-02));
#307 = DIRECTION('',(0.,1.,0.));
#308 = DIRECTION('',(0.,-0.,1.));
#309 = PLANE('',#310);
#310 = AXIS2_PLACEMENT_3D('',#311,#312,#313);
#311 = CARTESIAN_POINT('',(-1.,0.6,0.));
#312 = DIRECTION('',(0.,1.,0.));
#313 = DIRECTION('',(0.,-0.,1.));
#314 = ADVANCED_FACE('',(#315),#326,.F.);
#315 = FACE_BOUND('',#316,.F.);
#316 = EDGE_LOOP('',(#317,#318,#319,#320));
#317 = ORIENTED_EDGE('',*,*,#251,.F.);
#318 = ORIENTED_EDGE('',*,*,#211,.F.);
#319 = ORIENTED_EDGE('',*,*,#118,.T.);
#320 = ORIENTED_EDGE('',*,*,#321,.T.);
#321 = EDGE_CURVE('',#121,#252,#322,.T.);
#322 = LINE('',#323,#324);
#323 = CARTESIAN_POINT('',(-0.745,-0.6,-2.775557561563E-17));
#324 = VECTOR('',#325,1.);
#325 = DIRECTION('',(0.,1.,0.));
#326 = PLANE('',#327);
#327 = AXIS2_PLACEMENT_3D('',#328,#329,#330);
#328 = CARTESIAN_POINT('',(-1.,-0.6,0.));
#329 = DIRECTION('',(0.,0.,1.));
#330 = DIRECTION('',(1.,0.,-0.));
#331 = ADVANCED_FACE('',(#332),#343,.T.);
#332 = FACE_BOUND('',#333,.T.);
#333 = EDGE_LOOP('',(#334,#335,#336,#337));
#334 = ORIENTED_EDGE('',*,*,#186,.T.);
#335 = ORIENTED_EDGE('',*,*,#321,.T.);
#336 = ORIENTED_EDGE('',*,*,#303,.F.);
#337 = ORIENTED_EDGE('',*,*,#338,.F.);
#338 = EDGE_CURVE('',#179,#296,#339,.T.);
#339 = LINE('',#340,#341);
#340 = CARTESIAN_POINT('',(-0.7,-0.6,4.5E-02));
#341 = VECTOR('',#342,1.);
#342 = DIRECTION('',(0.,1.,0.));
#343 = CYLINDRICAL_SURFACE('',#344,4.5E-02);
#344 = AXIS2_PLACEMENT_3D('',#345,#346,#347);
#345 = CARTESIAN_POINT('',(-0.745,-0.6,4.5E-02));
#346 = DIRECTION('',(0.,1.,0.));
#347 = DIRECTION('',(1.,0.,0.));
#348 = ADVANCED_FACE('',(#349),#392,.F.);
#349 = FACE_BOUND('',#350,.F.);
#350 = EDGE_LOOP('',(#351,#352,#353,#354,#362,#370,#378,#386));
#351 = ORIENTED_EDGE('',*,*,#178,.F.);
#352 = ORIENTED_EDGE('',*,*,#170,.T.);
#353 = ORIENTED_EDGE('',*,*,#162,.T.);
#354 = ORIENTED_EDGE('',*,*,#355,.T.);
#355 = EDGE_CURVE('',#154,#356,#358,.T.);
#356 = VERTEX_POINT('',#357);
#357 = CARTESIAN_POINT('',(0.7,-0.6,0.405));
#358 = LINE('',#359,#360);
#359 = CARTESIAN_POINT('',(-0.7,-0.6,0.405));
#360 = VECTOR('',#361,1.);
#361 = DIRECTION('',(1.,0.,0.));
#362 = ORIENTED_EDGE('',*,*,#363,.T.);
#363 = EDGE_CURVE('',#356,#364,#366,.T.);
#364 = VERTEX_POINT('',#365);
#365 = CARTESIAN_POINT('',(0.955,-0.6,0.405));
#366 = LINE('',#367,#368);
#367 = CARTESIAN_POINT('',(-0.955,-0.6,0.405));
#368 = VECTOR('',#369,1.);
#369 = DIRECTION('',(1.,0.,0.));
#370 = ORIENTED_EDGE('',*,*,#371,.F.);
#371 = EDGE_CURVE('',#372,#364,#374,.T.);
#372 = VERTEX_POINT('',#373);
#373 = CARTESIAN_POINT('',(0.955,-0.6,4.5E-02));
#374 = LINE('',#375,#376);
#375 = CARTESIAN_POINT('',(0.955,-0.6,4.5E-02));
#376 = VECTOR('',#377,1.);
#377 = DIRECTION('',(0.,0.,1.));
#378 = ORIENTED_EDGE('',*,*,#379,.F.);
#379 = EDGE_CURVE('',#380,#372,#382,.T.);
#380 = VERTEX_POINT('',#381);
#381 = CARTESIAN_POINT('',(0.7,-0.6,4.5E-02));
#382 = LINE('',#383,#384);
#383 = CARTESIAN_POINT('',(-0.955,-0.6,4.5E-02));
#384 = VECTOR('',#385,1.);
#385 = DIRECTION('',(1.,0.,0.));
#386 = ORIENTED_EDGE('',*,*,#387,.F.);
#387 = EDGE_CURVE('',#179,#380,#388,.T.);
#388 = LINE('',#389,#390);
#389 = CARTESIAN_POINT('',(-0.955,-0.6,4.5E-02));
#390 = VECTOR('',#391,1.);
#391 = DIRECTION('',(1.,0.,0.));
#392 = PLANE('',#393);
#393 = AXIS2_PLACEMENT_3D('',#394,#395,#396);
#394 = CARTESIAN_POINT('',(-0.955,-0.6,4.5E-02));
#395 = DIRECTION('',(0.,1.,0.));
#396 = DIRECTION('',(0.,-0.,1.));
#397 = ADVANCED_FACE('',(#398),#409,.T.);
#398 = FACE_BOUND('',#399,.T.);
#399 = EDGE_LOOP('',(#400,#401,#402,#403));
#400 = ORIENTED_EDGE('',*,*,#262,.F.);
#401 = ORIENTED_EDGE('',*,*,#227,.F.);
#402 = ORIENTED_EDGE('',*,*,#145,.T.);
#403 = ORIENTED_EDGE('',*,*,#404,.T.);
#404 = EDGE_CURVE('',#146,#263,#405,.T.);
#405 = LINE('',#406,#407);
#406 = CARTESIAN_POINT('',(-0.745,-0.6,0.45));
#407 = VECTOR('',#408,1.);
#408 = DIRECTION('',(0.,1.,0.));
#409 = PLANE('',#410);
#410 = AXIS2_PLACEMENT_3D('',#411,#412,#413);
#411 = CARTESIAN_POINT('',(-1.,-0.6,0.45));
#412 = DIRECTION('',(0.,0.,1.));
#413 = DIRECTION('',(1.,0.,-0.));
#414 = ADVANCED_FACE('',(#415),#426,.T.);
#415 = FACE_BOUND('',#416,.T.);
#416 = EDGE_LOOP('',(#417,#423,#424,#425));
#417 = ORIENTED_EDGE('',*,*,#418,.T.);
#418 = EDGE_CURVE('',#154,#271,#419,.T.);
#419 = LINE('',#420,#421);
#420 = CARTESIAN_POINT('',(-0.7,-0.6,0.405));
#421 = VECTOR('',#422,1.);
#422 = DIRECTION('',(0.,1.,0.));
#423 = ORIENTED_EDGE('',*,*,#270,.T.);
#424 = ORIENTED_EDGE('',*,*,#404,.F.);
#425 = ORIENTED_EDGE('',*,*,#153,.F.);
#426 = CYLINDRICAL_SURFACE('',#427,4.5E-02);
#427 = AXIS2_PLACEMENT_3D('',#428,#429,#430);
#428 = CARTESIAN_POINT('',(-0.745,-0.6,0.405));
#429 = DIRECTION('',(0.,1.,0.));
#430 = DIRECTION('',(1.,0.,0.));
#431 = ADVANCED_FACE('',(#432),#475,.T.);
#432 = FACE_BOUND('',#433,.T.);
#433 = EDGE_LOOP('',(#434,#435,#436,#437,#445,#453,#461,#469));
#434 = ORIENTED_EDGE('',*,*,#295,.F.);
#435 = ORIENTED_EDGE('',*,*,#287,.T.);
#436 = ORIENTED_EDGE('',*,*,#279,.T.);
#437 = ORIENTED_EDGE('',*,*,#438,.T.);
#438 = EDGE_CURVE('',#271,#439,#441,.T.);
#439 = VERTEX_POINT('',#440);
#440 = CARTESIAN_POINT('',(0.7,0.6,0.405));
#441 = LINE('',#442,#443);
#442 = CARTESIAN_POINT('',(-0.7,0.6,0.405));
#443 = VECTOR('',#444,1.);
#444 = DIRECTION('',(1.,0.,0.));
#445 = ORIENTED_EDGE('',*,*,#446,.T.);
#446 = EDGE_CURVE('',#439,#447,#449,.T.);
#447 = VERTEX_POINT('',#448);
#448 = CARTESIAN_POINT('',(0.955,0.6,0.405));
#449 = LINE('',#450,#451);
#450 = CARTESIAN_POINT('',(-0.955,0.6,0.405));
#451 = VECTOR('',#452,1.);
#452 = DIRECTION('',(1.,0.,0.));
#453 = ORIENTED_EDGE('',*,*,#454,.F.);
#454 = EDGE_CURVE('',#455,#447,#457,.T.);
#455 = VERTEX_POINT('',#456);
#456 = CARTESIAN_POINT('',(0.955,0.6,4.5E-02));
#457 = LINE('',#458,#459);
#458 = CARTESIAN_POINT('',(0.955,0.6,4.5E-02));
#459 = VECTOR('',#460,1.);
#460 = DIRECTION('',(0.,0.,1.));
#461 = ORIENTED_EDGE('',*,*,#462,.F.);
#462 = EDGE_CURVE('',#463,#455,#465,.T.);
#463 = VERTEX_POINT('',#464);
#464 = CARTESIAN_POINT('',(0.7,0.6,4.5E-02));
#465 = LINE('',#466,#467);
#466 = CARTESIAN_POINT('',(-0.955,0.6,4.5E-02));
#467 = VECTOR('',#468,1.);
#468 = DIRECTION('',(1.,0.,0.));
#469 = ORIENTED_EDGE('',*,*,#470,.F.);
#470 = EDGE_CURVE('',#296,#463,#471,.T.);
#471 = LINE('',#472,#473);
#472 = CARTESIAN_POINT('',(-0.955,0.6,4.5E-02));
#473 = VECTOR('',#474,1.);
#474 = DIRECTION('',(1.,0.,0.));
#475 = PLANE('',#476);
#476 = AXIS2_PLACEMENT_3D('',#477,#478,#479);
#477 = CARTESIAN_POINT('',(-0.955,0.6,4.5E-02));
#478 = DIRECTION('',(0.,1.,0.));
#479 = DIRECTION('',(0.,-0.,1.));
#480 = ADVANCED_FACE('',(#481),#492,.F.);
#481 = FACE_BOUND('',#482,.F.);
#482 = EDGE_LOOP('',(#483,#484,#485,#491));
#483 = ORIENTED_EDGE('',*,*,#338,.F.);
#484 = ORIENTED_EDGE('',*,*,#387,.T.);
#485 = ORIENTED_EDGE('',*,*,#486,.T.);
#486 = EDGE_CURVE('',#380,#463,#487,.T.);
#487 = LINE('',#488,#489);
#488 = CARTESIAN_POINT('',(0.7,-0.6,4.5E-02));
#489 = VECTOR('',#490,1.);
#490 = DIRECTION('',(0.,1.,0.));
#491 = ORIENTED_EDGE('',*,*,#470,.F.);
#492 = PLANE('',#493);
#493 = AXIS2_PLACEMENT_3D('',#494,#495,#496);
#494 = CARTESIAN_POINT('',(-0.955,-0.6,4.5E-02));
#495 = DIRECTION('',(0.,0.,1.));
#496 = DIRECTION('',(1.,0.,-0.));
#497 = ADVANCED_FACE('',(#498),#561,.F.);
#498 = FACE_BOUND('',#499,.F.);
#499 = EDGE_LOOP('',(#500,#510,#517,#518,#519,#520,#529,#537,#546,#554)
  );
#500 = ORIENTED_EDGE('',*,*,#501,.F.);
#501 = EDGE_CURVE('',#502,#504,#506,.T.);
#502 = VERTEX_POINT('',#503);
#503 = CARTESIAN_POINT('',(0.745,-0.6,-2.775557561563E-17));
#504 = VERTEX_POINT('',#505);
#505 = CARTESIAN_POINT('',(0.955,-0.6,-2.775557561563E-17));
#506 = LINE('',#507,#508);
#507 = CARTESIAN_POINT('',(0.7,-0.6,0.));
#508 = VECTOR('',#509,1.);
#509 = DIRECTION('',(1.,0.,0.));
#510 = ORIENTED_EDGE('',*,*,#511,.F.);
#511 = EDGE_CURVE('',#380,#502,#512,.T.);
#512 = CIRCLE('',#513,4.5E-02);
#513 = AXIS2_PLACEMENT_3D('',#514,#515,#516);
#514 = CARTESIAN_POINT('',(0.745,-0.6,4.5E-02));
#515 = DIRECTION('',(0.,-1.,0.));
#516 = DIRECTION('',(0.,0.,1.));
#517 = ORIENTED_EDGE('',*,*,#379,.T.);
#518 = ORIENTED_EDGE('',*,*,#371,.T.);
#519 = ORIENTED_EDGE('',*,*,#363,.F.);
#520 = ORIENTED_EDGE('',*,*,#521,.T.);
#521 = EDGE_CURVE('',#356,#522,#524,.T.);
#522 = VERTEX_POINT('',#523);
#523 = CARTESIAN_POINT('',(0.745,-0.6,0.45));
#524 = CIRCLE('',#525,4.5E-02);
#525 = AXIS2_PLACEMENT_3D('',#526,#527,#528);
#526 = CARTESIAN_POINT('',(0.745,-0.6,0.405));
#527 = DIRECTION('',(0.,1.,0.));
#528 = DIRECTION('',(0.,-0.,1.));
#529 = ORIENTED_EDGE('',*,*,#530,.T.);
#530 = EDGE_CURVE('',#522,#531,#533,.T.);
#531 = VERTEX_POINT('',#532);
#532 = CARTESIAN_POINT('',(0.955,-0.6,0.45));
#533 = LINE('',#534,#535);
#534 = CARTESIAN_POINT('',(0.7,-0.6,0.45));
#535 = VECTOR('',#536,1.);
#536 = DIRECTION('',(1.,0.,0.));
#537 = ORIENTED_EDGE('',*,*,#538,.F.);
#538 = EDGE_CURVE('',#539,#531,#541,.T.);
#539 = VERTEX_POINT('',#540);
#540 = CARTESIAN_POINT('',(1.,-0.6,0.405));
#541 = CIRCLE('',#542,4.5E-02);
#542 = AXIS2_PLACEMENT_3D('',#543,#544,#545);
#543 = CARTESIAN_POINT('',(0.955,-0.6,0.405));
#544 = DIRECTION('',(0.,-1.,0.));
#545 = DIRECTION('',(0.,0.,1.));
#546 = ORIENTED_EDGE('',*,*,#547,.F.);
#547 = EDGE_CURVE('',#548,#539,#550,.T.);
#548 = VERTEX_POINT('',#549);
#549 = CARTESIAN_POINT('',(1.,-0.6,4.5E-02));
#550 = LINE('',#551,#552);
#551 = CARTESIAN_POINT('',(1.,-0.6,0.));
#552 = VECTOR('',#553,1.);
#553 = DIRECTION('',(0.,0.,1.));
#554 = ORIENTED_EDGE('',*,*,#555,.T.);
#555 = EDGE_CURVE('',#548,#504,#556,.T.);
#556 = CIRCLE('',#557,4.5E-02);
#557 = AXIS2_PLACEMENT_3D('',#558,#559,#560);
#558 = CARTESIAN_POINT('',(0.955,-0.6,4.5E-02));
#559 = DIRECTION('',(0.,1.,0.));
#560 = DIRECTION('',(0.,-0.,1.));
#561 = PLANE('',#562);
#562 = AXIS2_PLACEMENT_3D('',#563,#564,#565);
#563 = CARTESIAN_POINT('',(0.7,-0.6,0.));
#564 = DIRECTION('',(0.,1.,0.));
#565 = DIRECTION('',(0.,-0.,1.));
#566 = ADVANCED_FACE('',(#567),#592,.F.);
#567 = FACE_BOUND('',#568,.F.);
#568 = EDGE_LOOP('',(#569,#570,#578,#586));
#569 = ORIENTED_EDGE('',*,*,#355,.F.);
#570 = ORIENTED_EDGE('',*,*,#571,.T.);
#571 = EDGE_CURVE('',#154,#572,#574,.T.);
#572 = VERTEX_POINT('',#573);
#573 = CARTESIAN_POINT('',(-0.7,-0.6,0.45));
#574 = LINE('',#575,#576);
#575 = CARTESIAN_POINT('',(-0.7,-0.6,0.405));
#576 = VECTOR('',#577,1.);
#577 = DIRECTION('',(0.,0.,1.));
#578 = ORIENTED_EDGE('',*,*,#579,.T.);
#579 = EDGE_CURVE('',#572,#580,#582,.T.);
#580 = VERTEX_POINT('',#581);
#581 = CARTESIAN_POINT('',(0.7,-0.6,0.45));
#582 = LINE('',#583,#584);
#583 = CARTESIAN_POINT('',(-0.7,-0.6,0.45));
#584 = VECTOR('',#585,1.);
#585 = DIRECTION('',(1.,0.,0.));
#586 = ORIENTED_EDGE('',*,*,#587,.F.);
#587 = EDGE_CURVE('',#356,#580,#588,.T.);
#588 = LINE('',#589,#590);
#589 = CARTESIAN_POINT('',(0.7,-0.6,0.405));
#590 = VECTOR('',#591,1.);
#591 = DIRECTION('',(0.,0.,1.));
#592 = PLANE('',#593);
#593 = AXIS2_PLACEMENT_3D('',#594,#595,#596);
#594 = CARTESIAN_POINT('',(-0.7,-0.6,0.405));
#595 = DIRECTION('',(0.,1.,0.));
#596 = DIRECTION('',(0.,-0.,1.));
#597 = ADVANCED_FACE('',(#598),#616,.F.);
#598 = FACE_BOUND('',#599,.F.);
#599 = EDGE_LOOP('',(#600,#601,#602,#610));
#600 = ORIENTED_EDGE('',*,*,#571,.F.);
#601 = ORIENTED_EDGE('',*,*,#418,.T.);
#602 = ORIENTED_EDGE('',*,*,#603,.T.);
#603 = EDGE_CURVE('',#271,#604,#606,.T.);
#604 = VERTEX_POINT('',#605);
#605 = CARTESIAN_POINT('',(-0.7,0.6,0.45));
#606 = LINE('',#607,#608);
#607 = CARTESIAN_POINT('',(-0.7,0.6,0.405));
#608 = VECTOR('',#609,1.);
#609 = DIRECTION('',(0.,0.,1.));
#610 = ORIENTED_EDGE('',*,*,#611,.F.);
#611 = EDGE_CURVE('',#572,#604,#612,.T.);
#612 = LINE('',#613,#614);
#613 = CARTESIAN_POINT('',(-0.7,-0.6,0.45));
#614 = VECTOR('',#615,1.);
#615 = DIRECTION('',(0.,1.,0.));
#616 = PLANE('',#617);
#617 = AXIS2_PLACEMENT_3D('',#618,#619,#620);
#618 = CARTESIAN_POINT('',(-0.7,-0.6,0.405));
#619 = DIRECTION('',(1.,0.,0.));
#620 = DIRECTION('',(0.,0.,1.));
#621 = ADVANCED_FACE('',(#622),#685,.T.);
#622 = FACE_BOUND('',#623,.T.);
#623 = EDGE_LOOP('',(#624,#634,#641,#642,#643,#644,#653,#661,#670,#678)
  );
#624 = ORIENTED_EDGE('',*,*,#625,.F.);
#625 = EDGE_CURVE('',#626,#628,#630,.T.);
#626 = VERTEX_POINT('',#627);
#627 = CARTESIAN_POINT('',(0.745,0.6,-2.775557561563E-17));
#628 = VERTEX_POINT('',#629);
#629 = CARTESIAN_POINT('',(0.955,0.6,-2.775557561563E-17));
#630 = LINE('',#631,#632);
#631 = CARTESIAN_POINT('',(0.7,0.6,0.));
#632 = VECTOR('',#633,1.);
#633 = DIRECTION('',(1.,0.,0.));
#634 = ORIENTED_EDGE('',*,*,#635,.F.);
#635 = EDGE_CURVE('',#463,#626,#636,.T.);
#636 = CIRCLE('',#637,4.5E-02);
#637 = AXIS2_PLACEMENT_3D('',#638,#639,#640);
#638 = CARTESIAN_POINT('',(0.745,0.6,4.5E-02));
#639 = DIRECTION('',(0.,-1.,0.));
#640 = DIRECTION('',(0.,0.,1.));
#641 = ORIENTED_EDGE('',*,*,#462,.T.);
#642 = ORIENTED_EDGE('',*,*,#454,.T.);
#643 = ORIENTED_EDGE('',*,*,#446,.F.);
#644 = ORIENTED_EDGE('',*,*,#645,.T.);
#645 = EDGE_CURVE('',#439,#646,#648,.T.);
#646 = VERTEX_POINT('',#647);
#647 = CARTESIAN_POINT('',(0.745,0.6,0.45));
#648 = CIRCLE('',#649,4.5E-02);
#649 = AXIS2_PLACEMENT_3D('',#650,#651,#652);
#650 = CARTESIAN_POINT('',(0.745,0.6,0.405));
#651 = DIRECTION('',(0.,1.,0.));
#652 = DIRECTION('',(0.,-0.,1.));
#653 = ORIENTED_EDGE('',*,*,#654,.T.);
#654 = EDGE_CURVE('',#646,#655,#657,.T.);
#655 = VERTEX_POINT('',#656);
#656 = CARTESIAN_POINT('',(0.955,0.6,0.45));
#657 = LINE('',#658,#659);
#658 = CARTESIAN_POINT('',(0.7,0.6,0.45));
#659 = VECTOR('',#660,1.);
#660 = DIRECTION('',(1.,0.,0.));
#661 = ORIENTED_EDGE('',*,*,#662,.F.);
#662 = EDGE_CURVE('',#663,#655,#665,.T.);
#663 = VERTEX_POINT('',#664);
#664 = CARTESIAN_POINT('',(1.,0.6,0.405));
#665 = CIRCLE('',#666,4.5E-02);
#666 = AXIS2_PLACEMENT_3D('',#667,#668,#669);
#667 = CARTESIAN_POINT('',(0.955,0.6,0.405));
#668 = DIRECTION('',(0.,-1.,0.));
#669 = DIRECTION('',(0.,0.,1.));
#670 = ORIENTED_EDGE('',*,*,#671,.F.);
#671 = EDGE_CURVE('',#672,#663,#674,.T.);
#672 = VERTEX_POINT('',#673);
#673 = CARTESIAN_POINT('',(1.,0.6,4.5E-02));
#674 = LINE('',#675,#676);
#675 = CARTESIAN_POINT('',(1.,0.6,0.));
#676 = VECTOR('',#677,1.);
#677 = DIRECTION('',(0.,0.,1.));
#678 = ORIENTED_EDGE('',*,*,#679,.T.);
#679 = EDGE_CURVE('',#672,#628,#680,.T.);
#680 = CIRCLE('',#681,4.5E-02);
#681 = AXIS2_PLACEMENT_3D('',#682,#683,#684);
#682 = CARTESIAN_POINT('',(0.955,0.6,4.5E-02));
#683 = DIRECTION('',(0.,1.,0.));
#684 = DIRECTION('',(0.,-0.,1.));
#685 = PLANE('',#686);
#686 = AXIS2_PLACEMENT_3D('',#687,#688,#689);
#687 = CARTESIAN_POINT('',(0.7,0.6,0.));
#688 = DIRECTION('',(0.,1.,0.));
#689 = DIRECTION('',(0.,-0.,1.));
#690 = ADVANCED_FACE('',(#691),#709,.T.);
#691 = FACE_BOUND('',#692,.T.);
#692 = EDGE_LOOP('',(#693,#694,#695,#703));
#693 = ORIENTED_EDGE('',*,*,#438,.F.);
#694 = ORIENTED_EDGE('',*,*,#603,.T.);
#695 = ORIENTED_EDGE('',*,*,#696,.T.);
#696 = EDGE_CURVE('',#604,#697,#699,.T.);
#697 = VERTEX_POINT('',#698);
#698 = CARTESIAN_POINT('',(0.7,0.6,0.45));
#699 = LINE('',#700,#701);
#700 = CARTESIAN_POINT('',(-0.7,0.6,0.45));
#701 = VECTOR('',#702,1.);
#702 = DIRECTION('',(1.,0.,0.));
#703 = ORIENTED_EDGE('',*,*,#704,.F.);
#704 = EDGE_CURVE('',#439,#697,#705,.T.);
#705 = LINE('',#706,#707);
#706 = CARTESIAN_POINT('',(0.7,0.6,0.405));
#707 = VECTOR('',#708,1.);
#708 = DIRECTION('',(0.,0.,1.));
#709 = PLANE('',#710);
#710 = AXIS2_PLACEMENT_3D('',#711,#712,#713);
#711 = CARTESIAN_POINT('',(-0.7,0.6,0.405));
#712 = DIRECTION('',(0.,1.,0.));
#713 = DIRECTION('',(0.,-0.,1.));
#714 = ADVANCED_FACE('',(#715),#726,.T.);
#715 = FACE_BOUND('',#716,.T.);
#716 = EDGE_LOOP('',(#717,#718,#719,#725));
#717 = ORIENTED_EDGE('',*,*,#486,.T.);
#718 = ORIENTED_EDGE('',*,*,#635,.T.);
#719 = ORIENTED_EDGE('',*,*,#720,.F.);
#720 = EDGE_CURVE('',#502,#626,#721,.T.);
#721 = LINE('',#722,#723);
#722 = CARTESIAN_POINT('',(0.745,-0.6,-2.775557561563E-17));
#723 = VECTOR('',#724,1.);
#724 = DIRECTION('',(0.,1.,0.));
#725 = ORIENTED_EDGE('',*,*,#511,.F.);
#726 = CYLINDRICAL_SURFACE('',#727,4.5E-02);
#727 = AXIS2_PLACEMENT_3D('',#728,#729,#730);
#728 = CARTESIAN_POINT('',(0.745,-0.6,4.5E-02));
#729 = DIRECTION('',(0.,1.,0.));
#730 = DIRECTION('',(-1.,0.,0.));
#731 = ADVANCED_FACE('',(#732),#743,.F.);
#732 = FACE_BOUND('',#733,.F.);
#733 = EDGE_LOOP('',(#734,#735,#736,#737));
#734 = ORIENTED_EDGE('',*,*,#625,.F.);
#735 = ORIENTED_EDGE('',*,*,#720,.F.);
#736 = ORIENTED_EDGE('',*,*,#501,.T.);
#737 = ORIENTED_EDGE('',*,*,#738,.T.);
#738 = EDGE_CURVE('',#504,#628,#739,.T.);
#739 = LINE('',#740,#741);
#740 = CARTESIAN_POINT('',(0.955,-0.6,-2.775557561563E-17));
#741 = VECTOR('',#742,1.);
#742 = DIRECTION('',(0.,1.,0.));
#743 = PLANE('',#744);
#744 = AXIS2_PLACEMENT_3D('',#745,#746,#747);
#745 = CARTESIAN_POINT('',(0.7,-0.6,0.));
#746 = DIRECTION('',(0.,0.,1.));
#747 = DIRECTION('',(1.,0.,-0.));
#748 = ADVANCED_FACE('',(#749),#760,.T.);
#749 = FACE_BOUND('',#750,.T.);
#750 = EDGE_LOOP('',(#751,#752,#753,#754));
#751 = ORIENTED_EDGE('',*,*,#555,.T.);
#752 = ORIENTED_EDGE('',*,*,#738,.T.);
#753 = ORIENTED_EDGE('',*,*,#679,.F.);
#754 = ORIENTED_EDGE('',*,*,#755,.F.);
#755 = EDGE_CURVE('',#548,#672,#756,.T.);
#756 = LINE('',#757,#758);
#757 = CARTESIAN_POINT('',(1.,-0.6,4.5E-02));
#758 = VECTOR('',#759,1.);
#759 = DIRECTION('',(0.,1.,0.));
#760 = CYLINDRICAL_SURFACE('',#761,4.5E-02);
#761 = AXIS2_PLACEMENT_3D('',#762,#763,#764);
#762 = CARTESIAN_POINT('',(0.955,-0.6,4.5E-02));
#763 = DIRECTION('',(0.,1.,0.));
#764 = DIRECTION('',(1.,0.,0.));
#765 = ADVANCED_FACE('',(#766),#777,.T.);
#766 = FACE_BOUND('',#767,.T.);
#767 = EDGE_LOOP('',(#768,#769,#770,#771));
#768 = ORIENTED_EDGE('',*,*,#547,.F.);
#769 = ORIENTED_EDGE('',*,*,#755,.T.);
#770 = ORIENTED_EDGE('',*,*,#671,.T.);
#771 = ORIENTED_EDGE('',*,*,#772,.F.);
#772 = EDGE_CURVE('',#539,#663,#773,.T.);
#773 = LINE('',#774,#775);
#774 = CARTESIAN_POINT('',(1.,-0.6,0.405));
#775 = VECTOR('',#776,1.);
#776 = DIRECTION('',(0.,1.,0.));
#777 = PLANE('',#778);
#778 = AXIS2_PLACEMENT_3D('',#779,#780,#781);
#779 = CARTESIAN_POINT('',(1.,-0.6,0.));
#780 = DIRECTION('',(1.,0.,0.));
#781 = DIRECTION('',(0.,0.,1.));
#782 = ADVANCED_FACE('',(#783),#794,.T.);
#783 = FACE_BOUND('',#784,.T.);
#784 = EDGE_LOOP('',(#785,#786,#787,#793));
#785 = ORIENTED_EDGE('',*,*,#772,.T.);
#786 = ORIENTED_EDGE('',*,*,#662,.T.);
#787 = ORIENTED_EDGE('',*,*,#788,.F.);
#788 = EDGE_CURVE('',#531,#655,#789,.T.);
#789 = LINE('',#790,#791);
#790 = CARTESIAN_POINT('',(0.955,-0.6,0.45));
#791 = VECTOR('',#792,1.);
#792 = DIRECTION('',(0.,1.,0.));
#793 = ORIENTED_EDGE('',*,*,#538,.F.);
#794 = CYLINDRICAL_SURFACE('',#795,4.5E-02);
#795 = AXIS2_PLACEMENT_3D('',#796,#797,#798);
#796 = CARTESIAN_POINT('',(0.955,-0.6,0.405));
#797 = DIRECTION('',(0.,1.,0.));
#798 = DIRECTION('',(1.,0.,0.));
#799 = ADVANCED_FACE('',(#800),#811,.T.);
#800 = FACE_BOUND('',#801,.T.);
#801 = EDGE_LOOP('',(#802,#803,#809,#810));
#802 = ORIENTED_EDGE('',*,*,#654,.F.);
#803 = ORIENTED_EDGE('',*,*,#804,.F.);
#804 = EDGE_CURVE('',#522,#646,#805,.T.);
#805 = LINE('',#806,#807);
#806 = CARTESIAN_POINT('',(0.745,-0.6,0.45));
#807 = VECTOR('',#808,1.);
#808 = DIRECTION('',(0.,1.,0.));
#809 = ORIENTED_EDGE('',*,*,#530,.T.);
#810 = ORIENTED_EDGE('',*,*,#788,.T.);
#811 = PLANE('',#812);
#812 = AXIS2_PLACEMENT_3D('',#813,#814,#815);
#813 = CARTESIAN_POINT('',(0.7,-0.6,0.45));
#814 = DIRECTION('',(0.,0.,1.));
#815 = DIRECTION('',(1.,0.,-0.));
#816 = ADVANCED_FACE('',(#817),#828,.T.);
#817 = FACE_BOUND('',#818,.T.);
#818 = EDGE_LOOP('',(#819,#820,#821,#822));
#819 = ORIENTED_EDGE('',*,*,#521,.T.);
#820 = ORIENTED_EDGE('',*,*,#804,.T.);
#821 = ORIENTED_EDGE('',*,*,#645,.F.);
#822 = ORIENTED_EDGE('',*,*,#823,.F.);
#823 = EDGE_CURVE('',#356,#439,#824,.T.);
#824 = LINE('',#825,#826);
#825 = CARTESIAN_POINT('',(0.7,-0.6,0.405));
#826 = VECTOR('',#827,1.);
#827 = DIRECTION('',(0.,1.,0.));
#828 = CYLINDRICAL_SURFACE('',#829,4.5E-02);
#829 = AXIS2_PLACEMENT_3D('',#830,#831,#832);
#830 = CARTESIAN_POINT('',(0.745,-0.6,0.405));
#831 = DIRECTION('',(0.,1.,0.));
#832 = DIRECTION('',(-1.,0.,0.));
#833 = ADVANCED_FACE('',(#834),#845,.T.);
#834 = FACE_BOUND('',#835,.T.);
#835 = EDGE_LOOP('',(#836,#837,#838,#839));
#836 = ORIENTED_EDGE('',*,*,#587,.F.);
#837 = ORIENTED_EDGE('',*,*,#823,.T.);
#838 = ORIENTED_EDGE('',*,*,#704,.T.);
#839 = ORIENTED_EDGE('',*,*,#840,.F.);
#840 = EDGE_CURVE('',#580,#697,#841,.T.);
#841 = LINE('',#842,#843);
#842 = CARTESIAN_POINT('',(0.7,-0.6,0.45));
#843 = VECTOR('',#844,1.);
#844 = DIRECTION('',(0.,1.,0.));
#845 = PLANE('',#846);
#846 = AXIS2_PLACEMENT_3D('',#847,#848,#849);
#847 = CARTESIAN_POINT('',(0.7,-0.6,0.405));
#848 = DIRECTION('',(1.,0.,0.));
#849 = DIRECTION('',(0.,0.,1.));
#850 = ADVANCED_FACE('',(#851),#857,.T.);
#851 = FACE_BOUND('',#852,.T.);
#852 = EDGE_LOOP('',(#853,#854,#855,#856));
#853 = ORIENTED_EDGE('',*,*,#611,.F.);
#854 = ORIENTED_EDGE('',*,*,#579,.T.);
#855 = ORIENTED_EDGE('',*,*,#840,.T.);
#856 = ORIENTED_EDGE('',*,*,#696,.F.);
#857 = PLANE('',#858);
#858 = AXIS2_PLACEMENT_3D('',#859,#860,#861);
#859 = CARTESIAN_POINT('',(-0.7,-0.6,0.45));
#860 = DIRECTION('',(0.,0.,1.));
#861 = DIRECTION('',(1.,0.,-0.));
#862 = ( GEOMETRIC_REPRESENTATION_CONTEXT(3) 
GLOBAL_UNCERTAINTY_ASSIGNED_CONTEXT((#866)) GLOBAL_UNIT_ASSIGNED_CONTEXT
((#863,#864,#865)) REPRESENTATION_CONTEXT('Context #1',
  '3D Context with UNIT and UNCERTAINTY') );
#863 = ( LENGTH_UNIT() NAMED_UNIT(*) SI_UNIT(.MILLI.,.METRE.) );
#864 = ( NAMED_UNIT(*) PLANE_ANGLE_UNIT() SI_UNIT($,.RADIAN.) );
#865 = ( NAMED_UNIT(*) SI_UNIT($,.STERADIAN.) SOLID_ANGLE_UNIT() );
#866 = UNCERTAINTY_MEASURE_WITH_UNIT(LENGTH_MEASURE(1.E-07),#863,
  'distance_accuracy_value','confusion accuracy');
#867 = CONTEXT_DEPENDENT_SHAPE_REPRESENTATION(#868,#870);
#868 = ( REPRESENTATION_RELATIONSHIP('','',#71,#48) 
REPRESENTATION_RELATIONSHIP_WITH_TRANSFORMATION(#869) 
SHAPE_REPRESENTATION_RELATIONSHIP() );
#869 = ITEM_DEFINED_TRANSFORMATION('','',#11,#49);
#870 = PRODUCT_DEFINITION_SHAPE('Placement','Placement of an item',#871
  );
#871 = NEXT_ASSEMBLY_USAGE_OCCURRENCE('1','=>[0:1:1:3]','',#43,#66,$);
#872 = PRODUCT_RELATED_PRODUCT_CATEGORY('part',$,(#68));
#873 = SHAPE_DEFINITION_REPRESENTATION(#874,#880);
#874 = PRODUCT_DEFINITION_SHAPE('','',#875);
#875 = PRODUCT_DEFINITION('design','',#876,#879);
#876 = PRODUCT_DEFINITION_FORMATION('','',#877);
#877 = PRODUCT('C_0805_2012Metric','C_0805_2012Metric','',(#878));
#878 = PRODUCT_CONTEXT('',#2,'mechanical');
#879 = PRODUCT_DEFINITION_CONTEXT('part definition',#2,'design');
#880 = SHAPE_REPRESENTATION('',(#11,#881),#885);
#881 = AXIS2_PLACEMENT_3D('',#882,#883,#884);
#882 = CARTESIAN_POINT('',(0.,0.,0.));
#883 = DIRECTION('',(0.,0.,1.));
#884 = DIRECTION('',(1.,0.,-0.));
#885 = ( GEOMETRIC_REPRESENTATION_CONTEXT(3) 
GLOBAL_UNCERTAINTY_ASSIGNED_CONTEXT((#889)) GLOBAL_UNIT_ASSIGNED_CONTEXT
((#886,#887,#888)) REPRESENTATION_CONTEXT('Context #1',
  '3D Context with UNIT and UNCERTAINTY') );
#886 = ( LENGTH_UNIT() NAMED_UNIT(*) SI_UNIT(.MILLI.,.METRE.) );
#887 = ( NAMED_UNIT(*) PLANE_ANGLE_UNIT() SI_UNIT($,.RADIAN.) );
#888 = ( NAMED_UNIT(*) SI_UNIT($,.STERADIAN.) SOLID_ANGLE_UNIT() );
#889 = UNCERTAINTY_MEASURE_WITH_UNIT(LENGTH_MEASURE(1.E-07),#886,
  'distance_accuracy_value','confusion accuracy');
#890 = CONTEXT_DEPENDENT_SHAPE_REPRESENTATION(#891,#893);
#891 = ( REPRESENTATION_RELATIONSHIP('','',#880,#10) 
REPRESENTATION_RELATIONSHIP_WITH_TRANSFORMATION(#892) 
SHAPE_REPRESENTATION_RELATIONSHIP() );
#892 = ITEM_DEFINED_TRANSFORMATION('','',#11,#19);
#893 = PRODUCT_DEFINITION_SHAPE('Placement','Placement of an item',#894
  );
#894 = NEXT_ASSEMBLY_USAGE_OCCURRENCE('4','C101','',#5,#875,$);
#895 = PRODUCT_RELATED_PRODUCT_CATEGORY('part',$,(#877));
#896 = SHAPE_DEFINITION_REPRESENTATION(#897,#903);
#897 = PRODUCT_DEFINITION_SHAPE('','',#898);
#898 = PRODUCT_DEFINITION('design','',#899,#902);
#899 = PRODUCT_DEFINITION_FORMATION('','',#900);
#900 = PRODUCT('C_0805_2012Metric','C_0805_2012Metric','',(#901));
#901 = PRODUCT_CONTEXT('',#2,'mechanical');
#902 = PRODUCT_DEFINITION_CONTEXT('part definition',#2,'design');
#903 = ADVANCED_BREP_SHAPE_REPRESENTATION('',(#11,#904),#1758);
#904 = MANIFOLD_SOLID_BREP('',#905);
#905 = CLOSED_SHELL('',(#906,#982,#1013,#1038,#1063,#1087,#1111,#1136,
    #1161,#1178,#1264,#1296,#1320,#1345,#1369,#1394,#1418,#1443,#1460,
    #1546,#1577,#1602,#1627,#1651,#1675,#1700,#1725,#1742));
#906 = ADVANCED_FACE('',(#907),#977,.F.);
#907 = FACE_BOUND('',#908,.F.);
#908 = EDGE_LOOP('',(#909,#919,#928,#936,#945,#953,#962,#970));
#909 = ORIENTED_EDGE('',*,*,#910,.F.);
#910 = EDGE_CURVE('',#911,#913,#915,.T.);
#911 = VERTEX_POINT('',#912);
#912 = CARTESIAN_POINT('',(-1.,-0.625,4.E-02));
#913 = VERTEX_POINT('',#914);
#914 = CARTESIAN_POINT('',(-1.,-0.625,1.21));
#915 = LINE('',#916,#917);
#916 = CARTESIAN_POINT('',(-1.,-0.625,0.));
#917 = VECTOR('',#918,1.);
#918 = DIRECTION('',(0.,0.,1.));
#919 = ORIENTED_EDGE('',*,*,#920,.T.);
#920 = EDGE_CURVE('',#911,#921,#923,.T.);
#921 = VERTEX_POINT('',#922);
#922 = CARTESIAN_POINT('',(-1.,-0.585,0.));
#923 = CIRCLE('',#924,4.E-02);
#924 = AXIS2_PLACEMENT_3D('',#925,#926,#927);
#925 = CARTESIAN_POINT('',(-1.,-0.585,4.E-02));
#926 = DIRECTION('',(1.,0.,-0.));
#927 = DIRECTION('',(0.,0.,1.));
#928 = ORIENTED_EDGE('',*,*,#929,.T.);
#929 = EDGE_CURVE('',#921,#930,#932,.T.);
#930 = VERTEX_POINT('',#931);
#931 = CARTESIAN_POINT('',(-1.,0.585,0.));
#932 = LINE('',#933,#934);
#933 = CARTESIAN_POINT('',(-1.,-0.625,0.));
#934 = VECTOR('',#935,1.);
#935 = DIRECTION('',(0.,1.,0.));
#936 = ORIENTED_EDGE('',*,*,#937,.F.);
#937 = EDGE_CURVE('',#938,#930,#940,.T.);
#938 = VERTEX_POINT('',#939);
#939 = CARTESIAN_POINT('',(-1.,0.625,4.E-02));
#940 = CIRCLE('',#941,4.E-02);
#941 = AXIS2_PLACEMENT_3D('',#942,#943,#944);
#942 = CARTESIAN_POINT('',(-1.,0.585,4.E-02));
#943 = DIRECTION('',(-1.,0.,0.));
#944 = DIRECTION('',(0.,0.,1.));
#945 = ORIENTED_EDGE('',*,*,#946,.T.);
#946 = EDGE_CURVE('',#938,#947,#949,.T.);
#947 = VERTEX_POINT('',#948);
#948 = CARTESIAN_POINT('',(-1.,0.625,1.21));
#949 = LINE('',#950,#951);
#950 = CARTESIAN_POINT('',(-1.,0.625,0.));
#951 = VECTOR('',#952,1.);
#952 = DIRECTION('',(0.,0.,1.));
#953 = ORIENTED_EDGE('',*,*,#954,.T.);
#954 = EDGE_CURVE('',#947,#955,#957,.T.);
#955 = VERTEX_POINT('',#956);
#956 = CARTESIAN_POINT('',(-1.,0.585,1.25));
#957 = CIRCLE('',#958,4.E-02);
#958 = AXIS2_PLACEMENT_3D('',#959,#960,#961);
#959 = CARTESIAN_POINT('',(-1.,0.585,1.21));
#960 = DIRECTION('',(1.,0.,-0.));
#961 = DIRECTION('',(0.,0.,1.));
#962 = ORIENTED_EDGE('',*,*,#963,.F.);
#963 = EDGE_CURVE('',#964,#955,#966,.T.);
#964 = VERTEX_POINT('',#965);
#965 = CARTESIAN_POINT('',(-1.,-0.585,1.25));
#966 = LINE('',#967,#968);
#967 = CARTESIAN_POINT('',(-1.,-0.625,1.25));
#968 = VECTOR('',#969,1.);
#969 = DIRECTION('',(0.,1.,0.));
#970 = ORIENTED_EDGE('',*,*,#971,.F.);
#971 = EDGE_CURVE('',#913,#964,#972,.T.);
#972 = CIRCLE('',#973,4.E-02);
#973 = AXIS2_PLACEMENT_3D('',#974,#975,#976);
#974 = CARTESIAN_POINT('',(-1.,-0.585,1.21));
#975 = DIRECTION('',(-1.,0.,0.));
#976 = DIRECTION('',(0.,0.,1.));
#977 = PLANE('',#978);
#978 = AXIS2_PLACEMENT_3D('',#979,#980,#981);
#979 = CARTESIAN_POINT('',(-1.,-0.625,0.));
#980 = DIRECTION('',(1.,0.,0.));
#981 = DIRECTION('',(0.,0.,1.));
#982 = ADVANCED_FACE('',(#983),#1008,.F.);
#983 = FACE_BOUND('',#984,.F.);
#984 = EDGE_LOOP('',(#985,#995,#1001,#1002));
#985 = ORIENTED_EDGE('',*,*,#986,.F.);
#986 = EDGE_CURVE('',#987,#989,#991,.T.);
#987 = VERTEX_POINT('',#988);
#988 = CARTESIAN_POINT('',(-0.6,-0.625,4.E-02));
#989 = VERTEX_POINT('',#990);
#990 = CARTESIAN_POINT('',(-0.6,-0.625,1.21));
#991 = LINE('',#992,#993);
#992 = CARTESIAN_POINT('',(-0.6,-0.625,0.));
#993 = VECTOR('',#994,1.);
#994 = DIRECTION('',(0.,0.,1.));
#995 = ORIENTED_EDGE('',*,*,#996,.F.);
#996 = EDGE_CURVE('',#911,#987,#997,.T.);
#997 = LINE('',#998,#999);
#998 = CARTESIAN_POINT('',(-1.,-0.625,4.E-02));
#999 = VECTOR('',#1000,1.);
#1000 = DIRECTION('',(1.,0.,0.));
#1001 = ORIENTED_EDGE('',*,*,#910,.T.);
#1002 = ORIENTED_EDGE('',*,*,#1003,.T.);
#1003 = EDGE_CURVE('',#913,#989,#1004,.T.);
#1004 = LINE('',#1005,#1006);
#1005 = CARTESIAN_POINT('',(-1.,-0.625,1.21));
#1006 = VECTOR('',#1007,1.);
#1007 = DIRECTION('',(1.,0.,0.));
#1008 = PLANE('',#1009);
#1009 = AXIS2_PLACEMENT_3D('',#1010,#1011,#1012);
#1010 = CARTESIAN_POINT('',(-1.,-0.625,0.));
#1011 = DIRECTION('',(0.,1.,0.));
#1012 = DIRECTION('',(0.,-0.,1.));
#1013 = ADVANCED_FACE('',(#1014),#1033,.T.);
#1014 = FACE_BOUND('',#1015,.T.);
#1015 = EDGE_LOOP('',(#1016,#1017,#1025,#1032));
#1016 = ORIENTED_EDGE('',*,*,#920,.T.);
#1017 = ORIENTED_EDGE('',*,*,#1018,.T.);
#1018 = EDGE_CURVE('',#921,#1019,#1021,.T.);
#1019 = VERTEX_POINT('',#1020);
#1020 = CARTESIAN_POINT('',(-0.6,-0.585,0.));
#1021 = LINE('',#1022,#1023);
#1022 = CARTESIAN_POINT('',(-1.,-0.585,0.));
#1023 = VECTOR('',#1024,1.);
#1024 = DIRECTION('',(1.,0.,0.));
#1025 = ORIENTED_EDGE('',*,*,#1026,.F.);
#1026 = EDGE_CURVE('',#987,#1019,#1027,.T.);
#1027 = CIRCLE('',#1028,4.E-02);
#1028 = AXIS2_PLACEMENT_3D('',#1029,#1030,#1031);
#1029 = CARTESIAN_POINT('',(-0.6,-0.585,4.E-02));
#1030 = DIRECTION('',(1.,0.,-0.));
#1031 = DIRECTION('',(0.,0.,1.));
#1032 = ORIENTED_EDGE('',*,*,#996,.F.);
#1033 = CYLINDRICAL_SURFACE('',#1034,4.E-02);
#1034 = AXIS2_PLACEMENT_3D('',#1035,#1036,#1037);
#1035 = CARTESIAN_POINT('',(-1.,-0.585,4.E-02));
#1036 = DIRECTION('',(1.,0.,0.));
#1037 = DIRECTION('',(0.,-1.,0.));
#1038 = ADVANCED_FACE('',(#1039),#1058,.T.);
#1039 = FACE_BOUND('',#1040,.T.);
#1040 = EDGE_LOOP('',(#1041,#1042,#1051,#1057));
#1041 = ORIENTED_EDGE('',*,*,#1003,.T.);
#1042 = ORIENTED_EDGE('',*,*,#1043,.T.);
#1043 = EDGE_CURVE('',#989,#1044,#1046,.T.);
#1044 = VERTEX_POINT('',#1045);
#1045 = CARTESIAN_POINT('',(-0.6,-0.585,1.25));
#1046 = CIRCLE('',#1047,4.E-02);
#1047 = AXIS2_PLACEMENT_3D('',#1048,#1049,#1050);
#1048 = CARTESIAN_POINT('',(-0.6,-0.585,1.21));
#1049 = DIRECTION('',(-1.,0.,0.));
#1050 = DIRECTION('',(0.,0.,1.));
#1051 = ORIENTED_EDGE('',*,*,#1052,.F.);
#1052 = EDGE_CURVE('',#964,#1044,#1053,.T.);
#1053 = LINE('',#1054,#1055);
#1054 = CARTESIAN_POINT('',(-1.,-0.585,1.25));
#1055 = VECTOR('',#1056,1.);
#1056 = DIRECTION('',(1.,0.,0.));
#1057 = ORIENTED_EDGE('',*,*,#971,.F.);
#1058 = CYLINDRICAL_SURFACE('',#1059,4.E-02);
#1059 = AXIS2_PLACEMENT_3D('',#1060,#1061,#1062);
#1060 = CARTESIAN_POINT('',(-1.,-0.585,1.21));
#1061 = DIRECTION('',(1.,0.,0.));
#1062 = DIRECTION('',(0.,-1.,0.));
#1063 = ADVANCED_FACE('',(#1064),#1082,.F.);
#1064 = FACE_BOUND('',#1065,.F.);
#1065 = EDGE_LOOP('',(#1066,#1067,#1068,#1076));
#1066 = ORIENTED_EDGE('',*,*,#929,.F.);
#1067 = ORIENTED_EDGE('',*,*,#1018,.T.);
#1068 = ORIENTED_EDGE('',*,*,#1069,.T.);
#1069 = EDGE_CURVE('',#1019,#1070,#1072,.T.);
#1070 = VERTEX_POINT('',#1071);
#1071 = CARTESIAN_POINT('',(-0.6,0.585,0.));
#1072 = LINE('',#1073,#1074);
#1073 = CARTESIAN_POINT('',(-0.6,-0.625,0.));
#1074 = VECTOR('',#1075,1.);
#1075 = DIRECTION('',(0.,1.,0.));
#1076 = ORIENTED_EDGE('',*,*,#1077,.F.);
#1077 = EDGE_CURVE('',#930,#1070,#1078,.T.);
#1078 = LINE('',#1079,#1080);
#1079 = CARTESIAN_POINT('',(-1.,0.585,0.));
#1080 = VECTOR('',#1081,1.);
#1081 = DIRECTION('',(1.,0.,0.));
#1082 = PLANE('',#1083);
#1083 = AXIS2_PLACEMENT_3D('',#1084,#1085,#1086);
#1084 = CARTESIAN_POINT('',(-1.,-0.625,0.));
#1085 = DIRECTION('',(0.,0.,1.));
#1086 = DIRECTION('',(1.,0.,-0.));
#1087 = ADVANCED_FACE('',(#1088),#1106,.T.);
#1088 = FACE_BOUND('',#1089,.T.);
#1089 = EDGE_LOOP('',(#1090,#1091,#1092,#1100));
#1090 = ORIENTED_EDGE('',*,*,#963,.F.);
#1091 = ORIENTED_EDGE('',*,*,#1052,.T.);
#1092 = ORIENTED_EDGE('',*,*,#1093,.T.);
#1093 = EDGE_CURVE('',#1044,#1094,#1096,.T.);
#1094 = VERTEX_POINT('',#1095);
#1095 = CARTESIAN_POINT('',(-0.6,0.585,1.25));
#1096 = LINE('',#1097,#1098);
#1097 = CARTESIAN_POINT('',(-0.6,-0.625,1.25));
#1098 = VECTOR('',#1099,1.);
#1099 = DIRECTION('',(0.,1.,0.));
#1100 = ORIENTED_EDGE('',*,*,#1101,.F.);
#1101 = EDGE_CURVE('',#955,#1094,#1102,.T.);
#1102 = LINE('',#1103,#1104);
#1103 = CARTESIAN_POINT('',(-1.,0.585,1.25));
#1104 = VECTOR('',#1105,1.);
#1105 = DIRECTION('',(1.,0.,0.));
#1106 = PLANE('',#1107);
#1107 = AXIS2_PLACEMENT_3D('',#1108,#1109,#1110);
#1108 = CARTESIAN_POINT('',(-1.,-0.625,1.25));
#1109 = DIRECTION('',(0.,0.,1.));
#1110 = DIRECTION('',(1.,0.,-0.));
#1111 = ADVANCED_FACE('',(#1112),#1131,.T.);
#1112 = FACE_BOUND('',#1113,.T.);
#1113 = EDGE_LOOP('',(#1114,#1122,#1129,#1130));
#1114 = ORIENTED_EDGE('',*,*,#1115,.T.);
#1115 = EDGE_CURVE('',#938,#1116,#1118,.T.);
#1116 = VERTEX_POINT('',#1117);
#1117 = CARTESIAN_POINT('',(-0.6,0.625,4.E-02));
#1118 = LINE('',#1119,#1120);
#1119 = CARTESIAN_POINT('',(-1.,0.625,4.E-02));
#1120 = VECTOR('',#1121,1.);
#1121 = DIRECTION('',(1.,0.,0.));
#1122 = ORIENTED_EDGE('',*,*,#1123,.T.);
#1123 = EDGE_CURVE('',#1116,#1070,#1124,.T.);
#1124 = CIRCLE('',#1125,4.E-02);
#1125 = AXIS2_PLACEMENT_3D('',#1126,#1127,#1128);
#1126 = CARTESIAN_POINT('',(-0.6,0.585,4.E-02));
#1127 = DIRECTION('',(-1.,0.,0.));
#1128 = DIRECTION('',(0.,0.,1.));
#1129 = ORIENTED_EDGE('',*,*,#1077,.F.);
#1130 = ORIENTED_EDGE('',*,*,#937,.F.);
#1131 = CYLINDRICAL_SURFACE('',#1132,4.E-02);
#1132 = AXIS2_PLACEMENT_3D('',#1133,#1134,#1135);
#1133 = CARTESIAN_POINT('',(-1.,0.585,4.E-02));
#1134 = DIRECTION('',(1.,0.,0.));
#1135 = DIRECTION('',(-0.,1.,0.));
#1136 = ADVANCED_FACE('',(#1137),#1156,.T.);
#1137 = FACE_BOUND('',#1138,.T.);
#1138 = EDGE_LOOP('',(#1139,#1140,#1141,#1150));
#1139 = ORIENTED_EDGE('',*,*,#954,.T.);
#1140 = ORIENTED_EDGE('',*,*,#1101,.T.);
#1141 = ORIENTED_EDGE('',*,*,#1142,.F.);
#1142 = EDGE_CURVE('',#1143,#1094,#1145,.T.);
#1143 = VERTEX_POINT('',#1144);
#1144 = CARTESIAN_POINT('',(-0.6,0.625,1.21));
#1145 = CIRCLE('',#1146,4.E-02);
#1146 = AXIS2_PLACEMENT_3D('',#1147,#1148,#1149);
#1147 = CARTESIAN_POINT('',(-0.6,0.585,1.21));
#1148 = DIRECTION('',(1.,0.,-0.));
#1149 = DIRECTION('',(0.,0.,1.));
#1150 = ORIENTED_EDGE('',*,*,#1151,.F.);
#1151 = EDGE_CURVE('',#947,#1143,#1152,.T.);
#1152 = LINE('',#1153,#1154);
#1153 = CARTESIAN_POINT('',(-1.,0.625,1.21));
#1154 = VECTOR('',#1155,1.);
#1155 = DIRECTION('',(1.,0.,0.));
#1156 = CYLINDRICAL_SURFACE('',#1157,4.E-02);
#1157 = AXIS2_PLACEMENT_3D('',#1158,#1159,#1160);
#1158 = CARTESIAN_POINT('',(-1.,0.585,1.21));
#1159 = DIRECTION('',(1.,0.,0.));
#1160 = DIRECTION('',(-0.,1.,0.));
#1161 = ADVANCED_FACE('',(#1162),#1173,.T.);
#1162 = FACE_BOUND('',#1163,.T.);
#1163 = EDGE_LOOP('',(#1164,#1170,#1171,#1172));
#1164 = ORIENTED_EDGE('',*,*,#1165,.F.);
#1165 = EDGE_CURVE('',#1116,#1143,#1166,.T.);
#1166 = LINE('',#1167,#1168);
#1167 = CARTESIAN_POINT('',(-0.6,0.625,0.));
#1168 = VECTOR('',#1169,1.);
#1169 = DIRECTION('',(0.,0.,1.));
#1170 = ORIENTED_EDGE('',*,*,#1115,.F.);
#1171 = ORIENTED_EDGE('',*,*,#946,.T.);
#1172 = ORIENTED_EDGE('',*,*,#1151,.T.);
#1173 = PLANE('',#1174);
#1174 = AXIS2_PLACEMENT_3D('',#1175,#1176,#1177);
#1175 = CARTESIAN_POINT('',(-1.,0.625,0.));
#1176 = DIRECTION('',(0.,1.,0.));
#1177 = DIRECTION('',(0.,-0.,1.));
#1178 = ADVANCED_FACE('',(#1179,#1189),#1259,.T.);
#1179 = FACE_BOUND('',#1180,.T.);
#1180 = EDGE_LOOP('',(#1181,#1182,#1183,#1184,#1185,#1186,#1187,#1188));
#1181 = ORIENTED_EDGE('',*,*,#986,.F.);
#1182 = ORIENTED_EDGE('',*,*,#1026,.T.);
#1183 = ORIENTED_EDGE('',*,*,#1069,.T.);
#1184 = ORIENTED_EDGE('',*,*,#1123,.F.);
#1185 = ORIENTED_EDGE('',*,*,#1165,.T.);
#1186 = ORIENTED_EDGE('',*,*,#1142,.T.);
#1187 = ORIENTED_EDGE('',*,*,#1093,.F.);
#1188 = ORIENTED_EDGE('',*,*,#1043,.F.);
#1189 = FACE_BOUND('',#1190,.T.);
#1190 = EDGE_LOOP('',(#1191,#1202,#1210,#1219,#1227,#1236,#1244,#1253));
#1191 = ORIENTED_EDGE('',*,*,#1192,.F.);
#1192 = EDGE_CURVE('',#1193,#1195,#1197,.T.);
#1193 = VERTEX_POINT('',#1194);
#1194 = CARTESIAN_POINT('',(-0.6,-0.585,8.E-02));
#1195 = VERTEX_POINT('',#1196);
#1196 = CARTESIAN_POINT('',(-0.6,-0.545,4.E-02));
#1197 = CIRCLE('',#1198,4.E-02);
#1198 = AXIS2_PLACEMENT_3D('',#1199,#1200,#1201);
#1199 = CARTESIAN_POINT('',(-0.6,-0.545,8.E-02));
#1200 = DIRECTION('',(1.,0.,-0.));
#1201 = DIRECTION('',(0.,0.,1.));
#1202 = ORIENTED_EDGE('',*,*,#1203,.T.);
#1203 = EDGE_CURVE('',#1193,#1204,#1206,.T.);
#1204 = VERTEX_POINT('',#1205);
#1205 = CARTESIAN_POINT('',(-0.6,-0.585,1.17));
#1206 = LINE('',#1207,#1208);
#1207 = CARTESIAN_POINT('',(-0.6,-0.585,4.E-02));
#1208 = VECTOR('',#1209,1.);
#1209 = DIRECTION('',(0.,0.,1.));
#1210 = ORIENTED_EDGE('',*,*,#1211,.T.);
#1211 = EDGE_CURVE('',#1204,#1212,#1214,.T.);
#1212 = VERTEX_POINT('',#1213);
#1213 = CARTESIAN_POINT('',(-0.6,-0.545,1.21));
#1214 = CIRCLE('',#1215,4.E-02);
#1215 = AXIS2_PLACEMENT_3D('',#1216,#1217,#1218);
#1216 = CARTESIAN_POINT('',(-0.6,-0.545,1.17));
#1217 = DIRECTION('',(-1.,0.,0.));
#1218 = DIRECTION('',(0.,0.,1.));
#1219 = ORIENTED_EDGE('',*,*,#1220,.T.);
#1220 = EDGE_CURVE('',#1212,#1221,#1223,.T.);
#1221 = VERTEX_POINT('',#1222);
#1222 = CARTESIAN_POINT('',(-0.6,0.545,1.21));
#1223 = LINE('',#1224,#1225);
#1224 = CARTESIAN_POINT('',(-0.6,-0.585,1.21));
#1225 = VECTOR('',#1226,1.);
#1226 = DIRECTION('',(0.,1.,0.));
#1227 = ORIENTED_EDGE('',*,*,#1228,.F.);
#1228 = EDGE_CURVE('',#1229,#1221,#1231,.T.);
#1229 = VERTEX_POINT('',#1230);
#1230 = CARTESIAN_POINT('',(-0.6,0.585,1.17));
#1231 = CIRCLE('',#1232,4.E-02);
#1232 = AXIS2_PLACEMENT_3D('',#1233,#1234,#1235);
#1233 = CARTESIAN_POINT('',(-0.6,0.545,1.17));
#1234 = DIRECTION('',(1.,0.,-0.));
#1235 = DIRECTION('',(0.,0.,1.));
#1236 = ORIENTED_EDGE('',*,*,#1237,.F.);
#1237 = EDGE_CURVE('',#1238,#1229,#1240,.T.);
#1238 = VERTEX_POINT('',#1239);
#1239 = CARTESIAN_POINT('',(-0.6,0.585,8.E-02));
#1240 = LINE('',#1241,#1242);
#1241 = CARTESIAN_POINT('',(-0.6,0.585,4.E-02));
#1242 = VECTOR('',#1243,1.);
#1243 = DIRECTION('',(0.,0.,1.));
#1244 = ORIENTED_EDGE('',*,*,#1245,.T.);
#1245 = EDGE_CURVE('',#1238,#1246,#1248,.T.);
#1246 = VERTEX_POINT('',#1247);
#1247 = CARTESIAN_POINT('',(-0.6,0.545,4.E-02));
#1248 = CIRCLE('',#1249,4.E-02);
#1249 = AXIS2_PLACEMENT_3D('',#1250,#1251,#1252);
#1250 = CARTESIAN_POINT('',(-0.6,0.545,8.E-02));
#1251 = DIRECTION('',(-1.,0.,0.));
#1252 = DIRECTION('',(0.,0.,1.));
#1253 = ORIENTED_EDGE('',*,*,#1254,.F.);
#1254 = EDGE_CURVE('',#1195,#1246,#1255,.T.);
#1255 = LINE('',#1256,#1257);
#1256 = CARTESIAN_POINT('',(-0.6,-0.585,4.E-02));
#1257 = VECTOR('',#1258,1.);
#1258 = DIRECTION('',(0.,1.,0.));
#1259 = PLANE('',#1260);
#1260 = AXIS2_PLACEMENT_3D('',#1261,#1262,#1263);
#1261 = CARTESIAN_POINT('',(-0.6,-0.625,0.));
#1262 = DIRECTION('',(1.,0.,0.));
#1263 = DIRECTION('',(0.,0.,1.));
#1264 = ADVANCED_FACE('',(#1265),#1291,.T.);
#1265 = FACE_BOUND('',#1266,.T.);
#1266 = EDGE_LOOP('',(#1267,#1268,#1276,#1285));
#1267 = ORIENTED_EDGE('',*,*,#1192,.T.);
#1268 = ORIENTED_EDGE('',*,*,#1269,.T.);
#1269 = EDGE_CURVE('',#1195,#1270,#1272,.T.);
#1270 = VERTEX_POINT('',#1271);
#1271 = CARTESIAN_POINT('',(0.6,-0.545,4.E-02));
#1272 = LINE('',#1273,#1274);
#1273 = CARTESIAN_POINT('',(-0.6,-0.545,4.E-02));
#1274 = VECTOR('',#1275,1.);
#1275 = DIRECTION('',(1.,0.,0.));
#1276 = ORIENTED_EDGE('',*,*,#1277,.F.);
#1277 = EDGE_CURVE('',#1278,#1270,#1280,.T.);
#1278 = VERTEX_POINT('',#1279);
#1279 = CARTESIAN_POINT('',(0.6,-0.585,8.E-02));
#1280 = CIRCLE('',#1281,4.E-02);
#1281 = AXIS2_PLACEMENT_3D('',#1282,#1283,#1284);
#1282 = CARTESIAN_POINT('',(0.6,-0.545,8.E-02));
#1283 = DIRECTION('',(1.,0.,-0.));
#1284 = DIRECTION('',(0.,0.,1.));
#1285 = ORIENTED_EDGE('',*,*,#1286,.F.);
#1286 = EDGE_CURVE('',#1193,#1278,#1287,.T.);
#1287 = LINE('',#1288,#1289);
#1288 = CARTESIAN_POINT('',(-0.6,-0.585,8.E-02));
#1289 = VECTOR('',#1290,1.);
#1290 = DIRECTION('',(1.,0.,0.));
#1291 = CYLINDRICAL_SURFACE('',#1292,4.E-02);
#1292 = AXIS2_PLACEMENT_3D('',#1293,#1294,#1295);
#1293 = CARTESIAN_POINT('',(-0.6,-0.545,8.E-02));
#1294 = DIRECTION('',(1.,0.,0.));
#1295 = DIRECTION('',(0.,-1.,0.));
#1296 = ADVANCED_FACE('',(#1297),#1315,.F.);
#1297 = FACE_BOUND('',#1298,.F.);
#1298 = EDGE_LOOP('',(#1299,#1300,#1301,#1309));
#1299 = ORIENTED_EDGE('',*,*,#1254,.F.);
#1300 = ORIENTED_EDGE('',*,*,#1269,.T.);
#1301 = ORIENTED_EDGE('',*,*,#1302,.T.);
#1302 = EDGE_CURVE('',#1270,#1303,#1305,.T.);
#1303 = VERTEX_POINT('',#1304);
#1304 = CARTESIAN_POINT('',(0.6,0.545,4.E-02));
#1305 = LINE('',#1306,#1307);
#1306 = CARTESIAN_POINT('',(0.6,-0.585,4.E-02));
#1307 = VECTOR('',#1308,1.);
#1308 = DIRECTION('',(0.,1.,0.));
#1309 = ORIENTED_EDGE('',*,*,#1310,.F.);
#1310 = EDGE_CURVE('',#1246,#1303,#1311,.T.);
#1311 = LINE('',#1312,#1313);
#1312 = CARTESIAN_POINT('',(-0.6,0.545,4.E-02));
#1313 = VECTOR('',#1314,1.);
#1314 = DIRECTION('',(1.,0.,0.));
#1315 = PLANE('',#1316);
#1316 = AXIS2_PLACEMENT_3D('',#1317,#1318,#1319);
#1317 = CARTESIAN_POINT('',(-0.6,-0.585,4.E-02));
#1318 = DIRECTION('',(0.,0.,1.));
#1319 = DIRECTION('',(1.,0.,-0.));
#1320 = ADVANCED_FACE('',(#1321),#1340,.T.);
#1321 = FACE_BOUND('',#1322,.T.);
#1322 = EDGE_LOOP('',(#1323,#1331,#1338,#1339));
#1323 = ORIENTED_EDGE('',*,*,#1324,.T.);
#1324 = EDGE_CURVE('',#1238,#1325,#1327,.T.);
#1325 = VERTEX_POINT('',#1326);
#1326 = CARTESIAN_POINT('',(0.6,0.585,8.E-02));
#1327 = LINE('',#1328,#1329);
#1328 = CARTESIAN_POINT('',(-0.6,0.585,8.E-02));
#1329 = VECTOR('',#1330,1.);
#1330 = DIRECTION('',(1.,0.,0.));
#1331 = ORIENTED_EDGE('',*,*,#1332,.T.);
#1332 = EDGE_CURVE('',#1325,#1303,#1333,.T.);
#1333 = CIRCLE('',#1334,4.E-02);
#1334 = AXIS2_PLACEMENT_3D('',#1335,#1336,#1337);
#1335 = CARTESIAN_POINT('',(0.6,0.545,8.E-02));
#1336 = DIRECTION('',(-1.,0.,0.));
#1337 = DIRECTION('',(0.,0.,1.));
#1338 = ORIENTED_EDGE('',*,*,#1310,.F.);
#1339 = ORIENTED_EDGE('',*,*,#1245,.F.);
#1340 = CYLINDRICAL_SURFACE('',#1341,4.E-02);
#1341 = AXIS2_PLACEMENT_3D('',#1342,#1343,#1344);
#1342 = CARTESIAN_POINT('',(-0.6,0.545,8.E-02));
#1343 = DIRECTION('',(1.,0.,0.));
#1344 = DIRECTION('',(-0.,1.,0.));
#1345 = ADVANCED_FACE('',(#1346),#1364,.T.);
#1346 = FACE_BOUND('',#1347,.T.);
#1347 = EDGE_LOOP('',(#1348,#1356,#1357,#1358));
#1348 = ORIENTED_EDGE('',*,*,#1349,.F.);
#1349 = EDGE_CURVE('',#1325,#1350,#1352,.T.);
#1350 = VERTEX_POINT('',#1351);
#1351 = CARTESIAN_POINT('',(0.6,0.585,1.17));
#1352 = LINE('',#1353,#1354);
#1353 = CARTESIAN_POINT('',(0.6,0.585,4.E-02));
#1354 = VECTOR('',#1355,1.);
#1355 = DIRECTION('',(0.,0.,1.));
#1356 = ORIENTED_EDGE('',*,*,#1324,.F.);
#1357 = ORIENTED_EDGE('',*,*,#1237,.T.);
#1358 = ORIENTED_EDGE('',*,*,#1359,.T.);
#1359 = EDGE_CURVE('',#1229,#1350,#1360,.T.);
#1360 = LINE('',#1361,#1362);
#1361 = CARTESIAN_POINT('',(-0.6,0.585,1.17));
#1362 = VECTOR('',#1363,1.);
#1363 = DIRECTION('',(1.,0.,0.));
#1364 = PLANE('',#1365);
#1365 = AXIS2_PLACEMENT_3D('',#1366,#1367,#1368);
#1366 = CARTESIAN_POINT('',(-0.6,0.585,4.E-02));
#1367 = DIRECTION('',(0.,1.,0.));
#1368 = DIRECTION('',(0.,-0.,1.));
#1369 = ADVANCED_FACE('',(#1370),#1389,.T.);
#1370 = FACE_BOUND('',#1371,.T.);
#1371 = EDGE_LOOP('',(#1372,#1373,#1381,#1388));
#1372 = ORIENTED_EDGE('',*,*,#1228,.T.);
#1373 = ORIENTED_EDGE('',*,*,#1374,.T.);
#1374 = EDGE_CURVE('',#1221,#1375,#1377,.T.);
#1375 = VERTEX_POINT('',#1376);
#1376 = CARTESIAN_POINT('',(0.6,0.545,1.21));
#1377 = LINE('',#1378,#1379);
#1378 = CARTESIAN_POINT('',(-0.6,0.545,1.21));
#1379 = VECTOR('',#1380,1.);
#1380 = DIRECTION('',(1.,0.,0.));
#1381 = ORIENTED_EDGE('',*,*,#1382,.F.);
#1382 = EDGE_CURVE('',#1350,#1375,#1383,.T.);
#1383 = CIRCLE('',#1384,4.E-02);
#1384 = AXIS2_PLACEMENT_3D('',#1385,#1386,#1387);
#1385 = CARTESIAN_POINT('',(0.6,0.545,1.17));
#1386 = DIRECTION('',(1.,0.,-0.));
#1387 = DIRECTION('',(0.,0.,1.));
#1388 = ORIENTED_EDGE('',*,*,#1359,.F.);
#1389 = CYLINDRICAL_SURFACE('',#1390,4.E-02);
#1390 = AXIS2_PLACEMENT_3D('',#1391,#1392,#1393);
#1391 = CARTESIAN_POINT('',(-0.6,0.545,1.17));
#1392 = DIRECTION('',(1.,0.,0.));
#1393 = DIRECTION('',(-0.,1.,0.));
#1394 = ADVANCED_FACE('',(#1395),#1413,.T.);
#1395 = FACE_BOUND('',#1396,.T.);
#1396 = EDGE_LOOP('',(#1397,#1398,#1406,#1412));
#1397 = ORIENTED_EDGE('',*,*,#1220,.F.);
#1398 = ORIENTED_EDGE('',*,*,#1399,.T.);
#1399 = EDGE_CURVE('',#1212,#1400,#1402,.T.);
#1400 = VERTEX_POINT('',#1401);
#1401 = CARTESIAN_POINT('',(0.6,-0.545,1.21));
#1402 = LINE('',#1403,#1404);
#1403 = CARTESIAN_POINT('',(-0.6,-0.545,1.21));
#1404 = VECTOR('',#1405,1.);
#1405 = DIRECTION('',(1.,0.,0.));
#1406 = ORIENTED_EDGE('',*,*,#1407,.T.);
#1407 = EDGE_CURVE('',#1400,#1375,#1408,.T.);
#1408 = LINE('',#1409,#1410);
#1409 = CARTESIAN_POINT('',(0.6,-0.585,1.21));
#1410 = VECTOR('',#1411,1.);
#1411 = DIRECTION('',(0.,1.,0.));
#1412 = ORIENTED_EDGE('',*,*,#1374,.F.);
#1413 = PLANE('',#1414);
#1414 = AXIS2_PLACEMENT_3D('',#1415,#1416,#1417);
#1415 = CARTESIAN_POINT('',(-0.6,-0.585,1.21));
#1416 = DIRECTION('',(0.,0.,1.));
#1417 = DIRECTION('',(1.,0.,-0.));
#1418 = ADVANCED_FACE('',(#1419),#1438,.T.);
#1419 = FACE_BOUND('',#1420,.T.);
#1420 = EDGE_LOOP('',(#1421,#1429,#1436,#1437));
#1421 = ORIENTED_EDGE('',*,*,#1422,.T.);
#1422 = EDGE_CURVE('',#1204,#1423,#1425,.T.);
#1423 = VERTEX_POINT('',#1424);
#1424 = CARTESIAN_POINT('',(0.6,-0.585,1.17));
#1425 = LINE('',#1426,#1427);
#1426 = CARTESIAN_POINT('',(-0.6,-0.585,1.17));
#1427 = VECTOR('',#1428,1.);
#1428 = DIRECTION('',(1.,0.,0.));
#1429 = ORIENTED_EDGE('',*,*,#1430,.T.);
#1430 = EDGE_CURVE('',#1423,#1400,#1431,.T.);
#1431 = CIRCLE('',#1432,4.E-02);
#1432 = AXIS2_PLACEMENT_3D('',#1433,#1434,#1435);
#1433 = CARTESIAN_POINT('',(0.6,-0.545,1.17));
#1434 = DIRECTION('',(-1.,0.,0.));
#1435 = DIRECTION('',(0.,0.,1.));
#1436 = ORIENTED_EDGE('',*,*,#1399,.F.);
#1437 = ORIENTED_EDGE('',*,*,#1211,.F.);
#1438 = CYLINDRICAL_SURFACE('',#1439,4.E-02);
#1439 = AXIS2_PLACEMENT_3D('',#1440,#1441,#1442);
#1440 = CARTESIAN_POINT('',(-0.6,-0.545,1.17));
#1441 = DIRECTION('',(1.,0.,0.));
#1442 = DIRECTION('',(0.,-1.,0.));
#1443 = ADVANCED_FACE('',(#1444),#1455,.F.);
#1444 = FACE_BOUND('',#1445,.F.);
#1445 = EDGE_LOOP('',(#1446,#1452,#1453,#1454));
#1446 = ORIENTED_EDGE('',*,*,#1447,.F.);
#1447 = EDGE_CURVE('',#1278,#1423,#1448,.T.);
#1448 = LINE('',#1449,#1450);
#1449 = CARTESIAN_POINT('',(0.6,-0.585,4.E-02));
#1450 = VECTOR('',#1451,1.);
#1451 = DIRECTION('',(0.,0.,1.));
#1452 = ORIENTED_EDGE('',*,*,#1286,.F.);
#1453 = ORIENTED_EDGE('',*,*,#1203,.T.);
#1454 = ORIENTED_EDGE('',*,*,#1422,.T.);
#1455 = PLANE('',#1456);
#1456 = AXIS2_PLACEMENT_3D('',#1457,#1458,#1459);
#1457 = CARTESIAN_POINT('',(-0.6,-0.585,4.E-02));
#1458 = DIRECTION('',(0.,1.,0.));
#1459 = DIRECTION('',(0.,-0.,1.));
#1460 = ADVANCED_FACE('',(#1461,#1531),#1541,.F.);
#1461 = FACE_BOUND('',#1462,.F.);
#1462 = EDGE_LOOP('',(#1463,#1473,#1482,#1490,#1499,#1507,#1516,#1524));
#1463 = ORIENTED_EDGE('',*,*,#1464,.F.);
#1464 = EDGE_CURVE('',#1465,#1467,#1469,.T.);
#1465 = VERTEX_POINT('',#1466);
#1466 = CARTESIAN_POINT('',(0.6,-0.625,4.E-02));
#1467 = VERTEX_POINT('',#1468);
#1468 = CARTESIAN_POINT('',(0.6,-0.625,1.21));
#1469 = LINE('',#1470,#1471);
#1470 = CARTESIAN_POINT('',(0.6,-0.625,0.));
#1471 = VECTOR('',#1472,1.);
#1472 = DIRECTION('',(0.,0.,1.));
#1473 = ORIENTED_EDGE('',*,*,#1474,.T.);
#1474 = EDGE_CURVE('',#1465,#1475,#1477,.T.);
#1475 = VERTEX_POINT('',#1476);
#1476 = CARTESIAN_POINT('',(0.6,-0.585,0.));
#1477 = CIRCLE('',#1478,4.E-02);
#1478 = AXIS2_PLACEMENT_3D('',#1479,#1480,#1481);
#1479 = CARTESIAN_POINT('',(0.6,-0.585,4.E-02));
#1480 = DIRECTION('',(1.,0.,-0.));
#1481 = DIRECTION('',(0.,0.,1.));
#1482 = ORIENTED_EDGE('',*,*,#1483,.T.);
#1483 = EDGE_CURVE('',#1475,#1484,#1486,.T.);
#1484 = VERTEX_POINT('',#1485);
#1485 = CARTESIAN_POINT('',(0.6,0.585,0.));
#1486 = LINE('',#1487,#1488);
#1487 = CARTESIAN_POINT('',(0.6,-0.625,0.));
#1488 = VECTOR('',#1489,1.);
#1489 = DIRECTION('',(0.,1.,0.));
#1490 = ORIENTED_EDGE('',*,*,#1491,.F.);
#1491 = EDGE_CURVE('',#1492,#1484,#1494,.T.);
#1492 = VERTEX_POINT('',#1493);
#1493 = CARTESIAN_POINT('',(0.6,0.625,4.E-02));
#1494 = CIRCLE('',#1495,4.E-02);
#1495 = AXIS2_PLACEMENT_3D('',#1496,#1497,#1498);
#1496 = CARTESIAN_POINT('',(0.6,0.585,4.E-02));
#1497 = DIRECTION('',(-1.,0.,0.));
#1498 = DIRECTION('',(0.,0.,1.));
#1499 = ORIENTED_EDGE('',*,*,#1500,.T.);
#1500 = EDGE_CURVE('',#1492,#1501,#1503,.T.);
#1501 = VERTEX_POINT('',#1502);
#1502 = CARTESIAN_POINT('',(0.6,0.625,1.21));
#1503 = LINE('',#1504,#1505);
#1504 = CARTESIAN_POINT('',(0.6,0.625,0.));
#1505 = VECTOR('',#1506,1.);
#1506 = DIRECTION('',(0.,0.,1.));
#1507 = ORIENTED_EDGE('',*,*,#1508,.T.);
#1508 = EDGE_CURVE('',#1501,#1509,#1511,.T.);
#1509 = VERTEX_POINT('',#1510);
#1510 = CARTESIAN_POINT('',(0.6,0.585,1.25));
#1511 = CIRCLE('',#1512,4.E-02);
#1512 = AXIS2_PLACEMENT_3D('',#1513,#1514,#1515);
#1513 = CARTESIAN_POINT('',(0.6,0.585,1.21));
#1514 = DIRECTION('',(1.,0.,-0.));
#1515 = DIRECTION('',(0.,0.,1.));
#1516 = ORIENTED_EDGE('',*,*,#1517,.F.);
#1517 = EDGE_CURVE('',#1518,#1509,#1520,.T.);
#1518 = VERTEX_POINT('',#1519);
#1519 = CARTESIAN_POINT('',(0.6,-0.585,1.25));
#1520 = LINE('',#1521,#1522);
#1521 = CARTESIAN_POINT('',(0.6,-0.625,1.25));
#1522 = VECTOR('',#1523,1.);
#1523 = DIRECTION('',(0.,1.,0.));
#1524 = ORIENTED_EDGE('',*,*,#1525,.F.);
#1525 = EDGE_CURVE('',#1467,#1518,#1526,.T.);
#1526 = CIRCLE('',#1527,4.E-02);
#1527 = AXIS2_PLACEMENT_3D('',#1528,#1529,#1530);
#1528 = CARTESIAN_POINT('',(0.6,-0.585,1.21));
#1529 = DIRECTION('',(-1.,0.,0.));
#1530 = DIRECTION('',(0.,0.,1.));
#1531 = FACE_BOUND('',#1532,.F.);
#1532 = EDGE_LOOP('',(#1533,#1534,#1535,#1536,#1537,#1538,#1539,#1540));
#1533 = ORIENTED_EDGE('',*,*,#1277,.F.);
#1534 = ORIENTED_EDGE('',*,*,#1447,.T.);
#1535 = ORIENTED_EDGE('',*,*,#1430,.T.);
#1536 = ORIENTED_EDGE('',*,*,#1407,.T.);
#1537 = ORIENTED_EDGE('',*,*,#1382,.F.);
#1538 = ORIENTED_EDGE('',*,*,#1349,.F.);
#1539 = ORIENTED_EDGE('',*,*,#1332,.T.);
#1540 = ORIENTED_EDGE('',*,*,#1302,.F.);
#1541 = PLANE('',#1542);
#1542 = AXIS2_PLACEMENT_3D('',#1543,#1544,#1545);
#1543 = CARTESIAN_POINT('',(0.6,-0.625,0.));
#1544 = DIRECTION('',(1.,0.,0.));
#1545 = DIRECTION('',(0.,0.,1.));
#1546 = ADVANCED_FACE('',(#1547),#1572,.F.);
#1547 = FACE_BOUND('',#1548,.F.);
#1548 = EDGE_LOOP('',(#1549,#1559,#1565,#1566));
#1549 = ORIENTED_EDGE('',*,*,#1550,.F.);
#1550 = EDGE_CURVE('',#1551,#1553,#1555,.T.);
#1551 = VERTEX_POINT('',#1552);
#1552 = CARTESIAN_POINT('',(1.,-0.625,4.E-02));
#1553 = VERTEX_POINT('',#1554);
#1554 = CARTESIAN_POINT('',(1.,-0.625,1.21));
#1555 = LINE('',#1556,#1557);
#1556 = CARTESIAN_POINT('',(1.,-0.625,0.));
#1557 = VECTOR('',#1558,1.);
#1558 = DIRECTION('',(0.,0.,1.));
#1559 = ORIENTED_EDGE('',*,*,#1560,.F.);
#1560 = EDGE_CURVE('',#1465,#1551,#1561,.T.);
#1561 = LINE('',#1562,#1563);
#1562 = CARTESIAN_POINT('',(0.6,-0.625,4.E-02));
#1563 = VECTOR('',#1564,1.);
#1564 = DIRECTION('',(1.,0.,0.));
#1565 = ORIENTED_EDGE('',*,*,#1464,.T.);
#1566 = ORIENTED_EDGE('',*,*,#1567,.T.);
#1567 = EDGE_CURVE('',#1467,#1553,#1568,.T.);
#1568 = LINE('',#1569,#1570);
#1569 = CARTESIAN_POINT('',(0.6,-0.625,1.21));
#1570 = VECTOR('',#1571,1.);
#1571 = DIRECTION('',(1.,0.,0.));
#1572 = PLANE('',#1573);
#1573 = AXIS2_PLACEMENT_3D('',#1574,#1575,#1576);
#1574 = CARTESIAN_POINT('',(0.6,-0.625,0.));
#1575 = DIRECTION('',(0.,1.,0.));
#1576 = DIRECTION('',(0.,-0.,1.));
#1577 = ADVANCED_FACE('',(#1578),#1597,.T.);
#1578 = FACE_BOUND('',#1579,.T.);
#1579 = EDGE_LOOP('',(#1580,#1581,#1589,#1596));
#1580 = ORIENTED_EDGE('',*,*,#1474,.T.);
#1581 = ORIENTED_EDGE('',*,*,#1582,.T.);
#1582 = EDGE_CURVE('',#1475,#1583,#1585,.T.);
#1583 = VERTEX_POINT('',#1584);
#1584 = CARTESIAN_POINT('',(1.,-0.585,0.));
#1585 = LINE('',#1586,#1587);
#1586 = CARTESIAN_POINT('',(0.6,-0.585,0.));
#1587 = VECTOR('',#1588,1.);
#1588 = DIRECTION('',(1.,0.,0.));
#1589 = ORIENTED_EDGE('',*,*,#1590,.F.);
#1590 = EDGE_CURVE('',#1551,#1583,#1591,.T.);
#1591 = CIRCLE('',#1592,4.E-02);
#1592 = AXIS2_PLACEMENT_3D('',#1593,#1594,#1595);
#1593 = CARTESIAN_POINT('',(1.,-0.585,4.E-02));
#1594 = DIRECTION('',(1.,0.,-0.));
#1595 = DIRECTION('',(0.,0.,1.));
#1596 = ORIENTED_EDGE('',*,*,#1560,.F.);
#1597 = CYLINDRICAL_SURFACE('',#1598,4.E-02);
#1598 = AXIS2_PLACEMENT_3D('',#1599,#1600,#1601);
#1599 = CARTESIAN_POINT('',(0.6,-0.585,4.E-02));
#1600 = DIRECTION('',(1.,0.,0.));
#1601 = DIRECTION('',(0.,-1.,0.));
#1602 = ADVANCED_FACE('',(#1603),#1622,.T.);
#1603 = FACE_BOUND('',#1604,.T.);
#1604 = EDGE_LOOP('',(#1605,#1606,#1615,#1621));
#1605 = ORIENTED_EDGE('',*,*,#1567,.T.);
#1606 = ORIENTED_EDGE('',*,*,#1607,.T.);
#1607 = EDGE_CURVE('',#1553,#1608,#1610,.T.);
#1608 = VERTEX_POINT('',#1609);
#1609 = CARTESIAN_POINT('',(1.,-0.585,1.25));
#1610 = CIRCLE('',#1611,4.E-02);
#1611 = AXIS2_PLACEMENT_3D('',#1612,#1613,#1614);
#1612 = CARTESIAN_POINT('',(1.,-0.585,1.21));
#1613 = DIRECTION('',(-1.,0.,0.));
#1614 = DIRECTION('',(0.,0.,1.));
#1615 = ORIENTED_EDGE('',*,*,#1616,.F.);
#1616 = EDGE_CURVE('',#1518,#1608,#1617,.T.);
#1617 = LINE('',#1618,#1619);
#1618 = CARTESIAN_POINT('',(0.6,-0.585,1.25));
#1619 = VECTOR('',#1620,1.);
#1620 = DIRECTION('',(1.,0.,0.));
#1621 = ORIENTED_EDGE('',*,*,#1525,.F.);
#1622 = CYLINDRICAL_SURFACE('',#1623,4.E-02);
#1623 = AXIS2_PLACEMENT_3D('',#1624,#1625,#1626);
#1624 = CARTESIAN_POINT('',(0.6,-0.585,1.21));
#1625 = DIRECTION('',(1.,0.,0.));
#1626 = DIRECTION('',(0.,-1.,0.));
#1627 = ADVANCED_FACE('',(#1628),#1646,.F.);
#1628 = FACE_BOUND('',#1629,.F.);
#1629 = EDGE_LOOP('',(#1630,#1631,#1632,#1640));
#1630 = ORIENTED_EDGE('',*,*,#1483,.F.);
#1631 = ORIENTED_EDGE('',*,*,#1582,.T.);
#1632 = ORIENTED_EDGE('',*,*,#1633,.T.);
#1633 = EDGE_CURVE('',#1583,#1634,#1636,.T.);
#1634 = VERTEX_POINT('',#1635);
#1635 = CARTESIAN_POINT('',(1.,0.585,0.));
#1636 = LINE('',#1637,#1638);
#1637 = CARTESIAN_POINT('',(1.,-0.625,0.));
#1638 = VECTOR('',#1639,1.);
#1639 = DIRECTION('',(0.,1.,0.));
#1640 = ORIENTED_EDGE('',*,*,#1641,.F.);
#1641 = EDGE_CURVE('',#1484,#1634,#1642,.T.);
#1642 = LINE('',#1643,#1644);
#1643 = CARTESIAN_POINT('',(0.6,0.585,0.));
#1644 = VECTOR('',#1645,1.);
#1645 = DIRECTION('',(1.,0.,0.));
#1646 = PLANE('',#1647);
#1647 = AXIS2_PLACEMENT_3D('',#1648,#1649,#1650);
#1648 = CARTESIAN_POINT('',(0.6,-0.625,0.));
#1649 = DIRECTION('',(0.,0.,1.));
#1650 = DIRECTION('',(1.,0.,-0.));
#1651 = ADVANCED_FACE('',(#1652),#1670,.T.);
#1652 = FACE_BOUND('',#1653,.T.);
#1653 = EDGE_LOOP('',(#1654,#1655,#1656,#1664));
#1654 = ORIENTED_EDGE('',*,*,#1517,.F.);
#1655 = ORIENTED_EDGE('',*,*,#1616,.T.);
#1656 = ORIENTED_EDGE('',*,*,#1657,.T.);
#1657 = EDGE_CURVE('',#1608,#1658,#1660,.T.);
#1658 = VERTEX_POINT('',#1659);
#1659 = CARTESIAN_POINT('',(1.,0.585,1.25));
#1660 = LINE('',#1661,#1662);
#1661 = CARTESIAN_POINT('',(1.,-0.625,1.25));
#1662 = VECTOR('',#1663,1.);
#1663 = DIRECTION('',(0.,1.,0.));
#1664 = ORIENTED_EDGE('',*,*,#1665,.F.);
#1665 = EDGE_CURVE('',#1509,#1658,#1666,.T.);
#1666 = LINE('',#1667,#1668);
#1667 = CARTESIAN_POINT('',(0.6,0.585,1.25));
#1668 = VECTOR('',#1669,1.);
#1669 = DIRECTION('',(1.,0.,0.));
#1670 = PLANE('',#1671);
#1671 = AXIS2_PLACEMENT_3D('',#1672,#1673,#1674);
#1672 = CARTESIAN_POINT('',(0.6,-0.625,1.25));
#1673 = DIRECTION('',(0.,0.,1.));
#1674 = DIRECTION('',(1.,0.,-0.));
#1675 = ADVANCED_FACE('',(#1676),#1695,.T.);
#1676 = FACE_BOUND('',#1677,.T.);
#1677 = EDGE_LOOP('',(#1678,#1686,#1693,#1694));
#1678 = ORIENTED_EDGE('',*,*,#1679,.T.);
#1679 = EDGE_CURVE('',#1492,#1680,#1682,.T.);
#1680 = VERTEX_POINT('',#1681);
#1681 = CARTESIAN_POINT('',(1.,0.625,4.E-02));
#1682 = LINE('',#1683,#1684);
#1683 = CARTESIAN_POINT('',(0.6,0.625,4.E-02));
#1684 = VECTOR('',#1685,1.);
#1685 = DIRECTION('',(1.,0.,0.));
#1686 = ORIENTED_EDGE('',*,*,#1687,.T.);
#1687 = EDGE_CURVE('',#1680,#1634,#1688,.T.);
#1688 = CIRCLE('',#1689,4.E-02);
#1689 = AXIS2_PLACEMENT_3D('',#1690,#1691,#1692);
#1690 = CARTESIAN_POINT('',(1.,0.585,4.E-02));
#1691 = DIRECTION('',(-1.,0.,0.));
#1692 = DIRECTION('',(0.,0.,1.));
#1693 = ORIENTED_EDGE('',*,*,#1641,.F.);
#1694 = ORIENTED_EDGE('',*,*,#1491,.F.);
#1695 = CYLINDRICAL_SURFACE('',#1696,4.E-02);
#1696 = AXIS2_PLACEMENT_3D('',#1697,#1698,#1699);
#1697 = CARTESIAN_POINT('',(0.6,0.585,4.E-02));
#1698 = DIRECTION('',(1.,0.,0.));
#1699 = DIRECTION('',(-0.,1.,0.));
#1700 = ADVANCED_FACE('',(#1701),#1720,.T.);
#1701 = FACE_BOUND('',#1702,.T.);
#1702 = EDGE_LOOP('',(#1703,#1704,#1705,#1714));
#1703 = ORIENTED_EDGE('',*,*,#1508,.T.);
#1704 = ORIENTED_EDGE('',*,*,#1665,.T.);
#1705 = ORIENTED_EDGE('',*,*,#1706,.F.);
#1706 = EDGE_CURVE('',#1707,#1658,#1709,.T.);
#1707 = VERTEX_POINT('',#1708);
#1708 = CARTESIAN_POINT('',(1.,0.625,1.21));
#1709 = CIRCLE('',#1710,4.E-02);
#1710 = AXIS2_PLACEMENT_3D('',#1711,#1712,#1713);
#1711 = CARTESIAN_POINT('',(1.,0.585,1.21));
#1712 = DIRECTION('',(1.,0.,-0.));
#1713 = DIRECTION('',(0.,0.,1.));
#1714 = ORIENTED_EDGE('',*,*,#1715,.F.);
#1715 = EDGE_CURVE('',#1501,#1707,#1716,.T.);
#1716 = LINE('',#1717,#1718);
#1717 = CARTESIAN_POINT('',(0.6,0.625,1.21));
#1718 = VECTOR('',#1719,1.);
#1719 = DIRECTION('',(1.,0.,0.));
#1720 = CYLINDRICAL_SURFACE('',#1721,4.E-02);
#1721 = AXIS2_PLACEMENT_3D('',#1722,#1723,#1724);
#1722 = CARTESIAN_POINT('',(0.6,0.585,1.21));
#1723 = DIRECTION('',(1.,0.,0.));
#1724 = DIRECTION('',(-0.,1.,0.));
#1725 = ADVANCED_FACE('',(#1726),#1737,.T.);
#1726 = FACE_BOUND('',#1727,.T.);
#1727 = EDGE_LOOP('',(#1728,#1734,#1735,#1736));
#1728 = ORIENTED_EDGE('',*,*,#1729,.F.);
#1729 = EDGE_CURVE('',#1680,#1707,#1730,.T.);
#1730 = LINE('',#1731,#1732);
#1731 = CARTESIAN_POINT('',(1.,0.625,0.));
#1732 = VECTOR('',#1733,1.);
#1733 = DIRECTION('',(0.,0.,1.));
#1734 = ORIENTED_EDGE('',*,*,#1679,.F.);
#1735 = ORIENTED_EDGE('',*,*,#1500,.T.);
#1736 = ORIENTED_EDGE('',*,*,#1715,.T.);
#1737 = PLANE('',#1738);
#1738 = AXIS2_PLACEMENT_3D('',#1739,#1740,#1741);
#1739 = CARTESIAN_POINT('',(0.6,0.625,0.));
#1740 = DIRECTION('',(0.,1.,0.));
#1741 = DIRECTION('',(0.,-0.,1.));
#1742 = ADVANCED_FACE('',(#1743),#1753,.T.);
#1743 = FACE_BOUND('',#1744,.T.);
#1744 = EDGE_LOOP('',(#1745,#1746,#1747,#1748,#1749,#1750,#1751,#1752));
#1745 = ORIENTED_EDGE('',*,*,#1550,.F.);
#1746 = ORIENTED_EDGE('',*,*,#1590,.T.);
#1747 = ORIENTED_EDGE('',*,*,#1633,.T.);
#1748 = ORIENTED_EDGE('',*,*,#1687,.F.);
#1749 = ORIENTED_EDGE('',*,*,#1729,.T.);
#1750 = ORIENTED_EDGE('',*,*,#1706,.T.);
#1751 = ORIENTED_EDGE('',*,*,#1657,.F.);
#1752 = ORIENTED_EDGE('',*,*,#1607,.F.);
#1753 = PLANE('',#1754);
#1754 = AXIS2_PLACEMENT_3D('',#1755,#1756,#1757);
#1755 = CARTESIAN_POINT('',(1.,-0.625,0.));
#1756 = DIRECTION('',(1.,0.,0.));
#1757 = DIRECTION('',(0.,0.,1.));
#1758 = ( GEOMETRIC_REPRESENTATION_CONTEXT(3) 
GLOBAL_UNCERTAINTY_ASSIGNED_CONTEXT((#1762)) 
GLOBAL_UNIT_ASSIGNED_CONTEXT((#1759,#1760,#1761)) REPRESENTATION_CONTEXT
('Context #1','3D Context with UNIT and UNCERTAINTY') );
#1759 = ( LENGTH_UNIT() NAMED_UNIT(*) SI_UNIT(.MILLI.,.METRE.) );
#1760 = ( NAMED_UNIT(*) PLANE_ANGLE_UNIT() SI_UNIT($,.RADIAN.) );
#1761 = ( NAMED_UNIT(*) SI_UNIT($,.STERADIAN.) SOLID_ANGLE_UNIT() );
#1762 = UNCERTAINTY_MEASURE_WITH_UNIT(LENGTH_MEASURE(1.E-07),#1759,
  'distance_accuracy_value','confusion accuracy');
#1763 = CONTEXT_DEPENDENT_SHAPE_REPRESENTATION(#1764,#1766);
#1764 = ( REPRESENTATION_RELATIONSHIP('','',#903,#880) 
REPRESENTATION_RELATIONSHIP_WITH_TRANSFORMATION(#1765) 
SHAPE_REPRESENTATION_RELATIONSHIP() );
#1765 = ITEM_DEFINED_TRANSFORMATION('','',#11,#881);
#1766 = PRODUCT_DEFINITION_SHAPE('Placement','Placement of an item',
  #1767);
#1767 = NEXT_ASSEMBLY_USAGE_OCCURRENCE('3','=>[0:1:1:5]','',#875,#898,$
  );
#1768 = PRODUCT_RELATED_PRODUCT_CATEGORY('part',$,(#900));
#1769 = CONTEXT_DEPENDENT_SHAPE_REPRESENTATION(#1770,#1772);
#1770 = ( REPRESENTATION_RELATIONSHIP('','',#48,#10) 
REPRESENTATION_RELATIONSHIP_WITH_TRANSFORMATION(#1771) 
SHAPE_REPRESENTATION_RELATIONSHIP() );
#1771 = ITEM_DEFINED_TRANSFORMATION('','',#11,#23);
#1772 = PRODUCT_DEFINITION_SHAPE('Placement','Placement of an item',
  #1773);
#1773 = NEXT_ASSEMBLY_USAGE_OCCURRENCE('5','R202','',#5,#43,$);
#1774 = CONTEXT_DEPENDENT_SHAPE_REPRESENTATION(#1775,#1777);
#1775 = ( REPRESENTATION_RELATIONSHIP('','',#880,#10) 
REPRESENTATION_RELATIONSHIP_WITH_TRANSFORMATION(#1776) 
SHAPE_REPRESENTATION_RELATIONSHIP() );
#1776 = ITEM_DEFINED_TRANSFORMATION('','',#11,#27);
#1777 = PRODUCT_DEFINITION_SHAPE('Placement','Placement of an item',
  #1778);
#1778 = NEXT_ASSEMBLY_USAGE_OCCURRENCE('6','C102','',#5,#875,$);
#1779 = SHAPE_DEFINITION_REPRESENTATION(#1780,#1786);
#1780 = PRODUCT_DEFINITION_SHAPE('','',#1781);
#1781 = PRODUCT_DEFINITION('design','',#1782,#1785);
#1782 = PRODUCT_DEFINITION_FORMATION('','',#1783);
#1783 = PRODUCT('daisyChainPcb_V1_0-unsaved-export-1OhIXo_PCB',
  'daisyChainPcb_V1_0-unsaved-export-1OhIXo_PCB','',(#1784));
#1784 = PRODUCT_CONTEXT('',#2,'mechanical');
#1785 = PRODUCT_DEFINITION_CONTEXT('part definition',#2,'design');
#1786 = ADVANCED_BREP_SHAPE_REPRESENTATION('',(#11,#1787),#3424);
#1787 = MANIFOLD_SOLID_BREP('',#1788);
#1788 = CLOSED_SHELL('',(#1789,#1831,#1862,#1893,#2321,#2749,#2766,#2783
    ,#2800,#2817,#2834,#2851,#2868,#2885,#2897,#2914,#2931,#2948,#2965,
    #2982,#2999,#3016,#3033,#3050,#3067,#3084,#3101,#3118,#3135,#3152,
    #3169,#3186,#3203,#3220,#3237,#3254,#3271,#3288,#3305,#3322,#3339,
    #3356,#3373,#3390,#3407));
#1789 = ADVANCED_FACE('',(#1790),#1826,.T.);
#1790 = FACE_BOUND('',#1791,.T.);
#1791 = EDGE_LOOP('',(#1792,#1802,#1811,#1819));
#1792 = ORIENTED_EDGE('',*,*,#1793,.T.);
#1793 = EDGE_CURVE('',#1794,#1796,#1798,.T.);
#1794 = VERTEX_POINT('',#1795);
#1795 = CARTESIAN_POINT('',(216.5,-41.,0.));
#1796 = VERTEX_POINT('',#1797);
#1797 = CARTESIAN_POINT('',(216.5,-41.,1.51));
#1798 = LINE('',#1799,#1800);
#1799 = CARTESIAN_POINT('',(216.5,-41.,0.));
#1800 = VECTOR('',#1801,1.);
#1801 = DIRECTION('',(0.,0.,1.));
#1802 = ORIENTED_EDGE('',*,*,#1803,.T.);
#1803 = EDGE_CURVE('',#1796,#1804,#1806,.T.);
#1804 = VERTEX_POINT('',#1805);
#1805 = CARTESIAN_POINT('',(221.5,-46.,1.51));
#1806 = CIRCLE('',#1807,4.999999678834);
#1807 = AXIS2_PLACEMENT_3D('',#1808,#1809,#1810);
#1808 = CARTESIAN_POINT('',(216.50000032116,-45.99999967883,1.51));
#1809 = DIRECTION('',(0.,0.,-1.));
#1810 = DIRECTION('',(-6.42331470194E-08,1.,0.));
#1811 = ORIENTED_EDGE('',*,*,#1812,.F.);
#1812 = EDGE_CURVE('',#1813,#1804,#1815,.T.);
#1813 = VERTEX_POINT('',#1814);
#1814 = CARTESIAN_POINT('',(221.5,-46.,0.));
#1815 = LINE('',#1816,#1817);
#1816 = CARTESIAN_POINT('',(221.5,-46.,0.));
#1817 = VECTOR('',#1818,1.);
#1818 = DIRECTION('',(0.,0.,1.));
#1819 = ORIENTED_EDGE('',*,*,#1820,.F.);
#1820 = EDGE_CURVE('',#1794,#1813,#1821,.T.);
#1821 = CIRCLE('',#1822,4.999999678834);
#1822 = AXIS2_PLACEMENT_3D('',#1823,#1824,#1825);
#1823 = CARTESIAN_POINT('',(216.50000032116,-45.99999967883,0.));
#1824 = DIRECTION('',(0.,0.,-1.));
#1825 = DIRECTION('',(-6.42331470194E-08,1.,0.));
#1826 = CYLINDRICAL_SURFACE('',#1827,4.999999678834);
#1827 = AXIS2_PLACEMENT_3D('',#1828,#1829,#1830);
#1828 = CARTESIAN_POINT('',(216.50000032116,-45.99999967883,0.));
#1829 = DIRECTION('',(0.,0.,-1.));
#1830 = DIRECTION('',(-6.42331470194E-08,1.,0.));
#1831 = ADVANCED_FACE('',(#1832),#1857,.T.);
#1832 = FACE_BOUND('',#1833,.T.);
#1833 = EDGE_LOOP('',(#1834,#1844,#1850,#1851));
#1834 = ORIENTED_EDGE('',*,*,#1835,.T.);
#1835 = EDGE_CURVE('',#1836,#1838,#1840,.T.);
#1836 = VERTEX_POINT('',#1837);
#1837 = CARTESIAN_POINT('',(173.,-41.,0.));
#1838 = VERTEX_POINT('',#1839);
#1839 = CARTESIAN_POINT('',(173.,-41.,1.51));
#1840 = LINE('',#1841,#1842);
#1841 = CARTESIAN_POINT('',(173.,-41.,0.));
#1842 = VECTOR('',#1843,1.);
#1843 = DIRECTION('',(0.,0.,1.));
#1844 = ORIENTED_EDGE('',*,*,#1845,.T.);
#1845 = EDGE_CURVE('',#1838,#1796,#1846,.T.);
#1846 = LINE('',#1847,#1848);
#1847 = CARTESIAN_POINT('',(173.,-41.,1.51));
#1848 = VECTOR('',#1849,1.);
#1849 = DIRECTION('',(1.,0.,0.));
#1850 = ORIENTED_EDGE('',*,*,#1793,.F.);
#1851 = ORIENTED_EDGE('',*,*,#1852,.F.);
#1852 = EDGE_CURVE('',#1836,#1794,#1853,.T.);
#1853 = LINE('',#1854,#1855);
#1854 = CARTESIAN_POINT('',(173.,-41.,0.));
#1855 = VECTOR('',#1856,1.);
#1856 = DIRECTION('',(1.,0.,0.));
#1857 = PLANE('',#1858);
#1858 = AXIS2_PLACEMENT_3D('',#1859,#1860,#1861);
#1859 = CARTESIAN_POINT('',(173.,-41.,0.));
#1860 = DIRECTION('',(0.,1.,0.));
#1861 = DIRECTION('',(1.,0.,0.));
#1862 = ADVANCED_FACE('',(#1863),#1888,.T.);
#1863 = FACE_BOUND('',#1864,.T.);
#1864 = EDGE_LOOP('',(#1865,#1866,#1874,#1882));
#1865 = ORIENTED_EDGE('',*,*,#1812,.T.);
#1866 = ORIENTED_EDGE('',*,*,#1867,.T.);
#1867 = EDGE_CURVE('',#1804,#1868,#1870,.T.);
#1868 = VERTEX_POINT('',#1869);
#1869 = CARTESIAN_POINT('',(221.5,-133.,1.51));
#1870 = LINE('',#1871,#1872);
#1871 = CARTESIAN_POINT('',(221.5,-46.,1.51));
#1872 = VECTOR('',#1873,1.);
#1873 = DIRECTION('',(0.,-1.,0.));
#1874 = ORIENTED_EDGE('',*,*,#1875,.F.);
#1875 = EDGE_CURVE('',#1876,#1868,#1878,.T.);
#1876 = VERTEX_POINT('',#1877);
#1877 = CARTESIAN_POINT('',(221.5,-133.,0.));
#1878 = LINE('',#1879,#1880);
#1879 = CARTESIAN_POINT('',(221.5,-133.,0.));
#1880 = VECTOR('',#1881,1.);
#1881 = DIRECTION('',(0.,0.,1.));
#1882 = ORIENTED_EDGE('',*,*,#1883,.F.);
#1883 = EDGE_CURVE('',#1813,#1876,#1884,.T.);
#1884 = LINE('',#1885,#1886);
#1885 = CARTESIAN_POINT('',(221.5,-46.,0.));
#1886 = VECTOR('',#1887,1.);
#1887 = DIRECTION('',(0.,-1.,0.));
#1888 = PLANE('',#1889);
#1889 = AXIS2_PLACEMENT_3D('',#1890,#1891,#1892);
#1890 = CARTESIAN_POINT('',(221.5,-46.,0.));
#1891 = DIRECTION('',(1.,0.,-0.));
#1892 = DIRECTION('',(0.,-1.,0.));
#1893 = ADVANCED_FACE('',(#1894,#1975,#1986,#1997,#2008,#2019,#2030,
    #2041,#2052,#2063,#2074,#2085,#2096,#2107,#2118,#2129,#2140,#2151,
    #2162,#2173,#2184,#2195,#2206,#2217,#2228,#2239,#2250,#2261,#2272,
    #2283,#2294,#2305),#2316,.F.);
#1894 = FACE_BOUND('',#1895,.F.);
#1895 = EDGE_LOOP('',(#1896,#1897,#1898,#1907,#1915,#1924,#1933,#1942,
    #1950,#1959,#1967,#1974));
#1896 = ORIENTED_EDGE('',*,*,#1820,.F.);
#1897 = ORIENTED_EDGE('',*,*,#1852,.F.);
#1898 = ORIENTED_EDGE('',*,*,#1899,.F.);
#1899 = EDGE_CURVE('',#1900,#1836,#1902,.T.);
#1900 = VERTEX_POINT('',#1901);
#1901 = CARTESIAN_POINT('',(168.,-46.,0.));
#1902 = CIRCLE('',#1903,4.999999678834);
#1903 = AXIS2_PLACEMENT_3D('',#1904,#1905,#1906);
#1904 = CARTESIAN_POINT('',(172.99999967883,-45.99999967883,0.));
#1905 = DIRECTION('',(0.,0.,-1.));
#1906 = DIRECTION('',(-1.,-6.42331470194E-08,-0.));
#1907 = ORIENTED_EDGE('',*,*,#1908,.F.);
#1908 = EDGE_CURVE('',#1909,#1900,#1911,.T.);
#1909 = VERTEX_POINT('',#1910);
#1910 = CARTESIAN_POINT('',(168.,-48.80602,0.));
#1911 = LINE('',#1912,#1913);
#1912 = CARTESIAN_POINT('',(168.,-48.80602,0.));
#1913 = VECTOR('',#1914,1.);
#1914 = DIRECTION('',(0.,1.,0.));
#1915 = ORIENTED_EDGE('',*,*,#1916,.F.);
#1916 = EDGE_CURVE('',#1917,#1909,#1919,.T.);
#1917 = VERTEX_POINT('',#1918);
#1918 = CARTESIAN_POINT('',(172.390244,-53.768701,0.));
#1919 = CIRCLE('',#1920,4.999998910965);
#1920 = AXIS2_PLACEMENT_3D('',#1921,#1922,#1923);
#1921 = CARTESIAN_POINT('',(172.99999891096,-48.80602147597,0.));
#1922 = DIRECTION('',(0.,0.,-1.));
#1923 = DIRECTION('',(-0.121951008755,-0.992536120987,-0.));
#1924 = ORIENTED_EDGE('',*,*,#1925,.F.);
#1925 = EDGE_CURVE('',#1926,#1917,#1928,.T.);
#1926 = VERTEX_POINT('',#1927);
#1927 = CARTESIAN_POINT('',(172.390244,-125.231299,0.));
#1928 = CIRCLE('',#1929,35.999999535063);
#1929 = AXIS2_PLACEMENT_3D('',#1930,#1931,#1932);
#1930 = CARTESIAN_POINT('',(168.00000046493,-89.5,0.));
#1931 = DIRECTION('',(0.,-0.,1.));
#1932 = DIRECTION('',(0.121951210882,-0.992536096152,-0.));
#1933 = ORIENTED_EDGE('',*,*,#1934,.F.);
#1934 = EDGE_CURVE('',#1935,#1926,#1937,.T.);
#1935 = VERTEX_POINT('',#1936);
#1936 = CARTESIAN_POINT('',(168.,-130.19398,0.));
#1937 = CIRCLE('',#1938,5.000001145776);
#1938 = AXIS2_PLACEMENT_3D('',#1939,#1940,#1941);
#1939 = CARTESIAN_POINT('',(173.00000114577,-130.193980501,0.));
#1940 = DIRECTION('',(0.,0.,-1.));
#1941 = DIRECTION('',(-1.,1.002114343017E-07,0.));
#1942 = ORIENTED_EDGE('',*,*,#1943,.F.);
#1943 = EDGE_CURVE('',#1944,#1935,#1946,.T.);
#1944 = VERTEX_POINT('',#1945);
#1945 = CARTESIAN_POINT('',(168.,-133.,0.));
#1946 = LINE('',#1947,#1948);
#1947 = CARTESIAN_POINT('',(168.,-133.,0.));
#1948 = VECTOR('',#1949,1.);
#1949 = DIRECTION('',(0.,1.,0.));
#1950 = ORIENTED_EDGE('',*,*,#1951,.F.);
#1951 = EDGE_CURVE('',#1952,#1944,#1954,.T.);
#1952 = VERTEX_POINT('',#1953);
#1953 = CARTESIAN_POINT('',(173.,-138.,0.));
#1954 = CIRCLE('',#1955,4.999999678834);
#1955 = AXIS2_PLACEMENT_3D('',#1956,#1957,#1958);
#1956 = CARTESIAN_POINT('',(172.99999967883,-133.0000003211,0.));
#1957 = DIRECTION('',(0.,0.,-1.));
#1958 = DIRECTION('',(6.42331470194E-08,-1.,0.));
#1959 = ORIENTED_EDGE('',*,*,#1960,.F.);
#1960 = EDGE_CURVE('',#1961,#1952,#1963,.T.);
#1961 = VERTEX_POINT('',#1962);
#1962 = CARTESIAN_POINT('',(216.5,-138.,0.));
#1963 = LINE('',#1964,#1965);
#1964 = CARTESIAN_POINT('',(216.5,-138.,0.));
#1965 = VECTOR('',#1966,1.);
#1966 = DIRECTION('',(-1.,0.,0.));
#1967 = ORIENTED_EDGE('',*,*,#1968,.F.);
#1968 = EDGE_CURVE('',#1876,#1961,#1969,.T.);
#1969 = CIRCLE('',#1970,4.999999678834);
#1970 = AXIS2_PLACEMENT_3D('',#1971,#1972,#1973);
#1971 = CARTESIAN_POINT('',(216.50000032116,-133.0000003211,0.));
#1972 = DIRECTION('',(0.,0.,-1.));
#1973 = DIRECTION('',(1.,6.42331470194E-08,0.));
#1974 = ORIENTED_EDGE('',*,*,#1883,.F.);
#1975 = FACE_BOUND('',#1976,.F.);
#1976 = EDGE_LOOP('',(#1977));
#1977 = ORIENTED_EDGE('',*,*,#1978,.T.);
#1978 = EDGE_CURVE('',#1979,#1979,#1981,.T.);
#1979 = VERTEX_POINT('',#1980);
#1980 = CARTESIAN_POINT('',(179.646857,-135.116662,0.));
#1981 = CIRCLE('',#1982,2.15);
#1982 = AXIS2_PLACEMENT_3D('',#1983,#1984,#1985);
#1983 = CARTESIAN_POINT('',(179.646857,-132.966662,0.));
#1984 = DIRECTION('',(-0.,0.,-1.));
#1985 = DIRECTION('',(-0.,-1.,0.));
#1986 = FACE_BOUND('',#1987,.F.);
#1987 = EDGE_LOOP('',(#1988));
#1988 = ORIENTED_EDGE('',*,*,#1989,.T.);
#1989 = EDGE_CURVE('',#1990,#1990,#1992,.T.);
#1990 = VERTEX_POINT('',#1991);
#1991 = CARTESIAN_POINT('',(186.09977,-133.825,0.));
#1992 = CIRCLE('',#1993,0.5);
#1993 = AXIS2_PLACEMENT_3D('',#1994,#1995,#1996);
#1994 = CARTESIAN_POINT('',(186.09977,-133.325,0.));
#1995 = DIRECTION('',(-0.,0.,-1.));
#1996 = DIRECTION('',(-0.,-1.,0.));
#1997 = FACE_BOUND('',#1998,.F.);
#1998 = EDGE_LOOP('',(#1999));
#1999 = ORIENTED_EDGE('',*,*,#2000,.T.);
#2000 = EDGE_CURVE('',#2001,#2001,#2003,.T.);
#2001 = VERTEX_POINT('',#2002);
#2002 = CARTESIAN_POINT('',(197.09977,-133.825,0.));
#2003 = CIRCLE('',#2004,0.5);
#2004 = AXIS2_PLACEMENT_3D('',#2005,#2006,#2007);
#2005 = CARTESIAN_POINT('',(197.09977,-133.325,0.));
#2006 = DIRECTION('',(-0.,0.,-1.));
#2007 = DIRECTION('',(-0.,-1.,0.));
#2008 = FACE_BOUND('',#2009,.F.);
#2009 = EDGE_LOOP('',(#2010));
#2010 = ORIENTED_EDGE('',*,*,#2011,.T.);
#2011 = EDGE_CURVE('',#2012,#2012,#2014,.T.);
#2012 = VERTEX_POINT('',#2013);
#2013 = CARTESIAN_POINT('',(189.09977,-124.275,0.));
#2014 = CIRCLE('',#2015,0.95);
#2015 = AXIS2_PLACEMENT_3D('',#2016,#2017,#2018);
#2016 = CARTESIAN_POINT('',(189.09977,-123.325,0.));
#2017 = DIRECTION('',(-0.,0.,-1.));
#2018 = DIRECTION('',(2.991758887411E-14,-1.,-0.));
#2019 = FACE_BOUND('',#2020,.F.);
#2020 = EDGE_LOOP('',(#2021));
#2021 = ORIENTED_EDGE('',*,*,#2022,.T.);
#2022 = EDGE_CURVE('',#2023,#2023,#2025,.T.);
#2023 = VERTEX_POINT('',#2024);
#2024 = CARTESIAN_POINT('',(194.09977,-124.275,0.));
#2025 = CIRCLE('',#2026,0.95);
#2026 = AXIS2_PLACEMENT_3D('',#2027,#2028,#2029);
#2027 = CARTESIAN_POINT('',(194.09977,-123.325,0.));
#2028 = DIRECTION('',(-0.,0.,-1.));
#2029 = DIRECTION('',(2.991758887411E-14,-1.,-0.));
#2030 = FACE_BOUND('',#2031,.F.);
#2031 = EDGE_LOOP('',(#2032));
#2032 = ORIENTED_EDGE('',*,*,#2033,.T.);
#2033 = EDGE_CURVE('',#2034,#2034,#2036,.T.);
#2034 = VERTEX_POINT('',#2035);
#2035 = CARTESIAN_POINT('',(205.4475,-130.85,0.));
#2036 = CIRCLE('',#2037,1.6);
#2037 = AXIS2_PLACEMENT_3D('',#2038,#2039,#2040);
#2038 = CARTESIAN_POINT('',(205.4475,-129.25,0.));
#2039 = DIRECTION('',(-0.,0.,-1.));
#2040 = DIRECTION('',(-0.,-1.,0.));
#2041 = FACE_BOUND('',#2042,.F.);
#2042 = EDGE_LOOP('',(#2043));
#2043 = ORIENTED_EDGE('',*,*,#2044,.T.);
#2044 = EDGE_CURVE('',#2045,#2045,#2047,.T.);
#2045 = VERTEX_POINT('',#2046);
#2046 = CARTESIAN_POINT('',(206.7175,-123.28,0.));
#2047 = CIRCLE('',#2048,0.38);
#2048 = AXIS2_PLACEMENT_3D('',#2049,#2050,#2051);
#2049 = CARTESIAN_POINT('',(206.7175,-122.9,0.));
#2050 = DIRECTION('',(-0.,0.,-1.));
#2051 = DIRECTION('',(-0.,-1.,0.));
#2052 = FACE_BOUND('',#2053,.F.);
#2053 = EDGE_LOOP('',(#2054));
#2054 = ORIENTED_EDGE('',*,*,#2055,.T.);
#2055 = EDGE_CURVE('',#2056,#2056,#2058,.T.);
#2056 = VERTEX_POINT('',#2057);
#2057 = CARTESIAN_POINT('',(209.2575,-123.28,0.));
#2058 = CIRCLE('',#2059,0.38);
#2059 = AXIS2_PLACEMENT_3D('',#2060,#2061,#2062);
#2060 = CARTESIAN_POINT('',(209.2575,-122.9,0.));
#2061 = DIRECTION('',(-0.,0.,-1.));
#2062 = DIRECTION('',(-0.,-1.,0.));
#2063 = FACE_BOUND('',#2064,.F.);
#2064 = EDGE_LOOP('',(#2065));
#2065 = ORIENTED_EDGE('',*,*,#2066,.T.);
#2066 = EDGE_CURVE('',#2067,#2067,#2069,.T.);
#2067 = VERTEX_POINT('',#2068);
#2068 = CARTESIAN_POINT('',(207.9875,-120.74,0.));
#2069 = CIRCLE('',#2070,0.38);
#2070 = AXIS2_PLACEMENT_3D('',#2071,#2072,#2073);
#2071 = CARTESIAN_POINT('',(207.9875,-120.36,0.));
#2072 = DIRECTION('',(-0.,0.,-1.));
#2073 = DIRECTION('',(-0.,-1.,0.));
#2074 = FACE_BOUND('',#2075,.F.);
#2075 = EDGE_LOOP('',(#2076));
#2076 = ORIENTED_EDGE('',*,*,#2077,.T.);
#2077 = EDGE_CURVE('',#2078,#2078,#2080,.T.);
#2078 = VERTEX_POINT('',#2079);
#2079 = CARTESIAN_POINT('',(216.8775,-130.85,0.));
#2080 = CIRCLE('',#2081,1.6);
#2081 = AXIS2_PLACEMENT_3D('',#2082,#2083,#2084);
#2082 = CARTESIAN_POINT('',(216.8775,-129.25,0.));
#2083 = DIRECTION('',(-0.,0.,-1.));
#2084 = DIRECTION('',(-0.,-1.,0.));
#2085 = FACE_BOUND('',#2086,.F.);
#2086 = EDGE_LOOP('',(#2087));
#2087 = ORIENTED_EDGE('',*,*,#2088,.T.);
#2088 = EDGE_CURVE('',#2089,#2089,#2091,.T.);
#2089 = VERTEX_POINT('',#2090);
#2090 = CARTESIAN_POINT('',(211.7975,-123.28,0.));
#2091 = CIRCLE('',#2092,0.38);
#2092 = AXIS2_PLACEMENT_3D('',#2093,#2094,#2095);
#2093 = CARTESIAN_POINT('',(211.7975,-122.9,0.));
#2094 = DIRECTION('',(-0.,0.,-1.));
#2095 = DIRECTION('',(-0.,-1.,0.));
#2096 = FACE_BOUND('',#2097,.F.);
#2097 = EDGE_LOOP('',(#2098));
#2098 = ORIENTED_EDGE('',*,*,#2099,.T.);
#2099 = EDGE_CURVE('',#2100,#2100,#2102,.T.);
#2100 = VERTEX_POINT('',#2101);
#2101 = CARTESIAN_POINT('',(210.5275,-120.74,0.));
#2102 = CIRCLE('',#2103,0.38);
#2103 = AXIS2_PLACEMENT_3D('',#2104,#2105,#2106);
#2104 = CARTESIAN_POINT('',(210.5275,-120.36,0.));
#2105 = DIRECTION('',(-0.,0.,-1.));
#2106 = DIRECTION('',(-0.,-1.,0.));
#2107 = FACE_BOUND('',#2108,.F.);
#2108 = EDGE_LOOP('',(#2109));
#2109 = ORIENTED_EDGE('',*,*,#2110,.T.);
#2110 = EDGE_CURVE('',#2111,#2111,#2113,.T.);
#2111 = VERTEX_POINT('',#2112);
#2112 = CARTESIAN_POINT('',(214.3375,-123.28,0.));
#2113 = CIRCLE('',#2114,0.38);
#2114 = AXIS2_PLACEMENT_3D('',#2115,#2116,#2117);
#2115 = CARTESIAN_POINT('',(214.3375,-122.9,0.));
#2116 = DIRECTION('',(-0.,0.,-1.));
#2117 = DIRECTION('',(-0.,-1.,0.));
#2118 = FACE_BOUND('',#2119,.F.);
#2119 = EDGE_LOOP('',(#2120));
#2120 = ORIENTED_EDGE('',*,*,#2121,.T.);
#2121 = EDGE_CURVE('',#2122,#2122,#2124,.T.);
#2122 = VERTEX_POINT('',#2123);
#2123 = CARTESIAN_POINT('',(213.0675,-120.74,0.));
#2124 = CIRCLE('',#2125,0.38);
#2125 = AXIS2_PLACEMENT_3D('',#2126,#2127,#2128);
#2126 = CARTESIAN_POINT('',(213.0675,-120.36,0.));
#2127 = DIRECTION('',(-0.,0.,-1.));
#2128 = DIRECTION('',(-0.,-1.,0.));
#2129 = FACE_BOUND('',#2130,.F.);
#2130 = EDGE_LOOP('',(#2131));
#2131 = ORIENTED_EDGE('',*,*,#2132,.T.);
#2132 = EDGE_CURVE('',#2133,#2133,#2135,.T.);
#2133 = VERTEX_POINT('',#2134);
#2134 = CARTESIAN_POINT('',(215.6075,-120.74,0.));
#2135 = CIRCLE('',#2136,0.38);
#2136 = AXIS2_PLACEMENT_3D('',#2137,#2138,#2139);
#2137 = CARTESIAN_POINT('',(215.6075,-120.36,0.));
#2138 = DIRECTION('',(-0.,0.,-1.));
#2139 = DIRECTION('',(-7.479397218527E-14,-1.,0.));
#2140 = FACE_BOUND('',#2141,.F.);
#2141 = EDGE_LOOP('',(#2142));
#2142 = ORIENTED_EDGE('',*,*,#2143,.T.);
#2143 = EDGE_CURVE('',#2144,#2144,#2146,.T.);
#2144 = VERTEX_POINT('',#2145);
#2145 = CARTESIAN_POINT('',(211.466662,-103.296857,0.));
#2146 = CIRCLE('',#2147,2.15);
#2147 = AXIS2_PLACEMENT_3D('',#2148,#2149,#2150);
#2148 = CARTESIAN_POINT('',(211.466662,-101.146857,0.));
#2149 = DIRECTION('',(-0.,0.,-1.));
#2150 = DIRECTION('',(1.321939973507E-14,-1.,-0.));
#2151 = FACE_BOUND('',#2152,.F.);
#2152 = EDGE_LOOP('',(#2153));
#2153 = ORIENTED_EDGE('',*,*,#2154,.T.);
#2154 = EDGE_CURVE('',#2155,#2155,#2157,.T.);
#2155 = VERTEX_POINT('',#2156);
#2156 = CARTESIAN_POINT('',(182.59977,-45.575,0.));
#2157 = CIRCLE('',#2158,0.5);
#2158 = AXIS2_PLACEMENT_3D('',#2159,#2160,#2161);
#2159 = CARTESIAN_POINT('',(182.59977,-45.075,0.));
#2160 = DIRECTION('',(-0.,0.,-1.));
#2161 = DIRECTION('',(-0.,-1.,0.));
#2162 = FACE_BOUND('',#2163,.F.);
#2163 = EDGE_LOOP('',(#2164));
#2164 = ORIENTED_EDGE('',*,*,#2165,.T.);
#2165 = EDGE_CURVE('',#2166,#2166,#2168,.T.);
#2166 = VERTEX_POINT('',#2167);
#2167 = CARTESIAN_POINT('',(185.59977,-56.025,0.));
#2168 = CIRCLE('',#2169,0.95);
#2169 = AXIS2_PLACEMENT_3D('',#2170,#2171,#2172);
#2170 = CARTESIAN_POINT('',(185.59977,-55.075,0.));
#2171 = DIRECTION('',(-0.,0.,-1.));
#2172 = DIRECTION('',(2.991758887411E-14,-1.,-0.));
#2173 = FACE_BOUND('',#2174,.F.);
#2174 = EDGE_LOOP('',(#2175));
#2175 = ORIENTED_EDGE('',*,*,#2176,.T.);
#2176 = EDGE_CURVE('',#2177,#2177,#2179,.T.);
#2177 = VERTEX_POINT('',#2178);
#2178 = CARTESIAN_POINT('',(190.59977,-56.025,0.));
#2179 = CIRCLE('',#2180,0.95);
#2180 = AXIS2_PLACEMENT_3D('',#2181,#2182,#2183);
#2181 = CARTESIAN_POINT('',(190.59977,-55.075,0.));
#2182 = DIRECTION('',(-0.,0.,-1.));
#2183 = DIRECTION('',(2.991758887411E-14,-1.,-0.));
#2184 = FACE_BOUND('',#2185,.F.);
#2185 = EDGE_LOOP('',(#2186));
#2186 = ORIENTED_EDGE('',*,*,#2187,.T.);
#2187 = EDGE_CURVE('',#2188,#2188,#2190,.T.);
#2188 = VERTEX_POINT('',#2189);
#2189 = CARTESIAN_POINT('',(193.59977,-45.575,0.));
#2190 = CIRCLE('',#2191,0.5);
#2191 = AXIS2_PLACEMENT_3D('',#2192,#2193,#2194);
#2192 = CARTESIAN_POINT('',(193.59977,-45.075,0.));
#2193 = DIRECTION('',(-0.,0.,-1.));
#2194 = DIRECTION('',(-0.,-1.,0.));
#2195 = FACE_BOUND('',#2196,.F.);
#2196 = EDGE_LOOP('',(#2197));
#2197 = ORIENTED_EDGE('',*,*,#2198,.T.);
#2198 = EDGE_CURVE('',#2199,#2199,#2201,.T.);
#2199 = VERTEX_POINT('',#2200);
#2200 = CARTESIAN_POINT('',(199.819805,-59.830195,0.));
#2201 = CIRCLE('',#2202,2.15);
#2202 = AXIS2_PLACEMENT_3D('',#2203,#2204,#2205);
#2203 = CARTESIAN_POINT('',(199.819805,-57.680195,0.));
#2204 = DIRECTION('',(-0.,0.,-1.));
#2205 = DIRECTION('',(-0.,-1.,0.));
#2206 = FACE_BOUND('',#2207,.F.);
#2207 = EDGE_LOOP('',(#2208));
#2208 = ORIENTED_EDGE('',*,*,#2209,.T.);
#2209 = EDGE_CURVE('',#2210,#2210,#2212,.T.);
#2210 = VERTEX_POINT('',#2211);
#2211 = CARTESIAN_POINT('',(208.3425,-59.145,0.));
#2212 = CIRCLE('',#2213,0.38);
#2213 = AXIS2_PLACEMENT_3D('',#2214,#2215,#2216);
#2214 = CARTESIAN_POINT('',(208.3425,-58.765,0.));
#2215 = DIRECTION('',(-0.,0.,-1.));
#2216 = DIRECTION('',(-0.,-1.,0.));
#2217 = FACE_BOUND('',#2218,.F.);
#2218 = EDGE_LOOP('',(#2219));
#2219 = ORIENTED_EDGE('',*,*,#2220,.T.);
#2220 = EDGE_CURVE('',#2221,#2221,#2223,.T.);
#2221 = VERTEX_POINT('',#2222);
#2222 = CARTESIAN_POINT('',(207.0725,-51.475,0.));
#2223 = CIRCLE('',#2224,1.6);
#2224 = AXIS2_PLACEMENT_3D('',#2225,#2226,#2227);
#2225 = CARTESIAN_POINT('',(207.0725,-49.875,0.));
#2226 = DIRECTION('',(-0.,0.,-1.));
#2227 = DIRECTION('',(-0.,-1.,0.));
#2228 = FACE_BOUND('',#2229,.F.);
#2229 = EDGE_LOOP('',(#2230));
#2230 = ORIENTED_EDGE('',*,*,#2231,.T.);
#2231 = EDGE_CURVE('',#2232,#2232,#2234,.T.);
#2232 = VERTEX_POINT('',#2233);
#2233 = CARTESIAN_POINT('',(210.8825,-59.145,0.));
#2234 = CIRCLE('',#2235,0.38);
#2235 = AXIS2_PLACEMENT_3D('',#2236,#2237,#2238);
#2236 = CARTESIAN_POINT('',(210.8825,-58.765,0.));
#2237 = DIRECTION('',(-0.,0.,-1.));
#2238 = DIRECTION('',(-0.,-1.,0.));
#2239 = FACE_BOUND('',#2240,.F.);
#2240 = EDGE_LOOP('',(#2241));
#2241 = ORIENTED_EDGE('',*,*,#2242,.T.);
#2242 = EDGE_CURVE('',#2243,#2243,#2245,.T.);
#2243 = VERTEX_POINT('',#2244);
#2244 = CARTESIAN_POINT('',(209.6125,-56.605,0.));
#2245 = CIRCLE('',#2246,0.38);
#2246 = AXIS2_PLACEMENT_3D('',#2247,#2248,#2249);
#2247 = CARTESIAN_POINT('',(209.6125,-56.225,0.));
#2248 = DIRECTION('',(-0.,0.,-1.));
#2249 = DIRECTION('',(-0.,-1.,0.));
#2250 = FACE_BOUND('',#2251,.F.);
#2251 = EDGE_LOOP('',(#2252));
#2252 = ORIENTED_EDGE('',*,*,#2253,.T.);
#2253 = EDGE_CURVE('',#2254,#2254,#2256,.T.);
#2254 = VERTEX_POINT('',#2255);
#2255 = CARTESIAN_POINT('',(213.4225,-59.145,0.));
#2256 = CIRCLE('',#2257,0.38);
#2257 = AXIS2_PLACEMENT_3D('',#2258,#2259,#2260);
#2258 = CARTESIAN_POINT('',(213.4225,-58.765,0.));
#2259 = DIRECTION('',(-0.,0.,-1.));
#2260 = DIRECTION('',(-0.,-1.,0.));
#2261 = FACE_BOUND('',#2262,.F.);
#2262 = EDGE_LOOP('',(#2263));
#2263 = ORIENTED_EDGE('',*,*,#2264,.T.);
#2264 = EDGE_CURVE('',#2265,#2265,#2267,.T.);
#2265 = VERTEX_POINT('',#2266);
#2266 = CARTESIAN_POINT('',(212.1525,-56.605,0.));
#2267 = CIRCLE('',#2268,0.38);
#2268 = AXIS2_PLACEMENT_3D('',#2269,#2270,#2271);
#2269 = CARTESIAN_POINT('',(212.1525,-56.225,0.));
#2270 = DIRECTION('',(-0.,0.,-1.));
#2271 = DIRECTION('',(-0.,-1.,0.));
#2272 = FACE_BOUND('',#2273,.F.);
#2273 = EDGE_LOOP('',(#2274));
#2274 = ORIENTED_EDGE('',*,*,#2275,.T.);
#2275 = EDGE_CURVE('',#2276,#2276,#2278,.T.);
#2276 = VERTEX_POINT('',#2277);
#2277 = CARTESIAN_POINT('',(214.6925,-56.605,0.));
#2278 = CIRCLE('',#2279,0.38);
#2279 = AXIS2_PLACEMENT_3D('',#2280,#2281,#2282);
#2280 = CARTESIAN_POINT('',(214.6925,-56.225,0.));
#2281 = DIRECTION('',(-0.,0.,-1.));
#2282 = DIRECTION('',(-0.,-1.,0.));
#2283 = FACE_BOUND('',#2284,.F.);
#2284 = EDGE_LOOP('',(#2285));
#2285 = ORIENTED_EDGE('',*,*,#2286,.T.);
#2286 = EDGE_CURVE('',#2287,#2287,#2289,.T.);
#2287 = VERTEX_POINT('',#2288);
#2288 = CARTESIAN_POINT('',(215.9625,-59.145,0.));
#2289 = CIRCLE('',#2290,0.38);
#2290 = AXIS2_PLACEMENT_3D('',#2291,#2292,#2293);
#2291 = CARTESIAN_POINT('',(215.9625,-58.765,0.));
#2292 = DIRECTION('',(-0.,0.,-1.));
#2293 = DIRECTION('',(-0.,-1.,0.));
#2294 = FACE_BOUND('',#2295,.F.);
#2295 = EDGE_LOOP('',(#2296));
#2296 = ORIENTED_EDGE('',*,*,#2297,.T.);
#2297 = EDGE_CURVE('',#2298,#2298,#2300,.T.);
#2298 = VERTEX_POINT('',#2299);
#2299 = CARTESIAN_POINT('',(217.2325,-56.605,0.));
#2300 = CIRCLE('',#2301,0.38);
#2301 = AXIS2_PLACEMENT_3D('',#2302,#2303,#2304);
#2302 = CARTESIAN_POINT('',(217.2325,-56.225,0.));
#2303 = DIRECTION('',(-0.,0.,-1.));
#2304 = DIRECTION('',(-7.479397218527E-14,-1.,0.));
#2305 = FACE_BOUND('',#2306,.F.);
#2306 = EDGE_LOOP('',(#2307));
#2307 = ORIENTED_EDGE('',*,*,#2308,.T.);
#2308 = EDGE_CURVE('',#2309,#2309,#2311,.T.);
#2309 = VERTEX_POINT('',#2310);
#2310 = CARTESIAN_POINT('',(218.5025,-51.475,0.));
#2311 = CIRCLE('',#2312,1.6);
#2312 = AXIS2_PLACEMENT_3D('',#2313,#2314,#2315);
#2313 = CARTESIAN_POINT('',(218.5025,-49.875,0.));
#2314 = DIRECTION('',(-0.,0.,-1.));
#2315 = DIRECTION('',(-0.,-1.,0.));
#2316 = PLANE('',#2317);
#2317 = AXIS2_PLACEMENT_3D('',#2318,#2319,#2320);
#2318 = CARTESIAN_POINT('',(0.,0.,0.));
#2319 = DIRECTION('',(0.,0.,1.));
#2320 = DIRECTION('',(1.,0.,-0.));
#2321 = ADVANCED_FACE('',(#2322,#2403,#2414,#2425,#2436,#2447,#2458,
    #2469,#2480,#2491,#2502,#2513,#2524,#2535,#2546,#2557,#2568,#2579,
    #2590,#2601,#2612,#2623,#2634,#2645,#2656,#2667,#2678,#2689,#2700,
    #2711,#2722,#2733),#2744,.T.);
#2322 = FACE_BOUND('',#2323,.T.);
#2323 = EDGE_LOOP('',(#2324,#2325,#2326,#2335,#2343,#2352,#2361,#2370,
    #2378,#2387,#2395,#2402));
#2324 = ORIENTED_EDGE('',*,*,#1803,.F.);
#2325 = ORIENTED_EDGE('',*,*,#1845,.F.);
#2326 = ORIENTED_EDGE('',*,*,#2327,.F.);
#2327 = EDGE_CURVE('',#2328,#1838,#2330,.T.);
#2328 = VERTEX_POINT('',#2329);
#2329 = CARTESIAN_POINT('',(168.,-46.,1.51));
#2330 = CIRCLE('',#2331,4.999999678834);
#2331 = AXIS2_PLACEMENT_3D('',#2332,#2333,#2334);
#2332 = CARTESIAN_POINT('',(172.99999967883,-45.99999967883,1.51));
#2333 = DIRECTION('',(0.,0.,-1.));
#2334 = DIRECTION('',(-1.,-6.42331470194E-08,-0.));
#2335 = ORIENTED_EDGE('',*,*,#2336,.F.);
#2336 = EDGE_CURVE('',#2337,#2328,#2339,.T.);
#2337 = VERTEX_POINT('',#2338);
#2338 = CARTESIAN_POINT('',(168.,-48.80602,1.51));
#2339 = LINE('',#2340,#2341);
#2340 = CARTESIAN_POINT('',(168.,-48.80602,1.51));
#2341 = VECTOR('',#2342,1.);
#2342 = DIRECTION('',(0.,1.,0.));
#2343 = ORIENTED_EDGE('',*,*,#2344,.F.);
#2344 = EDGE_CURVE('',#2345,#2337,#2347,.T.);
#2345 = VERTEX_POINT('',#2346);
#2346 = CARTESIAN_POINT('',(172.390244,-53.768701,1.51));
#2347 = CIRCLE('',#2348,4.999998910965);
#2348 = AXIS2_PLACEMENT_3D('',#2349,#2350,#2351);
#2349 = CARTESIAN_POINT('',(172.99999891096,-48.80602147597,1.51));
#2350 = DIRECTION('',(0.,0.,-1.));
#2351 = DIRECTION('',(-0.121951008755,-0.992536120987,-0.));
#2352 = ORIENTED_EDGE('',*,*,#2353,.F.);
#2353 = EDGE_CURVE('',#2354,#2345,#2356,.T.);
#2354 = VERTEX_POINT('',#2355);
#2355 = CARTESIAN_POINT('',(172.390244,-125.231299,1.51));
#2356 = CIRCLE('',#2357,35.999999535063);
#2357 = AXIS2_PLACEMENT_3D('',#2358,#2359,#2360);
#2358 = CARTESIAN_POINT('',(168.00000046493,-89.5,1.51));
#2359 = DIRECTION('',(0.,-0.,1.));
#2360 = DIRECTION('',(0.121951210882,-0.992536096152,-0.));
#2361 = ORIENTED_EDGE('',*,*,#2362,.F.);
#2362 = EDGE_CURVE('',#2363,#2354,#2365,.T.);
#2363 = VERTEX_POINT('',#2364);
#2364 = CARTESIAN_POINT('',(168.,-130.19398,1.51));
#2365 = CIRCLE('',#2366,5.000001145776);
#2366 = AXIS2_PLACEMENT_3D('',#2367,#2368,#2369);
#2367 = CARTESIAN_POINT('',(173.00000114577,-130.193980501,1.51));
#2368 = DIRECTION('',(0.,0.,-1.));
#2369 = DIRECTION('',(-1.,1.002114343017E-07,0.));
#2370 = ORIENTED_EDGE('',*,*,#2371,.F.);
#2371 = EDGE_CURVE('',#2372,#2363,#2374,.T.);
#2372 = VERTEX_POINT('',#2373);
#2373 = CARTESIAN_POINT('',(168.,-133.,1.51));
#2374 = LINE('',#2375,#2376);
#2375 = CARTESIAN_POINT('',(168.,-133.,1.51));
#2376 = VECTOR('',#2377,1.);
#2377 = DIRECTION('',(0.,1.,0.));
#2378 = ORIENTED_EDGE('',*,*,#2379,.F.);
#2379 = EDGE_CURVE('',#2380,#2372,#2382,.T.);
#2380 = VERTEX_POINT('',#2381);
#2381 = CARTESIAN_POINT('',(173.,-138.,1.51));
#2382 = CIRCLE('',#2383,4.999999678834);
#2383 = AXIS2_PLACEMENT_3D('',#2384,#2385,#2386);
#2384 = CARTESIAN_POINT('',(172.99999967883,-133.0000003211,1.51));
#2385 = DIRECTION('',(0.,0.,-1.));
#2386 = DIRECTION('',(6.42331470194E-08,-1.,0.));
#2387 = ORIENTED_EDGE('',*,*,#2388,.F.);
#2388 = EDGE_CURVE('',#2389,#2380,#2391,.T.);
#2389 = VERTEX_POINT('',#2390);
#2390 = CARTESIAN_POINT('',(216.5,-138.,1.51));
#2391 = LINE('',#2392,#2393);
#2392 = CARTESIAN_POINT('',(216.5,-138.,1.51));
#2393 = VECTOR('',#2394,1.);
#2394 = DIRECTION('',(-1.,0.,0.));
#2395 = ORIENTED_EDGE('',*,*,#2396,.F.);
#2396 = EDGE_CURVE('',#1868,#2389,#2397,.T.);
#2397 = CIRCLE('',#2398,4.999999678834);
#2398 = AXIS2_PLACEMENT_3D('',#2399,#2400,#2401);
#2399 = CARTESIAN_POINT('',(216.50000032116,-133.0000003211,1.51));
#2400 = DIRECTION('',(0.,0.,-1.));
#2401 = DIRECTION('',(1.,6.42331470194E-08,0.));
#2402 = ORIENTED_EDGE('',*,*,#1867,.F.);
#2403 = FACE_BOUND('',#2404,.T.);
#2404 = EDGE_LOOP('',(#2405));
#2405 = ORIENTED_EDGE('',*,*,#2406,.T.);
#2406 = EDGE_CURVE('',#2407,#2407,#2409,.T.);
#2407 = VERTEX_POINT('',#2408);
#2408 = CARTESIAN_POINT('',(179.646857,-135.116662,1.51));
#2409 = CIRCLE('',#2410,2.15);
#2410 = AXIS2_PLACEMENT_3D('',#2411,#2412,#2413);
#2411 = CARTESIAN_POINT('',(179.646857,-132.966662,1.51));
#2412 = DIRECTION('',(-0.,0.,-1.));
#2413 = DIRECTION('',(-0.,-1.,0.));
#2414 = FACE_BOUND('',#2415,.T.);
#2415 = EDGE_LOOP('',(#2416));
#2416 = ORIENTED_EDGE('',*,*,#2417,.T.);
#2417 = EDGE_CURVE('',#2418,#2418,#2420,.T.);
#2418 = VERTEX_POINT('',#2419);
#2419 = CARTESIAN_POINT('',(186.09977,-133.825,1.51));
#2420 = CIRCLE('',#2421,0.5);
#2421 = AXIS2_PLACEMENT_3D('',#2422,#2423,#2424);
#2422 = CARTESIAN_POINT('',(186.09977,-133.325,1.51));
#2423 = DIRECTION('',(-0.,0.,-1.));
#2424 = DIRECTION('',(-0.,-1.,0.));
#2425 = FACE_BOUND('',#2426,.T.);
#2426 = EDGE_LOOP('',(#2427));
#2427 = ORIENTED_EDGE('',*,*,#2428,.T.);
#2428 = EDGE_CURVE('',#2429,#2429,#2431,.T.);
#2429 = VERTEX_POINT('',#2430);
#2430 = CARTESIAN_POINT('',(197.09977,-133.825,1.51));
#2431 = CIRCLE('',#2432,0.5);
#2432 = AXIS2_PLACEMENT_3D('',#2433,#2434,#2435);
#2433 = CARTESIAN_POINT('',(197.09977,-133.325,1.51));
#2434 = DIRECTION('',(-0.,0.,-1.));
#2435 = DIRECTION('',(-0.,-1.,0.));
#2436 = FACE_BOUND('',#2437,.T.);
#2437 = EDGE_LOOP('',(#2438));
#2438 = ORIENTED_EDGE('',*,*,#2439,.T.);
#2439 = EDGE_CURVE('',#2440,#2440,#2442,.T.);
#2440 = VERTEX_POINT('',#2441);
#2441 = CARTESIAN_POINT('',(189.09977,-124.275,1.51));
#2442 = CIRCLE('',#2443,0.95);
#2443 = AXIS2_PLACEMENT_3D('',#2444,#2445,#2446);
#2444 = CARTESIAN_POINT('',(189.09977,-123.325,1.51));
#2445 = DIRECTION('',(-0.,0.,-1.));
#2446 = DIRECTION('',(2.991758887411E-14,-1.,-0.));
#2447 = FACE_BOUND('',#2448,.T.);
#2448 = EDGE_LOOP('',(#2449));
#2449 = ORIENTED_EDGE('',*,*,#2450,.T.);
#2450 = EDGE_CURVE('',#2451,#2451,#2453,.T.);
#2451 = VERTEX_POINT('',#2452);
#2452 = CARTESIAN_POINT('',(194.09977,-124.275,1.51));
#2453 = CIRCLE('',#2454,0.95);
#2454 = AXIS2_PLACEMENT_3D('',#2455,#2456,#2457);
#2455 = CARTESIAN_POINT('',(194.09977,-123.325,1.51));
#2456 = DIRECTION('',(-0.,0.,-1.));
#2457 = DIRECTION('',(2.991758887411E-14,-1.,-0.));
#2458 = FACE_BOUND('',#2459,.T.);
#2459 = EDGE_LOOP('',(#2460));
#2460 = ORIENTED_EDGE('',*,*,#2461,.T.);
#2461 = EDGE_CURVE('',#2462,#2462,#2464,.T.);
#2462 = VERTEX_POINT('',#2463);
#2463 = CARTESIAN_POINT('',(205.4475,-130.85,1.51));
#2464 = CIRCLE('',#2465,1.6);
#2465 = AXIS2_PLACEMENT_3D('',#2466,#2467,#2468);
#2466 = CARTESIAN_POINT('',(205.4475,-129.25,1.51));
#2467 = DIRECTION('',(-0.,0.,-1.));
#2468 = DIRECTION('',(-0.,-1.,0.));
#2469 = FACE_BOUND('',#2470,.T.);
#2470 = EDGE_LOOP('',(#2471));
#2471 = ORIENTED_EDGE('',*,*,#2472,.T.);
#2472 = EDGE_CURVE('',#2473,#2473,#2475,.T.);
#2473 = VERTEX_POINT('',#2474);
#2474 = CARTESIAN_POINT('',(206.7175,-123.28,1.51));
#2475 = CIRCLE('',#2476,0.38);
#2476 = AXIS2_PLACEMENT_3D('',#2477,#2478,#2479);
#2477 = CARTESIAN_POINT('',(206.7175,-122.9,1.51));
#2478 = DIRECTION('',(-0.,0.,-1.));
#2479 = DIRECTION('',(-0.,-1.,0.));
#2480 = FACE_BOUND('',#2481,.T.);
#2481 = EDGE_LOOP('',(#2482));
#2482 = ORIENTED_EDGE('',*,*,#2483,.T.);
#2483 = EDGE_CURVE('',#2484,#2484,#2486,.T.);
#2484 = VERTEX_POINT('',#2485);
#2485 = CARTESIAN_POINT('',(209.2575,-123.28,1.51));
#2486 = CIRCLE('',#2487,0.38);
#2487 = AXIS2_PLACEMENT_3D('',#2488,#2489,#2490);
#2488 = CARTESIAN_POINT('',(209.2575,-122.9,1.51));
#2489 = DIRECTION('',(-0.,0.,-1.));
#2490 = DIRECTION('',(-0.,-1.,0.));
#2491 = FACE_BOUND('',#2492,.T.);
#2492 = EDGE_LOOP('',(#2493));
#2493 = ORIENTED_EDGE('',*,*,#2494,.T.);
#2494 = EDGE_CURVE('',#2495,#2495,#2497,.T.);
#2495 = VERTEX_POINT('',#2496);
#2496 = CARTESIAN_POINT('',(207.9875,-120.74,1.51));
#2497 = CIRCLE('',#2498,0.38);
#2498 = AXIS2_PLACEMENT_3D('',#2499,#2500,#2501);
#2499 = CARTESIAN_POINT('',(207.9875,-120.36,1.51));
#2500 = DIRECTION('',(-0.,0.,-1.));
#2501 = DIRECTION('',(-0.,-1.,0.));
#2502 = FACE_BOUND('',#2503,.T.);
#2503 = EDGE_LOOP('',(#2504));
#2504 = ORIENTED_EDGE('',*,*,#2505,.T.);
#2505 = EDGE_CURVE('',#2506,#2506,#2508,.T.);
#2506 = VERTEX_POINT('',#2507);
#2507 = CARTESIAN_POINT('',(216.8775,-130.85,1.51));
#2508 = CIRCLE('',#2509,1.6);
#2509 = AXIS2_PLACEMENT_3D('',#2510,#2511,#2512);
#2510 = CARTESIAN_POINT('',(216.8775,-129.25,1.51));
#2511 = DIRECTION('',(-0.,0.,-1.));
#2512 = DIRECTION('',(-0.,-1.,0.));
#2513 = FACE_BOUND('',#2514,.T.);
#2514 = EDGE_LOOP('',(#2515));
#2515 = ORIENTED_EDGE('',*,*,#2516,.T.);
#2516 = EDGE_CURVE('',#2517,#2517,#2519,.T.);
#2517 = VERTEX_POINT('',#2518);
#2518 = CARTESIAN_POINT('',(211.7975,-123.28,1.51));
#2519 = CIRCLE('',#2520,0.38);
#2520 = AXIS2_PLACEMENT_3D('',#2521,#2522,#2523);
#2521 = CARTESIAN_POINT('',(211.7975,-122.9,1.51));
#2522 = DIRECTION('',(-0.,0.,-1.));
#2523 = DIRECTION('',(-0.,-1.,0.));
#2524 = FACE_BOUND('',#2525,.T.);
#2525 = EDGE_LOOP('',(#2526));
#2526 = ORIENTED_EDGE('',*,*,#2527,.T.);
#2527 = EDGE_CURVE('',#2528,#2528,#2530,.T.);
#2528 = VERTEX_POINT('',#2529);
#2529 = CARTESIAN_POINT('',(210.5275,-120.74,1.51));
#2530 = CIRCLE('',#2531,0.38);
#2531 = AXIS2_PLACEMENT_3D('',#2532,#2533,#2534);
#2532 = CARTESIAN_POINT('',(210.5275,-120.36,1.51));
#2533 = DIRECTION('',(-0.,0.,-1.));
#2534 = DIRECTION('',(-0.,-1.,0.));
#2535 = FACE_BOUND('',#2536,.T.);
#2536 = EDGE_LOOP('',(#2537));
#2537 = ORIENTED_EDGE('',*,*,#2538,.T.);
#2538 = EDGE_CURVE('',#2539,#2539,#2541,.T.);
#2539 = VERTEX_POINT('',#2540);
#2540 = CARTESIAN_POINT('',(214.3375,-123.28,1.51));
#2541 = CIRCLE('',#2542,0.38);
#2542 = AXIS2_PLACEMENT_3D('',#2543,#2544,#2545);
#2543 = CARTESIAN_POINT('',(214.3375,-122.9,1.51));
#2544 = DIRECTION('',(-0.,0.,-1.));
#2545 = DIRECTION('',(-0.,-1.,0.));
#2546 = FACE_BOUND('',#2547,.T.);
#2547 = EDGE_LOOP('',(#2548));
#2548 = ORIENTED_EDGE('',*,*,#2549,.T.);
#2549 = EDGE_CURVE('',#2550,#2550,#2552,.T.);
#2550 = VERTEX_POINT('',#2551);
#2551 = CARTESIAN_POINT('',(213.0675,-120.74,1.51));
#2552 = CIRCLE('',#2553,0.38);
#2553 = AXIS2_PLACEMENT_3D('',#2554,#2555,#2556);
#2554 = CARTESIAN_POINT('',(213.0675,-120.36,1.51));
#2555 = DIRECTION('',(-0.,0.,-1.));
#2556 = DIRECTION('',(-0.,-1.,0.));
#2557 = FACE_BOUND('',#2558,.T.);
#2558 = EDGE_LOOP('',(#2559));
#2559 = ORIENTED_EDGE('',*,*,#2560,.T.);
#2560 = EDGE_CURVE('',#2561,#2561,#2563,.T.);
#2561 = VERTEX_POINT('',#2562);
#2562 = CARTESIAN_POINT('',(215.6075,-120.74,1.51));
#2563 = CIRCLE('',#2564,0.38);
#2564 = AXIS2_PLACEMENT_3D('',#2565,#2566,#2567);
#2565 = CARTESIAN_POINT('',(215.6075,-120.36,1.51));
#2566 = DIRECTION('',(-0.,0.,-1.));
#2567 = DIRECTION('',(-7.479397218527E-14,-1.,0.));
#2568 = FACE_BOUND('',#2569,.T.);
#2569 = EDGE_LOOP('',(#2570));
#2570 = ORIENTED_EDGE('',*,*,#2571,.T.);
#2571 = EDGE_CURVE('',#2572,#2572,#2574,.T.);
#2572 = VERTEX_POINT('',#2573);
#2573 = CARTESIAN_POINT('',(211.466662,-103.296857,1.51));
#2574 = CIRCLE('',#2575,2.15);
#2575 = AXIS2_PLACEMENT_3D('',#2576,#2577,#2578);
#2576 = CARTESIAN_POINT('',(211.466662,-101.146857,1.51));
#2577 = DIRECTION('',(-0.,0.,-1.));
#2578 = DIRECTION('',(1.321939973507E-14,-1.,-0.));
#2579 = FACE_BOUND('',#2580,.T.);
#2580 = EDGE_LOOP('',(#2581));
#2581 = ORIENTED_EDGE('',*,*,#2582,.T.);
#2582 = EDGE_CURVE('',#2583,#2583,#2585,.T.);
#2583 = VERTEX_POINT('',#2584);
#2584 = CARTESIAN_POINT('',(182.59977,-45.575,1.51));
#2585 = CIRCLE('',#2586,0.5);
#2586 = AXIS2_PLACEMENT_3D('',#2587,#2588,#2589);
#2587 = CARTESIAN_POINT('',(182.59977,-45.075,1.51));
#2588 = DIRECTION('',(-0.,0.,-1.));
#2589 = DIRECTION('',(-0.,-1.,0.));
#2590 = FACE_BOUND('',#2591,.T.);
#2591 = EDGE_LOOP('',(#2592));
#2592 = ORIENTED_EDGE('',*,*,#2593,.T.);
#2593 = EDGE_CURVE('',#2594,#2594,#2596,.T.);
#2594 = VERTEX_POINT('',#2595);
#2595 = CARTESIAN_POINT('',(185.59977,-56.025,1.51));
#2596 = CIRCLE('',#2597,0.95);
#2597 = AXIS2_PLACEMENT_3D('',#2598,#2599,#2600);
#2598 = CARTESIAN_POINT('',(185.59977,-55.075,1.51));
#2599 = DIRECTION('',(-0.,0.,-1.));
#2600 = DIRECTION('',(2.991758887411E-14,-1.,-0.));
#2601 = FACE_BOUND('',#2602,.T.);
#2602 = EDGE_LOOP('',(#2603));
#2603 = ORIENTED_EDGE('',*,*,#2604,.T.);
#2604 = EDGE_CURVE('',#2605,#2605,#2607,.T.);
#2605 = VERTEX_POINT('',#2606);
#2606 = CARTESIAN_POINT('',(190.59977,-56.025,1.51));
#2607 = CIRCLE('',#2608,0.95);
#2608 = AXIS2_PLACEMENT_3D('',#2609,#2610,#2611);
#2609 = CARTESIAN_POINT('',(190.59977,-55.075,1.51));
#2610 = DIRECTION('',(-0.,0.,-1.));
#2611 = DIRECTION('',(2.991758887411E-14,-1.,-0.));
#2612 = FACE_BOUND('',#2613,.T.);
#2613 = EDGE_LOOP('',(#2614));
#2614 = ORIENTED_EDGE('',*,*,#2615,.T.);
#2615 = EDGE_CURVE('',#2616,#2616,#2618,.T.);
#2616 = VERTEX_POINT('',#2617);
#2617 = CARTESIAN_POINT('',(193.59977,-45.575,1.51));
#2618 = CIRCLE('',#2619,0.5);
#2619 = AXIS2_PLACEMENT_3D('',#2620,#2621,#2622);
#2620 = CARTESIAN_POINT('',(193.59977,-45.075,1.51));
#2621 = DIRECTION('',(-0.,0.,-1.));
#2622 = DIRECTION('',(-0.,-1.,0.));
#2623 = FACE_BOUND('',#2624,.T.);
#2624 = EDGE_LOOP('',(#2625));
#2625 = ORIENTED_EDGE('',*,*,#2626,.T.);
#2626 = EDGE_CURVE('',#2627,#2627,#2629,.T.);
#2627 = VERTEX_POINT('',#2628);
#2628 = CARTESIAN_POINT('',(199.819805,-59.830195,1.51));
#2629 = CIRCLE('',#2630,2.15);
#2630 = AXIS2_PLACEMENT_3D('',#2631,#2632,#2633);
#2631 = CARTESIAN_POINT('',(199.819805,-57.680195,1.51));
#2632 = DIRECTION('',(-0.,0.,-1.));
#2633 = DIRECTION('',(-0.,-1.,0.));
#2634 = FACE_BOUND('',#2635,.T.);
#2635 = EDGE_LOOP('',(#2636));
#2636 = ORIENTED_EDGE('',*,*,#2637,.T.);
#2637 = EDGE_CURVE('',#2638,#2638,#2640,.T.);
#2638 = VERTEX_POINT('',#2639);
#2639 = CARTESIAN_POINT('',(208.3425,-59.145,1.51));
#2640 = CIRCLE('',#2641,0.38);
#2641 = AXIS2_PLACEMENT_3D('',#2642,#2643,#2644);
#2642 = CARTESIAN_POINT('',(208.3425,-58.765,1.51));
#2643 = DIRECTION('',(-0.,0.,-1.));
#2644 = DIRECTION('',(-0.,-1.,0.));
#2645 = FACE_BOUND('',#2646,.T.);
#2646 = EDGE_LOOP('',(#2647));
#2647 = ORIENTED_EDGE('',*,*,#2648,.T.);
#2648 = EDGE_CURVE('',#2649,#2649,#2651,.T.);
#2649 = VERTEX_POINT('',#2650);
#2650 = CARTESIAN_POINT('',(207.0725,-51.475,1.51));
#2651 = CIRCLE('',#2652,1.6);
#2652 = AXIS2_PLACEMENT_3D('',#2653,#2654,#2655);
#2653 = CARTESIAN_POINT('',(207.0725,-49.875,1.51));
#2654 = DIRECTION('',(-0.,0.,-1.));
#2655 = DIRECTION('',(-0.,-1.,0.));
#2656 = FACE_BOUND('',#2657,.T.);
#2657 = EDGE_LOOP('',(#2658));
#2658 = ORIENTED_EDGE('',*,*,#2659,.T.);
#2659 = EDGE_CURVE('',#2660,#2660,#2662,.T.);
#2660 = VERTEX_POINT('',#2661);
#2661 = CARTESIAN_POINT('',(210.8825,-59.145,1.51));
#2662 = CIRCLE('',#2663,0.38);
#2663 = AXIS2_PLACEMENT_3D('',#2664,#2665,#2666);
#2664 = CARTESIAN_POINT('',(210.8825,-58.765,1.51));
#2665 = DIRECTION('',(-0.,0.,-1.));
#2666 = DIRECTION('',(-0.,-1.,0.));
#2667 = FACE_BOUND('',#2668,.T.);
#2668 = EDGE_LOOP('',(#2669));
#2669 = ORIENTED_EDGE('',*,*,#2670,.T.);
#2670 = EDGE_CURVE('',#2671,#2671,#2673,.T.);
#2671 = VERTEX_POINT('',#2672);
#2672 = CARTESIAN_POINT('',(209.6125,-56.605,1.51));
#2673 = CIRCLE('',#2674,0.38);
#2674 = AXIS2_PLACEMENT_3D('',#2675,#2676,#2677);
#2675 = CARTESIAN_POINT('',(209.6125,-56.225,1.51));
#2676 = DIRECTION('',(-0.,0.,-1.));
#2677 = DIRECTION('',(-0.,-1.,0.));
#2678 = FACE_BOUND('',#2679,.T.);
#2679 = EDGE_LOOP('',(#2680));
#2680 = ORIENTED_EDGE('',*,*,#2681,.T.);
#2681 = EDGE_CURVE('',#2682,#2682,#2684,.T.);
#2682 = VERTEX_POINT('',#2683);
#2683 = CARTESIAN_POINT('',(213.4225,-59.145,1.51));
#2684 = CIRCLE('',#2685,0.38);
#2685 = AXIS2_PLACEMENT_3D('',#2686,#2687,#2688);
#2686 = CARTESIAN_POINT('',(213.4225,-58.765,1.51));
#2687 = DIRECTION('',(-0.,0.,-1.));
#2688 = DIRECTION('',(-0.,-1.,0.));
#2689 = FACE_BOUND('',#2690,.T.);
#2690 = EDGE_LOOP('',(#2691));
#2691 = ORIENTED_EDGE('',*,*,#2692,.T.);
#2692 = EDGE_CURVE('',#2693,#2693,#2695,.T.);
#2693 = VERTEX_POINT('',#2694);
#2694 = CARTESIAN_POINT('',(212.1525,-56.605,1.51));
#2695 = CIRCLE('',#2696,0.38);
#2696 = AXIS2_PLACEMENT_3D('',#2697,#2698,#2699);
#2697 = CARTESIAN_POINT('',(212.1525,-56.225,1.51));
#2698 = DIRECTION('',(-0.,0.,-1.));
#2699 = DIRECTION('',(-0.,-1.,0.));
#2700 = FACE_BOUND('',#2701,.T.);
#2701 = EDGE_LOOP('',(#2702));
#2702 = ORIENTED_EDGE('',*,*,#2703,.T.);
#2703 = EDGE_CURVE('',#2704,#2704,#2706,.T.);
#2704 = VERTEX_POINT('',#2705);
#2705 = CARTESIAN_POINT('',(214.6925,-56.605,1.51));
#2706 = CIRCLE('',#2707,0.38);
#2707 = AXIS2_PLACEMENT_3D('',#2708,#2709,#2710);
#2708 = CARTESIAN_POINT('',(214.6925,-56.225,1.51));
#2709 = DIRECTION('',(-0.,0.,-1.));
#2710 = DIRECTION('',(-0.,-1.,0.));
#2711 = FACE_BOUND('',#2712,.T.);
#2712 = EDGE_LOOP('',(#2713));
#2713 = ORIENTED_EDGE('',*,*,#2714,.T.);
#2714 = EDGE_CURVE('',#2715,#2715,#2717,.T.);
#2715 = VERTEX_POINT('',#2716);
#2716 = CARTESIAN_POINT('',(215.9625,-59.145,1.51));
#2717 = CIRCLE('',#2718,0.38);
#2718 = AXIS2_PLACEMENT_3D('',#2719,#2720,#2721);
#2719 = CARTESIAN_POINT('',(215.9625,-58.765,1.51));
#2720 = DIRECTION('',(-0.,0.,-1.));
#2721 = DIRECTION('',(-0.,-1.,0.));
#2722 = FACE_BOUND('',#2723,.T.);
#2723 = EDGE_LOOP('',(#2724));
#2724 = ORIENTED_EDGE('',*,*,#2725,.T.);
#2725 = EDGE_CURVE('',#2726,#2726,#2728,.T.);
#2726 = VERTEX_POINT('',#2727);
#2727 = CARTESIAN_POINT('',(217.2325,-56.605,1.51));
#2728 = CIRCLE('',#2729,0.38);
#2729 = AXIS2_PLACEMENT_3D('',#2730,#2731,#2732);
#2730 = CARTESIAN_POINT('',(217.2325,-56.225,1.51));
#2731 = DIRECTION('',(-0.,0.,-1.));
#2732 = DIRECTION('',(-7.479397218527E-14,-1.,0.));
#2733 = FACE_BOUND('',#2734,.T.);
#2734 = EDGE_LOOP('',(#2735));
#2735 = ORIENTED_EDGE('',*,*,#2736,.T.);
#2736 = EDGE_CURVE('',#2737,#2737,#2739,.T.);
#2737 = VERTEX_POINT('',#2738);
#2738 = CARTESIAN_POINT('',(218.5025,-51.475,1.51));
#2739 = CIRCLE('',#2740,1.6);
#2740 = AXIS2_PLACEMENT_3D('',#2741,#2742,#2743);
#2741 = CARTESIAN_POINT('',(218.5025,-49.875,1.51));
#2742 = DIRECTION('',(-0.,0.,-1.));
#2743 = DIRECTION('',(-0.,-1.,0.));
#2744 = PLANE('',#2745);
#2745 = AXIS2_PLACEMENT_3D('',#2746,#2747,#2748);
#2746 = CARTESIAN_POINT('',(0.,0.,1.51));
#2747 = DIRECTION('',(0.,0.,1.));
#2748 = DIRECTION('',(1.,0.,-0.));
#2749 = ADVANCED_FACE('',(#2750),#2761,.T.);
#2750 = FACE_BOUND('',#2751,.T.);
#2751 = EDGE_LOOP('',(#2752,#2758,#2759,#2760));
#2752 = ORIENTED_EDGE('',*,*,#2753,.T.);
#2753 = EDGE_CURVE('',#1900,#2328,#2754,.T.);
#2754 = LINE('',#2755,#2756);
#2755 = CARTESIAN_POINT('',(168.,-46.,0.));
#2756 = VECTOR('',#2757,1.);
#2757 = DIRECTION('',(0.,0.,1.));
#2758 = ORIENTED_EDGE('',*,*,#2327,.T.);
#2759 = ORIENTED_EDGE('',*,*,#1835,.F.);
#2760 = ORIENTED_EDGE('',*,*,#1899,.F.);
#2761 = CYLINDRICAL_SURFACE('',#2762,4.999999678834);
#2762 = AXIS2_PLACEMENT_3D('',#2763,#2764,#2765);
#2763 = CARTESIAN_POINT('',(172.99999967883,-45.99999967883,0.));
#2764 = DIRECTION('',(0.,0.,-1.));
#2765 = DIRECTION('',(-1.,-6.42331470194E-08,-0.));
#2766 = ADVANCED_FACE('',(#2767),#2778,.T.);
#2767 = FACE_BOUND('',#2768,.T.);
#2768 = EDGE_LOOP('',(#2769,#2770,#2771,#2777));
#2769 = ORIENTED_EDGE('',*,*,#1875,.T.);
#2770 = ORIENTED_EDGE('',*,*,#2396,.T.);
#2771 = ORIENTED_EDGE('',*,*,#2772,.F.);
#2772 = EDGE_CURVE('',#1961,#2389,#2773,.T.);
#2773 = LINE('',#2774,#2775);
#2774 = CARTESIAN_POINT('',(216.5,-138.,0.));
#2775 = VECTOR('',#2776,1.);
#2776 = DIRECTION('',(0.,0.,1.));
#2777 = ORIENTED_EDGE('',*,*,#1968,.F.);
#2778 = CYLINDRICAL_SURFACE('',#2779,4.999999678834);
#2779 = AXIS2_PLACEMENT_3D('',#2780,#2781,#2782);
#2780 = CARTESIAN_POINT('',(216.50000032116,-133.0000003211,0.));
#2781 = DIRECTION('',(0.,0.,-1.));
#2782 = DIRECTION('',(1.,6.42331470194E-08,0.));
#2783 = ADVANCED_FACE('',(#2784),#2795,.T.);
#2784 = FACE_BOUND('',#2785,.T.);
#2785 = EDGE_LOOP('',(#2786,#2792,#2793,#2794));
#2786 = ORIENTED_EDGE('',*,*,#2787,.T.);
#2787 = EDGE_CURVE('',#1909,#2337,#2788,.T.);
#2788 = LINE('',#2789,#2790);
#2789 = CARTESIAN_POINT('',(168.,-48.80602,0.));
#2790 = VECTOR('',#2791,1.);
#2791 = DIRECTION('',(0.,0.,1.));
#2792 = ORIENTED_EDGE('',*,*,#2336,.T.);
#2793 = ORIENTED_EDGE('',*,*,#2753,.F.);
#2794 = ORIENTED_EDGE('',*,*,#1908,.F.);
#2795 = PLANE('',#2796);
#2796 = AXIS2_PLACEMENT_3D('',#2797,#2798,#2799);
#2797 = CARTESIAN_POINT('',(168.,-48.80602,0.));
#2798 = DIRECTION('',(-1.,0.,0.));
#2799 = DIRECTION('',(0.,1.,0.));
#2800 = ADVANCED_FACE('',(#2801),#2812,.T.);
#2801 = FACE_BOUND('',#2802,.T.);
#2802 = EDGE_LOOP('',(#2803,#2804,#2805,#2811));
#2803 = ORIENTED_EDGE('',*,*,#2772,.T.);
#2804 = ORIENTED_EDGE('',*,*,#2388,.T.);
#2805 = ORIENTED_EDGE('',*,*,#2806,.F.);
#2806 = EDGE_CURVE('',#1952,#2380,#2807,.T.);
#2807 = LINE('',#2808,#2809);
#2808 = CARTESIAN_POINT('',(173.,-138.,0.));
#2809 = VECTOR('',#2810,1.);
#2810 = DIRECTION('',(0.,0.,1.));
#2811 = ORIENTED_EDGE('',*,*,#1960,.F.);
#2812 = PLANE('',#2813);
#2813 = AXIS2_PLACEMENT_3D('',#2814,#2815,#2816);
#2814 = CARTESIAN_POINT('',(216.5,-138.,0.));
#2815 = DIRECTION('',(0.,-1.,0.));
#2816 = DIRECTION('',(-1.,0.,0.));
#2817 = ADVANCED_FACE('',(#2818),#2829,.T.);
#2818 = FACE_BOUND('',#2819,.T.);
#2819 = EDGE_LOOP('',(#2820,#2826,#2827,#2828));
#2820 = ORIENTED_EDGE('',*,*,#2821,.T.);
#2821 = EDGE_CURVE('',#1917,#2345,#2822,.T.);
#2822 = LINE('',#2823,#2824);
#2823 = CARTESIAN_POINT('',(172.390244,-53.768701,0.));
#2824 = VECTOR('',#2825,1.);
#2825 = DIRECTION('',(0.,0.,1.));
#2826 = ORIENTED_EDGE('',*,*,#2344,.T.);
#2827 = ORIENTED_EDGE('',*,*,#2787,.F.);
#2828 = ORIENTED_EDGE('',*,*,#1916,.F.);
#2829 = CYLINDRICAL_SURFACE('',#2830,4.999998910965);
#2830 = AXIS2_PLACEMENT_3D('',#2831,#2832,#2833);
#2831 = CARTESIAN_POINT('',(172.99999891096,-48.80602147597,0.));
#2832 = DIRECTION('',(0.,0.,-1.));
#2833 = DIRECTION('',(-0.121951008755,-0.992536120987,-0.));
#2834 = ADVANCED_FACE('',(#2835),#2846,.T.);
#2835 = FACE_BOUND('',#2836,.T.);
#2836 = EDGE_LOOP('',(#2837,#2838,#2839,#2845));
#2837 = ORIENTED_EDGE('',*,*,#2806,.T.);
#2838 = ORIENTED_EDGE('',*,*,#2379,.T.);
#2839 = ORIENTED_EDGE('',*,*,#2840,.F.);
#2840 = EDGE_CURVE('',#1944,#2372,#2841,.T.);
#2841 = LINE('',#2842,#2843);
#2842 = CARTESIAN_POINT('',(168.,-133.,0.));
#2843 = VECTOR('',#2844,1.);
#2844 = DIRECTION('',(0.,0.,1.));
#2845 = ORIENTED_EDGE('',*,*,#1951,.F.);
#2846 = CYLINDRICAL_SURFACE('',#2847,4.999999678834);
#2847 = AXIS2_PLACEMENT_3D('',#2848,#2849,#2850);
#2848 = CARTESIAN_POINT('',(172.99999967883,-133.0000003211,0.));
#2849 = DIRECTION('',(0.,0.,-1.));
#2850 = DIRECTION('',(6.42331470194E-08,-1.,0.));
#2851 = ADVANCED_FACE('',(#2852),#2863,.F.);
#2852 = FACE_BOUND('',#2853,.T.);
#2853 = EDGE_LOOP('',(#2854,#2860,#2861,#2862));
#2854 = ORIENTED_EDGE('',*,*,#2855,.T.);
#2855 = EDGE_CURVE('',#1926,#2354,#2856,.T.);
#2856 = LINE('',#2857,#2858);
#2857 = CARTESIAN_POINT('',(172.390244,-125.231299,0.));
#2858 = VECTOR('',#2859,1.);
#2859 = DIRECTION('',(0.,0.,1.));
#2860 = ORIENTED_EDGE('',*,*,#2353,.T.);
#2861 = ORIENTED_EDGE('',*,*,#2821,.F.);
#2862 = ORIENTED_EDGE('',*,*,#1925,.F.);
#2863 = CYLINDRICAL_SURFACE('',#2864,35.999999535063);
#2864 = AXIS2_PLACEMENT_3D('',#2865,#2866,#2867);
#2865 = CARTESIAN_POINT('',(168.00000046493,-89.5,0.));
#2866 = DIRECTION('',(-0.,0.,-1.));
#2867 = DIRECTION('',(0.121951210882,-0.992536096152,-0.));
#2868 = ADVANCED_FACE('',(#2869),#2880,.T.);
#2869 = FACE_BOUND('',#2870,.T.);
#2870 = EDGE_LOOP('',(#2871,#2872,#2873,#2879));
#2871 = ORIENTED_EDGE('',*,*,#2840,.T.);
#2872 = ORIENTED_EDGE('',*,*,#2371,.T.);
#2873 = ORIENTED_EDGE('',*,*,#2874,.F.);
#2874 = EDGE_CURVE('',#1935,#2363,#2875,.T.);
#2875 = LINE('',#2876,#2877);
#2876 = CARTESIAN_POINT('',(168.,-130.19398,0.));
#2877 = VECTOR('',#2878,1.);
#2878 = DIRECTION('',(0.,0.,1.));
#2879 = ORIENTED_EDGE('',*,*,#1943,.F.);
#2880 = PLANE('',#2881);
#2881 = AXIS2_PLACEMENT_3D('',#2882,#2883,#2884);
#2882 = CARTESIAN_POINT('',(168.,-133.,0.));
#2883 = DIRECTION('',(-1.,0.,0.));
#2884 = DIRECTION('',(0.,1.,0.));
#2885 = ADVANCED_FACE('',(#2886),#2892,.T.);
#2886 = FACE_BOUND('',#2887,.T.);
#2887 = EDGE_LOOP('',(#2888,#2889,#2890,#2891));
#2888 = ORIENTED_EDGE('',*,*,#2874,.T.);
#2889 = ORIENTED_EDGE('',*,*,#2362,.T.);
#2890 = ORIENTED_EDGE('',*,*,#2855,.F.);
#2891 = ORIENTED_EDGE('',*,*,#1934,.F.);
#2892 = CYLINDRICAL_SURFACE('',#2893,5.000001145776);
#2893 = AXIS2_PLACEMENT_3D('',#2894,#2895,#2896);
#2894 = CARTESIAN_POINT('',(173.00000114577,-130.193980501,0.));
#2895 = DIRECTION('',(0.,0.,-1.));
#2896 = DIRECTION('',(-1.,1.002114343017E-07,0.));
#2897 = ADVANCED_FACE('',(#2898),#2909,.F.);
#2898 = FACE_BOUND('',#2899,.T.);
#2899 = EDGE_LOOP('',(#2900,#2901,#2907,#2908));
#2900 = ORIENTED_EDGE('',*,*,#1978,.T.);
#2901 = ORIENTED_EDGE('',*,*,#2902,.T.);
#2902 = EDGE_CURVE('',#1979,#2407,#2903,.T.);
#2903 = LINE('',#2904,#2905);
#2904 = CARTESIAN_POINT('',(179.646857,-135.116662,-4.6E-02));
#2905 = VECTOR('',#2906,1.);
#2906 = DIRECTION('',(0.,0.,1.));
#2907 = ORIENTED_EDGE('',*,*,#2406,.F.);
#2908 = ORIENTED_EDGE('',*,*,#2902,.F.);
#2909 = CYLINDRICAL_SURFACE('',#2910,2.15);
#2910 = AXIS2_PLACEMENT_3D('',#2911,#2912,#2913);
#2911 = CARTESIAN_POINT('',(179.646857,-132.966662,-4.6E-02));
#2912 = DIRECTION('',(-0.,-0.,-1.));
#2913 = DIRECTION('',(-0.,-1.,0.));
#2914 = ADVANCED_FACE('',(#2915),#2926,.F.);
#2915 = FACE_BOUND('',#2916,.T.);
#2916 = EDGE_LOOP('',(#2917,#2918,#2924,#2925));
#2917 = ORIENTED_EDGE('',*,*,#1989,.T.);
#2918 = ORIENTED_EDGE('',*,*,#2919,.T.);
#2919 = EDGE_CURVE('',#1990,#2418,#2920,.T.);
#2920 = LINE('',#2921,#2922);
#2921 = CARTESIAN_POINT('',(186.09977,-133.825,-4.6E-02));
#2922 = VECTOR('',#2923,1.);
#2923 = DIRECTION('',(0.,0.,1.));
#2924 = ORIENTED_EDGE('',*,*,#2417,.F.);
#2925 = ORIENTED_EDGE('',*,*,#2919,.F.);
#2926 = CYLINDRICAL_SURFACE('',#2927,0.5);
#2927 = AXIS2_PLACEMENT_3D('',#2928,#2929,#2930);
#2928 = CARTESIAN_POINT('',(186.09977,-133.325,-4.6E-02));
#2929 = DIRECTION('',(-0.,-0.,-1.));
#2930 = DIRECTION('',(-0.,-1.,0.));
#2931 = ADVANCED_FACE('',(#2932),#2943,.F.);
#2932 = FACE_BOUND('',#2933,.T.);
#2933 = EDGE_LOOP('',(#2934,#2935,#2941,#2942));
#2934 = ORIENTED_EDGE('',*,*,#2000,.T.);
#2935 = ORIENTED_EDGE('',*,*,#2936,.T.);
#2936 = EDGE_CURVE('',#2001,#2429,#2937,.T.);
#2937 = LINE('',#2938,#2939);
#2938 = CARTESIAN_POINT('',(197.09977,-133.825,-4.6E-02));
#2939 = VECTOR('',#2940,1.);
#2940 = DIRECTION('',(0.,0.,1.));
#2941 = ORIENTED_EDGE('',*,*,#2428,.F.);
#2942 = ORIENTED_EDGE('',*,*,#2936,.F.);
#2943 = CYLINDRICAL_SURFACE('',#2944,0.5);
#2944 = AXIS2_PLACEMENT_3D('',#2945,#2946,#2947);
#2945 = CARTESIAN_POINT('',(197.09977,-133.325,-4.6E-02));
#2946 = DIRECTION('',(-0.,-0.,-1.));
#2947 = DIRECTION('',(-0.,-1.,0.));
#2948 = ADVANCED_FACE('',(#2949),#2960,.F.);
#2949 = FACE_BOUND('',#2950,.T.);
#2950 = EDGE_LOOP('',(#2951,#2952,#2958,#2959));
#2951 = ORIENTED_EDGE('',*,*,#2011,.T.);
#2952 = ORIENTED_EDGE('',*,*,#2953,.T.);
#2953 = EDGE_CURVE('',#2012,#2440,#2954,.T.);
#2954 = LINE('',#2955,#2956);
#2955 = CARTESIAN_POINT('',(189.09977,-124.275,-4.6E-02));
#2956 = VECTOR('',#2957,1.);
#2957 = DIRECTION('',(0.,0.,1.));
#2958 = ORIENTED_EDGE('',*,*,#2439,.F.);
#2959 = ORIENTED_EDGE('',*,*,#2953,.F.);
#2960 = CYLINDRICAL_SURFACE('',#2961,0.95);
#2961 = AXIS2_PLACEMENT_3D('',#2962,#2963,#2964);
#2962 = CARTESIAN_POINT('',(189.09977,-123.325,-4.6E-02));
#2963 = DIRECTION('',(-0.,0.,-1.));
#2964 = DIRECTION('',(2.991758887411E-14,-1.,-0.));
#2965 = ADVANCED_FACE('',(#2966),#2977,.F.);
#2966 = FACE_BOUND('',#2967,.T.);
#2967 = EDGE_LOOP('',(#2968,#2969,#2975,#2976));
#2968 = ORIENTED_EDGE('',*,*,#2022,.T.);
#2969 = ORIENTED_EDGE('',*,*,#2970,.T.);
#2970 = EDGE_CURVE('',#2023,#2451,#2971,.T.);
#2971 = LINE('',#2972,#2973);
#2972 = CARTESIAN_POINT('',(194.09977,-124.275,-4.6E-02));
#2973 = VECTOR('',#2974,1.);
#2974 = DIRECTION('',(0.,0.,1.));
#2975 = ORIENTED_EDGE('',*,*,#2450,.F.);
#2976 = ORIENTED_EDGE('',*,*,#2970,.F.);
#2977 = CYLINDRICAL_SURFACE('',#2978,0.95);
#2978 = AXIS2_PLACEMENT_3D('',#2979,#2980,#2981);
#2979 = CARTESIAN_POINT('',(194.09977,-123.325,-4.6E-02));
#2980 = DIRECTION('',(-0.,0.,-1.));
#2981 = DIRECTION('',(2.991758887411E-14,-1.,-0.));
#2982 = ADVANCED_FACE('',(#2983),#2994,.F.);
#2983 = FACE_BOUND('',#2984,.T.);
#2984 = EDGE_LOOP('',(#2985,#2986,#2992,#2993));
#2985 = ORIENTED_EDGE('',*,*,#2033,.T.);
#2986 = ORIENTED_EDGE('',*,*,#2987,.T.);
#2987 = EDGE_CURVE('',#2034,#2462,#2988,.T.);
#2988 = LINE('',#2989,#2990);
#2989 = CARTESIAN_POINT('',(205.4475,-130.85,-4.6E-02));
#2990 = VECTOR('',#2991,1.);
#2991 = DIRECTION('',(0.,0.,1.));
#2992 = ORIENTED_EDGE('',*,*,#2461,.F.);
#2993 = ORIENTED_EDGE('',*,*,#2987,.F.);
#2994 = CYLINDRICAL_SURFACE('',#2995,1.6);
#2995 = AXIS2_PLACEMENT_3D('',#2996,#2997,#2998);
#2996 = CARTESIAN_POINT('',(205.4475,-129.25,-4.6E-02));
#2997 = DIRECTION('',(-0.,-0.,-1.));
#2998 = DIRECTION('',(-0.,-1.,0.));
#2999 = ADVANCED_FACE('',(#3000),#3011,.F.);
#3000 = FACE_BOUND('',#3001,.T.);
#3001 = EDGE_LOOP('',(#3002,#3003,#3009,#3010));
#3002 = ORIENTED_EDGE('',*,*,#2044,.T.);
#3003 = ORIENTED_EDGE('',*,*,#3004,.T.);
#3004 = EDGE_CURVE('',#2045,#2473,#3005,.T.);
#3005 = LINE('',#3006,#3007);
#3006 = CARTESIAN_POINT('',(206.7175,-123.28,-4.6E-02));
#3007 = VECTOR('',#3008,1.);
#3008 = DIRECTION('',(0.,0.,1.));
#3009 = ORIENTED_EDGE('',*,*,#2472,.F.);
#3010 = ORIENTED_EDGE('',*,*,#3004,.F.);
#3011 = CYLINDRICAL_SURFACE('',#3012,0.38);
#3012 = AXIS2_PLACEMENT_3D('',#3013,#3014,#3015);
#3013 = CARTESIAN_POINT('',(206.7175,-122.9,-4.6E-02));
#3014 = DIRECTION('',(-0.,-0.,-1.));
#3015 = DIRECTION('',(-0.,-1.,0.));
#3016 = ADVANCED_FACE('',(#3017),#3028,.F.);
#3017 = FACE_BOUND('',#3018,.T.);
#3018 = EDGE_LOOP('',(#3019,#3020,#3026,#3027));
#3019 = ORIENTED_EDGE('',*,*,#2055,.T.);
#3020 = ORIENTED_EDGE('',*,*,#3021,.T.);
#3021 = EDGE_CURVE('',#2056,#2484,#3022,.T.);
#3022 = LINE('',#3023,#3024);
#3023 = CARTESIAN_POINT('',(209.2575,-123.28,-4.6E-02));
#3024 = VECTOR('',#3025,1.);
#3025 = DIRECTION('',(0.,0.,1.));
#3026 = ORIENTED_EDGE('',*,*,#2483,.F.);
#3027 = ORIENTED_EDGE('',*,*,#3021,.F.);
#3028 = CYLINDRICAL_SURFACE('',#3029,0.38);
#3029 = AXIS2_PLACEMENT_3D('',#3030,#3031,#3032);
#3030 = CARTESIAN_POINT('',(209.2575,-122.9,-4.6E-02));
#3031 = DIRECTION('',(-0.,-0.,-1.));
#3032 = DIRECTION('',(-0.,-1.,0.));
#3033 = ADVANCED_FACE('',(#3034),#3045,.F.);
#3034 = FACE_BOUND('',#3035,.T.);
#3035 = EDGE_LOOP('',(#3036,#3037,#3043,#3044));
#3036 = ORIENTED_EDGE('',*,*,#2066,.T.);
#3037 = ORIENTED_EDGE('',*,*,#3038,.T.);
#3038 = EDGE_CURVE('',#2067,#2495,#3039,.T.);
#3039 = LINE('',#3040,#3041);
#3040 = CARTESIAN_POINT('',(207.9875,-120.74,-4.6E-02));
#3041 = VECTOR('',#3042,1.);
#3042 = DIRECTION('',(0.,0.,1.));
#3043 = ORIENTED_EDGE('',*,*,#2494,.F.);
#3044 = ORIENTED_EDGE('',*,*,#3038,.F.);
#3045 = CYLINDRICAL_SURFACE('',#3046,0.38);
#3046 = AXIS2_PLACEMENT_3D('',#3047,#3048,#3049);
#3047 = CARTESIAN_POINT('',(207.9875,-120.36,-4.6E-02));
#3048 = DIRECTION('',(-0.,-0.,-1.));
#3049 = DIRECTION('',(-0.,-1.,0.));
#3050 = ADVANCED_FACE('',(#3051),#3062,.F.);
#3051 = FACE_BOUND('',#3052,.T.);
#3052 = EDGE_LOOP('',(#3053,#3054,#3060,#3061));
#3053 = ORIENTED_EDGE('',*,*,#2077,.T.);
#3054 = ORIENTED_EDGE('',*,*,#3055,.T.);
#3055 = EDGE_CURVE('',#2078,#2506,#3056,.T.);
#3056 = LINE('',#3057,#3058);
#3057 = CARTESIAN_POINT('',(216.8775,-130.85,-4.6E-02));
#3058 = VECTOR('',#3059,1.);
#3059 = DIRECTION('',(0.,0.,1.));
#3060 = ORIENTED_EDGE('',*,*,#2505,.F.);
#3061 = ORIENTED_EDGE('',*,*,#3055,.F.);
#3062 = CYLINDRICAL_SURFACE('',#3063,1.6);
#3063 = AXIS2_PLACEMENT_3D('',#3064,#3065,#3066);
#3064 = CARTESIAN_POINT('',(216.8775,-129.25,-4.6E-02));
#3065 = DIRECTION('',(-0.,-0.,-1.));
#3066 = DIRECTION('',(-0.,-1.,0.));
#3067 = ADVANCED_FACE('',(#3068),#3079,.F.);
#3068 = FACE_BOUND('',#3069,.T.);
#3069 = EDGE_LOOP('',(#3070,#3071,#3077,#3078));
#3070 = ORIENTED_EDGE('',*,*,#2088,.T.);
#3071 = ORIENTED_EDGE('',*,*,#3072,.T.);
#3072 = EDGE_CURVE('',#2089,#2517,#3073,.T.);
#3073 = LINE('',#3074,#3075);
#3074 = CARTESIAN_POINT('',(211.7975,-123.28,-4.6E-02));
#3075 = VECTOR('',#3076,1.);
#3076 = DIRECTION('',(0.,0.,1.));
#3077 = ORIENTED_EDGE('',*,*,#2516,.F.);
#3078 = ORIENTED_EDGE('',*,*,#3072,.F.);
#3079 = CYLINDRICAL_SURFACE('',#3080,0.38);
#3080 = AXIS2_PLACEMENT_3D('',#3081,#3082,#3083);
#3081 = CARTESIAN_POINT('',(211.7975,-122.9,-4.6E-02));
#3082 = DIRECTION('',(-0.,-0.,-1.));
#3083 = DIRECTION('',(-0.,-1.,0.));
#3084 = ADVANCED_FACE('',(#3085),#3096,.F.);
#3085 = FACE_BOUND('',#3086,.T.);
#3086 = EDGE_LOOP('',(#3087,#3088,#3094,#3095));
#3087 = ORIENTED_EDGE('',*,*,#2099,.T.);
#3088 = ORIENTED_EDGE('',*,*,#3089,.T.);
#3089 = EDGE_CURVE('',#2100,#2528,#3090,.T.);
#3090 = LINE('',#3091,#3092);
#3091 = CARTESIAN_POINT('',(210.5275,-120.74,-4.6E-02));
#3092 = VECTOR('',#3093,1.);
#3093 = DIRECTION('',(0.,0.,1.));
#3094 = ORIENTED_EDGE('',*,*,#2527,.F.);
#3095 = ORIENTED_EDGE('',*,*,#3089,.F.);
#3096 = CYLINDRICAL_SURFACE('',#3097,0.38);
#3097 = AXIS2_PLACEMENT_3D('',#3098,#3099,#3100);
#3098 = CARTESIAN_POINT('',(210.5275,-120.36,-4.6E-02));
#3099 = DIRECTION('',(-0.,-0.,-1.));
#3100 = DIRECTION('',(-0.,-1.,0.));
#3101 = ADVANCED_FACE('',(#3102),#3113,.F.);
#3102 = FACE_BOUND('',#3103,.T.);
#3103 = EDGE_LOOP('',(#3104,#3105,#3111,#3112));
#3104 = ORIENTED_EDGE('',*,*,#2110,.T.);
#3105 = ORIENTED_EDGE('',*,*,#3106,.T.);
#3106 = EDGE_CURVE('',#2111,#2539,#3107,.T.);
#3107 = LINE('',#3108,#3109);
#3108 = CARTESIAN_POINT('',(214.3375,-123.28,-4.6E-02));
#3109 = VECTOR('',#3110,1.);
#3110 = DIRECTION('',(0.,0.,1.));
#3111 = ORIENTED_EDGE('',*,*,#2538,.F.);
#3112 = ORIENTED_EDGE('',*,*,#3106,.F.);
#3113 = CYLINDRICAL_SURFACE('',#3114,0.38);
#3114 = AXIS2_PLACEMENT_3D('',#3115,#3116,#3117);
#3115 = CARTESIAN_POINT('',(214.3375,-122.9,-4.6E-02));
#3116 = DIRECTION('',(-0.,-0.,-1.));
#3117 = DIRECTION('',(-0.,-1.,0.));
#3118 = ADVANCED_FACE('',(#3119),#3130,.F.);
#3119 = FACE_BOUND('',#3120,.T.);
#3120 = EDGE_LOOP('',(#3121,#3122,#3128,#3129));
#3121 = ORIENTED_EDGE('',*,*,#2121,.T.);
#3122 = ORIENTED_EDGE('',*,*,#3123,.T.);
#3123 = EDGE_CURVE('',#2122,#2550,#3124,.T.);
#3124 = LINE('',#3125,#3126);
#3125 = CARTESIAN_POINT('',(213.0675,-120.74,-4.6E-02));
#3126 = VECTOR('',#3127,1.);
#3127 = DIRECTION('',(0.,0.,1.));
#3128 = ORIENTED_EDGE('',*,*,#2549,.F.);
#3129 = ORIENTED_EDGE('',*,*,#3123,.F.);
#3130 = CYLINDRICAL_SURFACE('',#3131,0.38);
#3131 = AXIS2_PLACEMENT_3D('',#3132,#3133,#3134);
#3132 = CARTESIAN_POINT('',(213.0675,-120.36,-4.6E-02));
#3133 = DIRECTION('',(-0.,-0.,-1.));
#3134 = DIRECTION('',(-0.,-1.,0.));
#3135 = ADVANCED_FACE('',(#3136),#3147,.F.);
#3136 = FACE_BOUND('',#3137,.T.);
#3137 = EDGE_LOOP('',(#3138,#3139,#3145,#3146));
#3138 = ORIENTED_EDGE('',*,*,#2132,.T.);
#3139 = ORIENTED_EDGE('',*,*,#3140,.T.);
#3140 = EDGE_CURVE('',#2133,#2561,#3141,.T.);
#3141 = LINE('',#3142,#3143);
#3142 = CARTESIAN_POINT('',(215.6075,-120.74,-4.6E-02));
#3143 = VECTOR('',#3144,1.);
#3144 = DIRECTION('',(0.,0.,1.));
#3145 = ORIENTED_EDGE('',*,*,#2560,.F.);
#3146 = ORIENTED_EDGE('',*,*,#3140,.F.);
#3147 = CYLINDRICAL_SURFACE('',#3148,0.38);
#3148 = AXIS2_PLACEMENT_3D('',#3149,#3150,#3151);
#3149 = CARTESIAN_POINT('',(215.6075,-120.36,-4.6E-02));
#3150 = DIRECTION('',(-0.,-0.,-1.));
#3151 = DIRECTION('',(-7.479397218527E-14,-1.,0.));
#3152 = ADVANCED_FACE('',(#3153),#3164,.F.);
#3153 = FACE_BOUND('',#3154,.T.);
#3154 = EDGE_LOOP('',(#3155,#3156,#3162,#3163));
#3155 = ORIENTED_EDGE('',*,*,#2143,.T.);
#3156 = ORIENTED_EDGE('',*,*,#3157,.T.);
#3157 = EDGE_CURVE('',#2144,#2572,#3158,.T.);
#3158 = LINE('',#3159,#3160);
#3159 = CARTESIAN_POINT('',(211.466662,-103.296857,-4.6E-02));
#3160 = VECTOR('',#3161,1.);
#3161 = DIRECTION('',(0.,0.,1.));
#3162 = ORIENTED_EDGE('',*,*,#2571,.F.);
#3163 = ORIENTED_EDGE('',*,*,#3157,.F.);
#3164 = CYLINDRICAL_SURFACE('',#3165,2.15);
#3165 = AXIS2_PLACEMENT_3D('',#3166,#3167,#3168);
#3166 = CARTESIAN_POINT('',(211.466662,-101.146857,-4.6E-02));
#3167 = DIRECTION('',(-0.,0.,-1.));
#3168 = DIRECTION('',(1.321939973507E-14,-1.,-0.));
#3169 = ADVANCED_FACE('',(#3170),#3181,.F.);
#3170 = FACE_BOUND('',#3171,.T.);
#3171 = EDGE_LOOP('',(#3172,#3173,#3179,#3180));
#3172 = ORIENTED_EDGE('',*,*,#2154,.T.);
#3173 = ORIENTED_EDGE('',*,*,#3174,.T.);
#3174 = EDGE_CURVE('',#2155,#2583,#3175,.T.);
#3175 = LINE('',#3176,#3177);
#3176 = CARTESIAN_POINT('',(182.59977,-45.575,-4.6E-02));
#3177 = VECTOR('',#3178,1.);
#3178 = DIRECTION('',(0.,0.,1.));
#3179 = ORIENTED_EDGE('',*,*,#2582,.F.);
#3180 = ORIENTED_EDGE('',*,*,#3174,.F.);
#3181 = CYLINDRICAL_SURFACE('',#3182,0.5);
#3182 = AXIS2_PLACEMENT_3D('',#3183,#3184,#3185);
#3183 = CARTESIAN_POINT('',(182.59977,-45.075,-4.6E-02));
#3184 = DIRECTION('',(-0.,-0.,-1.));
#3185 = DIRECTION('',(-0.,-1.,0.));
#3186 = ADVANCED_FACE('',(#3187),#3198,.F.);
#3187 = FACE_BOUND('',#3188,.T.);
#3188 = EDGE_LOOP('',(#3189,#3190,#3196,#3197));
#3189 = ORIENTED_EDGE('',*,*,#2165,.T.);
#3190 = ORIENTED_EDGE('',*,*,#3191,.T.);
#3191 = EDGE_CURVE('',#2166,#2594,#3192,.T.);
#3192 = LINE('',#3193,#3194);
#3193 = CARTESIAN_POINT('',(185.59977,-56.025,-4.6E-02));
#3194 = VECTOR('',#3195,1.);
#3195 = DIRECTION('',(0.,0.,1.));
#3196 = ORIENTED_EDGE('',*,*,#2593,.F.);
#3197 = ORIENTED_EDGE('',*,*,#3191,.F.);
#3198 = CYLINDRICAL_SURFACE('',#3199,0.95);
#3199 = AXIS2_PLACEMENT_3D('',#3200,#3201,#3202);
#3200 = CARTESIAN_POINT('',(185.59977,-55.075,-4.6E-02));
#3201 = DIRECTION('',(-0.,0.,-1.));
#3202 = DIRECTION('',(2.991758887411E-14,-1.,-0.));
#3203 = ADVANCED_FACE('',(#3204),#3215,.F.);
#3204 = FACE_BOUND('',#3205,.T.);
#3205 = EDGE_LOOP('',(#3206,#3207,#3213,#3214));
#3206 = ORIENTED_EDGE('',*,*,#2176,.T.);
#3207 = ORIENTED_EDGE('',*,*,#3208,.T.);
#3208 = EDGE_CURVE('',#2177,#2605,#3209,.T.);
#3209 = LINE('',#3210,#3211);
#3210 = CARTESIAN_POINT('',(190.59977,-56.025,-4.6E-02));
#3211 = VECTOR('',#3212,1.);
#3212 = DIRECTION('',(0.,0.,1.));
#3213 = ORIENTED_EDGE('',*,*,#2604,.F.);
#3214 = ORIENTED_EDGE('',*,*,#3208,.F.);
#3215 = CYLINDRICAL_SURFACE('',#3216,0.95);
#3216 = AXIS2_PLACEMENT_3D('',#3217,#3218,#3219);
#3217 = CARTESIAN_POINT('',(190.59977,-55.075,-4.6E-02));
#3218 = DIRECTION('',(-0.,0.,-1.));
#3219 = DIRECTION('',(2.991758887411E-14,-1.,-0.));
#3220 = ADVANCED_FACE('',(#3221),#3232,.F.);
#3221 = FACE_BOUND('',#3222,.T.);
#3222 = EDGE_LOOP('',(#3223,#3224,#3230,#3231));
#3223 = ORIENTED_EDGE('',*,*,#2187,.T.);
#3224 = ORIENTED_EDGE('',*,*,#3225,.T.);
#3225 = EDGE_CURVE('',#2188,#2616,#3226,.T.);
#3226 = LINE('',#3227,#3228);
#3227 = CARTESIAN_POINT('',(193.59977,-45.575,-4.6E-02));
#3228 = VECTOR('',#3229,1.);
#3229 = DIRECTION('',(0.,0.,1.));
#3230 = ORIENTED_EDGE('',*,*,#2615,.F.);
#3231 = ORIENTED_EDGE('',*,*,#3225,.F.);
#3232 = CYLINDRICAL_SURFACE('',#3233,0.5);
#3233 = AXIS2_PLACEMENT_3D('',#3234,#3235,#3236);
#3234 = CARTESIAN_POINT('',(193.59977,-45.075,-4.6E-02));
#3235 = DIRECTION('',(-0.,-0.,-1.));
#3236 = DIRECTION('',(-0.,-1.,0.));
#3237 = ADVANCED_FACE('',(#3238),#3249,.F.);
#3238 = FACE_BOUND('',#3239,.T.);
#3239 = EDGE_LOOP('',(#3240,#3241,#3247,#3248));
#3240 = ORIENTED_EDGE('',*,*,#2198,.T.);
#3241 = ORIENTED_EDGE('',*,*,#3242,.T.);
#3242 = EDGE_CURVE('',#2199,#2627,#3243,.T.);
#3243 = LINE('',#3244,#3245);
#3244 = CARTESIAN_POINT('',(199.819805,-59.830195,-4.6E-02));
#3245 = VECTOR('',#3246,1.);
#3246 = DIRECTION('',(0.,0.,1.));
#3247 = ORIENTED_EDGE('',*,*,#2626,.F.);
#3248 = ORIENTED_EDGE('',*,*,#3242,.F.);
#3249 = CYLINDRICAL_SURFACE('',#3250,2.15);
#3250 = AXIS2_PLACEMENT_3D('',#3251,#3252,#3253);
#3251 = CARTESIAN_POINT('',(199.819805,-57.680195,-4.6E-02));
#3252 = DIRECTION('',(-0.,-0.,-1.));
#3253 = DIRECTION('',(-0.,-1.,0.));
#3254 = ADVANCED_FACE('',(#3255),#3266,.F.);
#3255 = FACE_BOUND('',#3256,.T.);
#3256 = EDGE_LOOP('',(#3257,#3258,#3264,#3265));
#3257 = ORIENTED_EDGE('',*,*,#2209,.T.);
#3258 = ORIENTED_EDGE('',*,*,#3259,.T.);
#3259 = EDGE_CURVE('',#2210,#2638,#3260,.T.);
#3260 = LINE('',#3261,#3262);
#3261 = CARTESIAN_POINT('',(208.3425,-59.145,-4.6E-02));
#3262 = VECTOR('',#3263,1.);
#3263 = DIRECTION('',(0.,0.,1.));
#3264 = ORIENTED_EDGE('',*,*,#2637,.F.);
#3265 = ORIENTED_EDGE('',*,*,#3259,.F.);
#3266 = CYLINDRICAL_SURFACE('',#3267,0.38);
#3267 = AXIS2_PLACEMENT_3D('',#3268,#3269,#3270);
#3268 = CARTESIAN_POINT('',(208.3425,-58.765,-4.6E-02));
#3269 = DIRECTION('',(-0.,-0.,-1.));
#3270 = DIRECTION('',(-0.,-1.,0.));
#3271 = ADVANCED_FACE('',(#3272),#3283,.F.);
#3272 = FACE_BOUND('',#3273,.T.);
#3273 = EDGE_LOOP('',(#3274,#3275,#3281,#3282));
#3274 = ORIENTED_EDGE('',*,*,#2220,.T.);
#3275 = ORIENTED_EDGE('',*,*,#3276,.T.);
#3276 = EDGE_CURVE('',#2221,#2649,#3277,.T.);
#3277 = LINE('',#3278,#3279);
#3278 = CARTESIAN_POINT('',(207.0725,-51.475,-4.6E-02));
#3279 = VECTOR('',#3280,1.);
#3280 = DIRECTION('',(0.,0.,1.));
#3281 = ORIENTED_EDGE('',*,*,#2648,.F.);
#3282 = ORIENTED_EDGE('',*,*,#3276,.F.);
#3283 = CYLINDRICAL_SURFACE('',#3284,1.6);
#3284 = AXIS2_PLACEMENT_3D('',#3285,#3286,#3287);
#3285 = CARTESIAN_POINT('',(207.0725,-49.875,-4.6E-02));
#3286 = DIRECTION('',(-0.,-0.,-1.));
#3287 = DIRECTION('',(-0.,-1.,0.));
#3288 = ADVANCED_FACE('',(#3289),#3300,.F.);
#3289 = FACE_BOUND('',#3290,.T.);
#3290 = EDGE_LOOP('',(#3291,#3292,#3298,#3299));
#3291 = ORIENTED_EDGE('',*,*,#2231,.T.);
#3292 = ORIENTED_EDGE('',*,*,#3293,.T.);
#3293 = EDGE_CURVE('',#2232,#2660,#3294,.T.);
#3294 = LINE('',#3295,#3296);
#3295 = CARTESIAN_POINT('',(210.8825,-59.145,-4.6E-02));
#3296 = VECTOR('',#3297,1.);
#3297 = DIRECTION('',(0.,0.,1.));
#3298 = ORIENTED_EDGE('',*,*,#2659,.F.);
#3299 = ORIENTED_EDGE('',*,*,#3293,.F.);
#3300 = CYLINDRICAL_SURFACE('',#3301,0.38);
#3301 = AXIS2_PLACEMENT_3D('',#3302,#3303,#3304);
#3302 = CARTESIAN_POINT('',(210.8825,-58.765,-4.6E-02));
#3303 = DIRECTION('',(-0.,-0.,-1.));
#3304 = DIRECTION('',(-0.,-1.,0.));
#3305 = ADVANCED_FACE('',(#3306),#3317,.F.);
#3306 = FACE_BOUND('',#3307,.T.);
#3307 = EDGE_LOOP('',(#3308,#3309,#3315,#3316));
#3308 = ORIENTED_EDGE('',*,*,#2242,.T.);
#3309 = ORIENTED_EDGE('',*,*,#3310,.T.);
#3310 = EDGE_CURVE('',#2243,#2671,#3311,.T.);
#3311 = LINE('',#3312,#3313);
#3312 = CARTESIAN_POINT('',(209.6125,-56.605,-4.6E-02));
#3313 = VECTOR('',#3314,1.);
#3314 = DIRECTION('',(0.,0.,1.));
#3315 = ORIENTED_EDGE('',*,*,#2670,.F.);
#3316 = ORIENTED_EDGE('',*,*,#3310,.F.);
#3317 = CYLINDRICAL_SURFACE('',#3318,0.38);
#3318 = AXIS2_PLACEMENT_3D('',#3319,#3320,#3321);
#3319 = CARTESIAN_POINT('',(209.6125,-56.225,-4.6E-02));
#3320 = DIRECTION('',(-0.,-0.,-1.));
#3321 = DIRECTION('',(-0.,-1.,0.));
#3322 = ADVANCED_FACE('',(#3323),#3334,.F.);
#3323 = FACE_BOUND('',#3324,.T.);
#3324 = EDGE_LOOP('',(#3325,#3326,#3332,#3333));
#3325 = ORIENTED_EDGE('',*,*,#2253,.T.);
#3326 = ORIENTED_EDGE('',*,*,#3327,.T.);
#3327 = EDGE_CURVE('',#2254,#2682,#3328,.T.);
#3328 = LINE('',#3329,#3330);
#3329 = CARTESIAN_POINT('',(213.4225,-59.145,-4.6E-02));
#3330 = VECTOR('',#3331,1.);
#3331 = DIRECTION('',(0.,0.,1.));
#3332 = ORIENTED_EDGE('',*,*,#2681,.F.);
#3333 = ORIENTED_EDGE('',*,*,#3327,.F.);
#3334 = CYLINDRICAL_SURFACE('',#3335,0.38);
#3335 = AXIS2_PLACEMENT_3D('',#3336,#3337,#3338);
#3336 = CARTESIAN_POINT('',(213.4225,-58.765,-4.6E-02));
#3337 = DIRECTION('',(-0.,-0.,-1.));
#3338 = DIRECTION('',(-0.,-1.,0.));
#3339 = ADVANCED_FACE('',(#3340),#3351,.F.);
#3340 = FACE_BOUND('',#3341,.T.);
#3341 = EDGE_LOOP('',(#3342,#3343,#3349,#3350));
#3342 = ORIENTED_EDGE('',*,*,#2264,.T.);
#3343 = ORIENTED_EDGE('',*,*,#3344,.T.);
#3344 = EDGE_CURVE('',#2265,#2693,#3345,.T.);
#3345 = LINE('',#3346,#3347);
#3346 = CARTESIAN_POINT('',(212.1525,-56.605,-4.6E-02));
#3347 = VECTOR('',#3348,1.);
#3348 = DIRECTION('',(0.,0.,1.));
#3349 = ORIENTED_EDGE('',*,*,#2692,.F.);
#3350 = ORIENTED_EDGE('',*,*,#3344,.F.);
#3351 = CYLINDRICAL_SURFACE('',#3352,0.38);
#3352 = AXIS2_PLACEMENT_3D('',#3353,#3354,#3355);
#3353 = CARTESIAN_POINT('',(212.1525,-56.225,-4.6E-02));
#3354 = DIRECTION('',(-0.,-0.,-1.));
#3355 = DIRECTION('',(-0.,-1.,0.));
#3356 = ADVANCED_FACE('',(#3357),#3368,.F.);
#3357 = FACE_BOUND('',#3358,.T.);
#3358 = EDGE_LOOP('',(#3359,#3360,#3366,#3367));
#3359 = ORIENTED_EDGE('',*,*,#2275,.T.);
#3360 = ORIENTED_EDGE('',*,*,#3361,.T.);
#3361 = EDGE_CURVE('',#2276,#2704,#3362,.T.);
#3362 = LINE('',#3363,#3364);
#3363 = CARTESIAN_POINT('',(214.6925,-56.605,-4.6E-02));
#3364 = VECTOR('',#3365,1.);
#3365 = DIRECTION('',(0.,0.,1.));
#3366 = ORIENTED_EDGE('',*,*,#2703,.F.);
#3367 = ORIENTED_EDGE('',*,*,#3361,.F.);
#3368 = CYLINDRICAL_SURFACE('',#3369,0.38);
#3369 = AXIS2_PLACEMENT_3D('',#3370,#3371,#3372);
#3370 = CARTESIAN_POINT('',(214.6925,-56.225,-4.6E-02));
#3371 = DIRECTION('',(-0.,-0.,-1.));
#3372 = DIRECTION('',(-0.,-1.,0.));
#3373 = ADVANCED_FACE('',(#3374),#3385,.F.);
#3374 = FACE_BOUND('',#3375,.T.);
#3375 = EDGE_LOOP('',(#3376,#3377,#3383,#3384));
#3376 = ORIENTED_EDGE('',*,*,#2286,.T.);
#3377 = ORIENTED_EDGE('',*,*,#3378,.T.);
#3378 = EDGE_CURVE('',#2287,#2715,#3379,.T.);
#3379 = LINE('',#3380,#3381);
#3380 = CARTESIAN_POINT('',(215.9625,-59.145,-4.6E-02));
#3381 = VECTOR('',#3382,1.);
#3382 = DIRECTION('',(0.,0.,1.));
#3383 = ORIENTED_EDGE('',*,*,#2714,.F.);
#3384 = ORIENTED_EDGE('',*,*,#3378,.F.);
#3385 = CYLINDRICAL_SURFACE('',#3386,0.38);
#3386 = AXIS2_PLACEMENT_3D('',#3387,#3388,#3389);
#3387 = CARTESIAN_POINT('',(215.9625,-58.765,-4.6E-02));
#3388 = DIRECTION('',(-0.,-0.,-1.));
#3389 = DIRECTION('',(-0.,-1.,0.));
#3390 = ADVANCED_FACE('',(#3391),#3402,.F.);
#3391 = FACE_BOUND('',#3392,.T.);
#3392 = EDGE_LOOP('',(#3393,#3394,#3400,#3401));
#3393 = ORIENTED_EDGE('',*,*,#2297,.T.);
#3394 = ORIENTED_EDGE('',*,*,#3395,.T.);
#3395 = EDGE_CURVE('',#2298,#2726,#3396,.T.);
#3396 = LINE('',#3397,#3398);
#3397 = CARTESIAN_POINT('',(217.2325,-56.605,-4.6E-02));
#3398 = VECTOR('',#3399,1.);
#3399 = DIRECTION('',(0.,0.,1.));
#3400 = ORIENTED_EDGE('',*,*,#2725,.F.);
#3401 = ORIENTED_EDGE('',*,*,#3395,.F.);
#3402 = CYLINDRICAL_SURFACE('',#3403,0.38);
#3403 = AXIS2_PLACEMENT_3D('',#3404,#3405,#3406);
#3404 = CARTESIAN_POINT('',(217.2325,-56.225,-4.6E-02));
#3405 = DIRECTION('',(-0.,-0.,-1.));
#3406 = DIRECTION('',(-7.479397218527E-14,-1.,0.));
#3407 = ADVANCED_FACE('',(#3408),#3419,.F.);
#3408 = FACE_BOUND('',#3409,.T.);
#3409 = EDGE_LOOP('',(#3410,#3411,#3417,#3418));
#3410 = ORIENTED_EDGE('',*,*,#2308,.T.);
#3411 = ORIENTED_EDGE('',*,*,#3412,.T.);
#3412 = EDGE_CURVE('',#2309,#2737,#3413,.T.);
#3413 = LINE('',#3414,#3415);
#3414 = CARTESIAN_POINT('',(218.5025,-51.475,-4.6E-02));
#3415 = VECTOR('',#3416,1.);
#3416 = DIRECTION('',(0.,0.,1.));
#3417 = ORIENTED_EDGE('',*,*,#2736,.F.);
#3418 = ORIENTED_EDGE('',*,*,#3412,.F.);
#3419 = CYLINDRICAL_SURFACE('',#3420,1.6);
#3420 = AXIS2_PLACEMENT_3D('',#3421,#3422,#3423);
#3421 = CARTESIAN_POINT('',(218.5025,-49.875,-4.6E-02));
#3422 = DIRECTION('',(-0.,-0.,-1.));
#3423 = DIRECTION('',(-0.,-1.,0.));
#3424 = ( GEOMETRIC_REPRESENTATION_CONTEXT(3) 
GLOBAL_UNCERTAINTY_ASSIGNED_CONTEXT((#3428)) 
GLOBAL_UNIT_ASSIGNED_CONTEXT((#3425,#3426,#3427)) REPRESENTATION_CONTEXT
('Context #1','3D Context with UNIT and UNCERTAINTY') );
#3425 = ( LENGTH_UNIT() NAMED_UNIT(*) SI_UNIT(.MILLI.,.METRE.) );
#3426 = ( NAMED_UNIT(*) PLANE_ANGLE_UNIT() SI_UNIT($,.RADIAN.) );
#3427 = ( NAMED_UNIT(*) SI_UNIT($,.STERADIAN.) SOLID_ANGLE_UNIT() );
#3428 = UNCERTAINTY_MEASURE_WITH_UNIT(LENGTH_MEASURE(1.E-07),#3425,
  'distance_accuracy_value','confusion accuracy');
#3429 = CONTEXT_DEPENDENT_SHAPE_REPRESENTATION(#3430,#3432);
#3430 = ( REPRESENTATION_RELATIONSHIP('','',#1786,#10) 
REPRESENTATION_RELATIONSHIP_WITH_TRANSFORMATION(#3431) 
SHAPE_REPRESENTATION_RELATIONSHIP() );
#3431 = ITEM_DEFINED_TRANSFORMATION('','',#11,#31);
#3432 = PRODUCT_DEFINITION_SHAPE('Placement','Placement of an item',
  #3433);
#3433 = NEXT_ASSEMBLY_USAGE_OCCURRENCE('7','=>[0:1:1:6]','',#5,#1781,$);
#3434 = PRODUCT_RELATED_PRODUCT_CATEGORY('part',$,(#1783));
#3435 = MECHANICAL_DESIGN_GEOMETRIC_PRESENTATION_REPRESENTATION('',(
    #3436,#3444,#3451,#3458,#3465,#3472,#3479,#3486,#3493,#3500,#3507,
    #3515,#3522,#3529,#3536,#3543,#3550,#3557,#3564,#3571,#3578,#3585,
    #3592,#3599,#3606,#3613,#3620,#3627),#1758);
#3436 = STYLED_ITEM('color',(#3437),#906);
#3437 = PRESENTATION_STYLE_ASSIGNMENT((#3438));
#3438 = SURFACE_STYLE_USAGE(.BOTH.,#3439);
#3439 = SURFACE_SIDE_STYLE('',(#3440));
#3440 = SURFACE_STYLE_FILL_AREA(#3441);
#3441 = FILL_AREA_STYLE('',(#3442));
#3442 = FILL_AREA_STYLE_COLOUR('',#3443);
#3443 = COLOUR_RGB('',0.823999987314,0.819999987296,0.781000009244);
#3444 = STYLED_ITEM('color',(#3445),#982);
#3445 = PRESENTATION_STYLE_ASSIGNMENT((#3446));
#3446 = SURFACE_STYLE_USAGE(.BOTH.,#3447);
#3447 = SURFACE_SIDE_STYLE('',(#3448));
#3448 = SURFACE_STYLE_FILL_AREA(#3449);
#3449 = FILL_AREA_STYLE('',(#3450));
#3450 = FILL_AREA_STYLE_COLOUR('',#3443);
#3451 = STYLED_ITEM('color',(#3452),#1013);
#3452 = PRESENTATION_STYLE_ASSIGNMENT((#3453));
#3453 = SURFACE_STYLE_USAGE(.BOTH.,#3454);
#3454 = SURFACE_SIDE_STYLE('',(#3455));
#3455 = SURFACE_STYLE_FILL_AREA(#3456);
#3456 = FILL_AREA_STYLE('',(#3457));
#3457 = FILL_AREA_STYLE_COLOUR('',#3443);
#3458 = STYLED_ITEM('color',(#3459),#1038);
#3459 = PRESENTATION_STYLE_ASSIGNMENT((#3460));
#3460 = SURFACE_STYLE_USAGE(.BOTH.,#3461);
#3461 = SURFACE_SIDE_STYLE('',(#3462));
#3462 = SURFACE_STYLE_FILL_AREA(#3463);
#3463 = FILL_AREA_STYLE('',(#3464));
#3464 = FILL_AREA_STYLE_COLOUR('',#3443);
#3465 = STYLED_ITEM('color',(#3466),#1063);
#3466 = PRESENTATION_STYLE_ASSIGNMENT((#3467));
#3467 = SURFACE_STYLE_USAGE(.BOTH.,#3468);
#3468 = SURFACE_SIDE_STYLE('',(#3469));
#3469 = SURFACE_STYLE_FILL_AREA(#3470);
#3470 = FILL_AREA_STYLE('',(#3471));
#3471 = FILL_AREA_STYLE_COLOUR('',#3443);
#3472 = STYLED_ITEM('color',(#3473),#1087);
#3473 = PRESENTATION_STYLE_ASSIGNMENT((#3474));
#3474 = SURFACE_STYLE_USAGE(.BOTH.,#3475);
#3475 = SURFACE_SIDE_STYLE('',(#3476));
#3476 = SURFACE_STYLE_FILL_AREA(#3477);
#3477 = FILL_AREA_STYLE('',(#3478));
#3478 = FILL_AREA_STYLE_COLOUR('',#3443);
#3479 = STYLED_ITEM('color',(#3480),#1111);
#3480 = PRESENTATION_STYLE_ASSIGNMENT((#3481));
#3481 = SURFACE_STYLE_USAGE(.BOTH.,#3482);
#3482 = SURFACE_SIDE_STYLE('',(#3483));
#3483 = SURFACE_STYLE_FILL_AREA(#3484);
#3484 = FILL_AREA_STYLE('',(#3485));
#3485 = FILL_AREA_STYLE_COLOUR('',#3443);
#3486 = STYLED_ITEM('color',(#3487),#1136);
#3487 = PRESENTATION_STYLE_ASSIGNMENT((#3488));
#3488 = SURFACE_STYLE_USAGE(.BOTH.,#3489);
#3489 = SURFACE_SIDE_STYLE('',(#3490));
#3490 = SURFACE_STYLE_FILL_AREA(#3491);
#3491 = FILL_AREA_STYLE('',(#3492));
#3492 = FILL_AREA_STYLE_COLOUR('',#3443);
#3493 = STYLED_ITEM('color',(#3494),#1161);
#3494 = PRESENTATION_STYLE_ASSIGNMENT((#3495));
#3495 = SURFACE_STYLE_USAGE(.BOTH.,#3496);
#3496 = SURFACE_SIDE_STYLE('',(#3497));
#3497 = SURFACE_STYLE_FILL_AREA(#3498);
#3498 = FILL_AREA_STYLE('',(#3499));
#3499 = FILL_AREA_STYLE_COLOUR('',#3443);
#3500 = STYLED_ITEM('color',(#3501),#1178);
#3501 = PRESENTATION_STYLE_ASSIGNMENT((#3502));
#3502 = SURFACE_STYLE_USAGE(.BOTH.,#3503);
#3503 = SURFACE_SIDE_STYLE('',(#3504));
#3504 = SURFACE_STYLE_FILL_AREA(#3505);
#3505 = FILL_AREA_STYLE('',(#3506));
#3506 = FILL_AREA_STYLE_COLOUR('',#3443);
#3507 = STYLED_ITEM('color',(#3508),#1264);
#3508 = PRESENTATION_STYLE_ASSIGNMENT((#3509));
#3509 = SURFACE_STYLE_USAGE(.BOTH.,#3510);
#3510 = SURFACE_SIDE_STYLE('',(#3511));
#3511 = SURFACE_STYLE_FILL_AREA(#3512);
#3512 = FILL_AREA_STYLE('',(#3513));
#3513 = FILL_AREA_STYLE_COLOUR('',#3514);
#3514 = COLOUR_RGB('',0.379000005575,0.270000008848,0.214999999939);
#3515 = STYLED_ITEM('color',(#3516),#1296);
#3516 = PRESENTATION_STYLE_ASSIGNMENT((#3517));
#3517 = SURFACE_STYLE_USAGE(.BOTH.,#3518);
#3518 = SURFACE_SIDE_STYLE('',(#3519));
#3519 = SURFACE_STYLE_FILL_AREA(#3520);
#3520 = FILL_AREA_STYLE('',(#3521));
#3521 = FILL_AREA_STYLE_COLOUR('',#3514);
#3522 = STYLED_ITEM('color',(#3523),#1320);
#3523 = PRESENTATION_STYLE_ASSIGNMENT((#3524));
#3524 = SURFACE_STYLE_USAGE(.BOTH.,#3525);
#3525 = SURFACE_SIDE_STYLE('',(#3526));
#3526 = SURFACE_STYLE_FILL_AREA(#3527);
#3527 = FILL_AREA_STYLE('',(#3528));
#3528 = FILL_AREA_STYLE_COLOUR('',#3514);
#3529 = STYLED_ITEM('color',(#3530),#1345);
#3530 = PRESENTATION_STYLE_ASSIGNMENT((#3531));
#3531 = SURFACE_STYLE_USAGE(.BOTH.,#3532);
#3532 = SURFACE_SIDE_STYLE('',(#3533));
#3533 = SURFACE_STYLE_FILL_AREA(#3534);
#3534 = FILL_AREA_STYLE('',(#3535));
#3535 = FILL_AREA_STYLE_COLOUR('',#3514);
#3536 = STYLED_ITEM('color',(#3537),#1369);
#3537 = PRESENTATION_STYLE_ASSIGNMENT((#3538));
#3538 = SURFACE_STYLE_USAGE(.BOTH.,#3539);
#3539 = SURFACE_SIDE_STYLE('',(#3540));
#3540 = SURFACE_STYLE_FILL_AREA(#3541);
#3541 = FILL_AREA_STYLE('',(#3542));
#3542 = FILL_AREA_STYLE_COLOUR('',#3514);
#3543 = STYLED_ITEM('color',(#3544),#1394);
#3544 = PRESENTATION_STYLE_ASSIGNMENT((#3545));
#3545 = SURFACE_STYLE_USAGE(.BOTH.,#3546);
#3546 = SURFACE_SIDE_STYLE('',(#3547));
#3547 = SURFACE_STYLE_FILL_AREA(#3548);
#3548 = FILL_AREA_STYLE('',(#3549));
#3549 = FILL_AREA_STYLE_COLOUR('',#3514);
#3550 = STYLED_ITEM('color',(#3551),#1418);
#3551 = PRESENTATION_STYLE_ASSIGNMENT((#3552));
#3552 = SURFACE_STYLE_USAGE(.BOTH.,#3553);
#3553 = SURFACE_SIDE_STYLE('',(#3554));
#3554 = SURFACE_STYLE_FILL_AREA(#3555);
#3555 = FILL_AREA_STYLE('',(#3556));
#3556 = FILL_AREA_STYLE_COLOUR('',#3514);
#3557 = STYLED_ITEM('color',(#3558),#1443);
#3558 = PRESENTATION_STYLE_ASSIGNMENT((#3559));
#3559 = SURFACE_STYLE_USAGE(.BOTH.,#3560);
#3560 = SURFACE_SIDE_STYLE('',(#3561));
#3561 = SURFACE_STYLE_FILL_AREA(#3562);
#3562 = FILL_AREA_STYLE('',(#3563));
#3563 = FILL_AREA_STYLE_COLOUR('',#3514);
#3564 = STYLED_ITEM('color',(#3565),#1460);
#3565 = PRESENTATION_STYLE_ASSIGNMENT((#3566));
#3566 = SURFACE_STYLE_USAGE(.BOTH.,#3567);
#3567 = SURFACE_SIDE_STYLE('',(#3568));
#3568 = SURFACE_STYLE_FILL_AREA(#3569);
#3569 = FILL_AREA_STYLE('',(#3570));
#3570 = FILL_AREA_STYLE_COLOUR('',#3443);
#3571 = STYLED_ITEM('color',(#3572),#1546);
#3572 = PRESENTATION_STYLE_ASSIGNMENT((#3573));
#3573 = SURFACE_STYLE_USAGE(.BOTH.,#3574);
#3574 = SURFACE_SIDE_STYLE('',(#3575));
#3575 = SURFACE_STYLE_FILL_AREA(#3576);
#3576 = FILL_AREA_STYLE('',(#3577));
#3577 = FILL_AREA_STYLE_COLOUR('',#3443);
#3578 = STYLED_ITEM('color',(#3579),#1577);
#3579 = PRESENTATION_STYLE_ASSIGNMENT((#3580));
#3580 = SURFACE_STYLE_USAGE(.BOTH.,#3581);
#3581 = SURFACE_SIDE_STYLE('',(#3582));
#3582 = SURFACE_STYLE_FILL_AREA(#3583);
#3583 = FILL_AREA_STYLE('',(#3584));
#3584 = FILL_AREA_STYLE_COLOUR('',#3443);
#3585 = STYLED_ITEM('color',(#3586),#1602);
#3586 = PRESENTATION_STYLE_ASSIGNMENT((#3587));
#3587 = SURFACE_STYLE_USAGE(.BOTH.,#3588);
#3588 = SURFACE_SIDE_STYLE('',(#3589));
#3589 = SURFACE_STYLE_FILL_AREA(#3590);
#3590 = FILL_AREA_STYLE('',(#3591));
#3591 = FILL_AREA_STYLE_COLOUR('',#3443);
#3592 = STYLED_ITEM('color',(#3593),#1627);
#3593 = PRESENTATION_STYLE_ASSIGNMENT((#3594));
#3594 = SURFACE_STYLE_USAGE(.BOTH.,#3595);
#3595 = SURFACE_SIDE_STYLE('',(#3596));
#3596 = SURFACE_STYLE_FILL_AREA(#3597);
#3597 = FILL_AREA_STYLE('',(#3598));
#3598 = FILL_AREA_STYLE_COLOUR('',#3443);
#3599 = STYLED_ITEM('color',(#3600),#1651);
#3600 = PRESENTATION_STYLE_ASSIGNMENT((#3601));
#3601 = SURFACE_STYLE_USAGE(.BOTH.,#3602);
#3602 = SURFACE_SIDE_STYLE('',(#3603));
#3603 = SURFACE_STYLE_FILL_AREA(#3604);
#3604 = FILL_AREA_STYLE('',(#3605));
#3605 = FILL_AREA_STYLE_COLOUR('',#3443);
#3606 = STYLED_ITEM('color',(#3607),#1675);
#3607 = PRESENTATION_STYLE_ASSIGNMENT((#3608));
#3608 = SURFACE_STYLE_USAGE(.BOTH.,#3609);
#3609 = SURFACE_SIDE_STYLE('',(#3610));
#3610 = SURFACE_STYLE_FILL_AREA(#3611);
#3611 = FILL_AREA_STYLE('',(#3612));
#3612 = FILL_AREA_STYLE_COLOUR('',#3443);
#3613 = STYLED_ITEM('color',(#3614),#1700);
#3614 = PRESENTATION_STYLE_ASSIGNMENT((#3615));
#3615 = SURFACE_STYLE_USAGE(.BOTH.,#3616);
#3616 = SURFACE_SIDE_STYLE('',(#3617));
#3617 = SURFACE_STYLE_FILL_AREA(#3618);
#3618 = FILL_AREA_STYLE('',(#3619));
#3619 = FILL_AREA_STYLE_COLOUR('',#3443);
#3620 = STYLED_ITEM('color',(#3621),#1725);
#3621 = PRESENTATION_STYLE_ASSIGNMENT((#3622));
#3622 = SURFACE_STYLE_USAGE(.BOTH.,#3623);
#3623 = SURFACE_SIDE_STYLE('',(#3624));
#3624 = SURFACE_STYLE_FILL_AREA(#3625);
#3625 = FILL_AREA_STYLE('',(#3626));
#3626 = FILL_AREA_STYLE_COLOUR('',#3443);
#3627 = STYLED_ITEM('color',(#3628),#1742);
#3628 = PRESENTATION_STYLE_ASSIGNMENT((#3629));
#3629 = SURFACE_STYLE_USAGE(.BOTH.,#3630);
#3630 = SURFACE_SIDE_STYLE('',(#3631));
#3631 = SURFACE_STYLE_FILL_AREA(#3632);
#3632 = FILL_AREA_STYLE('',(#3633));
#3633 = FILL_AREA_STYLE_COLOUR('',#3443);
#3634 = MECHANICAL_DESIGN_GEOMETRIC_PRESENTATION_REPRESENTATION('',(
    #3635,#3642,#3649,#3656,#3663,#3670,#3677,#3684,#3692,#3699,#3706,
    #3713,#3720,#3727,#3735,#3742,#3749,#3756,#3763,#3770,#3777,#3784,
    #3791,#3798,#3805,#3812),#862);
#3635 = STYLED_ITEM('color',(#3636),#74);
#3636 = PRESENTATION_STYLE_ASSIGNMENT((#3637));
#3637 = SURFACE_STYLE_USAGE(.BOTH.,#3638);
#3638 = SURFACE_SIDE_STYLE('',(#3639));
#3639 = SURFACE_STYLE_FILL_AREA(#3640);
#3640 = FILL_AREA_STYLE('',(#3641));
#3641 = FILL_AREA_STYLE_COLOUR('',#3443);
#3642 = STYLED_ITEM('color',(#3643),#114);
#3643 = PRESENTATION_STYLE_ASSIGNMENT((#3644));
#3644 = SURFACE_STYLE_USAGE(.BOTH.,#3645);
#3645 = SURFACE_SIDE_STYLE('',(#3646));
#3646 = SURFACE_STYLE_FILL_AREA(#3647);
#3647 = FILL_AREA_STYLE('',(#3648));
#3648 = FILL_AREA_STYLE_COLOUR('',#3443);
#3649 = STYLED_ITEM('color',(#3650),#197);
#3650 = PRESENTATION_STYLE_ASSIGNMENT((#3651));
#3651 = SURFACE_STYLE_USAGE(.BOTH.,#3652);
#3652 = SURFACE_SIDE_STYLE('',(#3653));
#3653 = SURFACE_STYLE_FILL_AREA(#3654);
#3654 = FILL_AREA_STYLE('',(#3655));
#3655 = FILL_AREA_STYLE_COLOUR('',#3443);
#3656 = STYLED_ITEM('color',(#3657),#222);
#3657 = PRESENTATION_STYLE_ASSIGNMENT((#3658));
#3658 = SURFACE_STYLE_USAGE(.BOTH.,#3659);
#3659 = SURFACE_SIDE_STYLE('',(#3660));
#3660 = SURFACE_STYLE_FILL_AREA(#3661);
#3661 = FILL_AREA_STYLE('',(#3662));
#3662 = FILL_AREA_STYLE_COLOUR('',#3443);
#3663 = STYLED_ITEM('color',(#3664),#247);
#3664 = PRESENTATION_STYLE_ASSIGNMENT((#3665));
#3665 = SURFACE_STYLE_USAGE(.BOTH.,#3666);
#3666 = SURFACE_SIDE_STYLE('',(#3667));
#3667 = SURFACE_STYLE_FILL_AREA(#3668);
#3668 = FILL_AREA_STYLE('',(#3669));
#3669 = FILL_AREA_STYLE_COLOUR('',#3443);
#3670 = STYLED_ITEM('color',(#3671),#314);
#3671 = PRESENTATION_STYLE_ASSIGNMENT((#3672));
#3672 = SURFACE_STYLE_USAGE(.BOTH.,#3673);
#3673 = SURFACE_SIDE_STYLE('',(#3674));
#3674 = SURFACE_STYLE_FILL_AREA(#3675);
#3675 = FILL_AREA_STYLE('',(#3676));
#3676 = FILL_AREA_STYLE_COLOUR('',#3443);
#3677 = STYLED_ITEM('color',(#3678),#331);
#3678 = PRESENTATION_STYLE_ASSIGNMENT((#3679));
#3679 = SURFACE_STYLE_USAGE(.BOTH.,#3680);
#3680 = SURFACE_SIDE_STYLE('',(#3681));
#3681 = SURFACE_STYLE_FILL_AREA(#3682);
#3682 = FILL_AREA_STYLE('',(#3683));
#3683 = FILL_AREA_STYLE_COLOUR('',#3443);
#3684 = STYLED_ITEM('color',(#3685),#348);
#3685 = PRESENTATION_STYLE_ASSIGNMENT((#3686));
#3686 = SURFACE_STYLE_USAGE(.BOTH.,#3687);
#3687 = SURFACE_SIDE_STYLE('',(#3688));
#3688 = SURFACE_STYLE_FILL_AREA(#3689);
#3689 = FILL_AREA_STYLE('',(#3690));
#3690 = FILL_AREA_STYLE_COLOUR('',#3691);
#3691 = COLOUR_RGB('',0.894999966383,0.890999961016,0.813000030345);
#3692 = STYLED_ITEM('color',(#3693),#397);
#3693 = PRESENTATION_STYLE_ASSIGNMENT((#3694));
#3694 = SURFACE_STYLE_USAGE(.BOTH.,#3695);
#3695 = SURFACE_SIDE_STYLE('',(#3696));
#3696 = SURFACE_STYLE_FILL_AREA(#3697);
#3697 = FILL_AREA_STYLE('',(#3698));
#3698 = FILL_AREA_STYLE_COLOUR('',#3443);
#3699 = STYLED_ITEM('color',(#3700),#414);
#3700 = PRESENTATION_STYLE_ASSIGNMENT((#3701));
#3701 = SURFACE_STYLE_USAGE(.BOTH.,#3702);
#3702 = SURFACE_SIDE_STYLE('',(#3703));
#3703 = SURFACE_STYLE_FILL_AREA(#3704);
#3704 = FILL_AREA_STYLE('',(#3705));
#3705 = FILL_AREA_STYLE_COLOUR('',#3443);
#3706 = STYLED_ITEM('color',(#3707),#431);
#3707 = PRESENTATION_STYLE_ASSIGNMENT((#3708));
#3708 = SURFACE_STYLE_USAGE(.BOTH.,#3709);
#3709 = SURFACE_SIDE_STYLE('',(#3710));
#3710 = SURFACE_STYLE_FILL_AREA(#3711);
#3711 = FILL_AREA_STYLE('',(#3712));
#3712 = FILL_AREA_STYLE_COLOUR('',#3691);
#3713 = STYLED_ITEM('color',(#3714),#480);
#3714 = PRESENTATION_STYLE_ASSIGNMENT((#3715));
#3715 = SURFACE_STYLE_USAGE(.BOTH.,#3716);
#3716 = SURFACE_SIDE_STYLE('',(#3717));
#3717 = SURFACE_STYLE_FILL_AREA(#3718);
#3718 = FILL_AREA_STYLE('',(#3719));
#3719 = FILL_AREA_STYLE_COLOUR('',#3691);
#3720 = STYLED_ITEM('color',(#3721),#497);
#3721 = PRESENTATION_STYLE_ASSIGNMENT((#3722));
#3722 = SURFACE_STYLE_USAGE(.BOTH.,#3723);
#3723 = SURFACE_SIDE_STYLE('',(#3724));
#3724 = SURFACE_STYLE_FILL_AREA(#3725);
#3725 = FILL_AREA_STYLE('',(#3726));
#3726 = FILL_AREA_STYLE_COLOUR('',#3443);
#3727 = STYLED_ITEM('color',(#3728),#566);
#3728 = PRESENTATION_STYLE_ASSIGNMENT((#3729));
#3729 = SURFACE_STYLE_USAGE(.BOTH.,#3730);
#3730 = SURFACE_SIDE_STYLE('',(#3731));
#3731 = SURFACE_STYLE_FILL_AREA(#3732);
#3732 = FILL_AREA_STYLE('',(#3733));
#3733 = FILL_AREA_STYLE_COLOUR('',#3734);
#3734 = COLOUR_RGB('',8.200000279077E-02,8.600000121357E-02,
  9.399999706163E-02);
#3735 = STYLED_ITEM('color',(#3736),#597);
#3736 = PRESENTATION_STYLE_ASSIGNMENT((#3737));
#3737 = SURFACE_STYLE_USAGE(.BOTH.,#3738);
#3738 = SURFACE_SIDE_STYLE('',(#3739));
#3739 = SURFACE_STYLE_FILL_AREA(#3740);
#3740 = FILL_AREA_STYLE('',(#3741));
#3741 = FILL_AREA_STYLE_COLOUR('',#3734);
#3742 = STYLED_ITEM('color',(#3743),#621);
#3743 = PRESENTATION_STYLE_ASSIGNMENT((#3744));
#3744 = SURFACE_STYLE_USAGE(.BOTH.,#3745);
#3745 = SURFACE_SIDE_STYLE('',(#3746));
#3746 = SURFACE_STYLE_FILL_AREA(#3747);
#3747 = FILL_AREA_STYLE('',(#3748));
#3748 = FILL_AREA_STYLE_COLOUR('',#3443);
#3749 = STYLED_ITEM('color',(#3750),#690);
#3750 = PRESENTATION_STYLE_ASSIGNMENT((#3751));
#3751 = SURFACE_STYLE_USAGE(.BOTH.,#3752);
#3752 = SURFACE_SIDE_STYLE('',(#3753));
#3753 = SURFACE_STYLE_FILL_AREA(#3754);
#3754 = FILL_AREA_STYLE('',(#3755));
#3755 = FILL_AREA_STYLE_COLOUR('',#3734);
#3756 = STYLED_ITEM('color',(#3757),#714);
#3757 = PRESENTATION_STYLE_ASSIGNMENT((#3758));
#3758 = SURFACE_STYLE_USAGE(.BOTH.,#3759);
#3759 = SURFACE_SIDE_STYLE('',(#3760));
#3760 = SURFACE_STYLE_FILL_AREA(#3761);
#3761 = FILL_AREA_STYLE('',(#3762));
#3762 = FILL_AREA_STYLE_COLOUR('',#3443);
#3763 = STYLED_ITEM('color',(#3764),#731);
#3764 = PRESENTATION_STYLE_ASSIGNMENT((#3765));
#3765 = SURFACE_STYLE_USAGE(.BOTH.,#3766);
#3766 = SURFACE_SIDE_STYLE('',(#3767));
#3767 = SURFACE_STYLE_FILL_AREA(#3768);
#3768 = FILL_AREA_STYLE('',(#3769));
#3769 = FILL_AREA_STYLE_COLOUR('',#3443);
#3770 = STYLED_ITEM('color',(#3771),#748);
#3771 = PRESENTATION_STYLE_ASSIGNMENT((#3772));
#3772 = SURFACE_STYLE_USAGE(.BOTH.,#3773);
#3773 = SURFACE_SIDE_STYLE('',(#3774));
#3774 = SURFACE_STYLE_FILL_AREA(#3775);
#3775 = FILL_AREA_STYLE('',(#3776));
#3776 = FILL_AREA_STYLE_COLOUR('',#3443);
#3777 = STYLED_ITEM('color',(#3778),#765);
#3778 = PRESENTATION_STYLE_ASSIGNMENT((#3779));
#3779 = SURFACE_STYLE_USAGE(.BOTH.,#3780);
#3780 = SURFACE_SIDE_STYLE('',(#3781));
#3781 = SURFACE_STYLE_FILL_AREA(#3782);
#3782 = FILL_AREA_STYLE('',(#3783));
#3783 = FILL_AREA_STYLE_COLOUR('',#3443);
#3784 = STYLED_ITEM('color',(#3785),#782);
#3785 = PRESENTATION_STYLE_ASSIGNMENT((#3786));
#3786 = SURFACE_STYLE_USAGE(.BOTH.,#3787);
#3787 = SURFACE_SIDE_STYLE('',(#3788));
#3788 = SURFACE_STYLE_FILL_AREA(#3789);
#3789 = FILL_AREA_STYLE('',(#3790));
#3790 = FILL_AREA_STYLE_COLOUR('',#3443);
#3791 = STYLED_ITEM('color',(#3792),#799);
#3792 = PRESENTATION_STYLE_ASSIGNMENT((#3793));
#3793 = SURFACE_STYLE_USAGE(.BOTH.,#3794);
#3794 = SURFACE_SIDE_STYLE('',(#3795));
#3795 = SURFACE_STYLE_FILL_AREA(#3796);
#3796 = FILL_AREA_STYLE('',(#3797));
#3797 = FILL_AREA_STYLE_COLOUR('',#3443);
#3798 = STYLED_ITEM('color',(#3799),#816);
#3799 = PRESENTATION_STYLE_ASSIGNMENT((#3800));
#3800 = SURFACE_STYLE_USAGE(.BOTH.,#3801);
#3801 = SURFACE_SIDE_STYLE('',(#3802));
#3802 = SURFACE_STYLE_FILL_AREA(#3803);
#3803 = FILL_AREA_STYLE('',(#3804));
#3804 = FILL_AREA_STYLE_COLOUR('',#3443);
#3805 = STYLED_ITEM('color',(#3806),#833);
#3806 = PRESENTATION_STYLE_ASSIGNMENT((#3807));
#3807 = SURFACE_STYLE_USAGE(.BOTH.,#3808);
#3808 = SURFACE_SIDE_STYLE('',(#3809));
#3809 = SURFACE_STYLE_FILL_AREA(#3810);
#3810 = FILL_AREA_STYLE('',(#3811));
#3811 = FILL_AREA_STYLE_COLOUR('',#3734);
#3812 = STYLED_ITEM('color',(#3813),#850);
#3813 = PRESENTATION_STYLE_ASSIGNMENT((#3814));
#3814 = SURFACE_STYLE_USAGE(.BOTH.,#3815);
#3815 = SURFACE_SIDE_STYLE('',(#3816));
#3816 = SURFACE_STYLE_FILL_AREA(#3817);
#3817 = FILL_AREA_STYLE('',(#3818));
#3818 = FILL_AREA_STYLE_COLOUR('',#3734);
#3819 = MECHANICAL_DESIGN_GEOMETRIC_PRESENTATION_REPRESENTATION('',(
    #3820),#3424);
#3820 = STYLED_ITEM('color',(#3821),#1787);
#3821 = PRESENTATION_STYLE_ASSIGNMENT((#3822));
#3822 = SURFACE_STYLE_USAGE(.BOTH.,#3823);
#3823 = SURFACE_SIDE_STYLE('',(#3824));
#3824 = SURFACE_STYLE_FILL_AREA(#3825);
#3825 = FILL_AREA_STYLE('',(#3826));
#3826 = FILL_AREA_STYLE_COLOUR('',#3827);
#3827 = COLOUR_RGB('',0.313304153717,0.484529207832,0.410020903123);
ENDSEC;
END-ISO-10303-21;
