ISO-10303-21;
HEADER;
FILE_DESCRIPTION(('FreeCAD Model'),'2;1');
FILE_NAME('Open CASCADE Shape Model','2026-07-24T18:31:45',(''),(''),
  'Open CASCADE STEP processor 7.8','FreeCAD','Unknown');
FILE_SCHEMA(('AUTOMOTIVE_DESIGN { 1 0 10303 214 1 1 1 1 }'));
ENDSEC;
DATA;
#1 = APPLICATION_PROTOCOL_DEFINITION('international standard',
  'automotive_design',2000,#2);
#2 = APPLICATION_CONTEXT(
  'core data for automotive mechanical design processes');
#3 = SHAPE_DEFINITION_REPRESENTATION(#4,#10);
#4 = PRODUCT_DEFINITION_SHAPE('','',#5);
#5 = PRODUCT_DEFINITION('design','',#6,#9);
#6 = PRODUCT_DEFINITION_FORMATION('','',#7);
#7 = PRODUCT('XT30PW','XT30PW','',(#8));
#8 = PRODUCT_CONTEXT('',#2,'mechanical');
#9 = PRODUCT_DEFINITION_CONTEXT('part definition',#2,'design');
#10 = SHAPE_REPRESENTATION('',(#11,#15,#19),#23);
#11 = AXIS2_PLACEMENT_3D('',#12,#13,#14);
#12 = CARTESIAN_POINT('',(0.,0.,0.));
#13 = DIRECTION('',(0.,0.,1.));
#14 = DIRECTION('',(1.,0.,-0.));
#15 = AXIS2_PLACEMENT_3D('',#16,#17,#18);
#16 = CARTESIAN_POINT('',(0.,0.,0.));
#17 = DIRECTION('',(0.,0.,1.));
#18 = DIRECTION('',(1.,0.,0.));
#19 = AXIS2_PLACEMENT_3D('',#20,#21,#22);
#20 = CARTESIAN_POINT('',(0.,0.,0.));
#21 = DIRECTION('',(0.,0.,1.));
#22 = DIRECTION('',(1.,0.,0.));
#23 = ( GEOMETRIC_REPRESENTATION_CONTEXT(3) 
GLOBAL_UNCERTAINTY_ASSIGNED_CONTEXT((#27)) GLOBAL_UNIT_ASSIGNED_CONTEXT(
(#24,#25,#26)) REPRESENTATION_CONTEXT('Context #1',
  '3D Context with UNIT and UNCERTAINTY') );
#24 = ( LENGTH_UNIT() NAMED_UNIT(*) SI_UNIT(.MILLI.,.METRE.) );
#25 = ( NAMED_UNIT(*) PLANE_ANGLE_UNIT() SI_UNIT($,.RADIAN.) );
#26 = ( NAMED_UNIT(*) SI_UNIT($,.STERADIAN.) SOLID_ANGLE_UNIT() );
#27 = UNCERTAINTY_MEASURE_WITH_UNIT(LENGTH_MEASURE(2.E-06),#24,
  'distance_accuracy_value','confusion accuracy');
#28 = PRODUCT_RELATED_PRODUCT_CATEGORY('part',$,(#7));
#29 = SHAPE_DEFINITION_REPRESENTATION(#30,#36);
#30 = PRODUCT_DEFINITION_SHAPE('','',#31);
#31 = PRODUCT_DEFINITION('design','',#32,#35);
#32 = PRODUCT_DEFINITION_FORMATION('','',#33);
#33 = PRODUCT('PCB_for_XT30PW-M','PCB_for_XT30PW-M','',(#34));
#34 = PRODUCT_CONTEXT('',#2,'mechanical');
#35 = PRODUCT_DEFINITION_CONTEXT('part definition',#2,'design');
#36 = ADVANCED_BREP_SHAPE_REPRESENTATION('',(#11,#37),#343);
#37 = MANIFOLD_SOLID_BREP('',#38);
#38 = CLOSED_SHELL('',(#39,#79,#110,#141,#163,#196,#229,#262,#295,#319)
  );
#39 = ADVANCED_FACE('',(#40),#74,.T.);
#40 = FACE_BOUND('',#41,.T.);
#41 = EDGE_LOOP('',(#42,#52,#60,#68));
#42 = ORIENTED_EDGE('',*,*,#43,.T.);
#43 = EDGE_CURVE('',#44,#46,#48,.T.);
#44 = VERTEX_POINT('',#45);
#45 = CARTESIAN_POINT('',(8.,16.,0.));
#46 = VERTEX_POINT('',#47);
#47 = CARTESIAN_POINT('',(8.,16.,-1.6));
#48 = LINE('',#49,#50);
#49 = CARTESIAN_POINT('',(8.,16.,0.));
#50 = VECTOR('',#51,1.);
#51 = DIRECTION('',(-0.,-0.,-1.));
#52 = ORIENTED_EDGE('',*,*,#53,.T.);
#53 = EDGE_CURVE('',#46,#54,#56,.T.);
#54 = VERTEX_POINT('',#55);
#55 = CARTESIAN_POINT('',(-8.,16.,-1.6));
#56 = LINE('',#57,#58);
#57 = CARTESIAN_POINT('',(8.,16.,-1.6));
#58 = VECTOR('',#59,1.);
#59 = DIRECTION('',(-1.,0.,0.));
#60 = ORIENTED_EDGE('',*,*,#61,.F.);
#61 = EDGE_CURVE('',#62,#54,#64,.T.);
#62 = VERTEX_POINT('',#63);
#63 = CARTESIAN_POINT('',(-8.,16.,0.));
#64 = LINE('',#65,#66);
#65 = CARTESIAN_POINT('',(-8.,16.,0.));
#66 = VECTOR('',#67,1.);
#67 = DIRECTION('',(-0.,-0.,-1.));
#68 = ORIENTED_EDGE('',*,*,#69,.F.);
#69 = EDGE_CURVE('',#44,#62,#70,.T.);
#70 = LINE('',#71,#72);
#71 = CARTESIAN_POINT('',(8.,16.,0.));
#72 = VECTOR('',#73,1.);
#73 = DIRECTION('',(-1.,0.,0.));
#74 = PLANE('',#75);
#75 = AXIS2_PLACEMENT_3D('',#76,#77,#78);
#76 = CARTESIAN_POINT('',(8.,16.,0.));
#77 = DIRECTION('',(0.,1.,0.));
#78 = DIRECTION('',(-1.,0.,0.));
#79 = ADVANCED_FACE('',(#80),#105,.T.);
#80 = FACE_BOUND('',#81,.T.);
#81 = EDGE_LOOP('',(#82,#83,#91,#99));
#82 = ORIENTED_EDGE('',*,*,#61,.T.);
#83 = ORIENTED_EDGE('',*,*,#84,.T.);
#84 = EDGE_CURVE('',#54,#85,#87,.T.);
#85 = VERTEX_POINT('',#86);
#86 = CARTESIAN_POINT('',(-8.,0.,-1.6));
#87 = LINE('',#88,#89);
#88 = CARTESIAN_POINT('',(-8.,16.,-1.6));
#89 = VECTOR('',#90,1.);
#90 = DIRECTION('',(0.,-1.,0.));
#91 = ORIENTED_EDGE('',*,*,#92,.F.);
#92 = EDGE_CURVE('',#93,#85,#95,.T.);
#93 = VERTEX_POINT('',#94);
#94 = CARTESIAN_POINT('',(-8.,0.,0.));
#95 = LINE('',#96,#97);
#96 = CARTESIAN_POINT('',(-8.,0.,0.));
#97 = VECTOR('',#98,1.);
#98 = DIRECTION('',(-0.,-0.,-1.));
#99 = ORIENTED_EDGE('',*,*,#100,.F.);
#100 = EDGE_CURVE('',#62,#93,#101,.T.);
#101 = LINE('',#102,#103);
#102 = CARTESIAN_POINT('',(-8.,16.,0.));
#103 = VECTOR('',#104,1.);
#104 = DIRECTION('',(0.,-1.,0.));
#105 = PLANE('',#106);
#106 = AXIS2_PLACEMENT_3D('',#107,#108,#109);
#107 = CARTESIAN_POINT('',(-8.,16.,0.));
#108 = DIRECTION('',(-1.,0.,0.));
#109 = DIRECTION('',(0.,-1.,0.));
#110 = ADVANCED_FACE('',(#111),#136,.T.);
#111 = FACE_BOUND('',#112,.T.);
#112 = EDGE_LOOP('',(#113,#114,#122,#130));
#113 = ORIENTED_EDGE('',*,*,#92,.T.);
#114 = ORIENTED_EDGE('',*,*,#115,.T.);
#115 = EDGE_CURVE('',#85,#116,#118,.T.);
#116 = VERTEX_POINT('',#117);
#117 = CARTESIAN_POINT('',(8.,0.,-1.6));
#118 = LINE('',#119,#120);
#119 = CARTESIAN_POINT('',(-8.,0.,-1.6));
#120 = VECTOR('',#121,1.);
#121 = DIRECTION('',(1.,0.,0.));
#122 = ORIENTED_EDGE('',*,*,#123,.F.);
#123 = EDGE_CURVE('',#124,#116,#126,.T.);
#124 = VERTEX_POINT('',#125);
#125 = CARTESIAN_POINT('',(8.,0.,0.));
#126 = LINE('',#127,#128);
#127 = CARTESIAN_POINT('',(8.,0.,0.));
#128 = VECTOR('',#129,1.);
#129 = DIRECTION('',(-0.,-0.,-1.));
#130 = ORIENTED_EDGE('',*,*,#131,.F.);
#131 = EDGE_CURVE('',#93,#124,#132,.T.);
#132 = LINE('',#133,#134);
#133 = CARTESIAN_POINT('',(-8.,0.,0.));
#134 = VECTOR('',#135,1.);
#135 = DIRECTION('',(1.,0.,0.));
#136 = PLANE('',#137);
#137 = AXIS2_PLACEMENT_3D('',#138,#139,#140);
#138 = CARTESIAN_POINT('',(-8.,0.,0.));
#139 = DIRECTION('',(0.,-1.,0.));
#140 = DIRECTION('',(1.,0.,0.));
#141 = ADVANCED_FACE('',(#142),#158,.T.);
#142 = FACE_BOUND('',#143,.T.);
#143 = EDGE_LOOP('',(#144,#145,#151,#152));
#144 = ORIENTED_EDGE('',*,*,#123,.T.);
#145 = ORIENTED_EDGE('',*,*,#146,.T.);
#146 = EDGE_CURVE('',#116,#46,#147,.T.);
#147 = LINE('',#148,#149);
#148 = CARTESIAN_POINT('',(8.,0.,-1.6));
#149 = VECTOR('',#150,1.);
#150 = DIRECTION('',(0.,1.,0.));
#151 = ORIENTED_EDGE('',*,*,#43,.F.);
#152 = ORIENTED_EDGE('',*,*,#153,.F.);
#153 = EDGE_CURVE('',#124,#44,#154,.T.);
#154 = LINE('',#155,#156);
#155 = CARTESIAN_POINT('',(8.,0.,0.));
#156 = VECTOR('',#157,1.);
#157 = DIRECTION('',(0.,1.,0.));
#158 = PLANE('',#159);
#159 = AXIS2_PLACEMENT_3D('',#160,#161,#162);
#160 = CARTESIAN_POINT('',(8.,0.,0.));
#161 = DIRECTION('',(1.,0.,0.));
#162 = DIRECTION('',(0.,1.,0.));
#163 = ADVANCED_FACE('',(#164),#191,.F.);
#164 = FACE_BOUND('',#165,.F.);
#165 = EDGE_LOOP('',(#166,#176,#183,#184));
#166 = ORIENTED_EDGE('',*,*,#167,.T.);
#167 = EDGE_CURVE('',#168,#170,#172,.T.);
#168 = VERTEX_POINT('',#169);
#169 = CARTESIAN_POINT('',(-1.65,12.9,0.));
#170 = VERTEX_POINT('',#171);
#171 = CARTESIAN_POINT('',(-1.65,12.9,-1.6));
#172 = LINE('',#173,#174);
#173 = CARTESIAN_POINT('',(-1.65,12.9,0.));
#174 = VECTOR('',#175,1.);
#175 = DIRECTION('',(-0.,-0.,-1.));
#176 = ORIENTED_EDGE('',*,*,#177,.T.);
#177 = EDGE_CURVE('',#170,#170,#178,.T.);
#178 = CIRCLE('',#179,0.85);
#179 = AXIS2_PLACEMENT_3D('',#180,#181,#182);
#180 = CARTESIAN_POINT('',(-2.5,12.9,-1.6));
#181 = DIRECTION('',(0.,0.,1.));
#182 = DIRECTION('',(1.,0.,0.));
#183 = ORIENTED_EDGE('',*,*,#167,.F.);
#184 = ORIENTED_EDGE('',*,*,#185,.F.);
#185 = EDGE_CURVE('',#168,#168,#186,.T.);
#186 = CIRCLE('',#187,0.85);
#187 = AXIS2_PLACEMENT_3D('',#188,#189,#190);
#188 = CARTESIAN_POINT('',(-2.5,12.9,0.));
#189 = DIRECTION('',(0.,0.,1.));
#190 = DIRECTION('',(1.,0.,0.));
#191 = CYLINDRICAL_SURFACE('',#192,0.85);
#192 = AXIS2_PLACEMENT_3D('',#193,#194,#195);
#193 = CARTESIAN_POINT('',(-2.5,12.9,0.));
#194 = DIRECTION('',(0.,0.,1.));
#195 = DIRECTION('',(1.,0.,0.));
#196 = ADVANCED_FACE('',(#197),#224,.F.);
#197 = FACE_BOUND('',#198,.F.);
#198 = EDGE_LOOP('',(#199,#209,#216,#217));
#199 = ORIENTED_EDGE('',*,*,#200,.T.);
#200 = EDGE_CURVE('',#201,#203,#205,.T.);
#201 = VERTEX_POINT('',#202);
#202 = CARTESIAN_POINT('',(3.35,12.9,0.));
#203 = VERTEX_POINT('',#204);
#204 = CARTESIAN_POINT('',(3.35,12.9,-1.6));
#205 = LINE('',#206,#207);
#206 = CARTESIAN_POINT('',(3.35,12.9,0.));
#207 = VECTOR('',#208,1.);
#208 = DIRECTION('',(-0.,-0.,-1.));
#209 = ORIENTED_EDGE('',*,*,#210,.T.);
#210 = EDGE_CURVE('',#203,#203,#211,.T.);
#211 = CIRCLE('',#212,0.85);
#212 = AXIS2_PLACEMENT_3D('',#213,#214,#215);
#213 = CARTESIAN_POINT('',(2.5,12.9,-1.6));
#214 = DIRECTION('',(0.,0.,1.));
#215 = DIRECTION('',(1.,0.,0.));
#216 = ORIENTED_EDGE('',*,*,#200,.F.);
#217 = ORIENTED_EDGE('',*,*,#218,.F.);
#218 = EDGE_CURVE('',#201,#201,#219,.T.);
#219 = CIRCLE('',#220,0.85);
#220 = AXIS2_PLACEMENT_3D('',#221,#222,#223);
#221 = CARTESIAN_POINT('',(2.5,12.9,0.));
#222 = DIRECTION('',(0.,0.,1.));
#223 = DIRECTION('',(1.,0.,0.));
#224 = CYLINDRICAL_SURFACE('',#225,0.85);
#225 = AXIS2_PLACEMENT_3D('',#226,#227,#228);
#226 = CARTESIAN_POINT('',(2.5,12.9,0.));
#227 = DIRECTION('',(0.,0.,1.));
#228 = DIRECTION('',(1.,0.,0.));
#229 = ADVANCED_FACE('',(#230),#257,.F.);
#230 = FACE_BOUND('',#231,.F.);
#231 = EDGE_LOOP('',(#232,#242,#249,#250));
#232 = ORIENTED_EDGE('',*,*,#233,.T.);
#233 = EDGE_CURVE('',#234,#236,#238,.T.);
#234 = VERTEX_POINT('',#235);
#235 = CARTESIAN_POINT('',(-5.,2.9,0.));
#236 = VERTEX_POINT('',#237);
#237 = CARTESIAN_POINT('',(-5.,2.9,-1.6));
#238 = LINE('',#239,#240);
#239 = CARTESIAN_POINT('',(-5.,2.9,0.));
#240 = VECTOR('',#241,1.);
#241 = DIRECTION('',(-0.,-0.,-1.));
#242 = ORIENTED_EDGE('',*,*,#243,.T.);
#243 = EDGE_CURVE('',#236,#236,#244,.T.);
#244 = CIRCLE('',#245,0.5);
#245 = AXIS2_PLACEMENT_3D('',#246,#247,#248);
#246 = CARTESIAN_POINT('',(-5.5,2.9,-1.6));
#247 = DIRECTION('',(0.,0.,1.));
#248 = DIRECTION('',(1.,0.,0.));
#249 = ORIENTED_EDGE('',*,*,#233,.F.);
#250 = ORIENTED_EDGE('',*,*,#251,.F.);
#251 = EDGE_CURVE('',#234,#234,#252,.T.);
#252 = CIRCLE('',#253,0.5);
#253 = AXIS2_PLACEMENT_3D('',#254,#255,#256);
#254 = CARTESIAN_POINT('',(-5.5,2.9,0.));
#255 = DIRECTION('',(0.,0.,1.));
#256 = DIRECTION('',(1.,0.,0.));
#257 = CYLINDRICAL_SURFACE('',#258,0.5);
#258 = AXIS2_PLACEMENT_3D('',#259,#260,#261);
#259 = CARTESIAN_POINT('',(-5.5,2.9,0.));
#260 = DIRECTION('',(0.,0.,1.));
#261 = DIRECTION('',(1.,0.,0.));
#262 = ADVANCED_FACE('',(#263),#290,.F.);
#263 = FACE_BOUND('',#264,.F.);
#264 = EDGE_LOOP('',(#265,#275,#282,#283));
#265 = ORIENTED_EDGE('',*,*,#266,.T.);
#266 = EDGE_CURVE('',#267,#269,#271,.T.);
#267 = VERTEX_POINT('',#268);
#268 = CARTESIAN_POINT('',(6.,2.9,0.));
#269 = VERTEX_POINT('',#270);
#270 = CARTESIAN_POINT('',(6.,2.9,-1.6));
#271 = LINE('',#272,#273);
#272 = CARTESIAN_POINT('',(6.,2.9,0.));
#273 = VECTOR('',#274,1.);
#274 = DIRECTION('',(-0.,-0.,-1.));
#275 = ORIENTED_EDGE('',*,*,#276,.T.);
#276 = EDGE_CURVE('',#269,#269,#277,.T.);
#277 = CIRCLE('',#278,0.5);
#278 = AXIS2_PLACEMENT_3D('',#279,#280,#281);
#279 = CARTESIAN_POINT('',(5.5,2.9,-1.6));
#280 = DIRECTION('',(0.,0.,1.));
#281 = DIRECTION('',(1.,0.,0.));
#282 = ORIENTED_EDGE('',*,*,#266,.F.);
#283 = ORIENTED_EDGE('',*,*,#284,.F.);
#284 = EDGE_CURVE('',#267,#267,#285,.T.);
#285 = CIRCLE('',#286,0.5);
#286 = AXIS2_PLACEMENT_3D('',#287,#288,#289);
#287 = CARTESIAN_POINT('',(5.5,2.9,0.));
#288 = DIRECTION('',(0.,0.,1.));
#289 = DIRECTION('',(1.,0.,0.));
#290 = CYLINDRICAL_SURFACE('',#291,0.5);
#291 = AXIS2_PLACEMENT_3D('',#292,#293,#294);
#292 = CARTESIAN_POINT('',(5.5,2.9,0.));
#293 = DIRECTION('',(0.,0.,1.));
#294 = DIRECTION('',(1.,0.,0.));
#295 = ADVANCED_FACE('',(#296,#302,#305,#308,#311),#314,.T.);
#296 = FACE_BOUND('',#297,.T.);
#297 = EDGE_LOOP('',(#298,#299,#300,#301));
#298 = ORIENTED_EDGE('',*,*,#69,.T.);
#299 = ORIENTED_EDGE('',*,*,#100,.T.);
#300 = ORIENTED_EDGE('',*,*,#131,.T.);
#301 = ORIENTED_EDGE('',*,*,#153,.T.);
#302 = FACE_BOUND('',#303,.F.);
#303 = EDGE_LOOP('',(#304));
#304 = ORIENTED_EDGE('',*,*,#185,.T.);
#305 = FACE_BOUND('',#306,.F.);
#306 = EDGE_LOOP('',(#307));
#307 = ORIENTED_EDGE('',*,*,#218,.T.);
#308 = FACE_BOUND('',#309,.F.);
#309 = EDGE_LOOP('',(#310));
#310 = ORIENTED_EDGE('',*,*,#251,.T.);
#311 = FACE_BOUND('',#312,.F.);
#312 = EDGE_LOOP('',(#313));
#313 = ORIENTED_EDGE('',*,*,#284,.T.);
#314 = PLANE('',#315);
#315 = AXIS2_PLACEMENT_3D('',#316,#317,#318);
#316 = CARTESIAN_POINT('',(2.276516317731E-17,8.215092347557,0.));
#317 = DIRECTION('',(0.,0.,1.));
#318 = DIRECTION('',(1.,0.,0.));
#319 = ADVANCED_FACE('',(#320,#326,#329,#332,#335),#338,.F.);
#320 = FACE_BOUND('',#321,.F.);
#321 = EDGE_LOOP('',(#322,#323,#324,#325));
#322 = ORIENTED_EDGE('',*,*,#53,.T.);
#323 = ORIENTED_EDGE('',*,*,#84,.T.);
#324 = ORIENTED_EDGE('',*,*,#115,.T.);
#325 = ORIENTED_EDGE('',*,*,#146,.T.);
#326 = FACE_BOUND('',#327,.T.);
#327 = EDGE_LOOP('',(#328));
#328 = ORIENTED_EDGE('',*,*,#177,.T.);
#329 = FACE_BOUND('',#330,.T.);
#330 = EDGE_LOOP('',(#331));
#331 = ORIENTED_EDGE('',*,*,#210,.T.);
#332 = FACE_BOUND('',#333,.T.);
#333 = EDGE_LOOP('',(#334));
#334 = ORIENTED_EDGE('',*,*,#243,.T.);
#335 = FACE_BOUND('',#336,.T.);
#336 = EDGE_LOOP('',(#337));
#337 = ORIENTED_EDGE('',*,*,#276,.T.);
#338 = PLANE('',#339);
#339 = AXIS2_PLACEMENT_3D('',#340,#341,#342);
#340 = CARTESIAN_POINT('',(2.276516317731E-17,8.215092347557,-1.6));
#341 = DIRECTION('',(0.,0.,1.));
#342 = DIRECTION('',(1.,0.,0.));
#343 = ( GEOMETRIC_REPRESENTATION_CONTEXT(3) 
GLOBAL_UNCERTAINTY_ASSIGNED_CONTEXT((#347)) GLOBAL_UNIT_ASSIGNED_CONTEXT
((#344,#345,#346)) REPRESENTATION_CONTEXT('Context #1',
  '3D Context with UNIT and UNCERTAINTY') );
#344 = ( LENGTH_UNIT() NAMED_UNIT(*) SI_UNIT(.MILLI.,.METRE.) );
#345 = ( NAMED_UNIT(*) PLANE_ANGLE_UNIT() SI_UNIT($,.RADIAN.) );
#346 = ( NAMED_UNIT(*) SI_UNIT($,.STERADIAN.) SOLID_ANGLE_UNIT() );
#347 = UNCERTAINTY_MEASURE_WITH_UNIT(LENGTH_MEASURE(1.E-07),#344,
  'distance_accuracy_value','confusion accuracy');
#348 = CONTEXT_DEPENDENT_SHAPE_REPRESENTATION(#349,#351);
#349 = ( REPRESENTATION_RELATIONSHIP('','',#36,#10) 
REPRESENTATION_RELATIONSHIP_WITH_TRANSFORMATION(#350) 
SHAPE_REPRESENTATION_RELATIONSHIP() );
#350 = ITEM_DEFINED_TRANSFORMATION('','',#11,#15);
#351 = PRODUCT_DEFINITION_SHAPE('Placement','Placement of an item',#352
  );
#352 = NEXT_ASSEMBLY_USAGE_OCCURRENCE('8','PCB_for_XT30PW-M','',#5,#31,$
  );
#353 = PRODUCT_RELATED_PRODUCT_CATEGORY('part',$,(#33));
#354 = SHAPE_DEFINITION_REPRESENTATION(#355,#361);
#355 = PRODUCT_DEFINITION_SHAPE('','',#356);
#356 = PRODUCT_DEFINITION('design','',#357,#360);
#357 = PRODUCT_DEFINITION_FORMATION('','',#358);
#358 = PRODUCT('XT30PW-M','XT30PW-M','',(#359));
#359 = PRODUCT_CONTEXT('',#2,'mechanical');
#360 = PRODUCT_DEFINITION_CONTEXT('part definition',#2,'design');
#361 = SHAPE_REPRESENTATION('',(#11,#362,#366,#370,#374,#378),#382);
#362 = AXIS2_PLACEMENT_3D('',#363,#364,#365);
#363 = CARTESIAN_POINT('',(0.,0.,0.));
#364 = DIRECTION('',(0.,0.,1.));
#365 = DIRECTION('',(1.,0.,0.));
#366 = AXIS2_PLACEMENT_3D('',#367,#368,#369);
#367 = CARTESIAN_POINT('',(-2.5,6.4,2.65));
#368 = DIRECTION('',(0.,-1.,-2.22044604925E-16));
#369 = DIRECTION('',(1.,0.,0.));
#370 = AXIS2_PLACEMENT_3D('',#371,#372,#373);
#371 = CARTESIAN_POINT('',(2.5,6.4,2.65));
#372 = DIRECTION('',(-1.224646799147E-16,-1.,-2.22044604925E-16));
#373 = DIRECTION('',(1.,-1.224646799147E-16,-1.224646799147E-16));
#374 = AXIS2_PLACEMENT_3D('',#375,#376,#377);
#375 = CARTESIAN_POINT('',(0.,0.,0.));
#376 = DIRECTION('',(0.,0.,1.));
#377 = DIRECTION('',(1.,0.,0.));
#378 = AXIS2_PLACEMENT_3D('',#379,#380,#381);
#379 = CARTESIAN_POINT('',(11.,0.,0.));
#380 = DIRECTION('',(0.,0.,1.));
#381 = DIRECTION('',(1.,0.,0.));
#382 = ( GEOMETRIC_REPRESENTATION_CONTEXT(3) 
GLOBAL_UNCERTAINTY_ASSIGNED_CONTEXT((#386)) GLOBAL_UNIT_ASSIGNED_CONTEXT
((#383,#384,#385)) REPRESENTATION_CONTEXT('Context #1',
  '3D Context with UNIT and UNCERTAINTY') );
#383 = ( LENGTH_UNIT() NAMED_UNIT(*) SI_UNIT(.MILLI.,.METRE.) );
#384 = ( NAMED_UNIT(*) PLANE_ANGLE_UNIT() SI_UNIT($,.RADIAN.) );
#385 = ( NAMED_UNIT(*) SI_UNIT($,.STERADIAN.) SOLID_ANGLE_UNIT() );
#386 = UNCERTAINTY_MEASURE_WITH_UNIT(LENGTH_MEASURE(2.E-06),#383,
  'distance_accuracy_value','confusion accuracy');
#387 = CONTEXT_DEPENDENT_SHAPE_REPRESENTATION(#388,#390);
#388 = ( REPRESENTATION_RELATIONSHIP('','',#361,#10) 
REPRESENTATION_RELATIONSHIP_WITH_TRANSFORMATION(#389) 
SHAPE_REPRESENTATION_RELATIONSHIP() );
#389 = ITEM_DEFINED_TRANSFORMATION('','',#11,#19);
#390 = PRODUCT_DEFINITION_SHAPE('Placement','Placement of an item',#391
  );
#391 = NEXT_ASSEMBLY_USAGE_OCCURRENCE('14','XT30PW-M','',#5,#356,$);
#392 = PRODUCT_RELATED_PRODUCT_CATEGORY('part',$,(#358));
#393 = SHAPE_DEFINITION_REPRESENTATION(#394,#400);
#394 = PRODUCT_DEFINITION_SHAPE('','',#395);
#395 = PRODUCT_DEFINITION('design','',#396,#399);
#396 = PRODUCT_DEFINITION_FORMATION('','',#397);
#397 = PRODUCT('XT30PW-M_base','XT30PW-M_base','',(#398));
#398 = PRODUCT_CONTEXT('',#2,'mechanical');
#399 = PRODUCT_DEFINITION_CONTEXT('part definition',#2,'design');
#400 = ADVANCED_BREP_SHAPE_REPRESENTATION('',(#11,#401),#14879);
#401 = MANIFOLD_SOLID_BREP('',#402);
#402 = CLOSED_SHELL('',(#403,#681,#798,#845,#892,#932,#972,#997,#1022,
    #1046,#1070,#1095,#1120,#1153,#1186,#1243,#1275,#1299,#1324,#1348,
    #1373,#1397,#1422,#1446,#1471,#1495,#1520,#1544,#1569,#1593,#1618,
    #1635,#1722,#1809,#1844,#1875,#1899,#1923,#1947,#1971,#1996,#2020,
    #2038,#2084,#2130,#2155,#2195,#2243,#2260,#2277,#2294,#2329,#2354,
    #2379,#3551,#3584,#3608,#3634,#3667,#3691,#3717,#3734,#3756,#3768,
    #3785,#3797,#3814,#3831,#3862,#3886,#3910,#3934,#3960,#3986,#4010,
    #4034,#4058,#4082,#4106,#4130,#4156,#4182,#4206,#4223,#4254,#4278,
    #4302,#4326,#4350,#4374,#4398,#4415,#4446,#4472,#4498,#4524,#4550,
    #4576,#4602,#4628,#4652,#4678,#4704,#4730,#4756,#4782,#4808,#4834,
    #4858,#4884,#4910,#4936,#4962,#4988,#5014,#5040,#5066,#5092,#5118,
    #5144,#5170,#5189,#5220,#5244,#5270,#5296,#5322,#5348,#5374,#5400,
    #5424,#5448,#5465,#5496,#5520,#5544,#5570,#5596,#5620,#5644,#5668,
    #5694,#5720,#5744,#5768,#5792,#5816,#5840,#5866,#5892,#5916,#5933,
    #5964,#5988,#6012,#6038,#6064,#6088,#6112,#6136,#6160,#6184,#6208,
    #6232,#6256,#6280,#6297,#6330,#6356,#6382,#6408,#6434,#6460,#6486,
    #6512,#6538,#6564,#6590,#6609,#6640,#6664,#6688,#6705,#8275,#8299,
    #8315,#8353,#8438,#8465,#8488,#8574,#8586,#8619,#8645,#8671,#8697,
    #8723,#8749,#8775,#8801,#8827,#8853,#8879,#8898,#8929,#8955,#8981,
    #9007,#9033,#9059,#9085,#9111,#9137,#9163,#9189,#9215,#9241,#9267,
    #9293,#9319,#9343,#9369,#9395,#9421,#9447,#9473,#9499,#9525,#9551,
    #9577,#9603,#9629,#9655,#9681,#9707,#9733,#9752,#9783,#9809,#9835,
    #9861,#9887,#9913,#9939,#9965,#9991,#10017,#10043,#10069,#10095,
    #10121,#10147,#10173,#10197,#10223,#10249,#10275,#10301,#10327,
    #10353,#10379,#10405,#10431,#10457,#10483,#10509,#10535,#10561,
    #10587,#10606,#10639,#10665,#10689,#10715,#10741,#10765,#10791,
    #10817,#10843,#10869,#10895,#10921,#10947,#10971,#10997,#11023,
    #11049,#11075,#11101,#11127,#11153,#11179,#11205,#11231,#11257,
    #11283,#11302,#11333,#11357,#11381,#11407,#11433,#11459,#11485,
    #11511,#11535,#11559,#11583,#11609,#11635,#11661,#11687,#11713,
    #11737,#11761,#11785,#11811,#11837,#11863,#11889,#11915,#11941,
    #11967,#11991,#12008,#12039,#12063,#12087,#12111,#12135,#12159,
    #12183,#12200,#12231,#12255,#12279,#12308,#12339,#12370,#12401,
    #12423,#12460,#12490,#12521,#12552,#12582,#12612,#12643,#12667,
    #12785,#12826,#12867,#12984,#13020,#13078,#13094,#13110,#13148,
    #13179,#13210,#13241,#13272,#13303,#13334,#13365,#13396,#13427,
    #13458,#13482,#13518,#13542,#13571,#13602,#13633,#13661,#13692,
    #13723,#13754,#13776,#13807,#13831,#13859,#13888,#13905,#14096,
    #14114,#14127,#14158,#14182,#14206,#14230,#14256,#14282,#14306,
    #14330,#14354,#14380,#14406,#14432,#14458,#14484,#14510,#14536,
    #14553,#14644,#14675,#14699,#14723,#14751,#14779,#14810,#14841,
    #14863));
#403 = ADVANCED_FACE('',(#404,#538),#676,.T.);
#404 = FACE_BOUND('',#405,.T.);
#405 = EDGE_LOOP('',(#406,#416,#424,#432,#441,#449,#458,#466,#474,#482,
    #490,#498,#507,#515,#524,#532));
#406 = ORIENTED_EDGE('',*,*,#407,.F.);
#407 = EDGE_CURVE('',#408,#410,#412,.T.);
#408 = VERTEX_POINT('',#409);
#409 = CARTESIAN_POINT('',(-4.95,4.440892098501E-17,0.2));
#410 = VERTEX_POINT('',#411);
#411 = CARTESIAN_POINT('',(4.95,4.440892098501E-17,0.2));
#412 = LINE('',#413,#414);
#413 = CARTESIAN_POINT('',(-4.95,4.440892098501E-17,0.2));
#414 = VECTOR('',#415,1.);
#415 = DIRECTION('',(1.,0.,0.));
#416 = ORIENTED_EDGE('',*,*,#417,.T.);
#417 = EDGE_CURVE('',#408,#418,#420,.T.);
#418 = VERTEX_POINT('',#419);
#419 = CARTESIAN_POINT('',(-4.95,1.908001706329,0.2));
#420 = LINE('',#421,#422);
#421 = CARTESIAN_POINT('',(-4.95,4.440892098501E-17,0.2));
#422 = VECTOR('',#423,1.);
#423 = DIRECTION('',(0.,1.,-2.22044604925E-16));
#424 = ORIENTED_EDGE('',*,*,#425,.T.);
#425 = EDGE_CURVE('',#418,#426,#428,.T.);
#426 = VERTEX_POINT('',#427);
#427 = CARTESIAN_POINT('',(-4.698791,1.908001706329,0.2));
#428 = LINE('',#429,#430);
#429 = CARTESIAN_POINT('',(-4.95,1.908001706329,0.2));
#430 = VECTOR('',#431,1.);
#431 = DIRECTION('',(1.,0.,0.));
#432 = ORIENTED_EDGE('',*,*,#433,.F.);
#433 = EDGE_CURVE('',#434,#426,#436,.T.);
#434 = VERTEX_POINT('',#435);
#435 = CARTESIAN_POINT('',(-4.298791,2.308001706329,0.2));
#436 = CIRCLE('',#437,0.4);
#437 = AXIS2_PLACEMENT_3D('',#438,#439,#440);
#438 = CARTESIAN_POINT('',(-4.698791,2.308001706329,0.2));
#439 = DIRECTION('',(0.,0.,-1.));
#440 = DIRECTION('',(1.,0.,0.));
#441 = ORIENTED_EDGE('',*,*,#442,.T.);
#442 = EDGE_CURVE('',#434,#443,#445,.T.);
#443 = VERTEX_POINT('',#444);
#444 = CARTESIAN_POINT('',(-4.298791,3.593165,0.2));
#445 = LINE('',#446,#447);
#446 = CARTESIAN_POINT('',(-4.298791,1.154000853164,0.2));
#447 = VECTOR('',#448,1.);
#448 = DIRECTION('',(0.,1.,-2.22044604925E-16));
#449 = ORIENTED_EDGE('',*,*,#450,.F.);
#450 = EDGE_CURVE('',#451,#443,#453,.T.);
#451 = VERTEX_POINT('',#452);
#452 = CARTESIAN_POINT('',(-4.698791,3.993165,0.2));
#453 = CIRCLE('',#454,0.4);
#454 = AXIS2_PLACEMENT_3D('',#455,#456,#457);
#455 = CARTESIAN_POINT('',(-4.698791,3.593165,0.2));
#456 = DIRECTION('',(0.,0.,-1.));
#457 = DIRECTION('',(1.,0.,0.));
#458 = ORIENTED_EDGE('',*,*,#459,.F.);
#459 = EDGE_CURVE('',#460,#451,#462,.T.);
#460 = VERTEX_POINT('',#461);
#461 = CARTESIAN_POINT('',(-4.95,3.993165,0.2));
#462 = LINE('',#463,#464);
#463 = CARTESIAN_POINT('',(-4.95,3.993165,0.2));
#464 = VECTOR('',#465,1.);
#465 = DIRECTION('',(1.,0.,0.));
#466 = ORIENTED_EDGE('',*,*,#467,.T.);
#467 = EDGE_CURVE('',#460,#468,#470,.T.);
#468 = VERTEX_POINT('',#469);
#469 = CARTESIAN_POINT('',(-4.95,9.,0.2));
#470 = LINE('',#471,#472);
#471 = CARTESIAN_POINT('',(-4.95,4.440892098501E-17,0.2));
#472 = VECTOR('',#473,1.);
#473 = DIRECTION('',(0.,1.,-2.22044604925E-16));
#474 = ORIENTED_EDGE('',*,*,#475,.T.);
#475 = EDGE_CURVE('',#468,#476,#478,.T.);
#476 = VERTEX_POINT('',#477);
#477 = CARTESIAN_POINT('',(4.95,9.,0.2));
#478 = LINE('',#479,#480);
#479 = CARTESIAN_POINT('',(-4.95,9.,0.2));
#480 = VECTOR('',#481,1.);
#481 = DIRECTION('',(1.,0.,0.));
#482 = ORIENTED_EDGE('',*,*,#483,.F.);
#483 = EDGE_CURVE('',#484,#476,#486,.T.);
#484 = VERTEX_POINT('',#485);
#485 = CARTESIAN_POINT('',(4.95,3.993165,0.2));
#486 = LINE('',#487,#488);
#487 = CARTESIAN_POINT('',(4.95,4.440892098501E-17,0.2));
#488 = VECTOR('',#489,1.);
#489 = DIRECTION('',(0.,1.,-2.22044604925E-16));
#490 = ORIENTED_EDGE('',*,*,#491,.T.);
#491 = EDGE_CURVE('',#484,#492,#494,.T.);
#492 = VERTEX_POINT('',#493);
#493 = CARTESIAN_POINT('',(4.698791,3.993165,0.2));
#494 = LINE('',#495,#496);
#495 = CARTESIAN_POINT('',(0.,3.993165,0.2));
#496 = VECTOR('',#497,1.);
#497 = DIRECTION('',(-1.,0.,0.));
#498 = ORIENTED_EDGE('',*,*,#499,.F.);
#499 = EDGE_CURVE('',#500,#492,#502,.T.);
#500 = VERTEX_POINT('',#501);
#501 = CARTESIAN_POINT('',(4.298791,3.593165,0.2));
#502 = CIRCLE('',#503,0.4);
#503 = AXIS2_PLACEMENT_3D('',#504,#505,#506);
#504 = CARTESIAN_POINT('',(4.698791,3.593165,0.2));
#505 = DIRECTION('',(0.,0.,-1.));
#506 = DIRECTION('',(1.,0.,0.));
#507 = ORIENTED_EDGE('',*,*,#508,.F.);
#508 = EDGE_CURVE('',#509,#500,#511,.T.);
#509 = VERTEX_POINT('',#510);
#510 = CARTESIAN_POINT('',(4.298791,2.308001706329,0.2));
#511 = LINE('',#512,#513);
#512 = CARTESIAN_POINT('',(4.298791,1.154000853164,0.2));
#513 = VECTOR('',#514,1.);
#514 = DIRECTION('',(0.,1.,-2.22044604925E-16));
#515 = ORIENTED_EDGE('',*,*,#516,.F.);
#516 = EDGE_CURVE('',#517,#509,#519,.T.);
#517 = VERTEX_POINT('',#518);
#518 = CARTESIAN_POINT('',(4.698791,1.908001706329,0.2));
#519 = CIRCLE('',#520,0.4);
#520 = AXIS2_PLACEMENT_3D('',#521,#522,#523);
#521 = CARTESIAN_POINT('',(4.698791,2.308001706329,0.2));
#522 = DIRECTION('',(0.,0.,-1.));
#523 = DIRECTION('',(1.,0.,0.));
#524 = ORIENTED_EDGE('',*,*,#525,.F.);
#525 = EDGE_CURVE('',#526,#517,#528,.T.);
#526 = VERTEX_POINT('',#527);
#527 = CARTESIAN_POINT('',(4.95,1.908001706329,0.2));
#528 = LINE('',#529,#530);
#529 = CARTESIAN_POINT('',(0.,1.908001706329,0.2));
#530 = VECTOR('',#531,1.);
#531 = DIRECTION('',(-1.,0.,0.));
#532 = ORIENTED_EDGE('',*,*,#533,.F.);
#533 = EDGE_CURVE('',#410,#526,#534,.T.);
#534 = LINE('',#535,#536);
#535 = CARTESIAN_POINT('',(4.95,4.440892098501E-17,0.2));
#536 = VECTOR('',#537,1.);
#537 = DIRECTION('',(0.,1.,-2.22044604925E-16));
#538 = FACE_BOUND('',#539,.T.);
#539 = EDGE_LOOP('',(#540,#551,#559,#568,#576,#585,#593,#602,#610,#619,
    #627,#636,#644,#653,#661,#670));
#540 = ORIENTED_EDGE('',*,*,#541,.F.);
#541 = EDGE_CURVE('',#542,#544,#546,.T.);
#542 = VERTEX_POINT('',#543);
#543 = CARTESIAN_POINT('',(-4.012054,6.239862,0.2));
#544 = VERTEX_POINT('',#545);
#545 = CARTESIAN_POINT('',(-4.416852,6.64466,0.2));
#546 = CIRCLE('',#547,0.404798);
#547 = AXIS2_PLACEMENT_3D('',#548,#549,#550);
#548 = CARTESIAN_POINT('',(-4.012054,6.64466,0.2));
#549 = DIRECTION('',(0.,0.,-1.));
#550 = DIRECTION('',(1.,0.,0.));
#551 = ORIENTED_EDGE('',*,*,#552,.T.);
#552 = EDGE_CURVE('',#542,#553,#555,.T.);
#553 = VERTEX_POINT('',#554);
#554 = CARTESIAN_POINT('',(4.012054,6.239862,0.2));
#555 = LINE('',#556,#557);
#556 = CARTESIAN_POINT('',(0.,6.239862,0.2));
#557 = VECTOR('',#558,1.);
#558 = DIRECTION('',(1.,0.,0.));
#559 = ORIENTED_EDGE('',*,*,#560,.F.);
#560 = EDGE_CURVE('',#561,#553,#563,.T.);
#561 = VERTEX_POINT('',#562);
#562 = CARTESIAN_POINT('',(4.416852,6.64466,0.2));
#563 = CIRCLE('',#564,0.404798);
#564 = AXIS2_PLACEMENT_3D('',#565,#566,#567);
#565 = CARTESIAN_POINT('',(4.012054,6.64466,0.2));
#566 = DIRECTION('',(0.,0.,-1.));
#567 = DIRECTION('',(1.,0.,0.));
#568 = ORIENTED_EDGE('',*,*,#569,.T.);
#569 = EDGE_CURVE('',#561,#570,#572,.T.);
#570 = VERTEX_POINT('',#571);
#571 = CARTESIAN_POINT('',(4.416852,6.987181,0.2));
#572 = LINE('',#573,#574);
#573 = CARTESIAN_POINT('',(4.416852,6.64466,0.2));
#574 = VECTOR('',#575,1.);
#575 = DIRECTION('',(0.,1.,0.));
#576 = ORIENTED_EDGE('',*,*,#577,.F.);
#577 = EDGE_CURVE('',#578,#570,#580,.T.);
#578 = VERTEX_POINT('',#579);
#579 = CARTESIAN_POINT('',(4.183315,7.220718,0.2));
#580 = CIRCLE('',#581,0.233537);
#581 = AXIS2_PLACEMENT_3D('',#582,#583,#584);
#582 = CARTESIAN_POINT('',(4.183315,6.987181,0.2));
#583 = DIRECTION('',(0.,0.,-1.));
#584 = DIRECTION('',(1.,0.,0.));
#585 = ORIENTED_EDGE('',*,*,#586,.T.);
#586 = EDGE_CURVE('',#578,#587,#589,.T.);
#587 = VERTEX_POINT('',#588);
#588 = CARTESIAN_POINT('',(3.941993,7.220718,0.2));
#589 = LINE('',#590,#591);
#590 = CARTESIAN_POINT('',(4.183315,7.220718,0.2));
#591 = VECTOR('',#592,1.);
#592 = DIRECTION('',(-1.,0.,0.));
#593 = ORIENTED_EDGE('',*,*,#594,.T.);
#594 = EDGE_CURVE('',#587,#595,#597,.T.);
#595 = VERTEX_POINT('',#596);
#596 = CARTESIAN_POINT('',(3.700671,7.46204,0.2));
#597 = CIRCLE('',#598,0.241322);
#598 = AXIS2_PLACEMENT_3D('',#599,#600,#601);
#599 = CARTESIAN_POINT('',(3.941993,7.46204,0.2));
#600 = DIRECTION('',(0.,0.,-1.));
#601 = DIRECTION('',(1.,0.,0.));
#602 = ORIENTED_EDGE('',*,*,#603,.T.);
#603 = EDGE_CURVE('',#595,#604,#606,.T.);
#604 = VERTEX_POINT('',#605);
#605 = CARTESIAN_POINT('',(3.700671,8.030314,0.2));
#606 = LINE('',#607,#608);
#607 = CARTESIAN_POINT('',(3.700671,7.46204,0.2));
#608 = VECTOR('',#609,1.);
#609 = DIRECTION('',(0.,1.,0.));
#610 = ORIENTED_EDGE('',*,*,#611,.F.);
#611 = EDGE_CURVE('',#612,#604,#614,.T.);
#612 = VERTEX_POINT('',#613);
#613 = CARTESIAN_POINT('',(3.34258,8.388405,0.2));
#614 = CIRCLE('',#615,0.358091);
#615 = AXIS2_PLACEMENT_3D('',#616,#617,#618);
#616 = CARTESIAN_POINT('',(3.34258,8.030314,0.2));
#617 = DIRECTION('',(0.,0.,-1.));
#618 = DIRECTION('',(1.,0.,0.));
#619 = ORIENTED_EDGE('',*,*,#620,.F.);
#620 = EDGE_CURVE('',#621,#612,#623,.T.);
#621 = VERTEX_POINT('',#622);
#622 = CARTESIAN_POINT('',(-3.34258,8.388405,0.2));
#623 = LINE('',#624,#625);
#624 = CARTESIAN_POINT('',(-3.34258,8.388405,0.2));
#625 = VECTOR('',#626,1.);
#626 = DIRECTION('',(1.,0.,0.));
#627 = ORIENTED_EDGE('',*,*,#628,.F.);
#628 = EDGE_CURVE('',#629,#621,#631,.T.);
#629 = VERTEX_POINT('',#630);
#630 = CARTESIAN_POINT('',(-3.700671,8.030314,0.2));
#631 = CIRCLE('',#632,0.358091);
#632 = AXIS2_PLACEMENT_3D('',#633,#634,#635);
#633 = CARTESIAN_POINT('',(-3.34258,8.030314,0.2));
#634 = DIRECTION('',(0.,0.,-1.));
#635 = DIRECTION('',(1.,0.,0.));
#636 = ORIENTED_EDGE('',*,*,#637,.F.);
#637 = EDGE_CURVE('',#638,#629,#640,.T.);
#638 = VERTEX_POINT('',#639);
#639 = CARTESIAN_POINT('',(-3.700671,7.46204,0.2));
#640 = LINE('',#641,#642);
#641 = CARTESIAN_POINT('',(-3.700671,7.46204,0.2));
#642 = VECTOR('',#643,1.);
#643 = DIRECTION('',(0.,1.,0.));
#644 = ORIENTED_EDGE('',*,*,#645,.T.);
#645 = EDGE_CURVE('',#638,#646,#648,.T.);
#646 = VERTEX_POINT('',#647);
#647 = CARTESIAN_POINT('',(-3.941993,7.220718,0.2));
#648 = CIRCLE('',#649,0.241322);
#649 = AXIS2_PLACEMENT_3D('',#650,#651,#652);
#650 = CARTESIAN_POINT('',(-3.941993,7.46204,0.2));
#651 = DIRECTION('',(0.,0.,-1.));
#652 = DIRECTION('',(1.,0.,0.));
#653 = ORIENTED_EDGE('',*,*,#654,.F.);
#654 = EDGE_CURVE('',#655,#646,#657,.T.);
#655 = VERTEX_POINT('',#656);
#656 = CARTESIAN_POINT('',(-4.183315,7.220718,0.2));
#657 = LINE('',#658,#659);
#658 = CARTESIAN_POINT('',(-4.183315,7.220718,0.2));
#659 = VECTOR('',#660,1.);
#660 = DIRECTION('',(1.,0.,0.));
#661 = ORIENTED_EDGE('',*,*,#662,.F.);
#662 = EDGE_CURVE('',#663,#655,#665,.T.);
#663 = VERTEX_POINT('',#664);
#664 = CARTESIAN_POINT('',(-4.416852,6.987181,0.2));
#665 = CIRCLE('',#666,0.233537);
#666 = AXIS2_PLACEMENT_3D('',#667,#668,#669);
#667 = CARTESIAN_POINT('',(-4.183315,6.987181,0.2));
#668 = DIRECTION('',(0.,0.,-1.));
#669 = DIRECTION('',(1.,0.,0.));
#670 = ORIENTED_EDGE('',*,*,#671,.F.);
#671 = EDGE_CURVE('',#544,#663,#672,.T.);
#672 = LINE('',#673,#674);
#673 = CARTESIAN_POINT('',(-4.416852,6.64466,0.2));
#674 = VECTOR('',#675,1.);
#675 = DIRECTION('',(0.,1.,0.));
#676 = PLANE('',#677);
#677 = AXIS2_PLACEMENT_3D('',#678,#679,#680);
#678 = CARTESIAN_POINT('',(-4.95,4.440892098501E-17,0.2));
#679 = DIRECTION('',(0.,-2.22044604925E-16,-1.));
#680 = DIRECTION('',(1.,0.,0.));
#681 = ADVANCED_FACE('',(#682,#725),#793,.F.);
#682 = FACE_BOUND('',#683,.F.);
#683 = EDGE_LOOP('',(#684,#685,#693,#702,#710,#719));
#684 = ORIENTED_EDGE('',*,*,#407,.F.);
#685 = ORIENTED_EDGE('',*,*,#686,.F.);
#686 = EDGE_CURVE('',#687,#408,#689,.T.);
#687 = VERTEX_POINT('',#688);
#688 = CARTESIAN_POINT('',(-4.95,9.769962616701E-16,4.4));
#689 = LINE('',#690,#691);
#690 = CARTESIAN_POINT('',(-4.95,9.769962616701E-16,4.4));
#691 = VECTOR('',#692,1.);
#692 = DIRECTION('',(0.,-2.22044604925E-16,-1.));
#693 = ORIENTED_EDGE('',*,*,#694,.F.);
#694 = EDGE_CURVE('',#695,#687,#697,.T.);
#695 = VERTEX_POINT('',#696);
#696 = CARTESIAN_POINT('',(-4.15,1.15463194561E-15,5.2));
#697 = CIRCLE('',#698,0.8);
#698 = AXIS2_PLACEMENT_3D('',#699,#700,#701);
#699 = CARTESIAN_POINT('',(-4.15,9.769962616701E-16,4.4));
#700 = DIRECTION('',(0.,-1.,2.22044604925E-16));
#701 = DIRECTION('',(1.,0.,0.));
#702 = ORIENTED_EDGE('',*,*,#703,.F.);
#703 = EDGE_CURVE('',#704,#695,#706,.T.);
#704 = VERTEX_POINT('',#705);
#705 = CARTESIAN_POINT('',(4.15,1.15463194561E-15,5.2));
#706 = LINE('',#707,#708);
#707 = CARTESIAN_POINT('',(4.15,1.15463194561E-15,5.2));
#708 = VECTOR('',#709,1.);
#709 = DIRECTION('',(-1.,0.,0.));
#710 = ORIENTED_EDGE('',*,*,#711,.F.);
#711 = EDGE_CURVE('',#712,#704,#714,.T.);
#712 = VERTEX_POINT('',#713);
#713 = CARTESIAN_POINT('',(4.95,9.769962616701E-16,4.4));
#714 = CIRCLE('',#715,0.8);
#715 = AXIS2_PLACEMENT_3D('',#716,#717,#718);
#716 = CARTESIAN_POINT('',(4.15,9.769962616701E-16,4.4));
#717 = DIRECTION('',(0.,-1.,2.22044604925E-16));
#718 = DIRECTION('',(1.,0.,0.));
#719 = ORIENTED_EDGE('',*,*,#720,.F.);
#720 = EDGE_CURVE('',#410,#712,#721,.T.);
#721 = LINE('',#722,#723);
#722 = CARTESIAN_POINT('',(4.95,4.440892098501E-17,0.2));
#723 = VECTOR('',#724,1.);
#724 = DIRECTION('',(0.,2.22044604925E-16,1.));
#725 = FACE_BOUND('',#726,.F.);
#726 = EDGE_LOOP('',(#727,#737,#746,#754,#763,#771,#779,#787));
#727 = ORIENTED_EDGE('',*,*,#728,.F.);
#728 = EDGE_CURVE('',#729,#731,#733,.T.);
#729 = VERTEX_POINT('',#730);
#730 = CARTESIAN_POINT('',(4.25742,1.132427485118E-16,0.51));
#731 = VERTEX_POINT('',#732);
#732 = CARTESIAN_POINT('',(-3.673239841756,1.132427485118E-16,0.51));
#733 = LINE('',#734,#735);
#734 = CARTESIAN_POINT('',(4.25742,1.132427485118E-16,0.51));
#735 = VECTOR('',#736,1.);
#736 = DIRECTION('',(-1.,0.,0.));
#737 = ORIENTED_EDGE('',*,*,#738,.T.);
#738 = EDGE_CURVE('',#729,#739,#741,.T.);
#739 = VERTEX_POINT('',#740);
#740 = CARTESIAN_POINT('',(4.6,1.89310789267E-16,0.85258));
#741 = CIRCLE('',#742,0.34258);
#742 = AXIS2_PLACEMENT_3D('',#743,#744,#745);
#743 = CARTESIAN_POINT('',(4.25742,1.89310789267E-16,0.85258));
#744 = DIRECTION('',(0.,-1.,2.22044604925E-16));
#745 = DIRECTION('',(1.,0.,0.));
#746 = ORIENTED_EDGE('',*,*,#747,.F.);
#747 = EDGE_CURVE('',#748,#739,#750,.T.);
#748 = VERTEX_POINT('',#749);
#749 = CARTESIAN_POINT('',(4.6,9.747758156209E-16,4.39));
#750 = LINE('',#751,#752);
#751 = CARTESIAN_POINT('',(4.6,9.747758156209E-16,4.39));
#752 = VECTOR('',#753,1.);
#753 = DIRECTION('',(0.,-2.22044604925E-16,-1.));
#754 = ORIENTED_EDGE('',*,*,#755,.T.);
#755 = EDGE_CURVE('',#748,#756,#758,.T.);
#756 = VERTEX_POINT('',#757);
#757 = CARTESIAN_POINT('',(4.2,1.063593657591E-15,4.79));
#758 = CIRCLE('',#759,0.4);
#759 = AXIS2_PLACEMENT_3D('',#760,#761,#762);
#760 = CARTESIAN_POINT('',(4.2,9.747758156209E-16,4.39));
#761 = DIRECTION('',(0.,-1.,2.22044604925E-16));
#762 = DIRECTION('',(1.,0.,0.));
#763 = ORIENTED_EDGE('',*,*,#764,.F.);
#764 = EDGE_CURVE('',#765,#756,#767,.T.);
#765 = VERTEX_POINT('',#766);
#766 = CARTESIAN_POINT('',(-3.673239841756,1.063593657591E-15,4.79));
#767 = LINE('',#768,#769);
#768 = CARTESIAN_POINT('',(-3.673239841756,1.063593657591E-15,4.79));
#769 = VECTOR('',#770,1.);
#770 = DIRECTION('',(1.,0.,0.));
#771 = ORIENTED_EDGE('',*,*,#772,.F.);
#772 = EDGE_CURVE('',#773,#765,#775,.T.);
#773 = VERTEX_POINT('',#774);
#774 = CARTESIAN_POINT('',(-4.6,8.820721930647E-16,3.9725));
#775 = LINE('',#776,#777);
#776 = CARTESIAN_POINT('',(-4.6,8.820721930647E-16,3.9725));
#777 = VECTOR('',#778,1.);
#778 = DIRECTION('',(0.74993000128,1.468863231911E-16,0.661517190389));
#779 = ORIENTED_EDGE('',*,*,#780,.F.);
#780 = EDGE_CURVE('',#781,#773,#783,.T.);
#781 = VERTEX_POINT('',#782);
#782 = CARTESIAN_POINT('',(-4.6,2.94764213038E-16,1.3275));
#783 = LINE('',#784,#785);
#784 = CARTESIAN_POINT('',(-4.6,2.94764213038E-16,1.3275));
#785 = VECTOR('',#786,1.);
#786 = DIRECTION('',(0.,2.22044604925E-16,1.));
#787 = ORIENTED_EDGE('',*,*,#788,.F.);
#788 = EDGE_CURVE('',#731,#781,#789,.T.);
#789 = LINE('',#790,#791);
#790 = CARTESIAN_POINT('',(-3.673239841756,1.132427485118E-16,0.51));
#791 = VECTOR('',#792,1.);
#792 = DIRECTION('',(-0.74993000128,1.468863231911E-16,0.661517190389));
#793 = PLANE('',#794);
#794 = AXIS2_PLACEMENT_3D('',#795,#796,#797);
#795 = CARTESIAN_POINT('',(1.221507603235E-16,5.850174114849E-16,
    2.634684196369));
#796 = DIRECTION('',(0.,1.,0.));
#797 = DIRECTION('',(0.,0.,1.));
#798 = ADVANCED_FACE('',(#799),#840,.T.);
#799 = FACE_BOUND('',#800,.T.);
#800 = EDGE_LOOP('',(#801,#802,#810,#816,#817,#825,#833,#839));
#801 = ORIENTED_EDGE('',*,*,#686,.F.);
#802 = ORIENTED_EDGE('',*,*,#803,.T.);
#803 = EDGE_CURVE('',#687,#804,#806,.T.);
#804 = VERTEX_POINT('',#805);
#805 = CARTESIAN_POINT('',(-4.95,9.,4.4));
#806 = LINE('',#807,#808);
#807 = CARTESIAN_POINT('',(-4.95,9.769962616701E-16,4.4));
#808 = VECTOR('',#809,1.);
#809 = DIRECTION('',(0.,1.,-2.22044604925E-16));
#810 = ORIENTED_EDGE('',*,*,#811,.T.);
#811 = EDGE_CURVE('',#804,#468,#812,.T.);
#812 = LINE('',#813,#814);
#813 = CARTESIAN_POINT('',(-4.95,9.,4.4));
#814 = VECTOR('',#815,1.);
#815 = DIRECTION('',(0.,-2.22044604925E-16,-1.));
#816 = ORIENTED_EDGE('',*,*,#467,.F.);
#817 = ORIENTED_EDGE('',*,*,#818,.T.);
#818 = EDGE_CURVE('',#460,#819,#821,.T.);
#819 = VERTEX_POINT('',#820);
#820 = CARTESIAN_POINT('',(-4.95,3.993165,3.8));
#821 = LINE('',#822,#823);
#822 = CARTESIAN_POINT('',(-4.95,3.993165,0.));
#823 = VECTOR('',#824,1.);
#824 = DIRECTION('',(0.,0.,1.));
#825 = ORIENTED_EDGE('',*,*,#826,.F.);
#826 = EDGE_CURVE('',#827,#819,#829,.T.);
#827 = VERTEX_POINT('',#828);
#828 = CARTESIAN_POINT('',(-4.95,1.908001706329,3.8));
#829 = LINE('',#830,#831);
#830 = CARTESIAN_POINT('',(-4.95,1.908001706329,3.8));
#831 = VECTOR('',#832,1.);
#832 = DIRECTION('',(0.,1.,0.));
#833 = ORIENTED_EDGE('',*,*,#834,.F.);
#834 = EDGE_CURVE('',#418,#827,#835,.T.);
#835 = LINE('',#836,#837);
#836 = CARTESIAN_POINT('',(-4.95,1.908001706329,0.));
#837 = VECTOR('',#838,1.);
#838 = DIRECTION('',(0.,0.,1.));
#839 = ORIENTED_EDGE('',*,*,#417,.F.);
#840 = PLANE('',#841);
#841 = AXIS2_PLACEMENT_3D('',#842,#843,#844);
#842 = CARTESIAN_POINT('',(-4.95,9.769962616701E-16,4.4));
#843 = DIRECTION('',(-1.,0.,0.));
#844 = DIRECTION('',(0.,-2.22044604925E-16,-1.));
#845 = ADVANCED_FACE('',(#846),#887,.T.);
#846 = FACE_BOUND('',#847,.T.);
#847 = EDGE_LOOP('',(#848,#849,#850,#858,#866,#872,#873,#881));
#848 = ORIENTED_EDGE('',*,*,#720,.F.);
#849 = ORIENTED_EDGE('',*,*,#533,.T.);
#850 = ORIENTED_EDGE('',*,*,#851,.T.);
#851 = EDGE_CURVE('',#526,#852,#854,.T.);
#852 = VERTEX_POINT('',#853);
#853 = CARTESIAN_POINT('',(4.95,1.908001706329,3.8));
#854 = LINE('',#855,#856);
#855 = CARTESIAN_POINT('',(4.95,1.908001706329,0.));
#856 = VECTOR('',#857,1.);
#857 = DIRECTION('',(0.,0.,1.));
#858 = ORIENTED_EDGE('',*,*,#859,.T.);
#859 = EDGE_CURVE('',#852,#860,#862,.T.);
#860 = VERTEX_POINT('',#861);
#861 = CARTESIAN_POINT('',(4.95,3.993165,3.8));
#862 = LINE('',#863,#864);
#863 = CARTESIAN_POINT('',(4.95,1.908001706329,3.8));
#864 = VECTOR('',#865,1.);
#865 = DIRECTION('',(0.,1.,0.));
#866 = ORIENTED_EDGE('',*,*,#867,.F.);
#867 = EDGE_CURVE('',#484,#860,#868,.T.);
#868 = LINE('',#869,#870);
#869 = CARTESIAN_POINT('',(4.95,3.993165,0.));
#870 = VECTOR('',#871,1.);
#871 = DIRECTION('',(0.,0.,1.));
#872 = ORIENTED_EDGE('',*,*,#483,.T.);
#873 = ORIENTED_EDGE('',*,*,#874,.T.);
#874 = EDGE_CURVE('',#476,#875,#877,.T.);
#875 = VERTEX_POINT('',#876);
#876 = CARTESIAN_POINT('',(4.95,9.,4.4));
#877 = LINE('',#878,#879);
#878 = CARTESIAN_POINT('',(4.95,9.,0.2));
#879 = VECTOR('',#880,1.);
#880 = DIRECTION('',(0.,2.22044604925E-16,1.));
#881 = ORIENTED_EDGE('',*,*,#882,.F.);
#882 = EDGE_CURVE('',#712,#875,#883,.T.);
#883 = LINE('',#884,#885);
#884 = CARTESIAN_POINT('',(4.95,9.769962616701E-16,4.4));
#885 = VECTOR('',#886,1.);
#886 = DIRECTION('',(0.,1.,-2.22044604925E-16));
#887 = PLANE('',#888);
#888 = AXIS2_PLACEMENT_3D('',#889,#890,#891);
#889 = CARTESIAN_POINT('',(4.95,4.440892098501E-17,0.2));
#890 = DIRECTION('',(1.,0.,0.));
#891 = DIRECTION('',(0.,2.22044604925E-16,1.));
#892 = ADVANCED_FACE('',(#893),#927,.T.);
#893 = FACE_BOUND('',#894,.T.);
#894 = EDGE_LOOP('',(#895,#903,#904,#905,#913,#921));
#895 = ORIENTED_EDGE('',*,*,#896,.T.);
#896 = EDGE_CURVE('',#897,#426,#899,.T.);
#897 = VERTEX_POINT('',#898);
#898 = CARTESIAN_POINT('',(-4.698791,1.908001706329,0.));
#899 = LINE('',#900,#901);
#900 = CARTESIAN_POINT('',(-4.698791,1.908001706329,0.));
#901 = VECTOR('',#902,1.);
#902 = DIRECTION('',(0.,0.,1.));
#903 = ORIENTED_EDGE('',*,*,#425,.F.);
#904 = ORIENTED_EDGE('',*,*,#834,.T.);
#905 = ORIENTED_EDGE('',*,*,#906,.F.);
#906 = EDGE_CURVE('',#907,#827,#909,.T.);
#907 = VERTEX_POINT('',#908);
#908 = CARTESIAN_POINT('',(-6.052766706329,1.908001706329,3.8));
#909 = LINE('',#910,#911);
#910 = CARTESIAN_POINT('',(-6.052766706329,1.908001706329,3.8));
#911 = VECTOR('',#912,1.);
#912 = DIRECTION('',(1.,0.,0.));
#913 = ORIENTED_EDGE('',*,*,#914,.F.);
#914 = EDGE_CURVE('',#915,#907,#917,.T.);
#915 = VERTEX_POINT('',#916);
#916 = CARTESIAN_POINT('',(-6.052766706329,1.908001706329,0.));
#917 = LINE('',#918,#919);
#918 = CARTESIAN_POINT('',(-6.052766706329,1.908001706329,0.));
#919 = VECTOR('',#920,1.);
#920 = DIRECTION('',(0.,0.,1.));
#921 = ORIENTED_EDGE('',*,*,#922,.T.);
#922 = EDGE_CURVE('',#915,#897,#923,.T.);
#923 = LINE('',#924,#925);
#924 = CARTESIAN_POINT('',(-6.052766706329,1.908001706329,0.));
#925 = VECTOR('',#926,1.);
#926 = DIRECTION('',(1.,0.,0.));
#927 = PLANE('',#928);
#928 = AXIS2_PLACEMENT_3D('',#929,#930,#931);
#929 = CARTESIAN_POINT('',(-5.463512328401,1.908001706329,1.812266524764
    ));
#930 = DIRECTION('',(-0.,-1.,-0.));
#931 = DIRECTION('',(0.,0.,-1.));
#932 = ADVANCED_FACE('',(#933),#967,.T.);
#933 = FACE_BOUND('',#934,.T.);
#934 = EDGE_LOOP('',(#935,#945,#953,#959,#960,#961));
#935 = ORIENTED_EDGE('',*,*,#936,.F.);
#936 = EDGE_CURVE('',#937,#939,#941,.T.);
#937 = VERTEX_POINT('',#938);
#938 = CARTESIAN_POINT('',(6.052766706329,1.908001706329,0.));
#939 = VERTEX_POINT('',#940);
#940 = CARTESIAN_POINT('',(4.698791,1.908001706329,0.));
#941 = LINE('',#942,#943);
#942 = CARTESIAN_POINT('',(4.95,1.908001706329,0.));
#943 = VECTOR('',#944,1.);
#944 = DIRECTION('',(-1.,0.,0.));
#945 = ORIENTED_EDGE('',*,*,#946,.T.);
#946 = EDGE_CURVE('',#937,#947,#949,.T.);
#947 = VERTEX_POINT('',#948);
#948 = CARTESIAN_POINT('',(6.052766706329,1.908001706329,3.8));
#949 = LINE('',#950,#951);
#950 = CARTESIAN_POINT('',(6.052766706329,1.908001706329,0.));
#951 = VECTOR('',#952,1.);
#952 = DIRECTION('',(0.,0.,1.));
#953 = ORIENTED_EDGE('',*,*,#954,.T.);
#954 = EDGE_CURVE('',#947,#852,#955,.T.);
#955 = LINE('',#956,#957);
#956 = CARTESIAN_POINT('',(6.052766706329,1.908001706329,3.8));
#957 = VECTOR('',#958,1.);
#958 = DIRECTION('',(-1.,0.,0.));
#959 = ORIENTED_EDGE('',*,*,#851,.F.);
#960 = ORIENTED_EDGE('',*,*,#525,.T.);
#961 = ORIENTED_EDGE('',*,*,#962,.F.);
#962 = EDGE_CURVE('',#939,#517,#963,.T.);
#963 = LINE('',#964,#965);
#964 = CARTESIAN_POINT('',(4.698791,1.908001706329,0.));
#965 = VECTOR('',#966,1.);
#966 = DIRECTION('',(0.,0.,1.));
#967 = PLANE('',#968);
#968 = AXIS2_PLACEMENT_3D('',#969,#970,#971);
#969 = CARTESIAN_POINT('',(5.463512328401,1.908001706329,1.812266524764)
  );
#970 = DIRECTION('',(-0.,-1.,-0.));
#971 = DIRECTION('',(0.,0.,-1.));
#972 = ADVANCED_FACE('',(#973),#992,.T.);
#973 = FACE_BOUND('',#974,.T.);
#974 = EDGE_LOOP('',(#975,#984,#990,#991));
#975 = ORIENTED_EDGE('',*,*,#976,.F.);
#976 = EDGE_CURVE('',#977,#897,#979,.T.);
#977 = VERTEX_POINT('',#978);
#978 = CARTESIAN_POINT('',(-4.298791,2.308001706329,0.));
#979 = CIRCLE('',#980,0.4);
#980 = AXIS2_PLACEMENT_3D('',#981,#982,#983);
#981 = CARTESIAN_POINT('',(-4.698791,2.308001706329,0.));
#982 = DIRECTION('',(0.,0.,-1.));
#983 = DIRECTION('',(1.,0.,0.));
#984 = ORIENTED_EDGE('',*,*,#985,.T.);
#985 = EDGE_CURVE('',#977,#434,#986,.T.);
#986 = LINE('',#987,#988);
#987 = CARTESIAN_POINT('',(-4.298791,2.308001706329,0.));
#988 = VECTOR('',#989,1.);
#989 = DIRECTION('',(0.,0.,1.));
#990 = ORIENTED_EDGE('',*,*,#433,.T.);
#991 = ORIENTED_EDGE('',*,*,#896,.F.);
#992 = CYLINDRICAL_SURFACE('',#993,0.4);
#993 = AXIS2_PLACEMENT_3D('',#994,#995,#996);
#994 = CARTESIAN_POINT('',(-4.698791,2.308001706329,0.));
#995 = DIRECTION('',(0.,0.,-1.));
#996 = DIRECTION('',(1.,0.,0.));
#997 = ADVANCED_FACE('',(#998),#1017,.T.);
#998 = FACE_BOUND('',#999,.T.);
#999 = EDGE_LOOP('',(#1000,#1009,#1010,#1011));
#1000 = ORIENTED_EDGE('',*,*,#1001,.F.);
#1001 = EDGE_CURVE('',#939,#1002,#1004,.T.);
#1002 = VERTEX_POINT('',#1003);
#1003 = CARTESIAN_POINT('',(4.298791,2.308001706329,0.));
#1004 = CIRCLE('',#1005,0.4);
#1005 = AXIS2_PLACEMENT_3D('',#1006,#1007,#1008);
#1006 = CARTESIAN_POINT('',(4.698791,2.308001706329,0.));
#1007 = DIRECTION('',(0.,0.,-1.));
#1008 = DIRECTION('',(1.,0.,0.));
#1009 = ORIENTED_EDGE('',*,*,#962,.T.);
#1010 = ORIENTED_EDGE('',*,*,#516,.T.);
#1011 = ORIENTED_EDGE('',*,*,#1012,.F.);
#1012 = EDGE_CURVE('',#1002,#509,#1013,.T.);
#1013 = LINE('',#1014,#1015);
#1014 = CARTESIAN_POINT('',(4.298791,2.308001706329,0.));
#1015 = VECTOR('',#1016,1.);
#1016 = DIRECTION('',(0.,0.,1.));
#1017 = CYLINDRICAL_SURFACE('',#1018,0.4);
#1018 = AXIS2_PLACEMENT_3D('',#1019,#1020,#1021);
#1019 = CARTESIAN_POINT('',(4.698791,2.308001706329,0.));
#1020 = DIRECTION('',(0.,0.,-1.));
#1021 = DIRECTION('',(1.,0.,0.));
#1022 = ADVANCED_FACE('',(#1023),#1041,.F.);
#1023 = FACE_BOUND('',#1024,.F.);
#1024 = EDGE_LOOP('',(#1025,#1033,#1034,#1035));
#1025 = ORIENTED_EDGE('',*,*,#1026,.F.);
#1026 = EDGE_CURVE('',#977,#1027,#1029,.T.);
#1027 = VERTEX_POINT('',#1028);
#1028 = CARTESIAN_POINT('',(-4.298791,3.593165,0.));
#1029 = LINE('',#1030,#1031);
#1030 = CARTESIAN_POINT('',(-4.298791,2.308001706329,0.));
#1031 = VECTOR('',#1032,1.);
#1032 = DIRECTION('',(0.,1.,0.));
#1033 = ORIENTED_EDGE('',*,*,#985,.T.);
#1034 = ORIENTED_EDGE('',*,*,#442,.T.);
#1035 = ORIENTED_EDGE('',*,*,#1036,.F.);
#1036 = EDGE_CURVE('',#1027,#443,#1037,.T.);
#1037 = LINE('',#1038,#1039);
#1038 = CARTESIAN_POINT('',(-4.298791,3.593165,0.));
#1039 = VECTOR('',#1040,1.);
#1040 = DIRECTION('',(0.,0.,1.));
#1041 = PLANE('',#1042);
#1042 = AXIS2_PLACEMENT_3D('',#1043,#1044,#1045);
#1043 = CARTESIAN_POINT('',(-4.298791,2.308001706329,0.));
#1044 = DIRECTION('',(-1.,0.,0.));
#1045 = DIRECTION('',(0.,1.,0.));
#1046 = ADVANCED_FACE('',(#1047),#1065,.T.);
#1047 = FACE_BOUND('',#1048,.T.);
#1048 = EDGE_LOOP('',(#1049,#1057,#1058,#1059));
#1049 = ORIENTED_EDGE('',*,*,#1050,.F.);
#1050 = EDGE_CURVE('',#1002,#1051,#1053,.T.);
#1051 = VERTEX_POINT('',#1052);
#1052 = CARTESIAN_POINT('',(4.298791,3.593165,0.));
#1053 = LINE('',#1054,#1055);
#1054 = CARTESIAN_POINT('',(4.298791,2.308001706329,0.));
#1055 = VECTOR('',#1056,1.);
#1056 = DIRECTION('',(0.,1.,0.));
#1057 = ORIENTED_EDGE('',*,*,#1012,.T.);
#1058 = ORIENTED_EDGE('',*,*,#508,.T.);
#1059 = ORIENTED_EDGE('',*,*,#1060,.F.);
#1060 = EDGE_CURVE('',#1051,#500,#1061,.T.);
#1061 = LINE('',#1062,#1063);
#1062 = CARTESIAN_POINT('',(4.298791,3.593165,0.));
#1063 = VECTOR('',#1064,1.);
#1064 = DIRECTION('',(0.,0.,1.));
#1065 = PLANE('',#1066);
#1066 = AXIS2_PLACEMENT_3D('',#1067,#1068,#1069);
#1067 = CARTESIAN_POINT('',(4.298791,2.308001706329,0.));
#1068 = DIRECTION('',(-1.,0.,0.));
#1069 = DIRECTION('',(0.,1.,0.));
#1070 = ADVANCED_FACE('',(#1071),#1090,.T.);
#1071 = FACE_BOUND('',#1072,.T.);
#1072 = EDGE_LOOP('',(#1073,#1082,#1088,#1089));
#1073 = ORIENTED_EDGE('',*,*,#1074,.F.);
#1074 = EDGE_CURVE('',#1075,#1027,#1077,.T.);
#1075 = VERTEX_POINT('',#1076);
#1076 = CARTESIAN_POINT('',(-4.698791,3.993165,0.));
#1077 = CIRCLE('',#1078,0.4);
#1078 = AXIS2_PLACEMENT_3D('',#1079,#1080,#1081);
#1079 = CARTESIAN_POINT('',(-4.698791,3.593165,0.));
#1080 = DIRECTION('',(0.,0.,-1.));
#1081 = DIRECTION('',(1.,0.,0.));
#1082 = ORIENTED_EDGE('',*,*,#1083,.T.);
#1083 = EDGE_CURVE('',#1075,#451,#1084,.T.);
#1084 = LINE('',#1085,#1086);
#1085 = CARTESIAN_POINT('',(-4.698791,3.993165,0.));
#1086 = VECTOR('',#1087,1.);
#1087 = DIRECTION('',(0.,0.,1.));
#1088 = ORIENTED_EDGE('',*,*,#450,.T.);
#1089 = ORIENTED_EDGE('',*,*,#1036,.F.);
#1090 = CYLINDRICAL_SURFACE('',#1091,0.4);
#1091 = AXIS2_PLACEMENT_3D('',#1092,#1093,#1094);
#1092 = CARTESIAN_POINT('',(-4.698791,3.593165,0.));
#1093 = DIRECTION('',(0.,0.,-1.));
#1094 = DIRECTION('',(1.,0.,0.));
#1095 = ADVANCED_FACE('',(#1096),#1115,.T.);
#1096 = FACE_BOUND('',#1097,.T.);
#1097 = EDGE_LOOP('',(#1098,#1107,#1108,#1109));
#1098 = ORIENTED_EDGE('',*,*,#1099,.F.);
#1099 = EDGE_CURVE('',#1051,#1100,#1102,.T.);
#1100 = VERTEX_POINT('',#1101);
#1101 = CARTESIAN_POINT('',(4.698791,3.993165,0.));
#1102 = CIRCLE('',#1103,0.4);
#1103 = AXIS2_PLACEMENT_3D('',#1104,#1105,#1106);
#1104 = CARTESIAN_POINT('',(4.698791,3.593165,0.));
#1105 = DIRECTION('',(0.,0.,-1.));
#1106 = DIRECTION('',(1.,0.,0.));
#1107 = ORIENTED_EDGE('',*,*,#1060,.T.);
#1108 = ORIENTED_EDGE('',*,*,#499,.T.);
#1109 = ORIENTED_EDGE('',*,*,#1110,.F.);
#1110 = EDGE_CURVE('',#1100,#492,#1111,.T.);
#1111 = LINE('',#1112,#1113);
#1112 = CARTESIAN_POINT('',(4.698791,3.993165,0.));
#1113 = VECTOR('',#1114,1.);
#1114 = DIRECTION('',(0.,0.,1.));
#1115 = CYLINDRICAL_SURFACE('',#1116,0.4);
#1116 = AXIS2_PLACEMENT_3D('',#1117,#1118,#1119);
#1117 = CARTESIAN_POINT('',(4.698791,3.593165,0.));
#1118 = DIRECTION('',(0.,0.,-1.));
#1119 = DIRECTION('',(1.,0.,0.));
#1120 = ADVANCED_FACE('',(#1121),#1148,.T.);
#1121 = FACE_BOUND('',#1122,.T.);
#1122 = EDGE_LOOP('',(#1123,#1131,#1139,#1145,#1146,#1147));
#1123 = ORIENTED_EDGE('',*,*,#1124,.F.);
#1124 = EDGE_CURVE('',#1125,#1075,#1127,.T.);
#1125 = VERTEX_POINT('',#1126);
#1126 = CARTESIAN_POINT('',(-6.052766706301,3.993165,0.));
#1127 = LINE('',#1128,#1129);
#1128 = CARTESIAN_POINT('',(-4.95,3.993165,0.));
#1129 = VECTOR('',#1130,1.);
#1130 = DIRECTION('',(1.,0.,0.));
#1131 = ORIENTED_EDGE('',*,*,#1132,.T.);
#1132 = EDGE_CURVE('',#1125,#1133,#1135,.T.);
#1133 = VERTEX_POINT('',#1134);
#1134 = CARTESIAN_POINT('',(-6.052766706301,3.993165,3.8));
#1135 = LINE('',#1136,#1137);
#1136 = CARTESIAN_POINT('',(-6.052766706301,3.993165,0.));
#1137 = VECTOR('',#1138,1.);
#1138 = DIRECTION('',(0.,0.,1.));
#1139 = ORIENTED_EDGE('',*,*,#1140,.F.);
#1140 = EDGE_CURVE('',#819,#1133,#1141,.T.);
#1141 = LINE('',#1142,#1143);
#1142 = CARTESIAN_POINT('',(-4.95,3.993165,3.8));
#1143 = VECTOR('',#1144,1.);
#1144 = DIRECTION('',(-1.,0.,0.));
#1145 = ORIENTED_EDGE('',*,*,#818,.F.);
#1146 = ORIENTED_EDGE('',*,*,#459,.T.);
#1147 = ORIENTED_EDGE('',*,*,#1083,.F.);
#1148 = PLANE('',#1149);
#1149 = AXIS2_PLACEMENT_3D('',#1150,#1151,#1152);
#1150 = CARTESIAN_POINT('',(-5.463512328387,3.993165,1.812266524763));
#1151 = DIRECTION('',(0.,1.,0.));
#1152 = DIRECTION('',(0.,0.,1.));
#1153 = ADVANCED_FACE('',(#1154),#1181,.T.);
#1154 = FACE_BOUND('',#1155,.T.);
#1155 = EDGE_LOOP('',(#1156,#1157,#1158,#1159,#1167,#1175));
#1156 = ORIENTED_EDGE('',*,*,#1110,.T.);
#1157 = ORIENTED_EDGE('',*,*,#491,.F.);
#1158 = ORIENTED_EDGE('',*,*,#867,.T.);
#1159 = ORIENTED_EDGE('',*,*,#1160,.T.);
#1160 = EDGE_CURVE('',#860,#1161,#1163,.T.);
#1161 = VERTEX_POINT('',#1162);
#1162 = CARTESIAN_POINT('',(6.052766706301,3.993165,3.8));
#1163 = LINE('',#1164,#1165);
#1164 = CARTESIAN_POINT('',(4.95,3.993165,3.8));
#1165 = VECTOR('',#1166,1.);
#1166 = DIRECTION('',(1.,0.,0.));
#1167 = ORIENTED_EDGE('',*,*,#1168,.F.);
#1168 = EDGE_CURVE('',#1169,#1161,#1171,.T.);
#1169 = VERTEX_POINT('',#1170);
#1170 = CARTESIAN_POINT('',(6.052766706301,3.993165,0.));
#1171 = LINE('',#1172,#1173);
#1172 = CARTESIAN_POINT('',(6.052766706301,3.993165,0.));
#1173 = VECTOR('',#1174,1.);
#1174 = DIRECTION('',(0.,0.,1.));
#1175 = ORIENTED_EDGE('',*,*,#1176,.F.);
#1176 = EDGE_CURVE('',#1100,#1169,#1177,.T.);
#1177 = LINE('',#1178,#1179);
#1178 = CARTESIAN_POINT('',(4.95,3.993165,0.));
#1179 = VECTOR('',#1180,1.);
#1180 = DIRECTION('',(1.,0.,0.));
#1181 = PLANE('',#1182);
#1182 = AXIS2_PLACEMENT_3D('',#1183,#1184,#1185);
#1183 = CARTESIAN_POINT('',(5.463512328387,3.993165,1.812266524763));
#1184 = DIRECTION('',(0.,1.,0.));
#1185 = DIRECTION('',(0.,0.,1.));
#1186 = ADVANCED_FACE('',(#1187,#1216,#1227),#1238,.T.);
#1187 = FACE_BOUND('',#1188,.T.);
#1188 = EDGE_LOOP('',(#1189,#1190,#1191,#1200,#1208,#1215));
#1189 = ORIENTED_EDGE('',*,*,#475,.F.);
#1190 = ORIENTED_EDGE('',*,*,#811,.F.);
#1191 = ORIENTED_EDGE('',*,*,#1192,.F.);
#1192 = EDGE_CURVE('',#1193,#804,#1195,.T.);
#1193 = VERTEX_POINT('',#1194);
#1194 = CARTESIAN_POINT('',(-4.15,9.,5.2));
#1195 = CIRCLE('',#1196,0.8);
#1196 = AXIS2_PLACEMENT_3D('',#1197,#1198,#1199);
#1197 = CARTESIAN_POINT('',(-4.15,9.,4.4));
#1198 = DIRECTION('',(0.,-1.,2.22044604925E-16));
#1199 = DIRECTION('',(1.,0.,0.));
#1200 = ORIENTED_EDGE('',*,*,#1201,.F.);
#1201 = EDGE_CURVE('',#1202,#1193,#1204,.T.);
#1202 = VERTEX_POINT('',#1203);
#1203 = CARTESIAN_POINT('',(4.15,9.,5.2));
#1204 = LINE('',#1205,#1206);
#1205 = CARTESIAN_POINT('',(4.15,9.,5.2));
#1206 = VECTOR('',#1207,1.);
#1207 = DIRECTION('',(-1.,0.,0.));
#1208 = ORIENTED_EDGE('',*,*,#1209,.F.);
#1209 = EDGE_CURVE('',#875,#1202,#1210,.T.);
#1210 = CIRCLE('',#1211,0.8);
#1211 = AXIS2_PLACEMENT_3D('',#1212,#1213,#1214);
#1212 = CARTESIAN_POINT('',(4.15,9.,4.4));
#1213 = DIRECTION('',(0.,-1.,2.22044604925E-16));
#1214 = DIRECTION('',(1.,0.,0.));
#1215 = ORIENTED_EDGE('',*,*,#874,.F.);
#1216 = FACE_BOUND('',#1217,.T.);
#1217 = EDGE_LOOP('',(#1218));
#1218 = ORIENTED_EDGE('',*,*,#1219,.T.);
#1219 = EDGE_CURVE('',#1220,#1220,#1222,.T.);
#1220 = VERTEX_POINT('',#1221);
#1221 = CARTESIAN_POINT('',(-1.25,9.,2.65));
#1222 = CIRCLE('',#1223,1.25);
#1223 = AXIS2_PLACEMENT_3D('',#1224,#1225,#1226);
#1224 = CARTESIAN_POINT('',(-2.5,9.,2.65));
#1225 = DIRECTION('',(0.,-1.,2.22044604925E-16));
#1226 = DIRECTION('',(1.,0.,0.));
#1227 = FACE_BOUND('',#1228,.T.);
#1228 = EDGE_LOOP('',(#1229));
#1229 = ORIENTED_EDGE('',*,*,#1230,.T.);
#1230 = EDGE_CURVE('',#1231,#1231,#1233,.T.);
#1231 = VERTEX_POINT('',#1232);
#1232 = CARTESIAN_POINT('',(3.75,9.,2.65));
#1233 = CIRCLE('',#1234,1.25);
#1234 = AXIS2_PLACEMENT_3D('',#1235,#1236,#1237);
#1235 = CARTESIAN_POINT('',(2.5,9.,2.65));
#1236 = DIRECTION('',(0.,-1.,2.22044604925E-16));
#1237 = DIRECTION('',(1.,0.,0.));
#1238 = PLANE('',#1239);
#1239 = AXIS2_PLACEMENT_3D('',#1240,#1241,#1242);
#1240 = CARTESIAN_POINT('',(1.221507603235E-16,9.,2.634684196369));
#1241 = DIRECTION('',(0.,1.,0.));
#1242 = DIRECTION('',(0.,0.,1.));
#1243 = ADVANCED_FACE('',(#1244),#1270,.F.);
#1244 = FACE_BOUND('',#1245,.F.);
#1245 = EDGE_LOOP('',(#1246,#1254,#1263,#1269));
#1246 = ORIENTED_EDGE('',*,*,#1247,.T.);
#1247 = EDGE_CURVE('',#542,#1248,#1250,.T.);
#1248 = VERTEX_POINT('',#1249);
#1249 = CARTESIAN_POINT('',(-4.012054,6.239862,0.4));
#1250 = LINE('',#1251,#1252);
#1251 = CARTESIAN_POINT('',(-4.012054,6.239862,0.2));
#1252 = VECTOR('',#1253,1.);
#1253 = DIRECTION('',(0.,0.,1.));
#1254 = ORIENTED_EDGE('',*,*,#1255,.T.);
#1255 = EDGE_CURVE('',#1248,#1256,#1258,.T.);
#1256 = VERTEX_POINT('',#1257);
#1257 = CARTESIAN_POINT('',(-4.416852,6.64466,0.4));
#1258 = CIRCLE('',#1259,0.404798);
#1259 = AXIS2_PLACEMENT_3D('',#1260,#1261,#1262);
#1260 = CARTESIAN_POINT('',(-4.012054,6.64466,0.4));
#1261 = DIRECTION('',(0.,0.,-1.));
#1262 = DIRECTION('',(1.,0.,0.));
#1263 = ORIENTED_EDGE('',*,*,#1264,.F.);
#1264 = EDGE_CURVE('',#544,#1256,#1265,.T.);
#1265 = LINE('',#1266,#1267);
#1266 = CARTESIAN_POINT('',(-4.416852,6.64466,0.2));
#1267 = VECTOR('',#1268,1.);
#1268 = DIRECTION('',(0.,0.,1.));
#1269 = ORIENTED_EDGE('',*,*,#541,.F.);
#1270 = CYLINDRICAL_SURFACE('',#1271,0.404798);
#1271 = AXIS2_PLACEMENT_3D('',#1272,#1273,#1274);
#1272 = CARTESIAN_POINT('',(-4.012054,6.64466,0.2));
#1273 = DIRECTION('',(0.,0.,-1.));
#1274 = DIRECTION('',(1.,0.,0.));
#1275 = ADVANCED_FACE('',(#1276),#1294,.F.);
#1276 = FACE_BOUND('',#1277,.F.);
#1277 = EDGE_LOOP('',(#1278,#1279,#1287,#1293));
#1278 = ORIENTED_EDGE('',*,*,#1264,.T.);
#1279 = ORIENTED_EDGE('',*,*,#1280,.T.);
#1280 = EDGE_CURVE('',#1256,#1281,#1283,.T.);
#1281 = VERTEX_POINT('',#1282);
#1282 = CARTESIAN_POINT('',(-4.416852,6.987181,0.4));
#1283 = LINE('',#1284,#1285);
#1284 = CARTESIAN_POINT('',(-4.416852,6.64466,0.4));
#1285 = VECTOR('',#1286,1.);
#1286 = DIRECTION('',(0.,1.,0.));
#1287 = ORIENTED_EDGE('',*,*,#1288,.F.);
#1288 = EDGE_CURVE('',#663,#1281,#1289,.T.);
#1289 = LINE('',#1290,#1291);
#1290 = CARTESIAN_POINT('',(-4.416852,6.987181,0.2));
#1291 = VECTOR('',#1292,1.);
#1292 = DIRECTION('',(0.,0.,1.));
#1293 = ORIENTED_EDGE('',*,*,#671,.F.);
#1294 = PLANE('',#1295);
#1295 = AXIS2_PLACEMENT_3D('',#1296,#1297,#1298);
#1296 = CARTESIAN_POINT('',(-4.416852,6.64466,0.2));
#1297 = DIRECTION('',(-1.,0.,0.));
#1298 = DIRECTION('',(0.,1.,0.));
#1299 = ADVANCED_FACE('',(#1300),#1319,.F.);
#1300 = FACE_BOUND('',#1301,.F.);
#1301 = EDGE_LOOP('',(#1302,#1303,#1312,#1318));
#1302 = ORIENTED_EDGE('',*,*,#1288,.T.);
#1303 = ORIENTED_EDGE('',*,*,#1304,.T.);
#1304 = EDGE_CURVE('',#1281,#1305,#1307,.T.);
#1305 = VERTEX_POINT('',#1306);
#1306 = CARTESIAN_POINT('',(-4.183315,7.220718,0.4));
#1307 = CIRCLE('',#1308,0.233537);
#1308 = AXIS2_PLACEMENT_3D('',#1309,#1310,#1311);
#1309 = CARTESIAN_POINT('',(-4.183315,6.987181,0.4));
#1310 = DIRECTION('',(0.,0.,-1.));
#1311 = DIRECTION('',(1.,0.,0.));
#1312 = ORIENTED_EDGE('',*,*,#1313,.F.);
#1313 = EDGE_CURVE('',#655,#1305,#1314,.T.);
#1314 = LINE('',#1315,#1316);
#1315 = CARTESIAN_POINT('',(-4.183315,7.220718,0.2));
#1316 = VECTOR('',#1317,1.);
#1317 = DIRECTION('',(0.,0.,1.));
#1318 = ORIENTED_EDGE('',*,*,#662,.F.);
#1319 = CYLINDRICAL_SURFACE('',#1320,0.233537);
#1320 = AXIS2_PLACEMENT_3D('',#1321,#1322,#1323);
#1321 = CARTESIAN_POINT('',(-4.183315,6.987181,0.2));
#1322 = DIRECTION('',(0.,0.,-1.));
#1323 = DIRECTION('',(1.,0.,0.));
#1324 = ADVANCED_FACE('',(#1325),#1343,.F.);
#1325 = FACE_BOUND('',#1326,.F.);
#1326 = EDGE_LOOP('',(#1327,#1328,#1336,#1342));
#1327 = ORIENTED_EDGE('',*,*,#1313,.T.);
#1328 = ORIENTED_EDGE('',*,*,#1329,.T.);
#1329 = EDGE_CURVE('',#1305,#1330,#1332,.T.);
#1330 = VERTEX_POINT('',#1331);
#1331 = CARTESIAN_POINT('',(-3.941993,7.220718,0.4));
#1332 = LINE('',#1333,#1334);
#1333 = CARTESIAN_POINT('',(-4.183315,7.220718,0.4));
#1334 = VECTOR('',#1335,1.);
#1335 = DIRECTION('',(1.,0.,0.));
#1336 = ORIENTED_EDGE('',*,*,#1337,.F.);
#1337 = EDGE_CURVE('',#646,#1330,#1338,.T.);
#1338 = LINE('',#1339,#1340);
#1339 = CARTESIAN_POINT('',(-3.941993,7.220718,0.2));
#1340 = VECTOR('',#1341,1.);
#1341 = DIRECTION('',(0.,0.,1.));
#1342 = ORIENTED_EDGE('',*,*,#654,.F.);
#1343 = PLANE('',#1344);
#1344 = AXIS2_PLACEMENT_3D('',#1345,#1346,#1347);
#1345 = CARTESIAN_POINT('',(-4.183315,7.220718,0.2));
#1346 = DIRECTION('',(0.,1.,0.));
#1347 = DIRECTION('',(1.,0.,0.));
#1348 = ADVANCED_FACE('',(#1349),#1368,.T.);
#1349 = FACE_BOUND('',#1350,.T.);
#1350 = EDGE_LOOP('',(#1351,#1359,#1366,#1367));
#1351 = ORIENTED_EDGE('',*,*,#1352,.T.);
#1352 = EDGE_CURVE('',#638,#1353,#1355,.T.);
#1353 = VERTEX_POINT('',#1354);
#1354 = CARTESIAN_POINT('',(-3.700671,7.46204,0.4));
#1355 = LINE('',#1356,#1357);
#1356 = CARTESIAN_POINT('',(-3.700671,7.46204,0.2));
#1357 = VECTOR('',#1358,1.);
#1358 = DIRECTION('',(0.,0.,1.));
#1359 = ORIENTED_EDGE('',*,*,#1360,.T.);
#1360 = EDGE_CURVE('',#1353,#1330,#1361,.T.);
#1361 = CIRCLE('',#1362,0.241322);
#1362 = AXIS2_PLACEMENT_3D('',#1363,#1364,#1365);
#1363 = CARTESIAN_POINT('',(-3.941993,7.46204,0.4));
#1364 = DIRECTION('',(0.,0.,-1.));
#1365 = DIRECTION('',(1.,0.,0.));
#1366 = ORIENTED_EDGE('',*,*,#1337,.F.);
#1367 = ORIENTED_EDGE('',*,*,#645,.F.);
#1368 = CYLINDRICAL_SURFACE('',#1369,0.241322);
#1369 = AXIS2_PLACEMENT_3D('',#1370,#1371,#1372);
#1370 = CARTESIAN_POINT('',(-3.941993,7.46204,0.2));
#1371 = DIRECTION('',(0.,0.,-1.));
#1372 = DIRECTION('',(1.,0.,0.));
#1373 = ADVANCED_FACE('',(#1374),#1392,.F.);
#1374 = FACE_BOUND('',#1375,.F.);
#1375 = EDGE_LOOP('',(#1376,#1377,#1385,#1391));
#1376 = ORIENTED_EDGE('',*,*,#1352,.T.);
#1377 = ORIENTED_EDGE('',*,*,#1378,.T.);
#1378 = EDGE_CURVE('',#1353,#1379,#1381,.T.);
#1379 = VERTEX_POINT('',#1380);
#1380 = CARTESIAN_POINT('',(-3.700671,8.030314,0.4));
#1381 = LINE('',#1382,#1383);
#1382 = CARTESIAN_POINT('',(-3.700671,7.46204,0.4));
#1383 = VECTOR('',#1384,1.);
#1384 = DIRECTION('',(0.,1.,0.));
#1385 = ORIENTED_EDGE('',*,*,#1386,.F.);
#1386 = EDGE_CURVE('',#629,#1379,#1387,.T.);
#1387 = LINE('',#1388,#1389);
#1388 = CARTESIAN_POINT('',(-3.700671,8.030314,0.2));
#1389 = VECTOR('',#1390,1.);
#1390 = DIRECTION('',(0.,0.,1.));
#1391 = ORIENTED_EDGE('',*,*,#637,.F.);
#1392 = PLANE('',#1393);
#1393 = AXIS2_PLACEMENT_3D('',#1394,#1395,#1396);
#1394 = CARTESIAN_POINT('',(-3.700671,7.46204,0.2));
#1395 = DIRECTION('',(-1.,0.,0.));
#1396 = DIRECTION('',(0.,1.,0.));
#1397 = ADVANCED_FACE('',(#1398),#1417,.F.);
#1398 = FACE_BOUND('',#1399,.F.);
#1399 = EDGE_LOOP('',(#1400,#1401,#1410,#1416));
#1400 = ORIENTED_EDGE('',*,*,#1386,.T.);
#1401 = ORIENTED_EDGE('',*,*,#1402,.T.);
#1402 = EDGE_CURVE('',#1379,#1403,#1405,.T.);
#1403 = VERTEX_POINT('',#1404);
#1404 = CARTESIAN_POINT('',(-3.34258,8.388405,0.4));
#1405 = CIRCLE('',#1406,0.358091);
#1406 = AXIS2_PLACEMENT_3D('',#1407,#1408,#1409);
#1407 = CARTESIAN_POINT('',(-3.34258,8.030314,0.4));
#1408 = DIRECTION('',(0.,0.,-1.));
#1409 = DIRECTION('',(1.,0.,0.));
#1410 = ORIENTED_EDGE('',*,*,#1411,.F.);
#1411 = EDGE_CURVE('',#621,#1403,#1412,.T.);
#1412 = LINE('',#1413,#1414);
#1413 = CARTESIAN_POINT('',(-3.34258,8.388405,0.2));
#1414 = VECTOR('',#1415,1.);
#1415 = DIRECTION('',(0.,0.,1.));
#1416 = ORIENTED_EDGE('',*,*,#628,.F.);
#1417 = CYLINDRICAL_SURFACE('',#1418,0.358091);
#1418 = AXIS2_PLACEMENT_3D('',#1419,#1420,#1421);
#1419 = CARTESIAN_POINT('',(-3.34258,8.030314,0.2));
#1420 = DIRECTION('',(0.,0.,-1.));
#1421 = DIRECTION('',(1.,0.,0.));
#1422 = ADVANCED_FACE('',(#1423),#1441,.F.);
#1423 = FACE_BOUND('',#1424,.F.);
#1424 = EDGE_LOOP('',(#1425,#1426,#1434,#1440));
#1425 = ORIENTED_EDGE('',*,*,#1411,.T.);
#1426 = ORIENTED_EDGE('',*,*,#1427,.F.);
#1427 = EDGE_CURVE('',#1428,#1403,#1430,.T.);
#1428 = VERTEX_POINT('',#1429);
#1429 = CARTESIAN_POINT('',(3.34258,8.388405,0.4));
#1430 = LINE('',#1431,#1432);
#1431 = CARTESIAN_POINT('',(3.34258,8.388405,0.4));
#1432 = VECTOR('',#1433,1.);
#1433 = DIRECTION('',(-1.,0.,0.));
#1434 = ORIENTED_EDGE('',*,*,#1435,.F.);
#1435 = EDGE_CURVE('',#612,#1428,#1436,.T.);
#1436 = LINE('',#1437,#1438);
#1437 = CARTESIAN_POINT('',(3.34258,8.388405,0.2));
#1438 = VECTOR('',#1439,1.);
#1439 = DIRECTION('',(0.,0.,1.));
#1440 = ORIENTED_EDGE('',*,*,#620,.F.);
#1441 = PLANE('',#1442);
#1442 = AXIS2_PLACEMENT_3D('',#1443,#1444,#1445);
#1443 = CARTESIAN_POINT('',(0.,8.388405,0.3));
#1444 = DIRECTION('',(0.,1.,0.));
#1445 = DIRECTION('',(0.,0.,1.));
#1446 = ADVANCED_FACE('',(#1447),#1466,.F.);
#1447 = FACE_BOUND('',#1448,.F.);
#1448 = EDGE_LOOP('',(#1449,#1450,#1459,#1465));
#1449 = ORIENTED_EDGE('',*,*,#1435,.T.);
#1450 = ORIENTED_EDGE('',*,*,#1451,.T.);
#1451 = EDGE_CURVE('',#1428,#1452,#1454,.T.);
#1452 = VERTEX_POINT('',#1453);
#1453 = CARTESIAN_POINT('',(3.700671,8.030314,0.4));
#1454 = CIRCLE('',#1455,0.358091);
#1455 = AXIS2_PLACEMENT_3D('',#1456,#1457,#1458);
#1456 = CARTESIAN_POINT('',(3.34258,8.030314,0.4));
#1457 = DIRECTION('',(0.,0.,-1.));
#1458 = DIRECTION('',(1.,0.,0.));
#1459 = ORIENTED_EDGE('',*,*,#1460,.F.);
#1460 = EDGE_CURVE('',#604,#1452,#1461,.T.);
#1461 = LINE('',#1462,#1463);
#1462 = CARTESIAN_POINT('',(3.700671,8.030314,0.2));
#1463 = VECTOR('',#1464,1.);
#1464 = DIRECTION('',(0.,0.,1.));
#1465 = ORIENTED_EDGE('',*,*,#611,.F.);
#1466 = CYLINDRICAL_SURFACE('',#1467,0.358091);
#1467 = AXIS2_PLACEMENT_3D('',#1468,#1469,#1470);
#1468 = CARTESIAN_POINT('',(3.34258,8.030314,0.2));
#1469 = DIRECTION('',(0.,0.,-1.));
#1470 = DIRECTION('',(1.,0.,0.));
#1471 = ADVANCED_FACE('',(#1472),#1490,.T.);
#1472 = FACE_BOUND('',#1473,.T.);
#1473 = EDGE_LOOP('',(#1474,#1482,#1488,#1489));
#1474 = ORIENTED_EDGE('',*,*,#1475,.T.);
#1475 = EDGE_CURVE('',#595,#1476,#1478,.T.);
#1476 = VERTEX_POINT('',#1477);
#1477 = CARTESIAN_POINT('',(3.700671,7.46204,0.4));
#1478 = LINE('',#1479,#1480);
#1479 = CARTESIAN_POINT('',(3.700671,7.46204,0.2));
#1480 = VECTOR('',#1481,1.);
#1481 = DIRECTION('',(0.,0.,1.));
#1482 = ORIENTED_EDGE('',*,*,#1483,.T.);
#1483 = EDGE_CURVE('',#1476,#1452,#1484,.T.);
#1484 = LINE('',#1485,#1486);
#1485 = CARTESIAN_POINT('',(3.700671,7.46204,0.4));
#1486 = VECTOR('',#1487,1.);
#1487 = DIRECTION('',(0.,1.,0.));
#1488 = ORIENTED_EDGE('',*,*,#1460,.F.);
#1489 = ORIENTED_EDGE('',*,*,#603,.F.);
#1490 = PLANE('',#1491);
#1491 = AXIS2_PLACEMENT_3D('',#1492,#1493,#1494);
#1492 = CARTESIAN_POINT('',(3.700671,7.46204,0.2));
#1493 = DIRECTION('',(-1.,0.,0.));
#1494 = DIRECTION('',(0.,1.,0.));
#1495 = ADVANCED_FACE('',(#1496),#1515,.T.);
#1496 = FACE_BOUND('',#1497,.T.);
#1497 = EDGE_LOOP('',(#1498,#1506,#1513,#1514));
#1498 = ORIENTED_EDGE('',*,*,#1499,.T.);
#1499 = EDGE_CURVE('',#587,#1500,#1502,.T.);
#1500 = VERTEX_POINT('',#1501);
#1501 = CARTESIAN_POINT('',(3.941993,7.220718,0.4));
#1502 = LINE('',#1503,#1504);
#1503 = CARTESIAN_POINT('',(3.941993,7.220718,0.2));
#1504 = VECTOR('',#1505,1.);
#1505 = DIRECTION('',(0.,0.,1.));
#1506 = ORIENTED_EDGE('',*,*,#1507,.T.);
#1507 = EDGE_CURVE('',#1500,#1476,#1508,.T.);
#1508 = CIRCLE('',#1509,0.241322);
#1509 = AXIS2_PLACEMENT_3D('',#1510,#1511,#1512);
#1510 = CARTESIAN_POINT('',(3.941993,7.46204,0.4));
#1511 = DIRECTION('',(0.,0.,-1.));
#1512 = DIRECTION('',(1.,0.,0.));
#1513 = ORIENTED_EDGE('',*,*,#1475,.F.);
#1514 = ORIENTED_EDGE('',*,*,#594,.F.);
#1515 = CYLINDRICAL_SURFACE('',#1516,0.241322);
#1516 = AXIS2_PLACEMENT_3D('',#1517,#1518,#1519);
#1517 = CARTESIAN_POINT('',(3.941993,7.46204,0.2));
#1518 = DIRECTION('',(0.,0.,-1.));
#1519 = DIRECTION('',(1.,0.,0.));
#1520 = ADVANCED_FACE('',(#1521),#1539,.T.);
#1521 = FACE_BOUND('',#1522,.T.);
#1522 = EDGE_LOOP('',(#1523,#1531,#1537,#1538));
#1523 = ORIENTED_EDGE('',*,*,#1524,.T.);
#1524 = EDGE_CURVE('',#578,#1525,#1527,.T.);
#1525 = VERTEX_POINT('',#1526);
#1526 = CARTESIAN_POINT('',(4.183315,7.220718,0.4));
#1527 = LINE('',#1528,#1529);
#1528 = CARTESIAN_POINT('',(4.183315,7.220718,0.2));
#1529 = VECTOR('',#1530,1.);
#1530 = DIRECTION('',(0.,0.,1.));
#1531 = ORIENTED_EDGE('',*,*,#1532,.T.);
#1532 = EDGE_CURVE('',#1525,#1500,#1533,.T.);
#1533 = LINE('',#1534,#1535);
#1534 = CARTESIAN_POINT('',(4.183315,7.220718,0.4));
#1535 = VECTOR('',#1536,1.);
#1536 = DIRECTION('',(-1.,0.,0.));
#1537 = ORIENTED_EDGE('',*,*,#1499,.F.);
#1538 = ORIENTED_EDGE('',*,*,#586,.F.);
#1539 = PLANE('',#1540);
#1540 = AXIS2_PLACEMENT_3D('',#1541,#1542,#1543);
#1541 = CARTESIAN_POINT('',(4.183315,7.220718,0.2));
#1542 = DIRECTION('',(0.,-1.,0.));
#1543 = DIRECTION('',(-1.,0.,0.));
#1544 = ADVANCED_FACE('',(#1545),#1564,.F.);
#1545 = FACE_BOUND('',#1546,.F.);
#1546 = EDGE_LOOP('',(#1547,#1548,#1557,#1563));
#1547 = ORIENTED_EDGE('',*,*,#1524,.T.);
#1548 = ORIENTED_EDGE('',*,*,#1549,.T.);
#1549 = EDGE_CURVE('',#1525,#1550,#1552,.T.);
#1550 = VERTEX_POINT('',#1551);
#1551 = CARTESIAN_POINT('',(4.416852,6.987181,0.4));
#1552 = CIRCLE('',#1553,0.233537);
#1553 = AXIS2_PLACEMENT_3D('',#1554,#1555,#1556);
#1554 = CARTESIAN_POINT('',(4.183315,6.987181,0.4));
#1555 = DIRECTION('',(0.,0.,-1.));
#1556 = DIRECTION('',(1.,0.,0.));
#1557 = ORIENTED_EDGE('',*,*,#1558,.F.);
#1558 = EDGE_CURVE('',#570,#1550,#1559,.T.);
#1559 = LINE('',#1560,#1561);
#1560 = CARTESIAN_POINT('',(4.416852,6.987181,0.2));
#1561 = VECTOR('',#1562,1.);
#1562 = DIRECTION('',(0.,0.,1.));
#1563 = ORIENTED_EDGE('',*,*,#577,.F.);
#1564 = CYLINDRICAL_SURFACE('',#1565,0.233537);
#1565 = AXIS2_PLACEMENT_3D('',#1566,#1567,#1568);
#1566 = CARTESIAN_POINT('',(4.183315,6.987181,0.2));
#1567 = DIRECTION('',(0.,0.,-1.));
#1568 = DIRECTION('',(1.,0.,0.));
#1569 = ADVANCED_FACE('',(#1570),#1588,.T.);
#1570 = FACE_BOUND('',#1571,.T.);
#1571 = EDGE_LOOP('',(#1572,#1580,#1586,#1587));
#1572 = ORIENTED_EDGE('',*,*,#1573,.T.);
#1573 = EDGE_CURVE('',#561,#1574,#1576,.T.);
#1574 = VERTEX_POINT('',#1575);
#1575 = CARTESIAN_POINT('',(4.416852,6.64466,0.4));
#1576 = LINE('',#1577,#1578);
#1577 = CARTESIAN_POINT('',(4.416852,6.64466,0.2));
#1578 = VECTOR('',#1579,1.);
#1579 = DIRECTION('',(0.,0.,1.));
#1580 = ORIENTED_EDGE('',*,*,#1581,.T.);
#1581 = EDGE_CURVE('',#1574,#1550,#1582,.T.);
#1582 = LINE('',#1583,#1584);
#1583 = CARTESIAN_POINT('',(4.416852,6.64466,0.4));
#1584 = VECTOR('',#1585,1.);
#1585 = DIRECTION('',(0.,1.,0.));
#1586 = ORIENTED_EDGE('',*,*,#1558,.F.);
#1587 = ORIENTED_EDGE('',*,*,#569,.F.);
#1588 = PLANE('',#1589);
#1589 = AXIS2_PLACEMENT_3D('',#1590,#1591,#1592);
#1590 = CARTESIAN_POINT('',(4.416852,6.64466,0.2));
#1591 = DIRECTION('',(-1.,0.,0.));
#1592 = DIRECTION('',(0.,1.,0.));
#1593 = ADVANCED_FACE('',(#1594),#1613,.F.);
#1594 = FACE_BOUND('',#1595,.F.);
#1595 = EDGE_LOOP('',(#1596,#1597,#1606,#1612));
#1596 = ORIENTED_EDGE('',*,*,#1573,.T.);
#1597 = ORIENTED_EDGE('',*,*,#1598,.T.);
#1598 = EDGE_CURVE('',#1574,#1599,#1601,.T.);
#1599 = VERTEX_POINT('',#1600);
#1600 = CARTESIAN_POINT('',(4.012054,6.239862,0.4));
#1601 = CIRCLE('',#1602,0.404798);
#1602 = AXIS2_PLACEMENT_3D('',#1603,#1604,#1605);
#1603 = CARTESIAN_POINT('',(4.012054,6.64466,0.4));
#1604 = DIRECTION('',(0.,0.,-1.));
#1605 = DIRECTION('',(1.,0.,0.));
#1606 = ORIENTED_EDGE('',*,*,#1607,.F.);
#1607 = EDGE_CURVE('',#553,#1599,#1608,.T.);
#1608 = LINE('',#1609,#1610);
#1609 = CARTESIAN_POINT('',(4.012054,6.239862,0.2));
#1610 = VECTOR('',#1611,1.);
#1611 = DIRECTION('',(0.,0.,1.));
#1612 = ORIENTED_EDGE('',*,*,#560,.F.);
#1613 = CYLINDRICAL_SURFACE('',#1614,0.404798);
#1614 = AXIS2_PLACEMENT_3D('',#1615,#1616,#1617);
#1615 = CARTESIAN_POINT('',(4.012054,6.64466,0.2));
#1616 = DIRECTION('',(0.,0.,-1.));
#1617 = DIRECTION('',(1.,0.,0.));
#1618 = ADVANCED_FACE('',(#1619),#1630,.F.);
#1619 = FACE_BOUND('',#1620,.F.);
#1620 = EDGE_LOOP('',(#1621,#1622,#1623,#1624));
#1621 = ORIENTED_EDGE('',*,*,#1247,.F.);
#1622 = ORIENTED_EDGE('',*,*,#552,.T.);
#1623 = ORIENTED_EDGE('',*,*,#1607,.T.);
#1624 = ORIENTED_EDGE('',*,*,#1625,.T.);
#1625 = EDGE_CURVE('',#1599,#1248,#1626,.T.);
#1626 = LINE('',#1627,#1628);
#1627 = CARTESIAN_POINT('',(0.,6.239862,0.4));
#1628 = VECTOR('',#1629,1.);
#1629 = DIRECTION('',(-1.,0.,0.));
#1630 = PLANE('',#1631);
#1631 = AXIS2_PLACEMENT_3D('',#1632,#1633,#1634);
#1632 = CARTESIAN_POINT('',(0.,6.239862,0.3));
#1633 = DIRECTION('',(-0.,-1.,-0.));
#1634 = DIRECTION('',(0.,0.,-1.));
#1635 = ADVANCED_FACE('',(#1636),#1717,.T.);
#1636 = FACE_BOUND('',#1637,.T.);
#1637 = EDGE_LOOP('',(#1638,#1639,#1647,#1674,#1682,#1709,#1715,#1716));
#1638 = ORIENTED_EDGE('',*,*,#694,.F.);
#1639 = ORIENTED_EDGE('',*,*,#1640,.T.);
#1640 = EDGE_CURVE('',#695,#1641,#1643,.T.);
#1641 = VERTEX_POINT('',#1642);
#1642 = CARTESIAN_POINT('',(-4.15,5.504814114127,5.2));
#1643 = LINE('',#1644,#1645);
#1644 = CARTESIAN_POINT('',(-4.15,1.15463194561E-15,5.2));
#1645 = VECTOR('',#1646,1.);
#1646 = DIRECTION('',(0.,1.,-2.22044604925E-16));
#1647 = ORIENTED_EDGE('',*,*,#1648,.F.);
#1648 = EDGE_CURVE('',#1649,#1641,#1651,.T.);
#1649 = VERTEX_POINT('',#1650);
#1650 = CARTESIAN_POINT('',(-4.649860258824,6.192437628964,
    5.024611656671));
#1651 = B_SPLINE_CURVE_WITH_KNOTS('',6,(#1652,#1653,#1654,#1655,#1656,
    #1657,#1658,#1659,#1660,#1661,#1662,#1663,#1664,#1665,#1666,#1667,
    #1668,#1669,#1670,#1671,#1672,#1673),.UNSPECIFIED.,.F.,.F.,(7,5,5,5,
    7),(0.,0.241107216597,0.334048848506,0.556699648948,1.),
  .UNSPECIFIED.);
#1652 = CARTESIAN_POINT('',(-4.649860258824,6.192437628964,
    5.024611656671));
#1653 = CARTESIAN_POINT('',(-4.649860258824,6.154134741621,
    5.024611656671));
#1654 = CARTESIAN_POINT('',(-4.647424840885,6.115952116583,
    5.026560617885));
#1655 = CARTESIAN_POINT('',(-4.642582703958,6.078102420384,
    5.030435834115));
#1656 = CARTESIAN_POINT('',(-4.635390851822,6.040811704276,
    5.036074037421));
#1657 = CARTESIAN_POINT('',(-4.625949274416,6.004352909492,
    5.043172402193));
#1658 = CARTESIAN_POINT('',(-4.61005826247,5.955445403638,5.054504303767
    ));
#1659 = CARTESIAN_POINT('',(-4.60532825404,5.941987786289,5.05782301044)
  );
#1660 = CARTESIAN_POINT('',(-4.600296627077,5.92868765968,5.06128931315)
  );
#1661 = CARTESIAN_POINT('',(-4.594970137732,5.915551661567,
    5.064885160362));
#1662 = CARTESIAN_POINT('',(-4.589355227597,5.902585380638,
    5.068592711103));
#1663 = CARTESIAN_POINT('',(-4.569330693034,5.859148807348,
    5.081501497996));
#1664 = CARTESIAN_POINT('',(-4.553586576933,5.829512008449,
    5.091146988082));
#1665 = CARTESIAN_POINT('',(-4.536304111959,5.800933806702,
    5.101093212243));
#1666 = CARTESIAN_POINT('',(-4.517552768384,5.773464227238,
    5.111119061449));
#1667 = CARTESIAN_POINT('',(-4.497395087807,5.747154154888,
    5.121020942777));
#1668 = CARTESIAN_POINT('',(-4.433069292121,5.672088317518,
    5.149713325723));
#1669 = CARTESIAN_POINT('',(-4.384682371613,5.626670124531,
    5.167686322723));
#1670 = CARTESIAN_POINT('',(-4.331358706988,5.586642149518,5.18291060757
    ));
#1671 = CARTESIAN_POINT('',(-4.273871721293,5.55267028801,5.19402748531)
  );
#1672 = CARTESIAN_POINT('',(-4.213097945247,5.525279700068,5.2));
#1673 = CARTESIAN_POINT('',(-4.15,5.504814114127,5.2));
#1674 = ORIENTED_EDGE('',*,*,#1675,.F.);
#1675 = EDGE_CURVE('',#1676,#1649,#1678,.T.);
#1676 = VERTEX_POINT('',#1677);
#1677 = CARTESIAN_POINT('',(-4.649860258824,7.759363247059,
    5.024611656671));
#1678 = LINE('',#1679,#1680);
#1679 = CARTESIAN_POINT('',(-4.649860258824,1.115687910207E-15,
    5.024611656671));
#1680 = VECTOR('',#1681,1.);
#1681 = DIRECTION('',(0.,-1.,2.22044604925E-16));
#1682 = ORIENTED_EDGE('',*,*,#1683,.F.);
#1683 = EDGE_CURVE('',#1684,#1676,#1686,.T.);
#1684 = VERTEX_POINT('',#1685);
#1685 = CARTESIAN_POINT('',(-4.15,8.446986761896,5.2));
#1686 = B_SPLINE_CURVE_WITH_KNOTS('',6,(#1687,#1688,#1689,#1690,#1691,
    #1692,#1693,#1694,#1695,#1696,#1697,#1698,#1699,#1700,#1701,#1702,
    #1703,#1704,#1705,#1706,#1707,#1708),.UNSPECIFIED.,.F.,.F.,(7,5,5,5,
    7),(0.,0.443147599723,0.667401543897,0.758497359972,1.),
  .UNSPECIFIED.);
#1687 = CARTESIAN_POINT('',(-4.15,8.446986761896,5.2));
#1688 = CARTESIAN_POINT('',(-4.213076036276,8.426528282049,5.2));
#1689 = CARTESIAN_POINT('',(-4.273828588499,8.399149911565,
    5.194031625183));
#1690 = CARTESIAN_POINT('',(-4.331296460921,8.365195297959,
    5.182922526183));
#1691 = CARTESIAN_POINT('',(-4.384604537942,8.325189015361,
    5.167708480231));
#1692 = CARTESIAN_POINT('',(-4.432980663798,8.279795785549,
    5.149746254834));
#1693 = CARTESIAN_POINT('',(-4.497460852034,8.204580165015,5.12099493951
    ));
#1694 = CARTESIAN_POINT('',(-4.517758941267,8.178076252111,5.1110201515)
  );
#1695 = CARTESIAN_POINT('',(-4.536630137632,8.15039631059,5.100920351012
    ));
#1696 = CARTESIAN_POINT('',(-4.554010496642,8.121592355773,5.09090368981
    ));
#1697 = CARTESIAN_POINT('',(-4.569828955418,8.091715515614,
    5.081196321761));
#1698 = CARTESIAN_POINT('',(-4.589763832947,8.048266576231,
    5.068322350046));
#1699 = CARTESIAN_POINT('',(-4.59525090591,8.03554827291,5.064694835829)
  );
#1700 = CARTESIAN_POINT('',(-4.600460638215,8.022667160494,
    5.061175354992));
#1701 = CARTESIAN_POINT('',(-4.605386958382,8.009628516731,
    5.057780713543));
#1702 = CARTESIAN_POINT('',(-4.6100235028,7.996438598702,5.054527909943)
  );
#1703 = CARTESIAN_POINT('',(-4.625869618698,7.947755208731,
    5.043232278847));
#1704 = CARTESIAN_POINT('',(-4.635342429483,7.911240283195,
    5.036112007558));
#1705 = CARTESIAN_POINT('',(-4.642558358305,7.873889095918,
    5.030455317584));
#1706 = CARTESIAN_POINT('',(-4.647416715546,7.8359765171,5.026567120336)
  );
#1707 = CARTESIAN_POINT('',(-4.649860258824,7.797729976479,
    5.024611656671));
#1708 = CARTESIAN_POINT('',(-4.649860258824,7.759363247059,
    5.024611656671));
#1709 = ORIENTED_EDGE('',*,*,#1710,.T.);
#1710 = EDGE_CURVE('',#1684,#1193,#1711,.T.);
#1711 = LINE('',#1712,#1713);
#1712 = CARTESIAN_POINT('',(-4.15,1.15463194561E-15,5.2));
#1713 = VECTOR('',#1714,1.);
#1714 = DIRECTION('',(0.,1.,-2.22044604925E-16));
#1715 = ORIENTED_EDGE('',*,*,#1192,.T.);
#1716 = ORIENTED_EDGE('',*,*,#803,.F.);
#1717 = CYLINDRICAL_SURFACE('',#1718,0.8);
#1718 = AXIS2_PLACEMENT_3D('',#1719,#1720,#1721);
#1719 = CARTESIAN_POINT('',(-4.15,9.769962616701E-16,4.4));
#1720 = DIRECTION('',(0.,-1.,2.22044604925E-16));
#1721 = DIRECTION('',(1.,0.,0.));
#1722 = ADVANCED_FACE('',(#1723),#1804,.T.);
#1723 = FACE_BOUND('',#1724,.T.);
#1724 = EDGE_LOOP('',(#1725,#1726,#1727,#1728,#1736,#1763,#1771,#1798));
#1725 = ORIENTED_EDGE('',*,*,#711,.F.);
#1726 = ORIENTED_EDGE('',*,*,#882,.T.);
#1727 = ORIENTED_EDGE('',*,*,#1209,.T.);
#1728 = ORIENTED_EDGE('',*,*,#1729,.F.);
#1729 = EDGE_CURVE('',#1730,#1202,#1732,.T.);
#1730 = VERTEX_POINT('',#1731);
#1731 = CARTESIAN_POINT('',(4.15,8.446986761896,5.2));
#1732 = LINE('',#1733,#1734);
#1733 = CARTESIAN_POINT('',(4.15,1.15463194561E-15,5.2));
#1734 = VECTOR('',#1735,1.);
#1735 = DIRECTION('',(0.,1.,-2.22044604925E-16));
#1736 = ORIENTED_EDGE('',*,*,#1737,.F.);
#1737 = EDGE_CURVE('',#1738,#1730,#1740,.T.);
#1738 = VERTEX_POINT('',#1739);
#1739 = CARTESIAN_POINT('',(4.649860258824,7.759363247059,5.024611656671
    ));
#1740 = B_SPLINE_CURVE_WITH_KNOTS('',6,(#1741,#1742,#1743,#1744,#1745,
    #1746,#1747,#1748,#1749,#1750,#1751,#1752,#1753,#1754,#1755,#1756,
    #1757,#1758,#1759,#1760,#1761,#1762),.UNSPECIFIED.,.F.,.F.,(7,5,5,5,
    7),(0.,0.241107216596,0.334048848506,0.556699648948,1.),
  .UNSPECIFIED.);
#1741 = CARTESIAN_POINT('',(4.649860258824,7.759363247059,5.024611656671
    ));
#1742 = CARTESIAN_POINT('',(4.649860258824,7.797666134402,5.024611656671
    ));
#1743 = CARTESIAN_POINT('',(4.647424840885,7.83584875944,5.026560617885)
  );
#1744 = CARTESIAN_POINT('',(4.642582703958,7.873698455639,5.030435834115
    ));
#1745 = CARTESIAN_POINT('',(4.635390851822,7.910989171747,5.036074037421
    ));
#1746 = CARTESIAN_POINT('',(4.625949274416,7.947447966531,5.043172402193
    ));
#1747 = CARTESIAN_POINT('',(4.61005826247,7.996355472385,5.054504303767)
  );
#1748 = CARTESIAN_POINT('',(4.60532825404,8.009813089734,5.05782301044)
  );
#1749 = CARTESIAN_POINT('',(4.600296627077,8.023113216343,5.06128931315)
  );
#1750 = CARTESIAN_POINT('',(4.594970137732,8.036249214456,5.064885160362
    ));
#1751 = CARTESIAN_POINT('',(4.589355227597,8.049215495385,5.068592711103
    ));
#1752 = CARTESIAN_POINT('',(4.569330693034,8.092652068675,5.081501497996
    ));
#1753 = CARTESIAN_POINT('',(4.553586576933,8.122288867574,5.091146988082
    ));
#1754 = CARTESIAN_POINT('',(4.536304111959,8.150867069321,5.101093212243
    ));
#1755 = CARTESIAN_POINT('',(4.517552768384,8.178336648785,5.111119061449
    ));
#1756 = CARTESIAN_POINT('',(4.497395087807,8.204646721135,5.121020942777
    ));
#1757 = CARTESIAN_POINT('',(4.433069292121,8.279712558505,5.149713325723
    ));
#1758 = CARTESIAN_POINT('',(4.384682371613,8.325130751492,5.167686322723
    ));
#1759 = CARTESIAN_POINT('',(4.331358706988,8.365158726506,5.18291060757)
  );
#1760 = CARTESIAN_POINT('',(4.273871721294,8.399130588013,5.19402748531)
  );
#1761 = CARTESIAN_POINT('',(4.213097945247,8.426521175955,5.2));
#1762 = CARTESIAN_POINT('',(4.15,8.446986761896,5.2));
#1763 = ORIENTED_EDGE('',*,*,#1764,.T.);
#1764 = EDGE_CURVE('',#1738,#1765,#1767,.T.);
#1765 = VERTEX_POINT('',#1766);
#1766 = CARTESIAN_POINT('',(4.649860258824,6.192437628964,5.024611656671
    ));
#1767 = LINE('',#1768,#1769);
#1768 = CARTESIAN_POINT('',(4.649860258824,1.115687910207E-15,
    5.024611656671));
#1769 = VECTOR('',#1770,1.);
#1770 = DIRECTION('',(0.,-1.,2.22044604925E-16));
#1771 = ORIENTED_EDGE('',*,*,#1772,.F.);
#1772 = EDGE_CURVE('',#1773,#1765,#1775,.T.);
#1773 = VERTEX_POINT('',#1774);
#1774 = CARTESIAN_POINT('',(4.15,5.504814114127,5.2));
#1775 = B_SPLINE_CURVE_WITH_KNOTS('',6,(#1776,#1777,#1778,#1779,#1780,
    #1781,#1782,#1783,#1784,#1785,#1786,#1787,#1788,#1789,#1790,#1791,
    #1792,#1793,#1794,#1795,#1796,#1797),.UNSPECIFIED.,.F.,.F.,(7,5,5,5,
    7),(0.,0.443147599723,0.667401543897,0.758497359972,1.),
  .UNSPECIFIED.);
#1776 = CARTESIAN_POINT('',(4.15,5.504814114127,5.2));
#1777 = CARTESIAN_POINT('',(4.213076036276,5.525272593974,5.2));
#1778 = CARTESIAN_POINT('',(4.273828588499,5.552650964458,5.194031625183
    ));
#1779 = CARTESIAN_POINT('',(4.331296460921,5.586605578064,5.182922526183
    ));
#1780 = CARTESIAN_POINT('',(4.384604537942,5.626611860662,5.167708480231
    ));
#1781 = CARTESIAN_POINT('',(4.432980663798,5.672005090474,5.149746254834
    ));
#1782 = CARTESIAN_POINT('',(4.497460852034,5.747220711008,5.12099493951)
  );
#1783 = CARTESIAN_POINT('',(4.517758941267,5.773724623912,5.1110201515)
  );
#1784 = CARTESIAN_POINT('',(4.536630137632,5.801404565433,5.100920351012
    ));
#1785 = CARTESIAN_POINT('',(4.554010496642,5.83020852025,5.09090368981)
  );
#1786 = CARTESIAN_POINT('',(4.569828955418,5.860085360409,5.081196321761
    ));
#1787 = CARTESIAN_POINT('',(4.589763832947,5.903534299792,5.068322350046
    ));
#1788 = CARTESIAN_POINT('',(4.59525090591,5.916252603113,5.064694835829)
  );
#1789 = CARTESIAN_POINT('',(4.600460638215,5.929133715529,5.061175354992
    ));
#1790 = CARTESIAN_POINT('',(4.605386958382,5.942172359292,5.057780713543
    ));
#1791 = CARTESIAN_POINT('',(4.6100235028,5.955362277321,5.054527909943)
  );
#1792 = CARTESIAN_POINT('',(4.625869618698,6.004045667292,5.043232278847
    ));
#1793 = CARTESIAN_POINT('',(4.635342429483,6.040560592828,5.036112007558
    ));
#1794 = CARTESIAN_POINT('',(4.642558358305,6.077911780105,5.030455317584
    ));
#1795 = CARTESIAN_POINT('',(4.647416715546,6.115824358923,5.026567120336
    ));
#1796 = CARTESIAN_POINT('',(4.649860258824,6.154070899544,5.024611656671
    ));
#1797 = CARTESIAN_POINT('',(4.649860258824,6.192437628964,5.024611656671
    ));
#1798 = ORIENTED_EDGE('',*,*,#1799,.F.);
#1799 = EDGE_CURVE('',#704,#1773,#1800,.T.);
#1800 = LINE('',#1801,#1802);
#1801 = CARTESIAN_POINT('',(4.15,1.15463194561E-15,5.2));
#1802 = VECTOR('',#1803,1.);
#1803 = DIRECTION('',(0.,1.,-2.22044604925E-16));
#1804 = CYLINDRICAL_SURFACE('',#1805,0.8);
#1805 = AXIS2_PLACEMENT_3D('',#1806,#1807,#1808);
#1806 = CARTESIAN_POINT('',(4.15,9.769962616701E-16,4.4));
#1807 = DIRECTION('',(0.,-1.,2.22044604925E-16));
#1808 = DIRECTION('',(1.,0.,0.));
#1809 = ADVANCED_FACE('',(#1810),#1839,.T.);
#1810 = FACE_BOUND('',#1811,.T.);
#1811 = EDGE_LOOP('',(#1812,#1813,#1814,#1823,#1831,#1838));
#1812 = ORIENTED_EDGE('',*,*,#703,.F.);
#1813 = ORIENTED_EDGE('',*,*,#1799,.T.);
#1814 = ORIENTED_EDGE('',*,*,#1815,.F.);
#1815 = EDGE_CURVE('',#1816,#1773,#1818,.T.);
#1816 = VERTEX_POINT('',#1817);
#1817 = CARTESIAN_POINT('',(3.926971847761,5.469549217901,5.2));
#1818 = CIRCLE('',#1819,0.722888411063);
#1819 = AXIS2_PLACEMENT_3D('',#1820,#1821,#1822);
#1820 = CARTESIAN_POINT('',(3.926971847761,6.192437628964,5.2));
#1821 = DIRECTION('',(0.,0.,1.));
#1822 = DIRECTION('',(1.,0.,0.));
#1823 = ORIENTED_EDGE('',*,*,#1824,.F.);
#1824 = EDGE_CURVE('',#1825,#1816,#1827,.T.);
#1825 = VERTEX_POINT('',#1826);
#1826 = CARTESIAN_POINT('',(-3.926971847761,5.469549217901,5.2));
#1827 = LINE('',#1828,#1829);
#1828 = CARTESIAN_POINT('',(-3.926971847761,5.469549217901,5.2));
#1829 = VECTOR('',#1830,1.);
#1830 = DIRECTION('',(1.,0.,0.));
#1831 = ORIENTED_EDGE('',*,*,#1832,.F.);
#1832 = EDGE_CURVE('',#1641,#1825,#1833,.T.);
#1833 = CIRCLE('',#1834,0.722888411063);
#1834 = AXIS2_PLACEMENT_3D('',#1835,#1836,#1837);
#1835 = CARTESIAN_POINT('',(-3.926971847761,6.192437628964,5.2));
#1836 = DIRECTION('',(0.,0.,1.));
#1837 = DIRECTION('',(1.,0.,0.));
#1838 = ORIENTED_EDGE('',*,*,#1640,.F.);
#1839 = PLANE('',#1840);
#1840 = AXIS2_PLACEMENT_3D('',#1841,#1842,#1843);
#1841 = CARTESIAN_POINT('',(4.15,1.15463194561E-15,5.2));
#1842 = DIRECTION('',(0.,2.22044604925E-16,1.));
#1843 = DIRECTION('',(-1.,0.,0.));
#1844 = ADVANCED_FACE('',(#1845),#1870,.T.);
#1845 = FACE_BOUND('',#1846,.T.);
#1846 = EDGE_LOOP('',(#1847,#1855,#1863,#1869));
#1847 = ORIENTED_EDGE('',*,*,#1848,.T.);
#1848 = EDGE_CURVE('',#729,#1849,#1851,.T.);
#1849 = VERTEX_POINT('',#1850);
#1850 = CARTESIAN_POINT('',(4.25742,6.4,0.51));
#1851 = LINE('',#1852,#1853);
#1852 = CARTESIAN_POINT('',(4.25742,1.132427485118E-16,0.51));
#1853 = VECTOR('',#1854,1.);
#1854 = DIRECTION('',(0.,1.,-2.22044604925E-16));
#1855 = ORIENTED_EDGE('',*,*,#1856,.T.);
#1856 = EDGE_CURVE('',#1849,#1857,#1859,.T.);
#1857 = VERTEX_POINT('',#1858);
#1858 = CARTESIAN_POINT('',(-3.673239841756,6.4,0.51));
#1859 = LINE('',#1860,#1861);
#1860 = CARTESIAN_POINT('',(4.25742,6.4,0.51));
#1861 = VECTOR('',#1862,1.);
#1862 = DIRECTION('',(-1.,0.,0.));
#1863 = ORIENTED_EDGE('',*,*,#1864,.F.);
#1864 = EDGE_CURVE('',#731,#1857,#1865,.T.);
#1865 = LINE('',#1866,#1867);
#1866 = CARTESIAN_POINT('',(-3.673239841756,1.132427485118E-16,0.51));
#1867 = VECTOR('',#1868,1.);
#1868 = DIRECTION('',(0.,1.,-2.22044604925E-16));
#1869 = ORIENTED_EDGE('',*,*,#728,.F.);
#1870 = PLANE('',#1871);
#1871 = AXIS2_PLACEMENT_3D('',#1872,#1873,#1874);
#1872 = CARTESIAN_POINT('',(4.25742,1.132427485118E-16,0.51));
#1873 = DIRECTION('',(0.,2.22044604925E-16,1.));
#1874 = DIRECTION('',(-1.,0.,0.));
#1875 = ADVANCED_FACE('',(#1876),#1894,.T.);
#1876 = FACE_BOUND('',#1877,.T.);
#1877 = EDGE_LOOP('',(#1878,#1879,#1887,#1893));
#1878 = ORIENTED_EDGE('',*,*,#1864,.T.);
#1879 = ORIENTED_EDGE('',*,*,#1880,.T.);
#1880 = EDGE_CURVE('',#1857,#1881,#1883,.T.);
#1881 = VERTEX_POINT('',#1882);
#1882 = CARTESIAN_POINT('',(-4.6,6.4,1.3275));
#1883 = LINE('',#1884,#1885);
#1884 = CARTESIAN_POINT('',(-3.673239841756,6.4,0.51));
#1885 = VECTOR('',#1886,1.);
#1886 = DIRECTION('',(-0.74993000128,1.468863231911E-16,0.661517190389)
  );
#1887 = ORIENTED_EDGE('',*,*,#1888,.F.);
#1888 = EDGE_CURVE('',#781,#1881,#1889,.T.);
#1889 = LINE('',#1890,#1891);
#1890 = CARTESIAN_POINT('',(-4.6,2.94764213038E-16,1.3275));
#1891 = VECTOR('',#1892,1.);
#1892 = DIRECTION('',(0.,1.,-2.22044604925E-16));
#1893 = ORIENTED_EDGE('',*,*,#788,.F.);
#1894 = PLANE('',#1895);
#1895 = AXIS2_PLACEMENT_3D('',#1896,#1897,#1898);
#1896 = CARTESIAN_POINT('',(-3.673239841756,1.132427485118E-16,0.51));
#1897 = DIRECTION('',(0.661517190389,1.665179108556E-16,0.74993000128));
#1898 = DIRECTION('',(-0.74993000128,1.468863231911E-16,0.661517190389)
  );
#1899 = ADVANCED_FACE('',(#1900),#1918,.T.);
#1900 = FACE_BOUND('',#1901,.T.);
#1901 = EDGE_LOOP('',(#1902,#1903,#1911,#1917));
#1902 = ORIENTED_EDGE('',*,*,#1888,.T.);
#1903 = ORIENTED_EDGE('',*,*,#1904,.T.);
#1904 = EDGE_CURVE('',#1881,#1905,#1907,.T.);
#1905 = VERTEX_POINT('',#1906);
#1906 = CARTESIAN_POINT('',(-4.6,6.4,3.9725));
#1907 = LINE('',#1908,#1909);
#1908 = CARTESIAN_POINT('',(-4.6,6.4,1.3275));
#1909 = VECTOR('',#1910,1.);
#1910 = DIRECTION('',(0.,2.22044604925E-16,1.));
#1911 = ORIENTED_EDGE('',*,*,#1912,.F.);
#1912 = EDGE_CURVE('',#773,#1905,#1913,.T.);
#1913 = LINE('',#1914,#1915);
#1914 = CARTESIAN_POINT('',(-4.6,8.820721930647E-16,3.9725));
#1915 = VECTOR('',#1916,1.);
#1916 = DIRECTION('',(0.,1.,-2.22044604925E-16));
#1917 = ORIENTED_EDGE('',*,*,#780,.F.);
#1918 = PLANE('',#1919);
#1919 = AXIS2_PLACEMENT_3D('',#1920,#1921,#1922);
#1920 = CARTESIAN_POINT('',(-4.6,2.94764213038E-16,1.3275));
#1921 = DIRECTION('',(1.,0.,0.));
#1922 = DIRECTION('',(0.,2.22044604925E-16,1.));
#1923 = ADVANCED_FACE('',(#1924),#1942,.T.);
#1924 = FACE_BOUND('',#1925,.T.);
#1925 = EDGE_LOOP('',(#1926,#1927,#1935,#1941));
#1926 = ORIENTED_EDGE('',*,*,#1912,.T.);
#1927 = ORIENTED_EDGE('',*,*,#1928,.T.);
#1928 = EDGE_CURVE('',#1905,#1929,#1931,.T.);
#1929 = VERTEX_POINT('',#1930);
#1930 = CARTESIAN_POINT('',(-3.673239841756,6.4,4.79));
#1931 = LINE('',#1932,#1933);
#1932 = CARTESIAN_POINT('',(-4.6,6.4,3.9725));
#1933 = VECTOR('',#1934,1.);
#1934 = DIRECTION('',(0.74993000128,1.468863231911E-16,0.661517190389));
#1935 = ORIENTED_EDGE('',*,*,#1936,.F.);
#1936 = EDGE_CURVE('',#765,#1929,#1937,.T.);
#1937 = LINE('',#1938,#1939);
#1938 = CARTESIAN_POINT('',(-3.673239841756,1.063593657591E-15,4.79));
#1939 = VECTOR('',#1940,1.);
#1940 = DIRECTION('',(0.,1.,-2.22044604925E-16));
#1941 = ORIENTED_EDGE('',*,*,#772,.F.);
#1942 = PLANE('',#1943);
#1943 = AXIS2_PLACEMENT_3D('',#1944,#1945,#1946);
#1944 = CARTESIAN_POINT('',(-4.6,8.820721930647E-16,3.9725));
#1945 = DIRECTION('',(0.661517190389,-1.665179108556E-16,-0.74993000128)
  );
#1946 = DIRECTION('',(0.74993000128,1.468863231911E-16,0.661517190389));
#1947 = ADVANCED_FACE('',(#1948),#1966,.T.);
#1948 = FACE_BOUND('',#1949,.T.);
#1949 = EDGE_LOOP('',(#1950,#1951,#1959,#1965));
#1950 = ORIENTED_EDGE('',*,*,#1936,.T.);
#1951 = ORIENTED_EDGE('',*,*,#1952,.T.);
#1952 = EDGE_CURVE('',#1929,#1953,#1955,.T.);
#1953 = VERTEX_POINT('',#1954);
#1954 = CARTESIAN_POINT('',(4.2,6.4,4.79));
#1955 = LINE('',#1956,#1957);
#1956 = CARTESIAN_POINT('',(-3.673239841756,6.4,4.79));
#1957 = VECTOR('',#1958,1.);
#1958 = DIRECTION('',(1.,0.,0.));
#1959 = ORIENTED_EDGE('',*,*,#1960,.F.);
#1960 = EDGE_CURVE('',#756,#1953,#1961,.T.);
#1961 = LINE('',#1962,#1963);
#1962 = CARTESIAN_POINT('',(4.2,1.063593657591E-15,4.79));
#1963 = VECTOR('',#1964,1.);
#1964 = DIRECTION('',(0.,1.,-2.22044604925E-16));
#1965 = ORIENTED_EDGE('',*,*,#764,.F.);
#1966 = PLANE('',#1967);
#1967 = AXIS2_PLACEMENT_3D('',#1968,#1969,#1970);
#1968 = CARTESIAN_POINT('',(-3.673239841756,1.063593657591E-15,4.79));
#1969 = DIRECTION('',(0.,-2.22044604925E-16,-1.));
#1970 = DIRECTION('',(1.,0.,0.));
#1971 = ADVANCED_FACE('',(#1972),#1991,.F.);
#1972 = FACE_BOUND('',#1973,.F.);
#1973 = EDGE_LOOP('',(#1974,#1982,#1989,#1990));
#1974 = ORIENTED_EDGE('',*,*,#1975,.T.);
#1975 = EDGE_CURVE('',#748,#1976,#1978,.T.);
#1976 = VERTEX_POINT('',#1977);
#1977 = CARTESIAN_POINT('',(4.6,6.4,4.39));
#1978 = LINE('',#1979,#1980);
#1979 = CARTESIAN_POINT('',(4.6,9.747758156209E-16,4.39));
#1980 = VECTOR('',#1981,1.);
#1981 = DIRECTION('',(0.,1.,-2.22044604925E-16));
#1982 = ORIENTED_EDGE('',*,*,#1983,.T.);
#1983 = EDGE_CURVE('',#1976,#1953,#1984,.T.);
#1984 = CIRCLE('',#1985,0.4);
#1985 = AXIS2_PLACEMENT_3D('',#1986,#1987,#1988);
#1986 = CARTESIAN_POINT('',(4.2,6.4,4.39));
#1987 = DIRECTION('',(0.,-1.,2.22044604925E-16));
#1988 = DIRECTION('',(1.,0.,0.));
#1989 = ORIENTED_EDGE('',*,*,#1960,.F.);
#1990 = ORIENTED_EDGE('',*,*,#755,.F.);
#1991 = CYLINDRICAL_SURFACE('',#1992,0.4);
#1992 = AXIS2_PLACEMENT_3D('',#1993,#1994,#1995);
#1993 = CARTESIAN_POINT('',(4.2,9.747758156209E-16,4.39));
#1994 = DIRECTION('',(0.,-1.,2.22044604925E-16));
#1995 = DIRECTION('',(1.,0.,0.));
#1996 = ADVANCED_FACE('',(#1997),#2015,.T.);
#1997 = FACE_BOUND('',#1998,.T.);
#1998 = EDGE_LOOP('',(#1999,#2000,#2008,#2014));
#1999 = ORIENTED_EDGE('',*,*,#1975,.T.);
#2000 = ORIENTED_EDGE('',*,*,#2001,.T.);
#2001 = EDGE_CURVE('',#1976,#2002,#2004,.T.);
#2002 = VERTEX_POINT('',#2003);
#2003 = CARTESIAN_POINT('',(4.6,6.4,0.85258));
#2004 = LINE('',#2005,#2006);
#2005 = CARTESIAN_POINT('',(4.6,6.4,4.39));
#2006 = VECTOR('',#2007,1.);
#2007 = DIRECTION('',(0.,-2.22044604925E-16,-1.));
#2008 = ORIENTED_EDGE('',*,*,#2009,.F.);
#2009 = EDGE_CURVE('',#739,#2002,#2010,.T.);
#2010 = LINE('',#2011,#2012);
#2011 = CARTESIAN_POINT('',(4.6,1.89310789267E-16,0.85258));
#2012 = VECTOR('',#2013,1.);
#2013 = DIRECTION('',(0.,1.,-2.22044604925E-16));
#2014 = ORIENTED_EDGE('',*,*,#747,.F.);
#2015 = PLANE('',#2016);
#2016 = AXIS2_PLACEMENT_3D('',#2017,#2018,#2019);
#2017 = CARTESIAN_POINT('',(4.6,9.747758156209E-16,4.39));
#2018 = DIRECTION('',(-1.,0.,0.));
#2019 = DIRECTION('',(0.,-2.22044604925E-16,-1.));
#2020 = ADVANCED_FACE('',(#2021),#2033,.F.);
#2021 = FACE_BOUND('',#2022,.F.);
#2022 = EDGE_LOOP('',(#2023,#2024,#2031,#2032));
#2023 = ORIENTED_EDGE('',*,*,#1848,.T.);
#2024 = ORIENTED_EDGE('',*,*,#2025,.T.);
#2025 = EDGE_CURVE('',#1849,#2002,#2026,.T.);
#2026 = CIRCLE('',#2027,0.34258);
#2027 = AXIS2_PLACEMENT_3D('',#2028,#2029,#2030);
#2028 = CARTESIAN_POINT('',(4.25742,6.4,0.85258));
#2029 = DIRECTION('',(0.,-1.,2.22044604925E-16));
#2030 = DIRECTION('',(1.,0.,0.));
#2031 = ORIENTED_EDGE('',*,*,#2009,.F.);
#2032 = ORIENTED_EDGE('',*,*,#738,.F.);
#2033 = CYLINDRICAL_SURFACE('',#2034,0.34258);
#2034 = AXIS2_PLACEMENT_3D('',#2035,#2036,#2037);
#2035 = CARTESIAN_POINT('',(4.25742,1.89310789267E-16,0.85258));
#2036 = DIRECTION('',(0.,-1.,2.22044604925E-16));
#2037 = DIRECTION('',(1.,0.,0.));
#2038 = ADVANCED_FACE('',(#2039,#2068),#2079,.T.);
#2039 = FACE_BOUND('',#2040,.T.);
#2040 = EDGE_LOOP('',(#2041,#2042,#2051,#2059,#2066,#2067));
#2041 = ORIENTED_EDGE('',*,*,#1140,.T.);
#2042 = ORIENTED_EDGE('',*,*,#2043,.T.);
#2043 = EDGE_CURVE('',#1133,#2044,#2046,.T.);
#2044 = VERTEX_POINT('',#2045);
#2045 = CARTESIAN_POINT('',(-6.649999999972,3.395931706329,3.8));
#2046 = CIRCLE('',#2047,0.597233293671);
#2047 = AXIS2_PLACEMENT_3D('',#2048,#2049,#2050);
#2048 = CARTESIAN_POINT('',(-6.052766706301,3.395931706329,3.8));
#2049 = DIRECTION('',(0.,0.,1.));
#2050 = DIRECTION('',(1.,0.,0.));
#2051 = ORIENTED_EDGE('',*,*,#2052,.T.);
#2052 = EDGE_CURVE('',#2044,#2053,#2055,.T.);
#2053 = VERTEX_POINT('',#2054);
#2054 = CARTESIAN_POINT('',(-6.649999999986,2.505235,3.8));
#2055 = LINE('',#2056,#2057);
#2056 = CARTESIAN_POINT('',(-6.649999999972,3.395931706329,3.8));
#2057 = VECTOR('',#2058,1.);
#2058 = DIRECTION('',(0.,-1.,0.));
#2059 = ORIENTED_EDGE('',*,*,#2060,.T.);
#2060 = EDGE_CURVE('',#2053,#907,#2061,.T.);
#2061 = CIRCLE('',#2062,0.597233293671);
#2062 = AXIS2_PLACEMENT_3D('',#2063,#2064,#2065);
#2063 = CARTESIAN_POINT('',(-6.052766706329,2.505235,3.8));
#2064 = DIRECTION('',(0.,0.,1.));
#2065 = DIRECTION('',(1.,0.,0.));
#2066 = ORIENTED_EDGE('',*,*,#906,.T.);
#2067 = ORIENTED_EDGE('',*,*,#826,.T.);
#2068 = FACE_BOUND('',#2069,.F.);
#2069 = EDGE_LOOP('',(#2070));
#2070 = ORIENTED_EDGE('',*,*,#2071,.T.);
#2071 = EDGE_CURVE('',#2072,#2072,#2074,.T.);
#2072 = VERTEX_POINT('',#2073);
#2073 = CARTESIAN_POINT('',(-5.06215,2.9,3.8));
#2074 = CIRCLE('',#2075,0.43785);
#2075 = AXIS2_PLACEMENT_3D('',#2076,#2077,#2078);
#2076 = CARTESIAN_POINT('',(-5.5,2.9,3.8));
#2077 = DIRECTION('',(0.,0.,1.));
#2078 = DIRECTION('',(1.,0.,0.));
#2079 = PLANE('',#2080);
#2080 = AXIS2_PLACEMENT_3D('',#2081,#2082,#2083);
#2081 = CARTESIAN_POINT('',(6.71277199126E-02,2.937757401786,3.8));
#2082 = DIRECTION('',(0.,0.,1.));
#2083 = DIRECTION('',(1.,0.,0.));
#2084 = ADVANCED_FACE('',(#2085,#2114),#2125,.T.);
#2085 = FACE_BOUND('',#2086,.F.);
#2086 = EDGE_LOOP('',(#2087,#2088,#2089,#2090,#2099,#2107));
#2087 = ORIENTED_EDGE('',*,*,#954,.T.);
#2088 = ORIENTED_EDGE('',*,*,#859,.T.);
#2089 = ORIENTED_EDGE('',*,*,#1160,.T.);
#2090 = ORIENTED_EDGE('',*,*,#2091,.F.);
#2091 = EDGE_CURVE('',#2092,#1161,#2094,.T.);
#2092 = VERTEX_POINT('',#2093);
#2093 = CARTESIAN_POINT('',(6.649999999986,3.395931706329,3.8));
#2094 = CIRCLE('',#2095,0.597233293671);
#2095 = AXIS2_PLACEMENT_3D('',#2096,#2097,#2098);
#2096 = CARTESIAN_POINT('',(6.052766706301,3.395931706329,3.8));
#2097 = DIRECTION('',(0.,0.,1.));
#2098 = DIRECTION('',(1.,0.,0.));
#2099 = ORIENTED_EDGE('',*,*,#2100,.T.);
#2100 = EDGE_CURVE('',#2092,#2101,#2103,.T.);
#2101 = VERTEX_POINT('',#2102);
#2102 = CARTESIAN_POINT('',(6.65,2.505235,3.8));
#2103 = LINE('',#2104,#2105);
#2104 = CARTESIAN_POINT('',(6.65,3.395931706329,3.8));
#2105 = VECTOR('',#2106,1.);
#2106 = DIRECTION('',(0.,-1.,0.));
#2107 = ORIENTED_EDGE('',*,*,#2108,.F.);
#2108 = EDGE_CURVE('',#947,#2101,#2109,.T.);
#2109 = CIRCLE('',#2110,0.597233293671);
#2110 = AXIS2_PLACEMENT_3D('',#2111,#2112,#2113);
#2111 = CARTESIAN_POINT('',(6.052766706329,2.505235,3.8));
#2112 = DIRECTION('',(0.,0.,1.));
#2113 = DIRECTION('',(1.,0.,0.));
#2114 = FACE_BOUND('',#2115,.F.);
#2115 = EDGE_LOOP('',(#2116));
#2116 = ORIENTED_EDGE('',*,*,#2117,.T.);
#2117 = EDGE_CURVE('',#2118,#2118,#2120,.T.);
#2118 = VERTEX_POINT('',#2119);
#2119 = CARTESIAN_POINT('',(5.982133,2.9,3.8));
#2120 = CIRCLE('',#2121,0.482133);
#2121 = AXIS2_PLACEMENT_3D('',#2122,#2123,#2124);
#2122 = CARTESIAN_POINT('',(5.5,2.9,3.8));
#2123 = DIRECTION('',(0.,0.,1.));
#2124 = DIRECTION('',(1.,0.,0.));
#2125 = PLANE('',#2126);
#2126 = AXIS2_PLACEMENT_3D('',#2127,#2128,#2129);
#2127 = CARTESIAN_POINT('',(6.71277199126E-02,2.937757401786,3.8));
#2128 = DIRECTION('',(0.,0.,1.));
#2129 = DIRECTION('',(1.,0.,0.));
#2130 = ADVANCED_FACE('',(#2131),#2150,.T.);
#2131 = FACE_BOUND('',#2132,.F.);
#2132 = EDGE_LOOP('',(#2133,#2141,#2142,#2143));
#2133 = ORIENTED_EDGE('',*,*,#2134,.T.);
#2134 = EDGE_CURVE('',#2135,#2053,#2137,.T.);
#2135 = VERTEX_POINT('',#2136);
#2136 = CARTESIAN_POINT('',(-6.649999999986,2.505235,0.));
#2137 = LINE('',#2138,#2139);
#2138 = CARTESIAN_POINT('',(-6.649999999986,2.505235,0.));
#2139 = VECTOR('',#2140,1.);
#2140 = DIRECTION('',(0.,0.,1.));
#2141 = ORIENTED_EDGE('',*,*,#2060,.T.);
#2142 = ORIENTED_EDGE('',*,*,#914,.F.);
#2143 = ORIENTED_EDGE('',*,*,#2144,.F.);
#2144 = EDGE_CURVE('',#2135,#915,#2145,.T.);
#2145 = CIRCLE('',#2146,0.597233293671);
#2146 = AXIS2_PLACEMENT_3D('',#2147,#2148,#2149);
#2147 = CARTESIAN_POINT('',(-6.052766706329,2.505235,0.));
#2148 = DIRECTION('',(0.,0.,1.));
#2149 = DIRECTION('',(1.,0.,0.));
#2150 = CYLINDRICAL_SURFACE('',#2151,0.597233293671);
#2151 = AXIS2_PLACEMENT_3D('',#2152,#2153,#2154);
#2152 = CARTESIAN_POINT('',(-6.052766706329,2.505235,0.));
#2153 = DIRECTION('',(-0.,-0.,-1.));
#2154 = DIRECTION('',(1.,0.,0.));
#2155 = ADVANCED_FACE('',(#2156,#2179),#2190,.T.);
#2156 = FACE_BOUND('',#2157,.T.);
#2157 = EDGE_LOOP('',(#2158,#2159,#2160,#2161,#2169,#2176,#2177,#2178));
#2158 = ORIENTED_EDGE('',*,*,#976,.T.);
#2159 = ORIENTED_EDGE('',*,*,#922,.F.);
#2160 = ORIENTED_EDGE('',*,*,#2144,.F.);
#2161 = ORIENTED_EDGE('',*,*,#2162,.F.);
#2162 = EDGE_CURVE('',#2163,#2135,#2165,.T.);
#2163 = VERTEX_POINT('',#2164);
#2164 = CARTESIAN_POINT('',(-6.649999999972,3.395931706329,0.));
#2165 = LINE('',#2166,#2167);
#2166 = CARTESIAN_POINT('',(-6.649999999972,3.395931706329,0.));
#2167 = VECTOR('',#2168,1.);
#2168 = DIRECTION('',(0.,-1.,0.));
#2169 = ORIENTED_EDGE('',*,*,#2170,.F.);
#2170 = EDGE_CURVE('',#1125,#2163,#2171,.T.);
#2171 = CIRCLE('',#2172,0.597233293671);
#2172 = AXIS2_PLACEMENT_3D('',#2173,#2174,#2175);
#2173 = CARTESIAN_POINT('',(-6.052766706301,3.395931706329,0.));
#2174 = DIRECTION('',(0.,0.,1.));
#2175 = DIRECTION('',(1.,0.,0.));
#2176 = ORIENTED_EDGE('',*,*,#1124,.T.);
#2177 = ORIENTED_EDGE('',*,*,#1074,.T.);
#2178 = ORIENTED_EDGE('',*,*,#1026,.F.);
#2179 = FACE_BOUND('',#2180,.T.);
#2180 = EDGE_LOOP('',(#2181));
#2181 = ORIENTED_EDGE('',*,*,#2182,.T.);
#2182 = EDGE_CURVE('',#2183,#2183,#2185,.T.);
#2183 = VERTEX_POINT('',#2184);
#2184 = CARTESIAN_POINT('',(-5.06215,2.9,0.));
#2185 = CIRCLE('',#2186,0.43785);
#2186 = AXIS2_PLACEMENT_3D('',#2187,#2188,#2189);
#2187 = CARTESIAN_POINT('',(-5.5,2.9,0.));
#2188 = DIRECTION('',(0.,0.,1.));
#2189 = DIRECTION('',(1.,0.,0.));
#2190 = PLANE('',#2191);
#2191 = AXIS2_PLACEMENT_3D('',#2192,#2193,#2194);
#2192 = CARTESIAN_POINT('',(-5.444130153182,2.950583353161,0.));
#2193 = DIRECTION('',(-0.,-0.,-1.));
#2194 = DIRECTION('',(-1.,0.,0.));
#2195 = ADVANCED_FACE('',(#2196,#2227),#2238,.T.);
#2196 = FACE_BOUND('',#2197,.T.);
#2197 = EDGE_LOOP('',(#2198,#2199,#2200,#2201,#2202,#2211,#2219,#2226));
#2198 = ORIENTED_EDGE('',*,*,#1001,.T.);
#2199 = ORIENTED_EDGE('',*,*,#1050,.T.);
#2200 = ORIENTED_EDGE('',*,*,#1099,.T.);
#2201 = ORIENTED_EDGE('',*,*,#1176,.T.);
#2202 = ORIENTED_EDGE('',*,*,#2203,.F.);
#2203 = EDGE_CURVE('',#2204,#1169,#2206,.T.);
#2204 = VERTEX_POINT('',#2205);
#2205 = CARTESIAN_POINT('',(6.649999999986,3.395931706329,0.));
#2206 = CIRCLE('',#2207,0.597233293671);
#2207 = AXIS2_PLACEMENT_3D('',#2208,#2209,#2210);
#2208 = CARTESIAN_POINT('',(6.052766706301,3.395931706329,0.));
#2209 = DIRECTION('',(0.,0.,1.));
#2210 = DIRECTION('',(1.,0.,0.));
#2211 = ORIENTED_EDGE('',*,*,#2212,.T.);
#2212 = EDGE_CURVE('',#2204,#2213,#2215,.T.);
#2213 = VERTEX_POINT('',#2214);
#2214 = CARTESIAN_POINT('',(6.65,2.505235,0.));
#2215 = LINE('',#2216,#2217);
#2216 = CARTESIAN_POINT('',(6.65,3.395931706329,0.));
#2217 = VECTOR('',#2218,1.);
#2218 = DIRECTION('',(0.,-1.,0.));
#2219 = ORIENTED_EDGE('',*,*,#2220,.F.);
#2220 = EDGE_CURVE('',#937,#2213,#2221,.T.);
#2221 = CIRCLE('',#2222,0.597233293671);
#2222 = AXIS2_PLACEMENT_3D('',#2223,#2224,#2225);
#2223 = CARTESIAN_POINT('',(6.052766706329,2.505235,0.));
#2224 = DIRECTION('',(0.,0.,1.));
#2225 = DIRECTION('',(1.,0.,0.));
#2226 = ORIENTED_EDGE('',*,*,#936,.T.);
#2227 = FACE_BOUND('',#2228,.T.);
#2228 = EDGE_LOOP('',(#2229));
#2229 = ORIENTED_EDGE('',*,*,#2230,.T.);
#2230 = EDGE_CURVE('',#2231,#2231,#2233,.T.);
#2231 = VERTEX_POINT('',#2232);
#2232 = CARTESIAN_POINT('',(5.982133,2.9,0.));
#2233 = CIRCLE('',#2234,0.482133);
#2234 = AXIS2_PLACEMENT_3D('',#2235,#2236,#2237);
#2235 = CARTESIAN_POINT('',(5.5,2.9,0.));
#2236 = DIRECTION('',(0.,0.,1.));
#2237 = DIRECTION('',(1.,0.,0.));
#2238 = PLANE('',#2239);
#2239 = AXIS2_PLACEMENT_3D('',#2240,#2241,#2242);
#2240 = CARTESIAN_POINT('',(5.444130153185,2.950583353161,0.));
#2241 = DIRECTION('',(-0.,-0.,-1.));
#2242 = DIRECTION('',(-1.,0.,0.));
#2243 = ADVANCED_FACE('',(#2244),#2255,.T.);
#2244 = FACE_BOUND('',#2245,.F.);
#2245 = EDGE_LOOP('',(#2246,#2247,#2248,#2254));
#2246 = ORIENTED_EDGE('',*,*,#946,.T.);
#2247 = ORIENTED_EDGE('',*,*,#2108,.T.);
#2248 = ORIENTED_EDGE('',*,*,#2249,.F.);
#2249 = EDGE_CURVE('',#2213,#2101,#2250,.T.);
#2250 = LINE('',#2251,#2252);
#2251 = CARTESIAN_POINT('',(6.65,2.505235,0.));
#2252 = VECTOR('',#2253,1.);
#2253 = DIRECTION('',(0.,0.,1.));
#2254 = ORIENTED_EDGE('',*,*,#2220,.F.);
#2255 = CYLINDRICAL_SURFACE('',#2256,0.597233293671);
#2256 = AXIS2_PLACEMENT_3D('',#2257,#2258,#2259);
#2257 = CARTESIAN_POINT('',(6.052766706329,2.505235,0.));
#2258 = DIRECTION('',(-0.,-0.,-1.));
#2259 = DIRECTION('',(1.,0.,0.));
#2260 = ADVANCED_FACE('',(#2261),#2272,.T.);
#2261 = FACE_BOUND('',#2262,.F.);
#2262 = EDGE_LOOP('',(#2263,#2264,#2265,#2271));
#2263 = ORIENTED_EDGE('',*,*,#1132,.T.);
#2264 = ORIENTED_EDGE('',*,*,#2043,.T.);
#2265 = ORIENTED_EDGE('',*,*,#2266,.F.);
#2266 = EDGE_CURVE('',#2163,#2044,#2267,.T.);
#2267 = LINE('',#2268,#2269);
#2268 = CARTESIAN_POINT('',(-6.649999999972,3.395931706329,0.));
#2269 = VECTOR('',#2270,1.);
#2270 = DIRECTION('',(0.,0.,1.));
#2271 = ORIENTED_EDGE('',*,*,#2170,.F.);
#2272 = CYLINDRICAL_SURFACE('',#2273,0.597233293671);
#2273 = AXIS2_PLACEMENT_3D('',#2274,#2275,#2276);
#2274 = CARTESIAN_POINT('',(-6.052766706301,3.395931706329,0.));
#2275 = DIRECTION('',(-0.,-0.,-1.));
#2276 = DIRECTION('',(1.,0.,0.));
#2277 = ADVANCED_FACE('',(#2278),#2289,.T.);
#2278 = FACE_BOUND('',#2279,.F.);
#2279 = EDGE_LOOP('',(#2280,#2286,#2287,#2288));
#2280 = ORIENTED_EDGE('',*,*,#2281,.T.);
#2281 = EDGE_CURVE('',#2204,#2092,#2282,.T.);
#2282 = LINE('',#2283,#2284);
#2283 = CARTESIAN_POINT('',(6.649999999986,3.395931706329,0.));
#2284 = VECTOR('',#2285,1.);
#2285 = DIRECTION('',(0.,0.,1.));
#2286 = ORIENTED_EDGE('',*,*,#2091,.T.);
#2287 = ORIENTED_EDGE('',*,*,#1168,.F.);
#2288 = ORIENTED_EDGE('',*,*,#2203,.F.);
#2289 = CYLINDRICAL_SURFACE('',#2290,0.597233293671);
#2290 = AXIS2_PLACEMENT_3D('',#2291,#2292,#2293);
#2291 = CARTESIAN_POINT('',(6.052766706301,3.395931706329,0.));
#2292 = DIRECTION('',(-0.,-0.,-1.));
#2293 = DIRECTION('',(1.,0.,0.));
#2294 = ADVANCED_FACE('',(#2295),#2324,.T.);
#2295 = FACE_BOUND('',#2296,.T.);
#2296 = EDGE_LOOP('',(#2297,#2306,#2307,#2308,#2309,#2318));
#2297 = ORIENTED_EDGE('',*,*,#2298,.F.);
#2298 = EDGE_CURVE('',#1730,#2299,#2301,.T.);
#2299 = VERTEX_POINT('',#2300);
#2300 = CARTESIAN_POINT('',(3.926971847761,8.482251658122,5.2));
#2301 = CIRCLE('',#2302,0.722888411063);
#2302 = AXIS2_PLACEMENT_3D('',#2303,#2304,#2305);
#2303 = CARTESIAN_POINT('',(3.926971847761,7.759363247059,5.2));
#2304 = DIRECTION('',(0.,0.,1.));
#2305 = DIRECTION('',(1.,0.,0.));
#2306 = ORIENTED_EDGE('',*,*,#1729,.T.);
#2307 = ORIENTED_EDGE('',*,*,#1201,.T.);
#2308 = ORIENTED_EDGE('',*,*,#1710,.F.);
#2309 = ORIENTED_EDGE('',*,*,#2310,.F.);
#2310 = EDGE_CURVE('',#2311,#1684,#2313,.T.);
#2311 = VERTEX_POINT('',#2312);
#2312 = CARTESIAN_POINT('',(-3.926971847761,8.482251658122,5.2));
#2313 = CIRCLE('',#2314,0.722888411063);
#2314 = AXIS2_PLACEMENT_3D('',#2315,#2316,#2317);
#2315 = CARTESIAN_POINT('',(-3.926971847761,7.759363247059,5.2));
#2316 = DIRECTION('',(0.,0.,1.));
#2317 = DIRECTION('',(1.,0.,0.));
#2318 = ORIENTED_EDGE('',*,*,#2319,.F.);
#2319 = EDGE_CURVE('',#2299,#2311,#2320,.T.);
#2320 = LINE('',#2321,#2322);
#2321 = CARTESIAN_POINT('',(3.926971847761,8.482251658122,5.2));
#2322 = VECTOR('',#2323,1.);
#2323 = DIRECTION('',(-1.,0.,0.));
#2324 = PLANE('',#2325);
#2325 = AXIS2_PLACEMENT_3D('',#2326,#2327,#2328);
#2326 = CARTESIAN_POINT('',(4.15,1.15463194561E-15,5.2));
#2327 = DIRECTION('',(0.,2.22044604925E-16,1.));
#2328 = DIRECTION('',(-1.,0.,0.));
#2329 = ADVANCED_FACE('',(#2330),#2349,.F.);
#2330 = FACE_BOUND('',#2331,.F.);
#2331 = EDGE_LOOP('',(#2332,#2341,#2347,#2348));
#2332 = ORIENTED_EDGE('',*,*,#2333,.F.);
#2333 = EDGE_CURVE('',#2334,#2334,#2336,.T.);
#2334 = VERTEX_POINT('',#2335);
#2335 = CARTESIAN_POINT('',(-1.25,6.4,2.65));
#2336 = CIRCLE('',#2337,1.25);
#2337 = AXIS2_PLACEMENT_3D('',#2338,#2339,#2340);
#2338 = CARTESIAN_POINT('',(-2.5,6.4,2.65));
#2339 = DIRECTION('',(0.,-1.,2.22044604925E-16));
#2340 = DIRECTION('',(1.,0.,0.));
#2341 = ORIENTED_EDGE('',*,*,#2342,.T.);
#2342 = EDGE_CURVE('',#2334,#1220,#2343,.T.);
#2343 = LINE('',#2344,#2345);
#2344 = CARTESIAN_POINT('',(-1.25,5.884182030513E-16,2.65));
#2345 = VECTOR('',#2346,1.);
#2346 = DIRECTION('',(0.,1.,-2.22044604925E-16));
#2347 = ORIENTED_EDGE('',*,*,#1219,.T.);
#2348 = ORIENTED_EDGE('',*,*,#2342,.F.);
#2349 = CYLINDRICAL_SURFACE('',#2350,1.25);
#2350 = AXIS2_PLACEMENT_3D('',#2351,#2352,#2353);
#2351 = CARTESIAN_POINT('',(-2.5,5.884182030513E-16,2.65));
#2352 = DIRECTION('',(0.,-1.,2.22044604925E-16));
#2353 = DIRECTION('',(1.,0.,0.));
#2354 = ADVANCED_FACE('',(#2355),#2374,.F.);
#2355 = FACE_BOUND('',#2356,.F.);
#2356 = EDGE_LOOP('',(#2357,#2366,#2372,#2373));
#2357 = ORIENTED_EDGE('',*,*,#2358,.F.);
#2358 = EDGE_CURVE('',#2359,#2359,#2361,.T.);
#2359 = VERTEX_POINT('',#2360);
#2360 = CARTESIAN_POINT('',(3.75,6.4,2.65));
#2361 = CIRCLE('',#2362,1.25);
#2362 = AXIS2_PLACEMENT_3D('',#2363,#2364,#2365);
#2363 = CARTESIAN_POINT('',(2.5,6.4,2.65));
#2364 = DIRECTION('',(0.,-1.,2.22044604925E-16));
#2365 = DIRECTION('',(1.,0.,0.));
#2366 = ORIENTED_EDGE('',*,*,#2367,.T.);
#2367 = EDGE_CURVE('',#2359,#1231,#2368,.T.);
#2368 = LINE('',#2369,#2370);
#2369 = CARTESIAN_POINT('',(3.75,5.884182030513E-16,2.65));
#2370 = VECTOR('',#2371,1.);
#2371 = DIRECTION('',(0.,1.,-2.22044604925E-16));
#2372 = ORIENTED_EDGE('',*,*,#1230,.T.);
#2373 = ORIENTED_EDGE('',*,*,#2367,.F.);
#2374 = CYLINDRICAL_SURFACE('',#2375,1.25);
#2375 = AXIS2_PLACEMENT_3D('',#2376,#2377,#2378);
#2376 = CARTESIAN_POINT('',(2.5,5.884182030513E-16,2.65));
#2377 = DIRECTION('',(0.,-1.,2.22044604925E-16));
#2378 = DIRECTION('',(1.,0.,0.));
#2379 = ADVANCED_FACE('',(#2380,#2398,#2537,#2603,#2967,#3073,#3241,
    #3369,#3512),#3546,.F.);
#2380 = FACE_BOUND('',#2381,.F.);
#2381 = EDGE_LOOP('',(#2382,#2383,#2384,#2385,#2386,#2387,#2388,#2389,
    #2390,#2391,#2392,#2393,#2394,#2395,#2396,#2397));
#2382 = ORIENTED_EDGE('',*,*,#1625,.F.);
#2383 = ORIENTED_EDGE('',*,*,#1598,.F.);
#2384 = ORIENTED_EDGE('',*,*,#1581,.T.);
#2385 = ORIENTED_EDGE('',*,*,#1549,.F.);
#2386 = ORIENTED_EDGE('',*,*,#1532,.T.);
#2387 = ORIENTED_EDGE('',*,*,#1507,.T.);
#2388 = ORIENTED_EDGE('',*,*,#1483,.T.);
#2389 = ORIENTED_EDGE('',*,*,#1451,.F.);
#2390 = ORIENTED_EDGE('',*,*,#1427,.T.);
#2391 = ORIENTED_EDGE('',*,*,#1402,.F.);
#2392 = ORIENTED_EDGE('',*,*,#1378,.F.);
#2393 = ORIENTED_EDGE('',*,*,#1360,.T.);
#2394 = ORIENTED_EDGE('',*,*,#1329,.F.);
#2395 = ORIENTED_EDGE('',*,*,#1304,.F.);
#2396 = ORIENTED_EDGE('',*,*,#1280,.F.);
#2397 = ORIENTED_EDGE('',*,*,#1255,.F.);
#2398 = FACE_BOUND('',#2399,.F.);
#2399 = EDGE_LOOP('',(#2400,#2410,#2418,#2426,#2436,#2446,#2454,#2462,
    #2470,#2478,#2486,#2494,#2504,#2515,#2523,#2531));
#2400 = ORIENTED_EDGE('',*,*,#2401,.F.);
#2401 = EDGE_CURVE('',#2402,#2404,#2406,.T.);
#2402 = VERTEX_POINT('',#2403);
#2403 = CARTESIAN_POINT('',(-3.4999999,8.02,0.4));
#2404 = VERTEX_POINT('',#2405);
#2405 = CARTESIAN_POINT('',(-3.113689943605,7.498833575581,0.4));
#2406 = LINE('',#2407,#2408);
#2407 = CARTESIAN_POINT('',(-2.692467561193,6.930567189245,0.4));
#2408 = VECTOR('',#2409,1.);
#2409 = DIRECTION('',(0.595487056727,-0.803364901692,0.));
#2410 = ORIENTED_EDGE('',*,*,#2411,.F.);
#2411 = EDGE_CURVE('',#2412,#2402,#2414,.T.);
#2412 = VERTEX_POINT('',#2413);
#2413 = CARTESIAN_POINT('',(-3.34125171686,8.02,0.4));
#2414 = LINE('',#2415,#2416);
#2415 = CARTESIAN_POINT('',(-1.67062585843,8.02,0.4));
#2416 = VECTOR('',#2417,1.);
#2417 = DIRECTION('',(-1.,-2.E-16,0.));
#2418 = ORIENTED_EDGE('',*,*,#2419,.F.);
#2419 = EDGE_CURVE('',#2420,#2412,#2422,.T.);
#2420 = VERTEX_POINT('',#2421);
#2421 = CARTESIAN_POINT('',(-3.090524972674,7.671844113372,0.4));
#2422 = LINE('',#2423,#2424);
#2423 = CARTESIAN_POINT('',(-2.460012028778,6.79632206356,0.4));
#2424 = VECTOR('',#2425,1.);
#2425 = DIRECTION('',(-0.584388390386,0.811474096433,0.));
#2426 = ORIENTED_EDGE('',*,*,#2427,.T.);
#2427 = EDGE_CURVE('',#2420,#2428,#2430,.T.);
#2428 = VERTEX_POINT('',#2429);
#2429 = CARTESIAN_POINT('',(-3.042832385465,7.596898619186,0.4));
#2430 = B_SPLINE_CURVE_WITH_KNOTS('',4,(#2431,#2432,#2433,#2434,#2435),
  .UNSPECIFIED.,.F.,.F.,(5,5),(0.,1.),.PIECEWISE_BEZIER_KNOTS.);
#2431 = CARTESIAN_POINT('',(-3.090524972674,7.671844113372,0.4));
#2432 = CARTESIAN_POINT('',(-3.083350046026,7.66159421816,0.4));
#2433 = CARTESIAN_POINT('',(-3.072986070147,7.645646283361,0.4));
#2434 = CARTESIAN_POINT('',(-3.059459403055,7.624044770354,0.4));
#2435 = CARTESIAN_POINT('',(-3.042832385465,7.596898619186,0.4));
#2436 = ORIENTED_EDGE('',*,*,#2437,.T.);
#2437 = EDGE_CURVE('',#2428,#2438,#2440,.T.);
#2438 = VERTEX_POINT('',#2439);
#2439 = CARTESIAN_POINT('',(-2.999227734302,7.663668241279,0.4));
#2440 = B_SPLINE_CURVE_WITH_KNOTS('',4,(#2441,#2442,#2443,#2444,#2445),
  .UNSPECIFIED.,.F.,.F.,(5,5),(0.,1.),.PIECEWISE_BEZIER_KNOTS.);
#2441 = CARTESIAN_POINT('',(-3.042832385465,7.596898619186,0.4));
#2442 = CARTESIAN_POINT('',(-3.031595405186,7.614945890543,0.4));
#2443 = CARTESIAN_POINT('',(-3.020581954795,7.632090946078,0.4));
#2444 = CARTESIAN_POINT('',(-3.009792570196,7.648332189176,0.4));
#2445 = CARTESIAN_POINT('',(-2.999227734302,7.663668241279,0.4));
#2446 = ORIENTED_EDGE('',*,*,#2447,.F.);
#2447 = EDGE_CURVE('',#2448,#2438,#2450,.T.);
#2448 = VERTEX_POINT('',#2449);
#2449 = CARTESIAN_POINT('',(-2.747819667442,8.02,0.4));
#2450 = LINE('',#2451,#2452);
#2451 = CARTESIAN_POINT('',(-2.475305193339,8.406246802048,0.4));
#2452 = VECTOR('',#2453,1.);
#2453 = DIRECTION('',(-0.576499167389,-0.817097735892,0.));
#2454 = ORIENTED_EDGE('',*,*,#2455,.F.);
#2455 = EDGE_CURVE('',#2456,#2448,#2458,.T.);
#2456 = VERTEX_POINT('',#2457);
#2457 = CARTESIAN_POINT('',(-2.584302225581,8.02,0.4));
#2458 = LINE('',#2459,#2460);
#2459 = CARTESIAN_POINT('',(-1.292151112791,8.02,0.4));
#2460 = VECTOR('',#2461,1.);
#2461 = DIRECTION('',(-1.,-2.E-16,0.));
#2462 = ORIENTED_EDGE('',*,*,#2463,.F.);
#2463 = EDGE_CURVE('',#2464,#2456,#2466,.T.);
#2464 = VERTEX_POINT('',#2465);
#2465 = CARTESIAN_POINT('',(-2.962436309884,7.491339026163,0.4));
#2466 = LINE('',#2467,#2468);
#2467 = CARTESIAN_POINT('',(-2.520974804478,8.108536679187,0.4));
#2468 = VECTOR('',#2469,1.);
#2469 = DIRECTION('',(0.581766907056,0.813355559306,-0.));
#2470 = ORIENTED_EDGE('',*,*,#2471,.F.);
#2471 = EDGE_CURVE('',#2472,#2464,#2474,.T.);
#2472 = VERTEX_POINT('',#2473);
#2473 = CARTESIAN_POINT('',(-2.611555132558,7.02,0.4));
#2474 = LINE('',#2475,#2476);
#2475 = CARTESIAN_POINT('',(-2.19823492528,6.464786564282,0.4));
#2476 = VECTOR('',#2477,1.);
#2477 = DIRECTION('',(-0.597139181737,0.802137642574,0.));
#2478 = ORIENTED_EDGE('',*,*,#2479,.F.);
#2479 = EDGE_CURVE('',#2480,#2472,#2482,.T.);
#2480 = VERTEX_POINT('',#2481);
#2481 = CARTESIAN_POINT('',(-2.75531421686,7.02,0.4));
#2482 = LINE('',#2483,#2484);
#2483 = CARTESIAN_POINT('',(-1.37765710843,7.02,0.4));
#2484 = VECTOR('',#2485,1.);
#2485 = DIRECTION('',(1.,2.E-16,-0.));
#2486 = ORIENTED_EDGE('',*,*,#2487,.F.);
#2487 = EDGE_CURVE('',#2488,#2480,#2490,.T.);
#2488 = VERTEX_POINT('',#2489);
#2489 = CARTESIAN_POINT('',(-2.956304405814,7.285034520349,0.4));
#2490 = LINE('',#2491,#2492);
#2491 = CARTESIAN_POINT('',(-2.405356512499,6.558530349164,0.4));
#2492 = VECTOR('',#2493,1.);
#2493 = DIRECTION('',(0.604251979837,-0.796793288666,0.));
#2494 = ORIENTED_EDGE('',*,*,#2495,.T.);
#2495 = EDGE_CURVE('',#2488,#2496,#2498,.T.);
#2496 = VERTEX_POINT('',#2497);
#2497 = CARTESIAN_POINT('',(-3.035337836047,7.398815406977,0.4));
#2498 = B_SPLINE_CURVE_WITH_KNOTS('',4,(#2499,#2500,#2501,#2502,#2503),
  .UNSPECIFIED.,.F.,.F.,(5,5),(0.,1.),.PIECEWISE_BEZIER_KNOTS.);
#2499 = CARTESIAN_POINT('',(-2.956304405814,7.285034520349,0.4));
#2500 = CARTESIAN_POINT('',(-2.979093639134,7.314626509884,0.4));
#2501 = CARTESIAN_POINT('',(-2.999870186464,7.343458530514,0.4));
#2502 = CARTESIAN_POINT('',(-3.018621570232,7.371523544422,0.4));
#2503 = CARTESIAN_POINT('',(-3.035337836047,7.398815406977,0.4));
#2504 = ORIENTED_EDGE('',*,*,#2505,.T.);
#2505 = EDGE_CURVE('',#2496,#2506,#2508,.T.);
#2506 = VERTEX_POINT('',#2507);
#2507 = CARTESIAN_POINT('',(-3.115733911628,7.276177325581,0.4));
#2508 = B_SPLINE_CURVE_WITH_KNOTS('',5,(#2509,#2510,#2511,#2512,#2513,
    #2514),.UNSPECIFIED.,.F.,.F.,(6,6),(0.,1.),
  .PIECEWISE_BEZIER_KNOTS.);
#2509 = CARTESIAN_POINT('',(-3.035337836047,7.398815406977,0.4));
#2510 = CARTESIAN_POINT('',(-3.044935918495,7.38153885857,0.4));
#2511 = CARTESIAN_POINT('',(-3.057822782915,7.360577644703,0.4));
#2512 = CARTESIAN_POINT('',(-3.073959745911,7.335980397101,0.4));
#2513 = CARTESIAN_POINT('',(-3.093288055598,7.307817869624,0.4));
#2514 = CARTESIAN_POINT('',(-3.115733911628,7.276177325581,0.4));
#2515 = ORIENTED_EDGE('',*,*,#2516,.F.);
#2516 = EDGE_CURVE('',#2517,#2506,#2519,.T.);
#2517 = VERTEX_POINT('',#2518);
#2518 = CARTESIAN_POINT('',(-3.296965743023,7.02,0.4));
#2519 = LINE('',#2520,#2521);
#2520 = CARTESIAN_POINT('',(-2.695651045862,7.869978669671,0.4));
#2521 = VECTOR('',#2522,1.);
#2522 = DIRECTION('',(0.577535312124,0.816365704356,-0.));
#2523 = ORIENTED_EDGE('',*,*,#2524,.F.);
#2524 = EDGE_CURVE('',#2525,#2517,#2527,.T.);
#2525 = VERTEX_POINT('',#2526);
#2526 = CARTESIAN_POINT('',(-3.454351280814,7.02,0.4));
#2527 = LINE('',#2528,#2529);
#2528 = CARTESIAN_POINT('',(-1.727175640407,7.02,0.4));
#2529 = VECTOR('',#2530,1.);
#2530 = DIRECTION('',(1.,2.E-16,-0.));
#2531 = ORIENTED_EDGE('',*,*,#2532,.F.);
#2532 = EDGE_CURVE('',#2404,#2525,#2533,.T.);
#2533 = LINE('',#2534,#2535);
#2534 = CARTESIAN_POINT('',(-2.652032234806,8.147739651069,0.4));
#2535 = VECTOR('',#2536,1.);
#2536 = DIRECTION('',(-0.579701732799,-0.814828755623,0.));
#2537 = FACE_BOUND('',#2538,.F.);
#2538 = EDGE_LOOP('',(#2539,#2549,#2557,#2565,#2573,#2581,#2589,#2597));
#2539 = ORIENTED_EDGE('',*,*,#2540,.F.);
#2540 = EDGE_CURVE('',#2541,#2543,#2545,.T.);
#2541 = VERTEX_POINT('',#2542);
#2542 = CARTESIAN_POINT('',(-2.214116905814,8.02,0.4));
#2543 = VERTEX_POINT('',#2544);
#2544 = CARTESIAN_POINT('',(-2.214116905814,7.135552325581,0.4));
#2545 = LINE('',#2546,#2547);
#2546 = CARTESIAN_POINT('',(-2.214116905814,7.629162886753,0.4));
#2547 = VECTOR('',#2548,1.);
#2548 = DIRECTION('',(2.E-16,-1.,0.));
#2549 = ORIENTED_EDGE('',*,*,#2550,.F.);
#2550 = EDGE_CURVE('',#2551,#2541,#2553,.T.);
#2551 = VERTEX_POINT('',#2552);
#2552 = CARTESIAN_POINT('',(-2.081940306977,8.02,0.4));
#2553 = LINE('',#2554,#2555);
#2554 = CARTESIAN_POINT('',(-1.040970153488,8.02,0.4));
#2555 = VECTOR('',#2556,1.);
#2556 = DIRECTION('',(-1.,-2.E-16,0.));
#2557 = ORIENTED_EDGE('',*,*,#2558,.F.);
#2558 = EDGE_CURVE('',#2559,#2551,#2561,.T.);
#2559 = VERTEX_POINT('',#2560);
#2560 = CARTESIAN_POINT('',(-2.081940306977,7.135552325581,0.4));
#2561 = LINE('',#2562,#2563);
#2562 = CARTESIAN_POINT('',(-2.081940306977,7.186939049543,0.4));
#2563 = VECTOR('',#2564,1.);
#2564 = DIRECTION('',(-2.E-16,1.,0.));
#2565 = ORIENTED_EDGE('',*,*,#2566,.F.);
#2566 = EDGE_CURVE('',#2567,#2559,#2569,.T.);
#2567 = VERTEX_POINT('',#2568);
#2568 = CARTESIAN_POINT('',(-1.751498809884,7.135552325581,0.4));
#2569 = LINE('',#2570,#2571);
#2570 = CARTESIAN_POINT('',(-0.875749404942,7.135552325581,0.4));
#2571 = VECTOR('',#2572,1.);
#2572 = DIRECTION('',(-1.,-2.E-16,0.));
#2573 = ORIENTED_EDGE('',*,*,#2574,.F.);
#2574 = EDGE_CURVE('',#2575,#2567,#2577,.T.);
#2575 = VERTEX_POINT('',#2576);
#2576 = CARTESIAN_POINT('',(-1.751498809884,7.02,0.4));
#2577 = LINE('',#2578,#2579);
#2578 = CARTESIAN_POINT('',(-1.751498809884,7.129162886753,0.4));
#2579 = VECTOR('',#2580,1.);
#2580 = DIRECTION('',(-2.E-16,1.,0.));
#2581 = ORIENTED_EDGE('',*,*,#2582,.F.);
#2582 = EDGE_CURVE('',#2583,#2575,#2585,.T.);
#2583 = VERTEX_POINT('',#2584);
#2584 = CARTESIAN_POINT('',(-2.543195757558,7.02,0.4));
#2585 = LINE('',#2586,#2587);
#2586 = CARTESIAN_POINT('',(-1.271597878779,7.02,0.4));
#2587 = VECTOR('',#2588,1.);
#2588 = DIRECTION('',(1.,2.E-16,-0.));
#2589 = ORIENTED_EDGE('',*,*,#2590,.F.);
#2590 = EDGE_CURVE('',#2591,#2583,#2593,.T.);
#2591 = VERTEX_POINT('',#2592);
#2592 = CARTESIAN_POINT('',(-2.543195757558,7.135552325581,0.4));
#2593 = LINE('',#2594,#2595);
#2594 = CARTESIAN_POINT('',(-2.543195757558,7.186939049543,0.4));
#2595 = VECTOR('',#2596,1.);
#2596 = DIRECTION('',(2.E-16,-1.,0.));
#2597 = ORIENTED_EDGE('',*,*,#2598,.F.);
#2598 = EDGE_CURVE('',#2543,#2591,#2599,.T.);
#2599 = LINE('',#2600,#2601);
#2600 = CARTESIAN_POINT('',(-1.107058452907,7.135552325581,0.4));
#2601 = VECTOR('',#2602,1.);
#2602 = DIRECTION('',(-1.,-2.E-16,0.));
#2603 = FACE_BOUND('',#2604,.F.);
#2604 = EDGE_LOOP('',(#2605,#2615,#2628,#2641,#2656,#2669,#2679,#2692,
    #2702,#2715,#2728,#2741,#2754,#2767,#2782,#2790,#2800,#2813,#2826,
    #2839,#2852,#2865,#2875,#2883,#2893,#2906,#2919,#2932,#2945,#2958));
#2605 = ORIENTED_EDGE('',*,*,#2606,.F.);
#2606 = EDGE_CURVE('',#2607,#2609,#2611,.T.);
#2607 = VERTEX_POINT('',#2608);
#2608 = CARTESIAN_POINT('',(-1.665561309884,7.754375,0.4));
#2609 = VERTEX_POINT('',#2610);
#2610 = CARTESIAN_POINT('',(-1.542923228488,7.738023255814,0.4));
#2611 = LINE('',#2612,#2613);
#2612 = CARTESIAN_POINT('',(-0.813524690847,7.640770117462,0.4));
#2613 = VECTOR('',#2614,1.);
#2614 = DIRECTION('',(0.991227900683,-0.132163720091,0.));
#2615 = ORIENTED_EDGE('',*,*,#2616,.T.);
#2616 = EDGE_CURVE('',#2607,#2617,#2619,.T.);
#2617 = VERTEX_POINT('',#2618);
#2618 = CARTESIAN_POINT('',(-1.566451571512,7.958635537791,0.4));
#2619 = B_SPLINE_CURVE_WITH_KNOTS('',4,(#2620,#2621,#2622,#2623,#2624,
    #2625,#2626,#2627),.UNSPECIFIED.,.F.,.F.,(5,3,5),(0.,0.637309238664,
    1.),.UNSPECIFIED.);
#2620 = CARTESIAN_POINT('',(-1.665561309884,7.754375,0.4));
#2621 = CARTESIAN_POINT('',(-1.661670688947,7.794160201508,0.4));
#2622 = CARTESIAN_POINT('',(-1.652760868231,7.830977910815,0.4));
#2623 = CARTESIAN_POINT('',(-1.638749474454,7.864696861734,0.4));
#2624 = CARTESIAN_POINT('',(-1.608818370239,7.912644595862,0.4));
#2625 = CARTESIAN_POINT('',(-1.59632256846,7.929011021371,0.4));
#2626 = CARTESIAN_POINT('',(-1.582193799062,7.94434238558,0.4));
#2627 = CARTESIAN_POINT('',(-1.566451571512,7.958635537791,0.4));
#2628 = ORIENTED_EDGE('',*,*,#2629,.T.);
#2629 = EDGE_CURVE('',#2617,#2630,#2632,.T.);
#2630 = VERTEX_POINT('',#2631);
#2631 = CARTESIAN_POINT('',(-1.348064943605,8.037441860465,0.4));
#2632 = B_SPLINE_CURVE_WITH_KNOTS('',4,(#2633,#2634,#2635,#2636,#2637,
    #2638,#2639,#2640),.UNSPECIFIED.,.F.,.F.,(5,3,5),(0.,0.284546492013,
    1.),.UNSPECIFIED.);
#2633 = CARTESIAN_POINT('',(-1.566451571512,7.958635537791,0.4));
#2634 = CARTESIAN_POINT('',(-1.554079967102,7.969855994482,0.4));
#2635 = CARTESIAN_POINT('',(-1.541095154452,7.980020837834,0.4));
#2636 = CARTESIAN_POINT('',(-1.527500010051,7.989121342642,0.4));
#2637 = CARTESIAN_POINT('',(-1.477597926584,8.017351370913,0.4));
#2638 = CARTESIAN_POINT('',(-1.438074075928,8.03079807259,0.4));
#2639 = CARTESIAN_POINT('',(-1.394827704842,8.037441860465,0.4));
#2640 = CARTESIAN_POINT('',(-1.348064943605,8.037441860465,0.4));
#2641 = ORIENTED_EDGE('',*,*,#2642,.T.);
#2642 = EDGE_CURVE('',#2630,#2643,#2645,.T.);
#2643 = VERTEX_POINT('',#2644);
#2644 = CARTESIAN_POINT('',(-1.10687671686,7.946190043605,0.4));
#2645 = B_SPLINE_CURVE_WITH_KNOTS('',5,(#2646,#2647,#2648,#2649,#2650,
    #2651,#2652,#2653,#2654,#2655),.UNSPECIFIED.,.F.,.F.,(6,4,6),(0.,
    0.675524742448,1.),.UNSPECIFIED.);
#2646 = CARTESIAN_POINT('',(-1.348064943605,8.037441860465,0.4));
#2647 = CARTESIAN_POINT('',(-1.308939407553,8.037441860465,0.4));
#2648 = CARTESIAN_POINT('',(-1.271904594051,8.033335015536,0.4));
#2649 = CARTESIAN_POINT('',(-1.237057867131,8.025046400564,0.4));
#2650 = CARTESIAN_POINT('',(-1.204474385029,8.012547559278,0.4));
#2651 = CARTESIAN_POINT('',(-1.159661938437,7.987852227158,0.4));
#2652 = CARTESIAN_POINT('',(-1.14565463013,7.978873941426,0.4));
#2653 = CARTESIAN_POINT('',(-1.132185805268,7.968933295383,0.4));
#2654 = CARTESIAN_POINT('',(-1.119259138367,7.958035893512,0.4));
#2655 = CARTESIAN_POINT('',(-1.10687671686,7.946190043605,0.4));
#2656 = ORIENTED_EDGE('',*,*,#2657,.T.);
#2657 = EDGE_CURVE('',#2643,#2658,#2660,.T.);
#2658 = VERTEX_POINT('',#2659);
#2659 = CARTESIAN_POINT('',(-1.011491542442,7.72367005814,0.4));
#2660 = B_SPLINE_CURVE_WITH_KNOTS('',4,(#2661,#2662,#2663,#2664,#2665,
    #2666,#2667,#2668),.UNSPECIFIED.,.F.,.F.,(5,3,5),(0.,0.51002876409,
    1.),.UNSPECIFIED.);
#2661 = CARTESIAN_POINT('',(-1.10687671686,7.946190043605,0.4));
#2662 = CARTESIAN_POINT('',(-1.08263783919,7.9230015173,0.4));
#2663 = CARTESIAN_POINT('',(-1.062421359019,7.898010199215,0.4));
#2664 = CARTESIAN_POINT('',(-1.046332630156,7.87122780122,0.4));
#2665 = CARTESIAN_POINT('',(-1.022923936026,7.815303771224,0.4));
#2666 = CARTESIAN_POINT('',(-1.015283879277,7.786296076005,0.4));
#2667 = CARTESIAN_POINT('',(-1.011491542442,7.755727176803,0.4));
#2668 = CARTESIAN_POINT('',(-1.011491542442,7.72367005814,0.4));
#2669 = ORIENTED_EDGE('',*,*,#2670,.T.);
#2670 = EDGE_CURVE('',#2658,#2671,#2673,.T.);
#2671 = VERTEX_POINT('',#2672);
#2672 = CARTESIAN_POINT('',(-1.060546775,7.562014898256,0.4));
#2673 = B_SPLINE_CURVE_WITH_KNOTS('',4,(#2674,#2675,#2676,#2677,#2678),
  .UNSPECIFIED.,.F.,.F.,(5,5),(0.,1.),.PIECEWISE_BEZIER_KNOTS.);
#2674 = CARTESIAN_POINT('',(-1.011491542442,7.72367005814,0.4));
#2675 = CARTESIAN_POINT('',(-1.011491542442,7.675324641163,0.4));
#2676 = CARTESIAN_POINT('',(-1.01960399578,7.632154415597,0.4));
#2677 = CARTESIAN_POINT('',(-1.035978875838,7.594362632153,0.4));
#2678 = CARTESIAN_POINT('',(-1.060546775,7.562014898256,0.4));
#2679 = ORIENTED_EDGE('',*,*,#2680,.T.);
#2680 = EDGE_CURVE('',#2671,#2681,#2683,.T.);
#2681 = VERTEX_POINT('',#2682);
#2682 = CARTESIAN_POINT('',(-1.198173955233,7.476894985465,0.4));
#2683 = B_SPLINE_CURVE_WITH_KNOTS('',4,(#2684,#2685,#2686,#2687,#2688,
    #2689,#2690,#2691),.UNSPECIFIED.,.F.,.F.,(5,3,5),(0.,0.259790618485,
    1.),.UNSPECIFIED.);
#2684 = CARTESIAN_POINT('',(-1.060546775,7.562014898256,0.4));
#2685 = CARTESIAN_POINT('',(-1.066921981168,7.553614973833,0.4));
#2686 = CARTESIAN_POINT('',(-1.073744103515,7.545709565452,0.4));
#2687 = CARTESIAN_POINT('',(-1.081012781764,7.538300656272,0.4));
#2688 = CARTESIAN_POINT('',(-1.110706094607,7.511697157455,0.4));
#2689 = CARTESIAN_POINT('',(-1.136301078462,7.496044400421,0.4));
#2690 = CARTESIAN_POINT('',(-1.165483681043,7.484455659137,0.4));
#2691 = CARTESIAN_POINT('',(-1.198173955233,7.476894985465,0.4));
#2692 = ORIENTED_EDGE('',*,*,#2693,.T.);
#2693 = EDGE_CURVE('',#2681,#2694,#2696,.T.);
#2694 = VERTEX_POINT('',#2695);
#2695 = CARTESIAN_POINT('',(-1.095294231395,7.392274709302,0.4));
#2696 = B_SPLINE_CURVE_WITH_KNOTS('',4,(#2697,#2698,#2699,#2700,#2701),
  .UNSPECIFIED.,.F.,.F.,(5,5),(0.,1.),.PIECEWISE_BEZIER_KNOTS.);
#2697 = CARTESIAN_POINT('',(-1.198173955233,7.476894985465,0.4));
#2698 = CARTESIAN_POINT('',(-1.164178435027,7.461234382491,0.4));
#2699 = CARTESIAN_POINT('',(-1.135653578112,7.441915200191,0.4));
#2700 = CARTESIAN_POINT('',(-1.112685978759,7.41891932095,0.4));
#2701 = CARTESIAN_POINT('',(-1.095294231395,7.392274709302,0.4));
#2702 = ORIENTED_EDGE('',*,*,#2703,.T.);
#2703 = EDGE_CURVE('',#2694,#2704,#2706,.T.);
#2704 = VERTEX_POINT('',#2705);
#2705 = CARTESIAN_POINT('',(-1.060546775,7.274224200581,0.4));
#2706 = B_SPLINE_CURVE_WITH_KNOTS('',4,(#2707,#2708,#2709,#2710,#2711,
    #2712,#2713,#2714),.UNSPECIFIED.,.F.,.F.,(5,3,5),(0.,0.439974224946,
    1.),.UNSPECIFIED.);
#2707 = CARTESIAN_POINT('',(-1.095294231395,7.392274709302,0.4));
#2708 = CARTESIAN_POINT('',(-1.087652400207,7.380567224135,0.4));
#2709 = CARTESIAN_POINT('',(-1.081128381892,7.368482273354,0.4));
#2710 = CARTESIAN_POINT('',(-1.075725195937,7.356021271277,0.4));
#2711 = CARTESIAN_POINT('',(-1.065993674478,7.32684942287,0.4));
#2712 = CARTESIAN_POINT('',(-1.062360905223,7.309906714969,0.4));
#2713 = CARTESIAN_POINT('',(-1.060546775,7.292362814439,0.4));
#2714 = CARTESIAN_POINT('',(-1.060546775,7.274224200581,0.4));
#2715 = ORIENTED_EDGE('',*,*,#2716,.T.);
#2716 = EDGE_CURVE('',#2704,#2717,#2719,.T.);
#2717 = VERTEX_POINT('',#2718);
#2718 = CARTESIAN_POINT('',(-1.097020248837,7.145227107558,0.4));
#2719 = B_SPLINE_CURVE_WITH_KNOTS('',4,(#2720,#2721,#2722,#2723,#2724,
    #2725,#2726,#2727),.UNSPECIFIED.,.F.,.F.,(5,3,5),(0.,0.36994566749,
    1.),.UNSPECIFIED.);
#2720 = CARTESIAN_POINT('',(-1.060546775,7.274224200581,0.4));
#2721 = CARTESIAN_POINT('',(-1.060546775,7.261597675746,0.4));
#2722 = CARTESIAN_POINT('',(-1.061378562403,7.249139954689,0.4));
#2723 = CARTESIAN_POINT('',(-1.063043071101,7.236852795913,0.4));
#2724 = CARTESIAN_POINT('',(-1.06979250132,7.204104508695,0.4));
#2725 = CARTESIAN_POINT('',(-1.076459469769,7.183970405475,0.4));
#2726 = CARTESIAN_POINT('',(-1.085539355535,7.164342866394,0.4));
#2727 = CARTESIAN_POINT('',(-1.097020248837,7.145227107558,0.4));
#2728 = ORIENTED_EDGE('',*,*,#2729,.T.);
#2729 = EDGE_CURVE('',#2717,#2730,#2732,.T.);
#2730 = VERTEX_POINT('',#2731);
#2731 = CARTESIAN_POINT('',(-1.202261891279,7.049342296512,0.4));
#2732 = B_SPLINE_CURVE_WITH_KNOTS('',4,(#2733,#2734,#2735,#2736,#2737,
    #2738,#2739,#2740),.UNSPECIFIED.,.F.,.F.,(5,3,5),(0.,0.21989271299,
    1.),.UNSPECIFIED.);
#2733 = CARTESIAN_POINT('',(-1.097020248837,7.145227107558,0.4));
#2734 = CARTESIAN_POINT('',(-1.101026905288,7.138547681529,0.4));
#2735 = CARTESIAN_POINT('',(-1.105295179094,7.13207377776,0.4));
#2736 = CARTESIAN_POINT('',(-1.109824980864,7.125805855286,0.4));
#2737 = CARTESIAN_POINT('',(-1.131613201857,7.098239617864,0.4));
#2738 = CARTESIAN_POINT('',(-1.151898712459,7.079331573962,0.4));
#2739 = CARTESIAN_POINT('',(-1.175460886324,7.063034691122,0.4));
#2740 = CARTESIAN_POINT('',(-1.202261891279,7.049342296512,0.4));
#2741 = ORIENTED_EDGE('',*,*,#2742,.T.);
#2742 = EDGE_CURVE('',#2730,#2743,#2745,.T.);
#2743 = VERTEX_POINT('',#2744);
#2744 = CARTESIAN_POINT('',(-1.352834202326,7.014186046512,0.4));
#2745 = B_SPLINE_CURVE_WITH_KNOTS('',4,(#2746,#2747,#2748,#2749,#2750,
    #2751,#2752,#2753),.UNSPECIFIED.,.F.,.F.,(5,3,5),(0.,0.244914322295,
    1.),.UNSPECIFIED.);
#2746 = CARTESIAN_POINT('',(-1.202261891279,7.049342296512,0.4));
#2747 = CARTESIAN_POINT('',(-1.210690625964,7.045036131069,0.4));
#2748 = CARTESIAN_POINT('',(-1.219249765453,7.041081122811,0.4));
#2749 = CARTESIAN_POINT('',(-1.227938912076,7.037477682012,0.4));
#2750 = CARTESIAN_POINT('',(-1.263946074722,7.024200818235,0.4));
#2751 = CARTESIAN_POINT('',(-1.292365737719,7.017519097636,0.4));
#2752 = CARTESIAN_POINT('',(-1.322002315414,7.014186046512,0.4));
#2753 = CARTESIAN_POINT('',(-1.352834202326,7.014186046512,0.4));
#2754 = ORIENTED_EDGE('',*,*,#2755,.T.);
#2755 = EDGE_CURVE('',#2743,#2756,#2758,.T.);
#2756 = VERTEX_POINT('',#2757);
#2757 = CARTESIAN_POINT('',(-1.551099100581,7.082318313953,0.4));
#2758 = B_SPLINE_CURVE_WITH_KNOTS('',4,(#2759,#2760,#2761,#2762,#2763,
    #2764,#2765,#2766),.UNSPECIFIED.,.F.,.F.,(5,3,5),(0.,0.74836735094,
    1.),.UNSPECIFIED.);
#2759 = CARTESIAN_POINT('',(-1.352834202326,7.014186046512,0.4));
#2760 = CARTESIAN_POINT('',(-1.396978551587,7.014186046512,0.4));
#2761 = CARTESIAN_POINT('',(-1.437724687693,7.0204837777,0.4));
#2762 = CARTESIAN_POINT('',(-1.474909540239,7.033204249548,0.4));
#2763 = CARTESIAN_POINT('',(-1.51973661891,7.058729244863,0.4));
#2764 = CARTESIAN_POINT('',(-1.530605351959,7.065873645341,0.4));
#2765 = CARTESIAN_POINT('',(-1.541060036035,7.073737916905,0.4));
#2766 = CARTESIAN_POINT('',(-1.551099100581,7.082318313953,0.4));
#2767 = ORIENTED_EDGE('',*,*,#2768,.T.);
#2768 = EDGE_CURVE('',#2756,#2769,#2771,.T.);
#2769 = VERTEX_POINT('',#2770);
#2770 = CARTESIAN_POINT('',(-1.653297501744,7.274360465116,0.4));
#2771 = B_SPLINE_CURVE_WITH_KNOTS('',5,(#2772,#2773,#2774,#2775,#2776,
    #2777,#2778,#2779,#2780,#2781),.UNSPECIFIED.,.F.,.F.,(6,4,6),(0.,
    0.119673826607,1.),.UNSPECIFIED.);
#2772 = CARTESIAN_POINT('',(-1.551099100581,7.082318313953,0.4));
#2773 = CARTESIAN_POINT('',(-1.554924963204,7.085588282007,0.4));
#2774 = CARTESIAN_POINT('',(-1.558668767266,7.088938837478,0.4));
#2775 = CARTESIAN_POINT('',(-1.562330371679,7.092369912598,0.4));
#2776 = CARTESIAN_POINT('',(-1.565909654588,7.095881420618,0.4));
#2777 = CARTESIAN_POINT('',(-1.595129567439,7.125894960732,0.4));
#2778 = CARTESIAN_POINT('',(-1.616392887997,7.156663630646,0.4));
#2779 = CARTESIAN_POINT('',(-1.633154336433,7.19173641305,0.4));
#2780 = CARTESIAN_POINT('',(-1.645432602494,7.23101613147,0.4));
#2781 = CARTESIAN_POINT('',(-1.653297501744,7.274360465116,0.4));
#2782 = ORIENTED_EDGE('',*,*,#2783,.F.);
#2783 = EDGE_CURVE('',#2784,#2769,#2786,.T.);
#2784 = VERTEX_POINT('',#2785);
#2785 = CARTESIAN_POINT('',(-1.530659420349,7.296162790698,0.4));
#2786 = LINE('',#2787,#2788);
#2787 = CARTESIAN_POINT('',(-0.79376042561,7.427167056429,0.4));
#2788 = VECTOR('',#2789,1.);
#2789 = DIRECTION('',(-0.984562507786,-0.175033334717,0.));
#2790 = ORIENTED_EDGE('',*,*,#2791,.T.);
#2791 = EDGE_CURVE('',#2784,#2792,#2794,.T.);
#2792 = VERTEX_POINT('',#2793);
#2793 = CARTESIAN_POINT('',(-1.469340379651,7.161533430233,0.4));
#2794 = B_SPLINE_CURVE_WITH_KNOTS('',4,(#2795,#2796,#2797,#2798,#2799),
  .UNSPECIFIED.,.F.,.F.,(5,5),(0.,1.),.PIECEWISE_BEZIER_KNOTS.);
#2795 = CARTESIAN_POINT('',(-1.530659420349,7.296162790698,0.4));
#2796 = CARTESIAN_POINT('',(-1.523879353549,7.251504750707,0.4));
#2797 = CARTESIAN_POINT('',(-1.511445978274,7.214048231258,0.4));
#2798 = CARTESIAN_POINT('',(-1.493254351668,7.18403533914,0.4));
#2799 = CARTESIAN_POINT('',(-1.469340379651,7.161533430233,0.4));
#2800 = ORIENTED_EDGE('',*,*,#2801,.T.);
#2801 = EDGE_CURVE('',#2792,#2802,#2804,.T.);
#2802 = VERTEX_POINT('',#2803);
#2803 = CARTESIAN_POINT('',(-1.350108911628,7.116656976744,0.4));
#2804 = B_SPLINE_CURVE_WITH_KNOTS('',4,(#2805,#2806,#2807,#2808,#2809,
    #2810,#2811,#2812),.UNSPECIFIED.,.F.,.F.,(5,3,5),(0.,0.338878425145,
    1.),.UNSPECIFIED.);
#2805 = CARTESIAN_POINT('',(-1.469340379651,7.161533430233,0.4));
#2806 = CARTESIAN_POINT('',(-1.461259637974,7.153929837112,0.4));
#2807 = CARTESIAN_POINT('',(-1.45271936544,7.147182153311,0.4));
#2808 = CARTESIAN_POINT('',(-1.443720326935,7.141293359814,0.4));
#2809 = CARTESIAN_POINT('',(-1.415816628685,7.126453471046,0.4));
#2810 = CARTESIAN_POINT('',(-1.395629788995,7.119915238081,0.4));
#2811 = CARTESIAN_POINT('',(-1.373717652888,7.116656976744,0.4));
#2812 = CARTESIAN_POINT('',(-1.350108911628,7.116656976744,0.4));
#2813 = ORIENTED_EDGE('',*,*,#2814,.T.);
#2814 = EDGE_CURVE('',#2802,#2815,#2817,.T.);
#2815 = VERTEX_POINT('',#2816);
#2816 = CARTESIAN_POINT('',(-1.232240088953,7.160806686047,0.4));
#2817 = B_SPLINE_CURVE_WITH_KNOTS('',4,(#2818,#2819,#2820,#2821,#2822,
    #2823,#2824,#2825),.UNSPECIFIED.,.F.,.F.,(5,3,5),(0.,0.721156524117,
    1.),.UNSPECIFIED.);
#2818 = CARTESIAN_POINT('',(-1.350108911628,7.116656976744,0.4));
#2819 = CARTESIAN_POINT('',(-1.324120691653,7.116656976744,0.4));
#2820 = CARTESIAN_POINT('',(-1.300379361613,7.120468232605,0.4));
#2821 = CARTESIAN_POINT('',(-1.278926703316,7.128121927638,0.4));
#2822 = CARTESIAN_POINT('',(-1.252377229626,7.144048952848,0.4));
#2823 = CARTESIAN_POINT('',(-1.245318887777,7.149063036456,0.4));
#2824 = CARTESIAN_POINT('',(-1.23860635996,7.154649456775,0.4));
#2825 = CARTESIAN_POINT('',(-1.232240088953,7.160806686047,0.4));
#2826 = ORIENTED_EDGE('',*,*,#2827,.T.);
#2827 = EDGE_CURVE('',#2815,#2828,#2830,.T.);
#2828 = VERTEX_POINT('',#2829);
#2829 = CARTESIAN_POINT('',(-1.186591469767,7.272180232558,0.4));
#2830 = B_SPLINE_CURVE_WITH_KNOTS('',4,(#2831,#2832,#2833,#2834,#2835,
    #2836,#2837,#2838),.UNSPECIFIED.,.F.,.F.,(5,3,5),(0.,0.406923067482,
    1.),.UNSPECIFIED.);
#2831 = CARTESIAN_POINT('',(-1.232240088953,7.160806686047,0.4));
#2832 = CARTESIAN_POINT('',(-1.22295588162,7.169786038811,0.4));
#2833 = CARTESIAN_POINT('',(-1.214925234322,7.179406806557,0.4));
#2834 = CARTESIAN_POINT('',(-1.208154000656,7.189668082069,0.4));
#2835 = CARTESIAN_POINT('',(-1.19461276881,7.21645121243,0.4));
#2836 = CARTESIAN_POINT('',(-1.189260393674,7.233689654561,0.4));
#2837 = CARTESIAN_POINT('',(-1.186591469767,7.252272393515,0.4));
#2838 = CARTESIAN_POINT('',(-1.186591469767,7.272180232558,0.4));
#2839 = ORIENTED_EDGE('',*,*,#2840,.T.);
#2840 = EDGE_CURVE('',#2828,#2841,#2843,.T.);
#2841 = VERTEX_POINT('',#2842);
#2842 = CARTESIAN_POINT('',(-1.249273155814,7.397861555233,0.4));
#2843 = B_SPLINE_CURVE_WITH_KNOTS('',4,(#2844,#2845,#2846,#2847,#2848,
    #2849,#2850,#2851),.UNSPECIFIED.,.F.,.F.,(5,3,5),(0.,0.640242449646,
    1.),.UNSPECIFIED.);
#2844 = CARTESIAN_POINT('',(-1.186591469767,7.272180232558,0.4));
#2845 = CARTESIAN_POINT('',(-1.186591469767,7.299275780821,0.4));
#2846 = CARTESIAN_POINT('',(-1.190843798661,7.323457359346,0.4));
#2847 = CARTESIAN_POINT('',(-1.199408660192,7.344641496218,0.4));
#2848 = CARTESIAN_POINT('',(-1.219490471679,7.373001597929,0.4));
#2849 = CARTESIAN_POINT('',(-1.228070320174,7.38224872819,0.4));
#2850 = CARTESIAN_POINT('',(-1.23800176298,7.390535149891,0.4));
#2851 = CARTESIAN_POINT('',(-1.249273155814,7.397861555233,0.4));
#2852 = ORIENTED_EDGE('',*,*,#2853,.T.);
#2853 = EDGE_CURVE('',#2841,#2854,#2856,.T.);
#2854 = VERTEX_POINT('',#2855);
#2855 = CARTESIAN_POINT('',(-1.390306949419,7.438604651163,0.4));
#2856 = B_SPLINE_CURVE_WITH_KNOTS('',4,(#2857,#2858,#2859,#2860,#2861,
    #2862,#2863,#2864),.UNSPECIFIED.,.F.,.F.,(5,3,5),(0.,0.354918081786,
    1.),.UNSPECIFIED.);
#2857 = CARTESIAN_POINT('',(-1.249273155814,7.397861555233,0.4));
#2858 = CARTESIAN_POINT('',(-1.260395659852,7.405091182858,0.4));
#2859 = CARTESIAN_POINT('',(-1.271850590712,7.411467841746,0.4));
#2860 = CARTESIAN_POINT('',(-1.283636676952,7.416989194331,0.4));
#2861 = CARTESIAN_POINT('',(-1.317772274566,7.430133946845,0.4));
#2862 = CARTESIAN_POINT('',(-1.340880237769,7.435785456404,0.4));
#2863 = CARTESIAN_POINT('',(-1.365064441543,7.438604651163,0.4));
#2864 = CARTESIAN_POINT('',(-1.390306949419,7.438604651163,0.4));
#2865 = ORIENTED_EDGE('',*,*,#2866,.T.);
#2866 = EDGE_CURVE('',#2854,#2867,#2869,.T.);
#2867 = VERTEX_POINT('',#2868);
#2868 = CARTESIAN_POINT('',(-1.410065306977,7.437242005814,0.4));
#2869 = B_SPLINE_CURVE_WITH_KNOTS('',4,(#2870,#2871,#2872,#2873,#2874),
  .UNSPECIFIED.,.F.,.F.,(5,5),(0.,1.),.PIECEWISE_BEZIER_KNOTS.);
#2870 = CARTESIAN_POINT('',(-1.390306949419,7.438604651163,0.4));
#2871 = CARTESIAN_POINT('',(-1.394054553379,7.438604651163,0.4));
#2872 = CARTESIAN_POINT('',(-1.398596994906,7.438377503691,0.4));
#2873 = CARTESIAN_POINT('',(-1.403934042061,7.437923257471,0.4));
#2874 = CARTESIAN_POINT('',(-1.410065306977,7.437242005814,0.4));
#2875 = ORIENTED_EDGE('',*,*,#2876,.F.);
#2876 = EDGE_CURVE('',#2877,#2867,#2879,.T.);
#2877 = VERTEX_POINT('',#2878);
#2878 = CARTESIAN_POINT('',(-1.423691760465,7.545254360465,0.4));
#2879 = LINE('',#2880,#2881);
#2880 = CARTESIAN_POINT('',(-1.393482698596,7.305797196712,0.4));
#2881 = VECTOR('',#2882,1.);
#2882 = DIRECTION('',(0.125164342632,-0.992136022596,0.));
#2883 = ORIENTED_EDGE('',*,*,#2884,.T.);
#2884 = EDGE_CURVE('',#2877,#2885,#2887,.T.);
#2885 = VERTEX_POINT('',#2886);
#2886 = CARTESIAN_POINT('',(-1.337163780814,7.531627906977,0.4));
#2887 = B_SPLINE_CURVE_WITH_KNOTS('',4,(#2888,#2889,#2890,#2891,#2892),
  .UNSPECIFIED.,.F.,.F.,(5,5),(0.,1.),.PIECEWISE_BEZIER_KNOTS.);
#2888 = CARTESIAN_POINT('',(-1.423691760465,7.545254360465,0.4));
#2889 = CARTESIAN_POINT('',(-1.397848091207,7.538453394871,0.4));
#2890 = CARTESIAN_POINT('',(-1.37479673494,7.533905773495,0.4));
#2891 = CARTESIAN_POINT('',(-1.354563432411,7.531627906977,0.4));
#2892 = CARTESIAN_POINT('',(-1.337163780814,7.531627906977,0.4));
#2893 = ORIENTED_EDGE('',*,*,#2894,.T.);
#2894 = EDGE_CURVE('',#2885,#2895,#2897,.T.);
#2895 = VERTEX_POINT('',#2896);
#2896 = CARTESIAN_POINT('',(-1.196811309884,7.586587936047,0.4));
#2897 = B_SPLINE_CURVE_WITH_KNOTS('',4,(#2898,#2899,#2900,#2901,#2902,
    #2903,#2904,#2905),.UNSPECIFIED.,.F.,.F.,(5,3,5),(0.,0.652174837666,
    1.),.UNSPECIFIED.);
#2898 = CARTESIAN_POINT('',(-1.337163780814,7.531627906977,0.4));
#2899 = CARTESIAN_POINT('',(-1.309459828339,7.531627906977,0.4));
#2900 = CARTESIAN_POINT('',(-1.283810970415,7.535505012817,0.4));
#2901 = CARTESIAN_POINT('',(-1.260267158671,7.54329712976,0.4));
#2902 = CARTESIAN_POINT('',(-1.227430684759,7.561228679306,0.4));
#2903 = CARTESIAN_POINT('',(-1.216614799534,7.568575722499,0.4));
#2904 = CARTESIAN_POINT('',(-1.206407921194,7.577030816964,0.4));
#2905 = CARTESIAN_POINT('',(-1.196811309884,7.586587936047,0.4));
#2906 = ORIENTED_EDGE('',*,*,#2907,.T.);
#2907 = EDGE_CURVE('',#2895,#2908,#2910,.T.);
#2908 = VERTEX_POINT('',#2909);
#2909 = CARTESIAN_POINT('',(-1.141624173256,7.726122819767,0.4));
#2910 = B_SPLINE_CURVE_WITH_KNOTS('',4,(#2911,#2912,#2913,#2914,#2915,
    #2916,#2917,#2918),.UNSPECIFIED.,.F.,.F.,(5,3,5),(0.,0.359835247711,
    1.),.UNSPECIFIED.);
#2911 = CARTESIAN_POINT('',(-1.196811309884,7.586587936047,0.4));
#2912 = CARTESIAN_POINT('',(-1.186884213051,7.596466010178,0.4));
#2913 = CARTESIAN_POINT('',(-1.178140998721,7.606991420314,0.4));
#2914 = CARTESIAN_POINT('',(-1.170588493589,7.618162830084,0.4));
#2915 = CARTESIAN_POINT('',(-1.152914657547,7.65099307151,0.4));
#2916 = CARTESIAN_POINT('',(-1.145375850549,7.67404206445,0.4));
#2917 = CARTESIAN_POINT('',(-1.141624173256,7.699100876223,0.4));
#2918 = CARTESIAN_POINT('',(-1.141624173256,7.726122819767,0.4));
#2919 = ORIENTED_EDGE('',*,*,#2920,.T.);
#2920 = EDGE_CURVE('',#2908,#2921,#2923,.T.);
#2921 = VERTEX_POINT('',#2922);
#2922 = CARTESIAN_POINT('',(-1.201262618023,7.87492369186,0.4));
#2923 = B_SPLINE_CURVE_WITH_KNOTS('',4,(#2924,#2925,#2926,#2927,#2928,
    #2929,#2930,#2931),.UNSPECIFIED.,.F.,.F.,(5,3,5),(0.,0.580113999349,
    1.),.UNSPECIFIED.);
#2924 = CARTESIAN_POINT('',(-1.141624173256,7.726122819767,0.4));
#2925 = CARTESIAN_POINT('',(-1.141624173256,7.75181207856,0.4));
#2926 = CARTESIAN_POINT('',(-1.144955071526,7.775947062948,0.4));
#2927 = CARTESIAN_POINT('',(-1.151645682688,7.798489893621,0.4));
#2928 = CARTESIAN_POINT('',(-1.168954114133,7.834569543295,0.4));
#2929 = CARTESIAN_POINT('',(-1.17797682928,7.848874139374,0.4));
#2930 = CARTESIAN_POINT('',(-1.188751027184,7.862326339927,0.4));
#2931 = CARTESIAN_POINT('',(-1.201262618023,7.87492369186,0.4));
#2932 = ORIENTED_EDGE('',*,*,#2933,.T.);
#2933 = EDGE_CURVE('',#2921,#2934,#2936,.T.);
#2934 = VERTEX_POINT('',#2935);
#2935 = CARTESIAN_POINT('',(-1.34738362093,7.934970930233,0.4));
#2936 = B_SPLINE_CURVE_WITH_KNOTS('',4,(#2937,#2938,#2939,#2940,#2941,
    #2942,#2943,#2944),.UNSPECIFIED.,.F.,.F.,(5,3,5),(0.,0.459948119391,
    1.),.UNSPECIFIED.);
#2937 = CARTESIAN_POINT('',(-1.201262618023,7.87492369186,0.4));
#2938 = CARTESIAN_POINT('',(-1.214952616847,7.888718035188,0.4));
#2939 = CARTESIAN_POINT('',(-1.229606566664,7.900416229205,0.4));
#2940 = CARTESIAN_POINT('',(-1.245221538378,7.909998791089,0.4));
#2941 = CARTESIAN_POINT('',(-1.28123885667,7.926223152315,0.4));
#2942 = CARTESIAN_POINT('',(-1.302001389077,7.932062152041,0.4));
#2943 = CARTESIAN_POINT('',(-1.324059105513,7.934970930233,0.4));
#2944 = CARTESIAN_POINT('',(-1.34738362093,7.934970930233,0.4));
#2945 = ORIENTED_EDGE('',*,*,#2946,.T.);
#2946 = EDGE_CURVE('',#2934,#2947,#2949,.T.);
#2947 = VERTEX_POINT('',#2948);
#2948 = CARTESIAN_POINT('',(-1.471066397093,7.888822674419,0.4));
#2949 = B_SPLINE_CURVE_WITH_KNOTS('',4,(#2950,#2951,#2952,#2953,#2954,
    #2955,#2956,#2957),.UNSPECIFIED.,.F.,.F.,(5,3,5),(0.,0.616093722377,
    1.),.UNSPECIFIED.);
#2950 = CARTESIAN_POINT('',(-1.34738362093,7.934970930233,0.4));
#2951 = CARTESIAN_POINT('',(-1.369808150706,7.934970930233,0.4));
#2952 = CARTESIAN_POINT('',(-1.39086643506,7.932059976187,0.4));
#2953 = CARTESIAN_POINT('',(-1.410535929691,7.926221004488,0.4));
#2954 = CARTESIAN_POINT('',(-1.44018839862,7.912000267455,0.4));
#2955 = CARTESIAN_POINT('',(-1.451028261081,7.905406123013,0.4));
#2956 = CARTESIAN_POINT('',(-1.461321331351,7.897678655451,0.4));
#2957 = CARTESIAN_POINT('',(-1.471066397093,7.888822674419,0.4));
#2958 = ORIENTED_EDGE('',*,*,#2959,.T.);
#2959 = EDGE_CURVE('',#2947,#2609,#2960,.T.);
#2960 = B_SPLINE_CURVE_WITH_KNOTS('',5,(#2961,#2962,#2963,#2964,#2965,
    #2966),.UNSPECIFIED.,.F.,.F.,(6,6),(0.,1.),
  .PIECEWISE_BEZIER_KNOTS.);
#2961 = CARTESIAN_POINT('',(-1.471066397093,7.888822674419,0.4));
#2962 = CARTESIAN_POINT('',(-1.491464865015,7.870250389838,0.4));
#2963 = CARTESIAN_POINT('',(-1.508847514111,7.845798532811,0.4));
#2964 = CARTESIAN_POINT('',(-1.523198965064,7.815521442819,0.4));
#2965 = CARTESIAN_POINT('',(-1.534540698328,7.77953931379,0.4));
#2966 = CARTESIAN_POINT('',(-1.542923228488,7.738023255814,0.4));
#2967 = FACE_BOUND('',#2968,.F.);
#2968 = EDGE_LOOP('',(#2969,#2979,#2987,#2995,#3003,#3014,#3027,#3037,
    #3047,#3057,#3067));
#2969 = ORIENTED_EDGE('',*,*,#2970,.F.);
#2970 = EDGE_CURVE('',#2971,#2973,#2975,.T.);
#2971 = VERTEX_POINT('',#2972);
#2972 = CARTESIAN_POINT('',(-6.418049593023E-02,8.02,0.4));
#2973 = VERTEX_POINT('',#2974);
#2974 = CARTESIAN_POINT('',(-6.418049593023E-02,7.02,0.4));
#2975 = LINE('',#2976,#2977);
#2976 = CARTESIAN_POINT('',(-6.418049593023E-02,7.629162886753,0.4));
#2977 = VECTOR('',#2978,1.);
#2978 = DIRECTION('',(2.E-16,-1.,0.));
#2979 = ORIENTED_EDGE('',*,*,#2980,.F.);
#2980 = EDGE_CURVE('',#2981,#2971,#2983,.T.);
#2981 = VERTEX_POINT('',#2982);
#2982 = CARTESIAN_POINT('',(6.799610290698E-02,8.02,0.4));
#2983 = LINE('',#2984,#2985);
#2984 = CARTESIAN_POINT('',(3.399805145349E-02,8.02,0.4));
#2985 = VECTOR('',#2986,1.);
#2986 = DIRECTION('',(-1.,-2.E-16,0.));
#2987 = ORIENTED_EDGE('',*,*,#2988,.F.);
#2988 = EDGE_CURVE('',#2989,#2981,#2991,.T.);
#2989 = VERTEX_POINT('',#2990);
#2990 = CARTESIAN_POINT('',(6.799610290698E-02,7.612296511628,0.4));
#2991 = LINE('',#2992,#2993);
#2992 = CARTESIAN_POINT('',(6.799610290698E-02,7.425311142567,0.4));
#2993 = VECTOR('',#2994,1.);
#2994 = DIRECTION('',(-2.E-16,1.,0.));
#2995 = ORIENTED_EDGE('',*,*,#2996,.F.);
#2996 = EDGE_CURVE('',#2997,#2989,#2999,.T.);
#2997 = VERTEX_POINT('',#2998);
#2998 = CARTESIAN_POINT('',(0.324173428488,7.612296511628,0.4));
#2999 = LINE('',#3000,#3001);
#3000 = CARTESIAN_POINT('',(0.162086714244,7.612296511628,0.4));
#3001 = VECTOR('',#3002,1.);
#3002 = DIRECTION('',(-1.,-2.E-16,0.));
#3003 = ORIENTED_EDGE('',*,*,#3004,.T.);
#3004 = EDGE_CURVE('',#2997,#3005,#3007,.T.);
#3005 = VERTEX_POINT('',#3006);
#3006 = CARTESIAN_POINT('',(0.617142178488,7.524133357558,0.4));
#3007 = B_SPLINE_CURVE_WITH_KNOTS('',5,(#3008,#3009,#3010,#3011,#3012,
    #3013),.UNSPECIFIED.,.F.,.F.,(6,6),(0.,1.),
  .PIECEWISE_BEZIER_KNOTS.);
#3008 = CARTESIAN_POINT('',(0.324173428488,7.612296511628,0.4));
#3009 = CARTESIAN_POINT('',(0.406073968718,7.612296511628,0.4));
#3010 = CARTESIAN_POINT('',(0.477642051059,7.604063793327,0.4));
#3011 = CARTESIAN_POINT('',(0.537395609442,7.586844900788,0.4));
#3012 = CARTESIAN_POINT('',(0.584040886333,7.560127535751,0.4));
#3013 = CARTESIAN_POINT('',(0.617142178488,7.524133357558,0.4));
#3014 = ORIENTED_EDGE('',*,*,#3015,.T.);
#3015 = EDGE_CURVE('',#3005,#3016,#3018,.T.);
#3016 = VERTEX_POINT('',#3017);
#3017 = CARTESIAN_POINT('',(0.698219576744,7.308653706395,0.4));
#3018 = B_SPLINE_CURVE_WITH_KNOTS('',4,(#3019,#3020,#3021,#3022,#3023,
    #3024,#3025,#3026),.UNSPECIFIED.,.F.,.F.,(5,3,5),(0.,0.383723454158,
    1.),.UNSPECIFIED.);
#3019 = CARTESIAN_POINT('',(0.617142178488,7.524133357558,0.4));
#3020 = CARTESIAN_POINT('',(0.632685451427,7.507231680934,0.4));
#3021 = CARTESIAN_POINT('',(0.646265689385,7.489345163832,0.4));
#3022 = CARTESIAN_POINT('',(0.657857770946,7.470479797046,0.4));
#3023 = CARTESIAN_POINT('',(0.682866668531,7.418804203732,0.4));
#3024 = CARTESIAN_POINT('',(0.693131665526,7.38447147658,0.4));
#3025 = CARTESIAN_POINT('',(0.698219576744,7.347716143181,0.4));
#3026 = CARTESIAN_POINT('',(0.698219576744,7.308653706395,0.4));
#3027 = ORIENTED_EDGE('',*,*,#3028,.T.);
#3028 = EDGE_CURVE('',#3016,#3029,#3031,.T.);
#3029 = VERTEX_POINT('',#3030);
#3030 = CARTESIAN_POINT('',(0.667878006977,7.172480014535,0.4));
#3031 = B_SPLINE_CURVE_WITH_KNOTS('',4,(#3032,#3033,#3034,#3035,#3036),
  .UNSPECIFIED.,.F.,.F.,(5,5),(0.,1.),.PIECEWISE_BEZIER_KNOTS.);
#3032 = CARTESIAN_POINT('',(0.698219576744,7.308653706395,0.4));
#3033 = CARTESIAN_POINT('',(0.698219576744,7.271584535696,0.4));
#3034 = CARTESIAN_POINT('',(0.693173619797,7.236510892964,0.4));
#3035 = CARTESIAN_POINT('',(0.683054628554,7.203469403504,0.4));
#3036 = CARTESIAN_POINT('',(0.667878006977,7.172480014535,0.4));
#3037 = ORIENTED_EDGE('',*,*,#3038,.T.);
#3038 = EDGE_CURVE('',#3029,#3039,#3041,.T.);
#3039 = VERTEX_POINT('',#3040);
#3040 = CARTESIAN_POINT('',(0.587845303488,7.076186409884,0.4));
#3041 = B_SPLINE_CURVE_WITH_KNOTS('',4,(#3042,#3043,#3044,#3045,#3046),
  .UNSPECIFIED.,.F.,.F.,(5,5),(0.,1.),.PIECEWISE_BEZIER_KNOTS.);
#3042 = CARTESIAN_POINT('',(0.667878006977,7.172480014535,0.4));
#3043 = CARTESIAN_POINT('',(0.652752009093,7.141547689027,0.4));
#3044 = CARTESIAN_POINT('',(0.634373210008,7.115159263183,0.4));
#3045 = CARTESIAN_POINT('',(0.612731291246,7.093367968555,0.4));
#3046 = CARTESIAN_POINT('',(0.587845303488,7.076186409884,0.4));
#3047 = ORIENTED_EDGE('',*,*,#3048,.T.);
#3048 = EDGE_CURVE('',#3039,#3049,#3051,.T.);
#3049 = VERTEX_POINT('',#3050);
#3050 = CARTESIAN_POINT('',(0.464525899419,7.029538517442,0.4));
#3051 = B_SPLINE_CURVE_WITH_KNOTS('',4,(#3052,#3053,#3054,#3055,#3056),
  .UNSPECIFIED.,.F.,.F.,(5,5),(0.,1.),.PIECEWISE_BEZIER_KNOTS.);
#3052 = CARTESIAN_POINT('',(0.587845303488,7.076186409884,0.4));
#3053 = CARTESIAN_POINT('',(0.562938931351,7.058968032068,0.4));
#3054 = CARTESIAN_POINT('',(0.534059878209,7.045457332141,0.4));
#3055 = CARTESIAN_POINT('',(0.501235813706,7.03565683649,0.4));
#3056 = CARTESIAN_POINT('',(0.464525899419,7.029538517442,0.4));
#3057 = ORIENTED_EDGE('',*,*,#3058,.T.);
#3058 = EDGE_CURVE('',#3049,#3059,#3061,.T.);
#3059 = VERTEX_POINT('',#3060);
#3060 = CARTESIAN_POINT('',(0.312590943023,7.02,0.4));
#3061 = B_SPLINE_CURVE_WITH_KNOTS('',4,(#3062,#3063,#3064,#3065,#3066),
  .UNSPECIFIED.,.F.,.F.,(5,5),(0.,1.),.PIECEWISE_BEZIER_KNOTS.);
#3062 = CARTESIAN_POINT('',(0.464525899419,7.029538517442,0.4));
#3063 = CARTESIAN_POINT('',(0.438132701978,7.024739754271,0.4));
#3064 = CARTESIAN_POINT('',(0.403889585158,7.021565695184,0.4));
#3065 = CARTESIAN_POINT('',(0.361951579763,7.02,0.4));
#3066 = CARTESIAN_POINT('',(0.312590943023,7.02,0.4));
#3067 = ORIENTED_EDGE('',*,*,#3068,.F.);
#3068 = EDGE_CURVE('',#2973,#3059,#3069,.T.);
#3069 = LINE('',#3070,#3071);
#3070 = CARTESIAN_POINT('',(-3.209024796511E-02,7.02,0.4));
#3071 = VECTOR('',#3072,1.);
#3072 = DIRECTION('',(1.,2.E-16,-0.));
#3073 = FACE_BOUND('',#3074,.F.);
#3074 = EDGE_LOOP('',(#3075,#3085,#3093,#3101,#3111,#3122,#3130,#3138,
    #3146,#3154,#3162,#3172,#3182,#3190,#3198,#3206,#3217,#3227,#3235));
#3075 = ORIENTED_EDGE('',*,*,#3076,.F.);
#3076 = EDGE_CURVE('',#3077,#3079,#3081,.T.);
#3077 = VERTEX_POINT('',#3078);
#3078 = CARTESIAN_POINT('',(1.04047066686,8.02,0.4));
#3079 = VERTEX_POINT('',#3080);
#3080 = CARTESIAN_POINT('',(0.775436146512,7.02,0.4));
#3081 = LINE('',#3082,#3083);
#3082 = CARTESIAN_POINT('',(0.909539342867,7.525983885342,0.4));
#3083 = VECTOR('',#3084,1.);
#3084 = DIRECTION('',(-0.256189417114,-0.966626599344,0.));
#3085 = ORIENTED_EDGE('',*,*,#3086,.F.);
#3086 = EDGE_CURVE('',#3087,#3077,#3089,.T.);
#3087 = VERTEX_POINT('',#3088);
#3088 = CARTESIAN_POINT('',(1.175372556395,8.02,0.4));
#3089 = LINE('',#3090,#3091);
#3090 = CARTESIAN_POINT('',(0.587686278198,8.02,0.4));
#3091 = VECTOR('',#3092,1.);
#3092 = DIRECTION('',(-1.,-2.E-16,0.));
#3093 = ORIENTED_EDGE('',*,*,#3094,.F.);
#3094 = EDGE_CURVE('',#3095,#3087,#3097,.T.);
#3095 = VERTEX_POINT('',#3096);
#3096 = CARTESIAN_POINT('',(1.38726390814,7.257917877907,0.4));
#3097 = LINE('',#3098,#3099);
#3098 = CARTESIAN_POINT('',(1.340017063754,7.427844470639,0.4));
#3099 = VECTOR('',#3100,1.);
#3100 = DIRECTION('',(-0.267880789476,0.963452065559,0.));
#3101 = ORIENTED_EDGE('',*,*,#3102,.T.);
#3102 = EDGE_CURVE('',#3095,#3103,#3105,.T.);
#3103 = VERTEX_POINT('',#3104);
#3104 = CARTESIAN_POINT('',(1.41656078314,7.140594113372,0.4));
#3105 = B_SPLINE_CURVE_WITH_KNOTS('',4,(#3106,#3107,#3108,#3109,#3110),
  .UNSPECIFIED.,.F.,.F.,(5,5),(0.,1.),.PIECEWISE_BEZIER_KNOTS.);
#3106 = CARTESIAN_POINT('',(1.38726390814,7.257917877907,0.4));
#3107 = CARTESIAN_POINT('',(1.394092771871,7.233652648781,0.4));
#3108 = CARTESIAN_POINT('',(1.401254652051,7.205990263134,0.4));
#3109 = CARTESIAN_POINT('',(1.408745613407,7.174958207531,0.4));
#3110 = CARTESIAN_POINT('',(1.41656078314,7.140594113372,0.4));
#3111 = ORIENTED_EDGE('',*,*,#3112,.T.);
#3112 = EDGE_CURVE('',#3103,#3113,#3115,.T.);
#3113 = VERTEX_POINT('',#3114);
#3114 = CARTESIAN_POINT('',(1.447901626163,7.257917877907,0.4));
#3115 = B_SPLINE_CURVE_WITH_KNOTS('',5,(#3116,#3117,#3118,#3119,#3120,
    #3121),.UNSPECIFIED.,.F.,.F.,(6,6),(0.,1.),
  .PIECEWISE_BEZIER_KNOTS.);
#3116 = CARTESIAN_POINT('',(1.41656078314,7.140594113372,0.4));
#3117 = CARTESIAN_POINT('',(1.418482407026,7.149396980891,0.4));
#3118 = CARTESIAN_POINT('',(1.422612920967,7.165655510141,0.4));
#3119 = CARTESIAN_POINT('',(1.428933345206,7.189300912315,0.4));
#3120 = CARTESIAN_POINT('',(1.437389263846,7.220145252966,0.4));
#3121 = CARTESIAN_POINT('',(1.447901626163,7.257917877907,0.4));
#3122 = ORIENTED_EDGE('',*,*,#3123,.F.);
#3123 = EDGE_CURVE('',#3124,#3113,#3126,.T.);
#3124 = VERTEX_POINT('',#3125);
#3125 = CARTESIAN_POINT('',(1.658430332558,8.02,0.4));
#3126 = LINE('',#3127,#3128);
#3127 = CARTESIAN_POINT('',(1.499319667714,7.444043422922,0.4));
#3128 = VECTOR('',#3129,1.);
#3129 = DIRECTION('',(-0.266280599629,-0.963895555681,0.));
#3130 = ORIENTED_EDGE('',*,*,#3131,.F.);
#3131 = EDGE_CURVE('',#3132,#3124,#3134,.T.);
#3132 = VERTEX_POINT('',#3133);
#3133 = CARTESIAN_POINT('',(1.785837672674,8.02,0.4));
#3134 = LINE('',#3135,#3136);
#3135 = CARTESIAN_POINT('',(0.892918836337,8.02,0.4));
#3136 = VECTOR('',#3137,1.);
#3137 = DIRECTION('',(-1.,-2.E-16,0.));
#3138 = ORIENTED_EDGE('',*,*,#3139,.F.);
#3139 = EDGE_CURVE('',#3140,#3132,#3142,.T.);
#3140 = VERTEX_POINT('',#3141);
#3141 = CARTESIAN_POINT('',(2.059729387791,7.02,0.4));
#3142 = LINE('',#3143,#3144);
#3143 = CARTESIAN_POINT('',(1.960051090092,7.383933234185,0.4));
#3144 = VECTOR('',#3145,1.);
#3145 = DIRECTION('',(-0.264162578962,0.964478165578,0.));
#3146 = ORIENTED_EDGE('',*,*,#3147,.F.);
#3147 = EDGE_CURVE('',#3148,#3140,#3150,.T.);
#3148 = VERTEX_POINT('',#3149);
#3149 = CARTESIAN_POINT('',(1.926871466279,7.02,0.4));
#3150 = LINE('',#3151,#3152);
#3151 = CARTESIAN_POINT('',(0.96343573314,7.02,0.4));
#3152 = VECTOR('',#3153,1.);
#3153 = DIRECTION('',(1.,2.E-16,-0.));
#3154 = ORIENTED_EDGE('',*,*,#3155,.F.);
#3155 = EDGE_CURVE('',#3156,#3148,#3158,.T.);
#3156 = VERTEX_POINT('',#3157);
#3157 = CARTESIAN_POINT('',(1.770167251163,7.662668968023,0.4));
#3158 = LINE('',#3159,#3160);
#3159 = CARTESIAN_POINT('',(1.769329176382,7.666106046307,0.4));
#3160 = VECTOR('',#3161,1.);
#3161 = DIRECTION('',(0.236892951176,-0.971535758314,0.));
#3162 = ORIENTED_EDGE('',*,*,#3163,.T.);
#3163 = EDGE_CURVE('',#3156,#3164,#3166,.T.);
#3164 = VERTEX_POINT('',#3165);
#3165 = CARTESIAN_POINT('',(1.72043069593,7.880328851744,0.4));
#3166 = B_SPLINE_CURVE_WITH_KNOTS('',4,(#3167,#3168,#3169,#3170,#3171),
  .UNSPECIFIED.,.F.,.F.,(5,5),(0.,1.),.PIECEWISE_BEZIER_KNOTS.);
#3167 = CARTESIAN_POINT('',(1.770167251163,7.662668968023,0.4));
#3168 = CARTESIAN_POINT('',(1.754938363833,7.723674762599,0.4));
#3169 = CARTESIAN_POINT('',(1.741542641287,7.780366513355,0.4));
#3170 = CARTESIAN_POINT('',(1.730027450299,7.832619272882,0.4));
#3171 = CARTESIAN_POINT('',(1.72043069593,7.880328851744,0.4));
#3172 = ORIENTED_EDGE('',*,*,#3173,.T.);
#3173 = EDGE_CURVE('',#3164,#3174,#3176,.T.);
#3174 = VERTEX_POINT('',#3175);
#3175 = CARTESIAN_POINT('',(1.642759911047,7.526222747093,0.4));
#3176 = B_SPLINE_CURVE_WITH_KNOTS('',4,(#3177,#3178,#3179,#3180,#3181),
  .UNSPECIFIED.,.F.,.F.,(5,5),(0.,1.),.PIECEWISE_BEZIER_KNOTS.);
#3177 = CARTESIAN_POINT('',(1.72043069593,7.880328851744,0.4));
#3178 = CARTESIAN_POINT('',(1.708402720214,7.79670578248,0.4));
#3179 = CARTESIAN_POINT('',(1.691354629055,7.70971138508,0.4));
#3180 = CARTESIAN_POINT('',(1.669419198007,7.619496505523,0.4));
#3181 = CARTESIAN_POINT('',(1.642759911047,7.526222747093,0.4));
#3182 = ORIENTED_EDGE('',*,*,#3183,.F.);
#3183 = EDGE_CURVE('',#3184,#3174,#3186,.T.);
#3184 = VERTEX_POINT('',#3185);
#3185 = CARTESIAN_POINT('',(1.499682149419,7.02,0.4));
#3186 = LINE('',#3187,#3188);
#3187 = CARTESIAN_POINT('',(1.472783997825,6.924831777931,0.4));
#3188 = VECTOR('',#3189,1.);
#3189 = DIRECTION('',(0.271983078319,0.962302034243,-0.));
#3190 = ORIENTED_EDGE('',*,*,#3191,.F.);
#3191 = EDGE_CURVE('',#3192,#3184,#3194,.T.);
#3192 = VERTEX_POINT('',#3193);
#3193 = CARTESIAN_POINT('',(1.340252643605,7.02,0.4));
#3194 = LINE('',#3195,#3196);
#3195 = CARTESIAN_POINT('',(0.670126321802,7.02,0.4));
#3196 = VECTOR('',#3197,1.);
#3197 = DIRECTION('',(1.,2.E-16,-0.));
#3198 = ORIENTED_EDGE('',*,*,#3199,.F.);
#3199 = EDGE_CURVE('',#3200,#3192,#3202,.T.);
#3200 = VERTEX_POINT('',#3201);
#3201 = CARTESIAN_POINT('',(1.150163617442,7.695417877907,0.4));
#3202 = LINE('',#3203,#3204);
#3203 = CARTESIAN_POINT('',(1.167556678619,7.633617443092,0.4));
#3204 = VECTOR('',#3205,1.);
#3205 = DIRECTION('',(0.270914292798,-0.962603472858,0.));
#3206 = ORIENTED_EDGE('',*,*,#3207,.T.);
#3207 = EDGE_CURVE('',#3200,#3208,#3210,.T.);
#3208 = VERTEX_POINT('',#3209);
#3209 = CARTESIAN_POINT('',(1.10519632093,7.880328851744,0.4));
#3210 = B_SPLINE_CURVE_WITH_KNOTS('',5,(#3211,#3212,#3213,#3214,#3215,
    #3216),.UNSPECIFIED.,.F.,.F.,(6,6),(0.,1.),
  .PIECEWISE_BEZIER_KNOTS.);
#3211 = CARTESIAN_POINT('',(1.150163617442,7.695417877907,0.4));
#3212 = CARTESIAN_POINT('',(1.147384734808,7.705440381272,0.4));
#3213 = CARTESIAN_POINT('',(1.141356912572,7.729543959134,0.4));
#3214 = CARTESIAN_POINT('',(1.132146032826,7.767457508324,0.4));
#3215 = CARTESIAN_POINT('',(1.119994440747,7.818141514897,0.4));
#3216 = CARTESIAN_POINT('',(1.10519632093,7.880328851744,0.4));
#3217 = ORIENTED_EDGE('',*,*,#3218,.T.);
#3218 = EDGE_CURVE('',#3208,#3219,#3221,.T.);
#3219 = VERTEX_POINT('',#3220);
#3220 = CARTESIAN_POINT('',(1.062954315116,7.675659520349,0.4));
#3221 = B_SPLINE_CURVE_WITH_KNOTS('',4,(#3222,#3223,#3224,#3225,#3226),
  .UNSPECIFIED.,.F.,.F.,(5,5),(0.,1.),.PIECEWISE_BEZIER_KNOTS.);
#3222 = CARTESIAN_POINT('',(1.10519632093,7.880328851744,0.4));
#3223 = CARTESIAN_POINT('',(1.096334450244,7.829475347653,0.4));
#3224 = CARTESIAN_POINT('',(1.086338781562,7.778411362623,0.4));
#3225 = CARTESIAN_POINT('',(1.075211280365,7.727138774392,0.4));
#3226 = CARTESIAN_POINT('',(1.062954315116,7.675659520349,0.4));
#3227 = ORIENTED_EDGE('',*,*,#3228,.F.);
#3228 = EDGE_CURVE('',#3229,#3219,#3231,.T.);
#3229 = VERTEX_POINT('',#3230);
#3230 = CARTESIAN_POINT('',(0.911019358721,7.02,0.4));
#3231 = LINE('',#3232,#3233);
#3232 = CARTESIAN_POINT('',(0.911812902047,7.023424453785,0.4));
#3233 = VECTOR('',#3234,1.);
#3234 = DIRECTION('',(0.225746612349,0.974186053592,-0.));
#3235 = ORIENTED_EDGE('',*,*,#3236,.F.);
#3236 = EDGE_CURVE('',#3079,#3229,#3237,.T.);
#3237 = LINE('',#3238,#3239);
#3238 = CARTESIAN_POINT('',(0.387718073256,7.02,0.4));
#3239 = VECTOR('',#3240,1.);
#3240 = DIRECTION('',(1.,2.E-16,-0.));
#3241 = FACE_BOUND('',#3242,.F.);
#3242 = EDGE_LOOP('',(#3243,#3253,#3261,#3269,#3277,#3285,#3293,#3301,
    #3309,#3317,#3325,#3333,#3344,#3355,#3363));
#3243 = ORIENTED_EDGE('',*,*,#3244,.F.);
#3244 = EDGE_CURVE('',#3245,#3247,#3249,.T.);
#3245 = VERTEX_POINT('',#3246);
#3246 = CARTESIAN_POINT('',(2.617778079651,8.02,0.4));
#3247 = VERTEX_POINT('',#3248);
#3248 = CARTESIAN_POINT('',(2.617778079651,7.02,0.4));
#3249 = LINE('',#3250,#3251);
#3250 = CARTESIAN_POINT('',(2.617778079651,7.629162886753,0.4));
#3251 = VECTOR('',#3252,1.);
#3252 = DIRECTION('',(2.E-16,-1.,0.));
#3253 = ORIENTED_EDGE('',*,*,#3254,.F.);
#3254 = EDGE_CURVE('',#3255,#3245,#3257,.T.);
#3255 = VERTEX_POINT('',#3256);
#3256 = CARTESIAN_POINT('',(2.745185419767,8.02,0.4));
#3257 = LINE('',#3258,#3259);
#3258 = CARTESIAN_POINT('',(1.372592709884,8.02,0.4));
#3259 = VECTOR('',#3260,1.);
#3260 = DIRECTION('',(-1.,-2.E-16,0.));
#3261 = ORIENTED_EDGE('',*,*,#3262,.F.);
#3262 = EDGE_CURVE('',#3263,#3255,#3265,.T.);
#3263 = VERTEX_POINT('',#3264);
#3264 = CARTESIAN_POINT('',(2.745185419767,7.168528343023,0.4));
#3265 = LINE('',#3266,#3267);
#3266 = CARTESIAN_POINT('',(2.745185419767,7.203427058264,0.4));
#3267 = VECTOR('',#3268,1.);
#3268 = DIRECTION('',(-2.E-16,1.,0.));
#3269 = ORIENTED_EDGE('',*,*,#3270,.F.);
#3270 = EDGE_CURVE('',#3271,#3263,#3273,.T.);
#3271 = VERTEX_POINT('',#3272);
#3272 = CARTESIAN_POINT('',(3.034066233721,8.02,0.4));
#3273 = LINE('',#3274,#3275);
#3274 = CARTESIAN_POINT('',(2.758559209147,7.20794737694,0.4));
#3275 = VECTOR('',#3276,1.);
#3276 = DIRECTION('',(-0.32128501932,-0.946982542796,0.));
#3277 = ORIENTED_EDGE('',*,*,#3278,.F.);
#3278 = EDGE_CURVE('',#3279,#3271,#3281,.T.);
#3279 = VERTEX_POINT('',#3280);
#3280 = CARTESIAN_POINT('',(3.153297701744,8.02,0.4));
#3281 = LINE('',#3282,#3283);
#3282 = CARTESIAN_POINT('',(1.576648850872,8.02,0.4));
#3283 = VECTOR('',#3284,1.);
#3284 = DIRECTION('',(-1.,-2.E-16,0.));
#3285 = ORIENTED_EDGE('',*,*,#3286,.F.);
#3286 = EDGE_CURVE('',#3287,#3279,#3289,.T.);
#3287 = VERTEX_POINT('',#3288);
#3288 = CARTESIAN_POINT('',(3.443541161047,7.182836119186,0.4));
#3289 = LINE('',#3290,#3291);
#3290 = CARTESIAN_POINT('',(3.250204541544,7.740486703544,0.4));
#3291 = VECTOR('',#3292,1.);
#3292 = DIRECTION('',(-0.327570063092,0.944826890899,0.));
#3293 = ORIENTED_EDGE('',*,*,#3294,.F.);
#3294 = EDGE_CURVE('',#3295,#3287,#3297,.T.);
#3295 = VERTEX_POINT('',#3296);
#3296 = CARTESIAN_POINT('',(3.443541161047,8.02,0.4));
#3297 = LINE('',#3298,#3299);
#3298 = CARTESIAN_POINT('',(3.443541161047,7.629162886753,0.4));
#3299 = VECTOR('',#3300,1.);
#3300 = DIRECTION('',(2.E-16,-1.,0.));
#3301 = ORIENTED_EDGE('',*,*,#3302,.F.);
#3302 = EDGE_CURVE('',#3303,#3295,#3305,.T.);
#3303 = VERTEX_POINT('',#3304);
#3304 = CARTESIAN_POINT('',(3.570948501163,8.02,0.4));
#3305 = LINE('',#3306,#3307);
#3306 = CARTESIAN_POINT('',(1.785474250581,8.02,0.4));
#3307 = VECTOR('',#3308,1.);
#3308 = DIRECTION('',(-1.,-2.E-16,0.));
#3309 = ORIENTED_EDGE('',*,*,#3310,.F.);
#3310 = EDGE_CURVE('',#3311,#3303,#3313,.T.);
#3311 = VERTEX_POINT('',#3312);
#3312 = CARTESIAN_POINT('',(3.570948501163,7.02,0.4));
#3313 = LINE('',#3314,#3315);
#3314 = CARTESIAN_POINT('',(3.570948501163,7.129162886753,0.4));
#3315 = VECTOR('',#3316,1.);
#3316 = DIRECTION('',(-2.E-16,1.,0.));
#3317 = ORIENTED_EDGE('',*,*,#3318,.F.);
#3318 = EDGE_CURVE('',#3319,#3311,#3321,.T.);
#3319 = VERTEX_POINT('',#3320);
#3320 = CARTESIAN_POINT('',(3.39312328314,7.02,0.4));
#3321 = LINE('',#3322,#3323);
#3322 = CARTESIAN_POINT('',(1.69656164157,7.02,0.4));
#3323 = VECTOR('',#3324,1.);
#3324 = DIRECTION('',(1.,2.E-16,-0.));
#3325 = ORIENTED_EDGE('',*,*,#3326,.F.);
#3326 = EDGE_CURVE('',#3327,#3319,#3329,.T.);
#3327 = VERTEX_POINT('',#3328);
#3328 = CARTESIAN_POINT('',(3.153979024419,7.715902979651,0.4));
#3329 = LINE('',#3330,#3331);
#3330 = CARTESIAN_POINT('',(3.060809652646,7.987023197112,0.4));
#3331 = VECTOR('',#3332,1.);
#3332 = DIRECTION('',(0.324991786148,-0.945716838666,0.));
#3333 = ORIENTED_EDGE('',*,*,#3334,.T.);
#3334 = EDGE_CURVE('',#3327,#3335,#3337,.T.);
#3335 = VERTEX_POINT('',#3336);
#3336 = CARTESIAN_POINT('',(3.100835855814,7.876240915698,0.4));
#3337 = B_SPLINE_CURVE_WITH_KNOTS('',5,(#3338,#3339,#3340,#3341,#3342,
    #3343),.UNSPECIFIED.,.F.,.F.,(6,6),(0.,1.),
  .PIECEWISE_BEZIER_KNOTS.);
#3338 = CARTESIAN_POINT('',(3.153979024419,7.715902979651,0.4));
#3339 = CARTESIAN_POINT('',(3.139676304785,7.757785660539,0.4));
#3340 = CARTESIAN_POINT('',(3.127161836047,7.794894484424,0.4));
#3341 = CARTESIAN_POINT('',(3.116489579207,7.827082085058,0.4));
#3342 = CARTESIAN_POINT('',(3.107704050637,7.854226061892,0.4));
#3343 = CARTESIAN_POINT('',(3.100835855814,7.876240915698,0.4));
#3344 = ORIENTED_EDGE('',*,*,#3345,.T.);
#3345 = EDGE_CURVE('',#3335,#3346,#3348,.T.);
#3346 = VERTEX_POINT('',#3347);
#3347 = CARTESIAN_POINT('',(3.053143268605,7.728212209302,0.4));
#3348 = B_SPLINE_CURVE_WITH_KNOTS('',5,(#3349,#3350,#3351,#3352,#3353,
    #3354),.UNSPECIFIED.,.F.,.F.,(6,6),(0.,1.),
  .PIECEWISE_BEZIER_KNOTS.);
#3349 = CARTESIAN_POINT('',(3.100835855814,7.876240915698,0.4));
#3350 = CARTESIAN_POINT('',(3.094797197116,7.856459733721,0.4));
#3351 = CARTESIAN_POINT('',(3.086977887994,7.831677447993,0.4));
#3352 = CARTESIAN_POINT('',(3.077402819722,7.801966611787,0.4));
#3353 = CARTESIAN_POINT('',(3.066109253557,7.767434313783,0.4));
#3354 = CARTESIAN_POINT('',(3.053143268605,7.728212209302,0.4));
#3355 = ORIENTED_EDGE('',*,*,#3356,.F.);
#3356 = EDGE_CURVE('',#3357,#3346,#3359,.T.);
#3357 = VERTEX_POINT('',#3358);
#3358 = CARTESIAN_POINT('',(2.816724300581,7.02,0.4));
#3359 = LINE('',#3360,#3361);
#3360 = CARTESIAN_POINT('',(2.708301464962,6.695210595009,0.4));
#3361 = VECTOR('',#3362,1.);
#3362 = DIRECTION('',(0.316647498316,0.9485432841,-0.));
#3363 = ORIENTED_EDGE('',*,*,#3364,.F.);
#3364 = EDGE_CURVE('',#3247,#3357,#3365,.T.);
#3365 = LINE('',#3366,#3367);
#3366 = CARTESIAN_POINT('',(1.308889039826,7.02,0.4));
#3367 = VECTOR('',#3368,1.);
#3368 = DIRECTION('',(1.,2.E-16,-0.));
#3369 = FACE_BOUND('',#3370,.F.);
#3370 = EDGE_LOOP('',(#3371,#3384,#3395,#3407,#3422,#3435,#3446,#3457,
    #3468,#3478,#3491,#3501));
#3371 = ORIENTED_EDGE('',*,*,#3372,.T.);
#3372 = EDGE_CURVE('',#3373,#3375,#3377,.T.);
#3373 = VERTEX_POINT('',#3374);
#3374 = CARTESIAN_POINT('',(-0.745321484302,7.072961482558,0.4));
#3375 = VERTEX_POINT('',#3376);
#3376 = CARTESIAN_POINT('',(-0.853651789535,7.240112645349,0.4));
#3377 = B_SPLINE_CURVE_WITH_KNOTS('',5,(#3378,#3379,#3380,#3381,#3382,
    #3383),.UNSPECIFIED.,.F.,.F.,(6,6),(0.,1.),
  .PIECEWISE_BEZIER_KNOTS.);
#3378 = CARTESIAN_POINT('',(-0.745321484302,7.072961482558,0.4));
#3379 = CARTESIAN_POINT('',(-0.774153413665,7.096544615678,0.4));
#3380 = CARTESIAN_POINT('',(-0.799414815176,7.125110263077,0.4));
#3381 = CARTESIAN_POINT('',(-0.821075365054,7.158622480269,0.4));
#3382 = CARTESIAN_POINT('',(-0.839141645971,7.196997822753,0.4));
#3383 = CARTESIAN_POINT('',(-0.853651789535,7.240112645349,0.4));
#3384 = ORIENTED_EDGE('',*,*,#3385,.T.);
#3385 = EDGE_CURVE('',#3375,#3386,#3388,.T.);
#3386 = VERTEX_POINT('',#3387);
#3387 = CARTESIAN_POINT('',(-0.89007984186,7.526177325581,0.4));
#3388 = B_SPLINE_CURVE_WITH_KNOTS('',5,(#3389,#3390,#3391,#3392,#3393,
    #3394),.UNSPECIFIED.,.F.,.F.,(6,6),(0.,1.),
  .PIECEWISE_BEZIER_KNOTS.);
#3389 = CARTESIAN_POINT('',(-0.853651789535,7.240112645349,0.4));
#3390 = CARTESIAN_POINT('',(-0.868448701741,7.284115931649,0.4));
#3391 = CARTESIAN_POINT('',(-0.879400792498,7.335013829234,0.4));
#3392 = CARTESIAN_POINT('',(-0.886570463294,7.392553785776,0.4));
#3393 = CARTESIAN_POINT('',(-0.89007984186,7.456397984261,0.4));
#3394 = CARTESIAN_POINT('',(-0.89007984186,7.526177325581,0.4));
#3395 = ORIENTED_EDGE('',*,*,#3396,.T.);
#3396 = EDGE_CURVE('',#3386,#3397,#3399,.T.);
#3397 = VERTEX_POINT('',#3398);
#3398 = CARTESIAN_POINT('',(-0.79128805407,7.933562863372,0.4));
#3399 = B_SPLINE_CURVE_WITH_KNOTS('',6,(#3400,#3401,#3402,#3403,#3404,
    #3405,#3406),.UNSPECIFIED.,.F.,.F.,(7,7),(0.,1.),
  .PIECEWISE_BEZIER_KNOTS.);
#3400 = CARTESIAN_POINT('',(-0.89007984186,7.526177325581,0.4));
#3401 = CARTESIAN_POINT('',(-0.89007984186,7.615417750087,0.4));
#3402 = CARTESIAN_POINT('',(-0.884156203375,7.697535032412,0.4));
#3403 = CARTESIAN_POINT('',(-0.871735537594,7.771457091124,0.4));
#3404 = CARTESIAN_POINT('',(-0.852291194051,7.836052563826,0.4));
#3405 = CARTESIAN_POINT('',(-0.825462069638,7.890291489177,0.4));
#3406 = CARTESIAN_POINT('',(-0.79128805407,7.933562863372,0.4));
#3407 = ORIENTED_EDGE('',*,*,#3408,.T.);
#3408 = EDGE_CURVE('',#3397,#3409,#3411,.T.);
#3409 = VERTEX_POINT('',#3410);
#3410 = CARTESIAN_POINT('',(-0.564407603488,8.037441860465,0.4));
#3411 = B_SPLINE_CURVE_WITH_KNOTS('',5,(#3412,#3413,#3414,#3415,#3416,
    #3417,#3418,#3419,#3420,#3421),.UNSPECIFIED.,.F.,.F.,(6,4,6),(0.,
    0.386518340218,1.),.UNSPECIFIED.);
#3412 = CARTESIAN_POINT('',(-0.79128805407,7.933562863372,0.4));
#3413 = CARTESIAN_POINT('',(-0.77856139194,7.949599158849,0.4));
#3414 = CARTESIAN_POINT('',(-0.764885172782,7.964121123227,0.4));
#3415 = CARTESIAN_POINT('',(-0.750260195453,7.977105277775,0.4));
#3416 = CARTESIAN_POINT('',(-0.734692572048,7.988536365994,0.4));
#3417 = CARTESIAN_POINT('',(-0.692006773126,8.014074578766,0.4));
#3418 = CARTESIAN_POINT('',(-0.663473414856,8.02581199574,0.4));
#3419 = CARTESIAN_POINT('',(-0.632640173758,8.033591177118,0.4));
#3420 = CARTESIAN_POINT('',(-0.599584221134,8.037441860465,0.4));
#3421 = CARTESIAN_POINT('',(-0.564407603488,8.037441860465,0.4));
#3422 = ORIENTED_EDGE('',*,*,#3423,.T.);
#3423 = EDGE_CURVE('',#3409,#3424,#3426,.T.);
#3424 = VERTEX_POINT('',#3425);
#3425 = CARTESIAN_POINT('',(-0.382857821512,7.978348473837,0.4));
#3426 = B_SPLINE_CURVE_WITH_KNOTS('',4,(#3427,#3428,#3429,#3430,#3431,
    #3432,#3433,#3434),.UNSPECIFIED.,.F.,.F.,(5,3,5),(0.,0.844284880891,
    1.),.UNSPECIFIED.);
#3427 = CARTESIAN_POINT('',(-0.564407603488,8.037441860465,0.4));
#3428 = CARTESIAN_POINT('',(-0.518323960144,8.037441860465,0.4));
#3429 = CARTESIAN_POINT('',(-0.47648712529,8.030489070923,0.4));
#3430 = CARTESIAN_POINT('',(-0.43908606444,8.016441972124,0.4));
#3431 = CARTESIAN_POINT('',(-0.400132232054,7.991456971453,0.4));
#3432 = CARTESIAN_POINT('',(-0.394220025128,7.987326712528,0.4));
#3433 = CARTESIAN_POINT('',(-0.388461780072,7.982957038999,0.4));
#3434 = CARTESIAN_POINT('',(-0.382857821512,7.978348473837,0.4));
#3435 = ORIENTED_EDGE('',*,*,#3436,.T.);
#3436 = EDGE_CURVE('',#3424,#3437,#3439,.T.);
#3437 = VERTEX_POINT('',#3438);
#3438 = CARTESIAN_POINT('',(-0.27484546686,7.810879360465,0.4));
#3439 = B_SPLINE_CURVE_WITH_KNOTS('',5,(#3440,#3441,#3442,#3443,#3444,
    #3445),.UNSPECIFIED.,.F.,.F.,(6,6),(0.,1.),
  .PIECEWISE_BEZIER_KNOTS.);
#3440 = CARTESIAN_POINT('',(-0.382857821512,7.978348473837,0.4));
#3441 = CARTESIAN_POINT('',(-0.354009948424,7.954621417135,0.4));
#3442 = CARTESIAN_POINT('',(-0.328772131638,7.925952957044,0.4));
#3443 = CARTESIAN_POINT('',(-0.307175060588,7.892378344676,0.4));
#3444 = CARTESIAN_POINT('',(-0.289212275465,7.85397978628,0.4));
#3445 = CARTESIAN_POINT('',(-0.27484546686,7.810879360465,0.4));
#3446 = ORIENTED_EDGE('',*,*,#3447,.T.);
#3447 = EDGE_CURVE('',#3437,#3448,#3450,.T.);
#3448 = VERTEX_POINT('',#3449);
#3449 = CARTESIAN_POINT('',(-0.238735365116,7.526177325581,0.4));
#3450 = B_SPLINE_CURVE_WITH_KNOTS('',5,(#3451,#3452,#3453,#3454,#3455,
    #3456),.UNSPECIFIED.,.F.,.F.,(6,6),(0.,1.),
  .PIECEWISE_BEZIER_KNOTS.);
#3451 = CARTESIAN_POINT('',(-0.27484546686,7.810879360465,0.4));
#3452 = CARTESIAN_POINT('',(-0.260183214206,7.766874159416,0.4));
#3453 = CARTESIAN_POINT('',(-0.249327514395,7.716123874214,0.4));
#3454 = CARTESIAN_POINT('',(-0.242217489524,7.658870745449,0.4));
#3455 = CARTESIAN_POINT('',(-0.238735365116,7.595437463835,0.4));
#3456 = CARTESIAN_POINT('',(-0.238735365116,7.526177325581,0.4));
#3457 = ORIENTED_EDGE('',*,*,#3458,.T.);
#3458 = EDGE_CURVE('',#3448,#3459,#3461,.T.);
#3459 = VERTEX_POINT('',#3460);
#3460 = CARTESIAN_POINT('',(-0.261219013372,7.289304142442,0.4));
#3461 = B_SPLINE_CURVE_WITH_KNOTS('',5,(#3462,#3463,#3464,#3465,#3466,
    #3467),.UNSPECIFIED.,.F.,.F.,(6,6),(0.,1.),
  .PIECEWISE_BEZIER_KNOTS.);
#3462 = CARTESIAN_POINT('',(-0.238735365116,7.526177325581,0.4));
#3463 = CARTESIAN_POINT('',(-0.238735365116,7.467417312859,0.4));
#3464 = CARTESIAN_POINT('',(-0.240919986992,7.414116639856,0.4));
#3465 = CARTESIAN_POINT('',(-0.24536138512,7.36652568057,0.4));
#3466 = CARTESIAN_POINT('',(-0.252117033036,7.32486622319,0.4));
#3467 = CARTESIAN_POINT('',(-0.261219013372,7.289304142442,0.4));
#3468 = ORIENTED_EDGE('',*,*,#3469,.T.);
#3469 = EDGE_CURVE('',#3459,#3470,#3472,.T.);
#3470 = VERTEX_POINT('',#3471);
#3471 = CARTESIAN_POINT('',(-0.323219376744,7.140321584302,0.4));
#3472 = B_SPLINE_CURVE_WITH_KNOTS('',4,(#3473,#3474,#3475,#3476,#3477),
  .UNSPECIFIED.,.F.,.F.,(5,5),(0.,1.),.PIECEWISE_BEZIER_KNOTS.);
#3473 = CARTESIAN_POINT('',(-0.261219013372,7.289304142442,0.4));
#3474 = CARTESIAN_POINT('',(-0.27242531117,7.245520344581,0.4));
#3475 = CARTESIAN_POINT('',(-0.286480819081,7.206049061761,0.4));
#3476 = CARTESIAN_POINT('',(-0.303411029415,7.170967602124,0.4));
#3477 = CARTESIAN_POINT('',(-0.323219376744,7.140321584302,0.4));
#3478 = ORIENTED_EDGE('',*,*,#3479,.T.);
#3479 = EDGE_CURVE('',#3470,#3480,#3482,.T.);
#3480 = VERTEX_POINT('',#3481);
#3481 = CARTESIAN_POINT('',(-0.423373809884,7.046662427326,0.4));
#3482 = B_SPLINE_CURVE_WITH_KNOTS('',4,(#3483,#3484,#3485,#3486,#3487,
    #3488,#3489,#3490),.UNSPECIFIED.,.F.,.F.,(5,3,5),(0.,0.726074512688,
    1.),.UNSPECIFIED.);
#3483 = CARTESIAN_POINT('',(-0.323219376744,7.140321584302,0.4));
#3484 = CARTESIAN_POINT('',(-0.337551407326,7.118131647298,0.4));
#3485 = CARTESIAN_POINT('',(-0.353748103607,7.098439662677,0.4));
#3486 = CARTESIAN_POINT('',(-0.371810558522,7.081265171596,0.4));
#3487 = CARTESIAN_POINT('',(-0.399245018692,7.061087454308,0.4));
#3488 = CARTESIAN_POINT('',(-0.407024328656,7.055919502647,0.4));
#3489 = CARTESIAN_POINT('',(-0.415067481128,7.051111135236,0.4));
#3490 = CARTESIAN_POINT('',(-0.423373809884,7.046662427326,0.4));
#3491 = ORIENTED_EDGE('',*,*,#3492,.T.);
#3492 = EDGE_CURVE('',#3480,#3493,#3495,.T.);
#3493 = VERTEX_POINT('',#3494);
#3494 = CARTESIAN_POINT('',(-0.564407603488,7.014186046512,0.4));
#3495 = B_SPLINE_CURVE_WITH_KNOTS('',4,(#3496,#3497,#3498,#3499,#3500),
  .UNSPECIFIED.,.F.,.F.,(5,5),(0.,1.),.PIECEWISE_BEZIER_KNOTS.);
#3496 = CARTESIAN_POINT('',(-0.423373809884,7.046662427326,0.4));
#3497 = CARTESIAN_POINT('',(-0.453729822827,7.030404337997,0.4));
#3498 = CARTESIAN_POINT('',(-0.487381355871,7.019575343762,0.4));
#3499 = CARTESIAN_POINT('',(-0.524296431038,7.014186046512,0.4));
#3500 = CARTESIAN_POINT('',(-0.564407603488,7.014186046512,0.4));
#3501 = ORIENTED_EDGE('',*,*,#3502,.T.);
#3502 = EDGE_CURVE('',#3493,#3373,#3503,.T.);
#3503 = B_SPLINE_CURVE_WITH_KNOTS('',4,(#3504,#3505,#3506,#3507,#3508,
    #3509,#3510,#3511),.UNSPECIFIED.,.F.,.F.,(5,3,5),(0.,0.836287341216,
    1.),.UNSPECIFIED.);
#3504 = CARTESIAN_POINT('',(-0.564407603488,7.014186046512,0.4));
#3505 = CARTESIAN_POINT('',(-0.609777583006,7.014186046512,0.4));
#3506 = CARTESIAN_POINT('',(-0.651057345311,7.020972971601,0.4));
#3507 = CARTESIAN_POINT('',(-0.688069273535,7.034680199591,0.4));
#3508 = CARTESIAN_POINT('',(-0.727135006631,7.059293467134,0.4));
#3509 = CARTESIAN_POINT('',(-0.733364193783,7.063586489686,0.4));
#3510 = CARTESIAN_POINT('',(-0.739426475822,7.06814269483,0.4));
#3511 = CARTESIAN_POINT('',(-0.745321484302,7.072961482558,0.4));
#3512 = FACE_BOUND('',#3513,.F.);
#3513 = EDGE_LOOP('',(#3514,#3524,#3532,#3540));
#3514 = ORIENTED_EDGE('',*,*,#3515,.F.);
#3515 = EDGE_CURVE('',#3516,#3518,#3520,.T.);
#3516 = VERTEX_POINT('',#3517);
#3517 = CARTESIAN_POINT('',(2.093386727907,7.717674418605,0.4));
#3518 = VERTEX_POINT('',#3519);
#3519 = CARTESIAN_POINT('',(2.093386727907,7.595581395349,0.4));
#3520 = LINE('',#3521,#3522);
#3521 = CARTESIAN_POINT('',(2.093386727907,7.478000096055,0.4));
#3522 = VECTOR('',#3523,1.);
#3523 = DIRECTION('',(2.E-16,-1.,0.));
#3524 = ORIENTED_EDGE('',*,*,#3525,.F.);
#3525 = EDGE_CURVE('',#3526,#3516,#3528,.T.);
#3526 = VERTEX_POINT('',#3527);
#3527 = CARTESIAN_POINT('',(2.47015816686,7.717674418605,0.4));
#3528 = LINE('',#3529,#3530);
#3529 = CARTESIAN_POINT('',(1.23507908343,7.717674418605,0.4));
#3530 = VECTOR('',#3531,1.);
#3531 = DIRECTION('',(-1.,-2.E-16,0.));
#3532 = ORIENTED_EDGE('',*,*,#3533,.F.);
#3533 = EDGE_CURVE('',#3534,#3526,#3536,.T.);
#3534 = VERTEX_POINT('',#3535);
#3535 = CARTESIAN_POINT('',(2.47015816686,7.595581395349,0.4));
#3536 = LINE('',#3537,#3538);
#3537 = CARTESIAN_POINT('',(2.47015816686,7.416953584427,0.4));
#3538 = VECTOR('',#3539,1.);
#3539 = DIRECTION('',(-2.E-16,1.,0.));
#3540 = ORIENTED_EDGE('',*,*,#3541,.F.);
#3541 = EDGE_CURVE('',#3518,#3534,#3542,.T.);
#3542 = LINE('',#3543,#3544);
#3543 = CARTESIAN_POINT('',(1.046693363953,7.595581395349,0.4));
#3544 = VECTOR('',#3545,1.);
#3545 = DIRECTION('',(1.,2.E-16,-0.));
#3546 = PLANE('',#3547);
#3547 = AXIS2_PLACEMENT_3D('',#3548,#3549,#3550);
#3548 = CARTESIAN_POINT('',(1.703307510469E-16,7.238325773505,0.4));
#3549 = DIRECTION('',(0.,0.,1.));
#3550 = DIRECTION('',(1.,0.,0.));
#3551 = ADVANCED_FACE('',(#3552),#3579,.F.);
#3552 = FACE_BOUND('',#3553,.F.);
#3553 = EDGE_LOOP('',(#3554,#3555,#3563,#3572,#3578));
#3554 = ORIENTED_EDGE('',*,*,#2310,.F.);
#3555 = ORIENTED_EDGE('',*,*,#3556,.T.);
#3556 = EDGE_CURVE('',#2311,#3557,#3559,.T.);
#3557 = VERTEX_POINT('',#3558);
#3558 = CARTESIAN_POINT('',(-3.926971847761,8.482251658122,5.));
#3559 = LINE('',#3560,#3561);
#3560 = CARTESIAN_POINT('',(-3.926971847761,8.482251658122,5.2));
#3561 = VECTOR('',#3562,1.);
#3562 = DIRECTION('',(-0.,-0.,-1.));
#3563 = ORIENTED_EDGE('',*,*,#3564,.T.);
#3564 = EDGE_CURVE('',#3557,#3565,#3567,.T.);
#3565 = VERTEX_POINT('',#3566);
#3566 = CARTESIAN_POINT('',(-4.649860258824,7.759363247059,5.));
#3567 = CIRCLE('',#3568,0.722888411063);
#3568 = AXIS2_PLACEMENT_3D('',#3569,#3570,#3571);
#3569 = CARTESIAN_POINT('',(-3.926971847761,7.759363247059,5.));
#3570 = DIRECTION('',(0.,0.,1.));
#3571 = DIRECTION('',(1.,0.,0.));
#3572 = ORIENTED_EDGE('',*,*,#3573,.F.);
#3573 = EDGE_CURVE('',#1676,#3565,#3574,.T.);
#3574 = LINE('',#3575,#3576);
#3575 = CARTESIAN_POINT('',(-4.649860258824,7.759363247059,5.2));
#3576 = VECTOR('',#3577,1.);
#3577 = DIRECTION('',(-0.,-0.,-1.));
#3578 = ORIENTED_EDGE('',*,*,#1683,.F.);
#3579 = CYLINDRICAL_SURFACE('',#3580,0.722888411063);
#3580 = AXIS2_PLACEMENT_3D('',#3581,#3582,#3583);
#3581 = CARTESIAN_POINT('',(-3.926971847761,7.759363247059,5.2));
#3582 = DIRECTION('',(0.,0.,1.));
#3583 = DIRECTION('',(1.,0.,0.));
#3584 = ADVANCED_FACE('',(#3585),#3603,.F.);
#3585 = FACE_BOUND('',#3586,.F.);
#3586 = EDGE_LOOP('',(#3587,#3588,#3589,#3597));
#3587 = ORIENTED_EDGE('',*,*,#1675,.F.);
#3588 = ORIENTED_EDGE('',*,*,#3573,.T.);
#3589 = ORIENTED_EDGE('',*,*,#3590,.T.);
#3590 = EDGE_CURVE('',#3565,#3591,#3593,.T.);
#3591 = VERTEX_POINT('',#3592);
#3592 = CARTESIAN_POINT('',(-4.649860258824,6.192437628964,5.));
#3593 = LINE('',#3594,#3595);
#3594 = CARTESIAN_POINT('',(-4.649860258824,7.759363247059,5.));
#3595 = VECTOR('',#3596,1.);
#3596 = DIRECTION('',(0.,-1.,0.));
#3597 = ORIENTED_EDGE('',*,*,#3598,.F.);
#3598 = EDGE_CURVE('',#1649,#3591,#3599,.T.);
#3599 = LINE('',#3600,#3601);
#3600 = CARTESIAN_POINT('',(-4.649860258824,6.192437628964,5.2));
#3601 = VECTOR('',#3602,1.);
#3602 = DIRECTION('',(-0.,-0.,-1.));
#3603 = PLANE('',#3604);
#3604 = AXIS2_PLACEMENT_3D('',#3605,#3606,#3607);
#3605 = CARTESIAN_POINT('',(-4.649860258824,7.759363247059,5.2));
#3606 = DIRECTION('',(-1.,0.,0.));
#3607 = DIRECTION('',(0.,-1.,0.));
#3608 = ADVANCED_FACE('',(#3609),#3629,.F.);
#3609 = FACE_BOUND('',#3610,.F.);
#3610 = EDGE_LOOP('',(#3611,#3612,#3613,#3622,#3628));
#3611 = ORIENTED_EDGE('',*,*,#1648,.F.);
#3612 = ORIENTED_EDGE('',*,*,#3598,.T.);
#3613 = ORIENTED_EDGE('',*,*,#3614,.T.);
#3614 = EDGE_CURVE('',#3591,#3615,#3617,.T.);
#3615 = VERTEX_POINT('',#3616);
#3616 = CARTESIAN_POINT('',(-3.926971847761,5.469549217901,5.));
#3617 = CIRCLE('',#3618,0.722888411063);
#3618 = AXIS2_PLACEMENT_3D('',#3619,#3620,#3621);
#3619 = CARTESIAN_POINT('',(-3.926971847761,6.192437628964,5.));
#3620 = DIRECTION('',(0.,0.,1.));
#3621 = DIRECTION('',(1.,0.,0.));
#3622 = ORIENTED_EDGE('',*,*,#3623,.F.);
#3623 = EDGE_CURVE('',#1825,#3615,#3624,.T.);
#3624 = LINE('',#3625,#3626);
#3625 = CARTESIAN_POINT('',(-3.926971847761,5.469549217901,5.2));
#3626 = VECTOR('',#3627,1.);
#3627 = DIRECTION('',(-0.,-0.,-1.));
#3628 = ORIENTED_EDGE('',*,*,#1832,.F.);
#3629 = CYLINDRICAL_SURFACE('',#3630,0.722888411063);
#3630 = AXIS2_PLACEMENT_3D('',#3631,#3632,#3633);
#3631 = CARTESIAN_POINT('',(-3.926971847761,6.192437628964,5.2));
#3632 = DIRECTION('',(0.,0.,1.));
#3633 = DIRECTION('',(1.,0.,0.));
#3634 = ADVANCED_FACE('',(#3635),#3662,.F.);
#3635 = FACE_BOUND('',#3636,.F.);
#3636 = EDGE_LOOP('',(#3637,#3638,#3646,#3655,#3661));
#3637 = ORIENTED_EDGE('',*,*,#1815,.F.);
#3638 = ORIENTED_EDGE('',*,*,#3639,.T.);
#3639 = EDGE_CURVE('',#1816,#3640,#3642,.T.);
#3640 = VERTEX_POINT('',#3641);
#3641 = CARTESIAN_POINT('',(3.926971847761,5.469549217901,5.));
#3642 = LINE('',#3643,#3644);
#3643 = CARTESIAN_POINT('',(3.926971847761,5.469549217901,5.2));
#3644 = VECTOR('',#3645,1.);
#3645 = DIRECTION('',(-0.,-0.,-1.));
#3646 = ORIENTED_EDGE('',*,*,#3647,.T.);
#3647 = EDGE_CURVE('',#3640,#3648,#3650,.T.);
#3648 = VERTEX_POINT('',#3649);
#3649 = CARTESIAN_POINT('',(4.649860258824,6.192437628964,5.));
#3650 = CIRCLE('',#3651,0.722888411063);
#3651 = AXIS2_PLACEMENT_3D('',#3652,#3653,#3654);
#3652 = CARTESIAN_POINT('',(3.926971847761,6.192437628964,5.));
#3653 = DIRECTION('',(0.,0.,1.));
#3654 = DIRECTION('',(1.,0.,0.));
#3655 = ORIENTED_EDGE('',*,*,#3656,.F.);
#3656 = EDGE_CURVE('',#1765,#3648,#3657,.T.);
#3657 = LINE('',#3658,#3659);
#3658 = CARTESIAN_POINT('',(4.649860258824,6.192437628964,5.2));
#3659 = VECTOR('',#3660,1.);
#3660 = DIRECTION('',(-0.,-0.,-1.));
#3661 = ORIENTED_EDGE('',*,*,#1772,.F.);
#3662 = CYLINDRICAL_SURFACE('',#3663,0.722888411063);
#3663 = AXIS2_PLACEMENT_3D('',#3664,#3665,#3666);
#3664 = CARTESIAN_POINT('',(3.926971847761,6.192437628964,5.2));
#3665 = DIRECTION('',(0.,0.,1.));
#3666 = DIRECTION('',(1.,0.,0.));
#3667 = ADVANCED_FACE('',(#3668),#3686,.F.);
#3668 = FACE_BOUND('',#3669,.F.);
#3669 = EDGE_LOOP('',(#3670,#3671,#3672,#3680));
#3670 = ORIENTED_EDGE('',*,*,#1764,.T.);
#3671 = ORIENTED_EDGE('',*,*,#3656,.T.);
#3672 = ORIENTED_EDGE('',*,*,#3673,.T.);
#3673 = EDGE_CURVE('',#3648,#3674,#3676,.T.);
#3674 = VERTEX_POINT('',#3675);
#3675 = CARTESIAN_POINT('',(4.649860258824,7.759363247059,5.));
#3676 = LINE('',#3677,#3678);
#3677 = CARTESIAN_POINT('',(4.649860258824,6.192437628964,5.));
#3678 = VECTOR('',#3679,1.);
#3679 = DIRECTION('',(0.,1.,0.));
#3680 = ORIENTED_EDGE('',*,*,#3681,.F.);
#3681 = EDGE_CURVE('',#1738,#3674,#3682,.T.);
#3682 = LINE('',#3683,#3684);
#3683 = CARTESIAN_POINT('',(4.649860258824,7.759363247059,5.2));
#3684 = VECTOR('',#3685,1.);
#3685 = DIRECTION('',(-0.,-0.,-1.));
#3686 = PLANE('',#3687);
#3687 = AXIS2_PLACEMENT_3D('',#3688,#3689,#3690);
#3688 = CARTESIAN_POINT('',(4.649860258824,6.192437628964,5.2));
#3689 = DIRECTION('',(1.,0.,0.));
#3690 = DIRECTION('',(0.,1.,0.));
#3691 = ADVANCED_FACE('',(#3692),#3712,.F.);
#3692 = FACE_BOUND('',#3693,.F.);
#3693 = EDGE_LOOP('',(#3694,#3695,#3696,#3705,#3711));
#3694 = ORIENTED_EDGE('',*,*,#1737,.F.);
#3695 = ORIENTED_EDGE('',*,*,#3681,.T.);
#3696 = ORIENTED_EDGE('',*,*,#3697,.T.);
#3697 = EDGE_CURVE('',#3674,#3698,#3700,.T.);
#3698 = VERTEX_POINT('',#3699);
#3699 = CARTESIAN_POINT('',(3.926971847761,8.482251658122,5.));
#3700 = CIRCLE('',#3701,0.722888411063);
#3701 = AXIS2_PLACEMENT_3D('',#3702,#3703,#3704);
#3702 = CARTESIAN_POINT('',(3.926971847761,7.759363247059,5.));
#3703 = DIRECTION('',(0.,0.,1.));
#3704 = DIRECTION('',(1.,0.,0.));
#3705 = ORIENTED_EDGE('',*,*,#3706,.F.);
#3706 = EDGE_CURVE('',#2299,#3698,#3707,.T.);
#3707 = LINE('',#3708,#3709);
#3708 = CARTESIAN_POINT('',(3.926971847761,8.482251658122,5.2));
#3709 = VECTOR('',#3710,1.);
#3710 = DIRECTION('',(-0.,-0.,-1.));
#3711 = ORIENTED_EDGE('',*,*,#2298,.F.);
#3712 = CYLINDRICAL_SURFACE('',#3713,0.722888411063);
#3713 = AXIS2_PLACEMENT_3D('',#3714,#3715,#3716);
#3714 = CARTESIAN_POINT('',(3.926971847761,7.759363247059,5.2));
#3715 = DIRECTION('',(0.,0.,1.));
#3716 = DIRECTION('',(1.,0.,0.));
#3717 = ADVANCED_FACE('',(#3718),#3729,.F.);
#3718 = FACE_BOUND('',#3719,.F.);
#3719 = EDGE_LOOP('',(#3720,#3721,#3727,#3728));
#3720 = ORIENTED_EDGE('',*,*,#3623,.T.);
#3721 = ORIENTED_EDGE('',*,*,#3722,.T.);
#3722 = EDGE_CURVE('',#3615,#3640,#3723,.T.);
#3723 = LINE('',#3724,#3725);
#3724 = CARTESIAN_POINT('',(-3.926971847761,5.469549217901,5.));
#3725 = VECTOR('',#3726,1.);
#3726 = DIRECTION('',(1.,0.,0.));
#3727 = ORIENTED_EDGE('',*,*,#3639,.F.);
#3728 = ORIENTED_EDGE('',*,*,#1824,.F.);
#3729 = PLANE('',#3730);
#3730 = AXIS2_PLACEMENT_3D('',#3731,#3732,#3733);
#3731 = CARTESIAN_POINT('',(-3.926971847761,5.469549217901,5.2));
#3732 = DIRECTION('',(0.,-1.,0.));
#3733 = DIRECTION('',(1.,0.,0.));
#3734 = ADVANCED_FACE('',(#3735,#3745,#3748),#3751,.F.);
#3735 = FACE_BOUND('',#3736,.F.);
#3736 = EDGE_LOOP('',(#3737,#3738,#3739,#3740,#3741,#3742,#3743,#3744));
#3737 = ORIENTED_EDGE('',*,*,#1856,.T.);
#3738 = ORIENTED_EDGE('',*,*,#1880,.T.);
#3739 = ORIENTED_EDGE('',*,*,#1904,.T.);
#3740 = ORIENTED_EDGE('',*,*,#1928,.T.);
#3741 = ORIENTED_EDGE('',*,*,#1952,.T.);
#3742 = ORIENTED_EDGE('',*,*,#1983,.F.);
#3743 = ORIENTED_EDGE('',*,*,#2001,.T.);
#3744 = ORIENTED_EDGE('',*,*,#2025,.F.);
#3745 = FACE_BOUND('',#3746,.F.);
#3746 = EDGE_LOOP('',(#3747));
#3747 = ORIENTED_EDGE('',*,*,#2333,.T.);
#3748 = FACE_BOUND('',#3749,.F.);
#3749 = EDGE_LOOP('',(#3750));
#3750 = ORIENTED_EDGE('',*,*,#2358,.T.);
#3751 = PLANE('',#3752);
#3752 = AXIS2_PLACEMENT_3D('',#3753,#3754,#3755);
#3753 = CARTESIAN_POINT('',(0.133261223694,6.4,2.647710113461));
#3754 = DIRECTION('',(0.,1.,0.));
#3755 = DIRECTION('',(0.,0.,1.));
#3756 = ADVANCED_FACE('',(#3757),#3763,.F.);
#3757 = FACE_BOUND('',#3758,.F.);
#3758 = EDGE_LOOP('',(#3759,#3760,#3761,#3762));
#3759 = ORIENTED_EDGE('',*,*,#2266,.T.);
#3760 = ORIENTED_EDGE('',*,*,#2052,.T.);
#3761 = ORIENTED_EDGE('',*,*,#2134,.F.);
#3762 = ORIENTED_EDGE('',*,*,#2162,.F.);
#3763 = PLANE('',#3764);
#3764 = AXIS2_PLACEMENT_3D('',#3765,#3766,#3767);
#3765 = CARTESIAN_POINT('',(-6.649999999972,3.395931706329,0.));
#3766 = DIRECTION('',(1.,0.,0.));
#3767 = DIRECTION('',(0.,-1.,0.));
#3768 = ADVANCED_FACE('',(#3769),#3780,.F.);
#3769 = FACE_BOUND('',#3770,.T.);
#3770 = EDGE_LOOP('',(#3771,#3777,#3778,#3779));
#3771 = ORIENTED_EDGE('',*,*,#3772,.T.);
#3772 = EDGE_CURVE('',#2183,#2072,#3773,.T.);
#3773 = LINE('',#3774,#3775);
#3774 = CARTESIAN_POINT('',(-5.06215,2.9,0.));
#3775 = VECTOR('',#3776,1.);
#3776 = DIRECTION('',(0.,0.,1.));
#3777 = ORIENTED_EDGE('',*,*,#2071,.T.);
#3778 = ORIENTED_EDGE('',*,*,#3772,.F.);
#3779 = ORIENTED_EDGE('',*,*,#2182,.F.);
#3780 = CYLINDRICAL_SURFACE('',#3781,0.43785);
#3781 = AXIS2_PLACEMENT_3D('',#3782,#3783,#3784);
#3782 = CARTESIAN_POINT('',(-5.5,2.9,0.));
#3783 = DIRECTION('',(-0.,-0.,-1.));
#3784 = DIRECTION('',(1.,0.,0.));
#3785 = ADVANCED_FACE('',(#3786),#3792,.T.);
#3786 = FACE_BOUND('',#3787,.T.);
#3787 = EDGE_LOOP('',(#3788,#3789,#3790,#3791));
#3788 = ORIENTED_EDGE('',*,*,#2281,.T.);
#3789 = ORIENTED_EDGE('',*,*,#2100,.T.);
#3790 = ORIENTED_EDGE('',*,*,#2249,.F.);
#3791 = ORIENTED_EDGE('',*,*,#2212,.F.);
#3792 = PLANE('',#3793);
#3793 = AXIS2_PLACEMENT_3D('',#3794,#3795,#3796);
#3794 = CARTESIAN_POINT('',(6.65,3.395931706329,0.));
#3795 = DIRECTION('',(1.,0.,0.));
#3796 = DIRECTION('',(0.,-1.,0.));
#3797 = ADVANCED_FACE('',(#3798),#3809,.F.);
#3798 = FACE_BOUND('',#3799,.T.);
#3799 = EDGE_LOOP('',(#3800,#3806,#3807,#3808));
#3800 = ORIENTED_EDGE('',*,*,#3801,.T.);
#3801 = EDGE_CURVE('',#2231,#2118,#3802,.T.);
#3802 = LINE('',#3803,#3804);
#3803 = CARTESIAN_POINT('',(5.982133,2.9,0.));
#3804 = VECTOR('',#3805,1.);
#3805 = DIRECTION('',(0.,0.,1.));
#3806 = ORIENTED_EDGE('',*,*,#2117,.T.);
#3807 = ORIENTED_EDGE('',*,*,#3801,.F.);
#3808 = ORIENTED_EDGE('',*,*,#2230,.F.);
#3809 = CYLINDRICAL_SURFACE('',#3810,0.482133);
#3810 = AXIS2_PLACEMENT_3D('',#3811,#3812,#3813);
#3811 = CARTESIAN_POINT('',(5.5,2.9,0.));
#3812 = DIRECTION('',(-0.,-0.,-1.));
#3813 = DIRECTION('',(1.,0.,0.));
#3814 = ADVANCED_FACE('',(#3815),#3826,.F.);
#3815 = FACE_BOUND('',#3816,.F.);
#3816 = EDGE_LOOP('',(#3817,#3818,#3824,#3825));
#3817 = ORIENTED_EDGE('',*,*,#3706,.T.);
#3818 = ORIENTED_EDGE('',*,*,#3819,.T.);
#3819 = EDGE_CURVE('',#3698,#3557,#3820,.T.);
#3820 = LINE('',#3821,#3822);
#3821 = CARTESIAN_POINT('',(3.926971847761,8.482251658122,5.));
#3822 = VECTOR('',#3823,1.);
#3823 = DIRECTION('',(-1.,0.,0.));
#3824 = ORIENTED_EDGE('',*,*,#3556,.F.);
#3825 = ORIENTED_EDGE('',*,*,#2319,.F.);
#3826 = PLANE('',#3827);
#3827 = AXIS2_PLACEMENT_3D('',#3828,#3829,#3830);
#3828 = CARTESIAN_POINT('',(3.926971847761,8.482251658122,5.2));
#3829 = DIRECTION('',(0.,1.,0.));
#3830 = DIRECTION('',(-1.,0.,0.));
#3831 = ADVANCED_FACE('',(#3832),#3857,.T.);
#3832 = FACE_BOUND('',#3833,.T.);
#3833 = EDGE_LOOP('',(#3834,#3835,#3843,#3851));
#3834 = ORIENTED_EDGE('',*,*,#2401,.F.);
#3835 = ORIENTED_EDGE('',*,*,#3836,.T.);
#3836 = EDGE_CURVE('',#2402,#3837,#3839,.T.);
#3837 = VERTEX_POINT('',#3838);
#3838 = CARTESIAN_POINT('',(-3.4999999,8.02,0.23));
#3839 = LINE('',#3840,#3841);
#3840 = CARTESIAN_POINT('',(-3.4999999,8.02,0.43));
#3841 = VECTOR('',#3842,1.);
#3842 = DIRECTION('',(-4.E-16,-7.771561172376E-16,-1.));
#3843 = ORIENTED_EDGE('',*,*,#3844,.T.);
#3844 = EDGE_CURVE('',#3837,#3845,#3847,.T.);
#3845 = VERTEX_POINT('',#3846);
#3846 = CARTESIAN_POINT('',(-3.113689943605,7.498833575581,0.23));
#3847 = LINE('',#3848,#3849);
#3848 = CARTESIAN_POINT('',(-3.4999999,8.02,0.23));
#3849 = VECTOR('',#3850,1.);
#3850 = DIRECTION('',(0.595487056727,-0.803364901692,3.861451250329E-16)
  );
#3851 = ORIENTED_EDGE('',*,*,#3852,.F.);
#3852 = EDGE_CURVE('',#2404,#3845,#3853,.T.);
#3853 = LINE('',#3854,#3855);
#3854 = CARTESIAN_POINT('',(-3.113689943605,7.498833575581,0.43));
#3855 = VECTOR('',#3856,1.);
#3856 = DIRECTION('',(-4.E-16,-7.771561172376E-16,-1.));
#3857 = PLANE('',#3858);
#3858 = AXIS2_PLACEMENT_3D('',#3859,#3860,#3861);
#3859 = CARTESIAN_POINT('',(-3.4999999,8.02,0.43));
#3860 = DIRECTION('',(-0.803364901692,-0.595487056727,7.841323695481E-16
    ));
#3861 = DIRECTION('',(0.595487056727,-0.803364901692,3.861451250329E-16)
  );
#3862 = ADVANCED_FACE('',(#3863),#3881,.T.);
#3863 = FACE_BOUND('',#3864,.T.);
#3864 = EDGE_LOOP('',(#3865,#3866,#3867,#3875));
#3865 = ORIENTED_EDGE('',*,*,#2532,.F.);
#3866 = ORIENTED_EDGE('',*,*,#3852,.T.);
#3867 = ORIENTED_EDGE('',*,*,#3868,.T.);
#3868 = EDGE_CURVE('',#3845,#3869,#3871,.T.);
#3869 = VERTEX_POINT('',#3870);
#3870 = CARTESIAN_POINT('',(-3.454351280814,7.02,0.23));
#3871 = LINE('',#3872,#3873);
#3872 = CARTESIAN_POINT('',(-3.113689943605,7.498833575581,0.23));
#3873 = VECTOR('',#3874,1.);
#3874 = DIRECTION('',(-0.579701732799,-0.814828755623,8.651298450529E-16
    ));
#3875 = ORIENTED_EDGE('',*,*,#3876,.F.);
#3876 = EDGE_CURVE('',#2525,#3869,#3877,.T.);
#3877 = LINE('',#3878,#3879);
#3878 = CARTESIAN_POINT('',(-3.454351280814,7.02,0.43));
#3879 = VECTOR('',#3880,1.);
#3880 = DIRECTION('',(-4.E-16,-7.771561172376E-16,-1.));
#3881 = PLANE('',#3882);
#3882 = AXIS2_PLACEMENT_3D('',#3883,#3884,#3885);
#3883 = CARTESIAN_POINT('',(-3.113689943605,7.498833575581,0.43));
#3884 = DIRECTION('',(-0.814828755623,0.579701732799,-1.245872455691E-16
    ));
#3885 = DIRECTION('',(-0.579701732799,-0.814828755623,8.651298450529E-16
    ));
#3886 = ADVANCED_FACE('',(#3887),#3905,.T.);
#3887 = FACE_BOUND('',#3888,.T.);
#3888 = EDGE_LOOP('',(#3889,#3890,#3891,#3899));
#3889 = ORIENTED_EDGE('',*,*,#2524,.F.);
#3890 = ORIENTED_EDGE('',*,*,#3876,.T.);
#3891 = ORIENTED_EDGE('',*,*,#3892,.T.);
#3892 = EDGE_CURVE('',#3869,#3893,#3895,.T.);
#3893 = VERTEX_POINT('',#3894);
#3894 = CARTESIAN_POINT('',(-3.296965743023,7.02,0.23));
#3895 = LINE('',#3896,#3897);
#3896 = CARTESIAN_POINT('',(-3.454351280814,7.02,0.23));
#3897 = VECTOR('',#3898,1.);
#3898 = DIRECTION('',(1.,2.E-16,-4.E-16));
#3899 = ORIENTED_EDGE('',*,*,#3900,.F.);
#3900 = EDGE_CURVE('',#2517,#3893,#3901,.T.);
#3901 = LINE('',#3902,#3903);
#3902 = CARTESIAN_POINT('',(-3.296965743023,7.02,0.43));
#3903 = VECTOR('',#3904,1.);
#3904 = DIRECTION('',(-4.E-16,-7.771561172376E-16,-1.));
#3905 = PLANE('',#3906);
#3906 = AXIS2_PLACEMENT_3D('',#3907,#3908,#3909);
#3907 = CARTESIAN_POINT('',(-3.454351280814,7.02,0.43));
#3908 = DIRECTION('',(2.E-16,-1.,7.771561172376E-16));
#3909 = DIRECTION('',(1.,2.E-16,-4.E-16));
#3910 = ADVANCED_FACE('',(#3911),#3929,.T.);
#3911 = FACE_BOUND('',#3912,.T.);
#3912 = EDGE_LOOP('',(#3913,#3914,#3915,#3923));
#3913 = ORIENTED_EDGE('',*,*,#2516,.F.);
#3914 = ORIENTED_EDGE('',*,*,#3900,.T.);
#3915 = ORIENTED_EDGE('',*,*,#3916,.T.);
#3916 = EDGE_CURVE('',#3893,#3917,#3919,.T.);
#3917 = VERTEX_POINT('',#3918);
#3918 = CARTESIAN_POINT('',(-3.115733911628,7.276177325581,0.23));
#3919 = LINE('',#3920,#3921);
#3920 = CARTESIAN_POINT('',(-3.296965743023,7.02,0.23));
#3921 = VECTOR('',#3922,1.);
#3922 = DIRECTION('',(0.577535312124,0.816365704356,-8.654577258933E-16)
  );
#3923 = ORIENTED_EDGE('',*,*,#3924,.F.);
#3924 = EDGE_CURVE('',#2506,#3917,#3925,.T.);
#3925 = LINE('',#3926,#3927);
#3926 = CARTESIAN_POINT('',(-3.115733911628,7.276177325581,0.43));
#3927 = VECTOR('',#3928,1.);
#3928 = DIRECTION('',(-4.E-16,-7.771561172376E-16,-1.));
#3929 = PLANE('',#3930);
#3930 = AXIS2_PLACEMENT_3D('',#3931,#3932,#3933);
#3931 = CARTESIAN_POINT('',(-3.296965743023,7.02,0.43));
#3932 = DIRECTION('',(0.816365704356,-0.577535312124,1.222888189957E-16)
  );
#3933 = DIRECTION('',(0.577535312124,0.816365704356,-8.654577258933E-16)
  );
#3934 = ADVANCED_FACE('',(#3935),#3953,.T.);
#3935 = FACE_BOUND('',#3936,.T.);
#3936 = EDGE_LOOP('',(#3937,#3938,#3939,#3947));
#3937 = ORIENTED_EDGE('',*,*,#2505,.T.);
#3938 = ORIENTED_EDGE('',*,*,#3924,.T.);
#3939 = ORIENTED_EDGE('',*,*,#3940,.T.);
#3940 = EDGE_CURVE('',#3917,#3941,#3943,.T.);
#3941 = VERTEX_POINT('',#3942);
#3942 = CARTESIAN_POINT('',(-3.035337836047,7.398815406977,0.23));
#3943 = B_SPLINE_CURVE_WITH_KNOTS('',2,(#3944,#3945,#3946),
  .UNSPECIFIED.,.F.,.F.,(3,3),(0.,1.),.PIECEWISE_BEZIER_KNOTS.);
#3944 = CARTESIAN_POINT('',(-3.115733911628,7.276177325581,0.23));
#3945 = CARTESIAN_POINT('',(-3.059184129651,7.355892078488,0.23));
#3946 = CARTESIAN_POINT('',(-3.035337836047,7.398815406977,0.23));
#3947 = ORIENTED_EDGE('',*,*,#3948,.F.);
#3948 = EDGE_CURVE('',#2496,#3941,#3949,.T.);
#3949 = LINE('',#3950,#3951);
#3950 = CARTESIAN_POINT('',(-3.035337836047,7.398815406977,0.43));
#3951 = VECTOR('',#3952,1.);
#3952 = DIRECTION('',(-4.E-16,-7.771561172376E-16,-1.));
#3953 = SURFACE_OF_LINEAR_EXTRUSION('',#3954,#3958);
#3954 = B_SPLINE_CURVE_WITH_KNOTS('',2,(#3955,#3956,#3957),
  .UNSPECIFIED.,.F.,.F.,(3,3),(0.,1.),.PIECEWISE_BEZIER_KNOTS.);
#3955 = CARTESIAN_POINT('',(-3.115733911628,7.276177325581,0.43));
#3956 = CARTESIAN_POINT('',(-3.059184129651,7.355892078488,0.43));
#3957 = CARTESIAN_POINT('',(-3.035337836047,7.398815406977,0.43));
#3958 = VECTOR('',#3959,1.);
#3959 = DIRECTION('',(4.E-16,7.771561172376E-16,1.));
#3960 = ADVANCED_FACE('',(#3961),#3979,.T.);
#3961 = FACE_BOUND('',#3962,.T.);
#3962 = EDGE_LOOP('',(#3963,#3964,#3965,#3973));
#3963 = ORIENTED_EDGE('',*,*,#2495,.T.);
#3964 = ORIENTED_EDGE('',*,*,#3948,.T.);
#3965 = ORIENTED_EDGE('',*,*,#3966,.T.);
#3966 = EDGE_CURVE('',#3941,#3967,#3969,.T.);
#3967 = VERTEX_POINT('',#3968);
#3968 = CARTESIAN_POINT('',(-2.956304405814,7.285034520349,0.23));
#3969 = B_SPLINE_CURVE_WITH_KNOTS('',2,(#3970,#3971,#3972),
  .UNSPECIFIED.,.F.,.F.,(3,3),(0.,1.),.PIECEWISE_BEZIER_KNOTS.);
#3970 = CARTESIAN_POINT('',(-3.035337836047,7.398815406977,0.23));
#3971 = CARTESIAN_POINT('',(-3.001953025,7.344309593023,0.23));
#3972 = CARTESIAN_POINT('',(-2.956304405814,7.285034520349,0.23));
#3973 = ORIENTED_EDGE('',*,*,#3974,.F.);
#3974 = EDGE_CURVE('',#2488,#3967,#3975,.T.);
#3975 = LINE('',#3976,#3977);
#3976 = CARTESIAN_POINT('',(-2.956304405814,7.285034520349,0.43));
#3977 = VECTOR('',#3978,1.);
#3978 = DIRECTION('',(-4.E-16,-7.771561172376E-16,-1.));
#3979 = SURFACE_OF_LINEAR_EXTRUSION('',#3980,#3984);
#3980 = B_SPLINE_CURVE_WITH_KNOTS('',2,(#3981,#3982,#3983),
  .UNSPECIFIED.,.F.,.F.,(3,3),(0.,1.),.PIECEWISE_BEZIER_KNOTS.);
#3981 = CARTESIAN_POINT('',(-3.035337836047,7.398815406977,0.43));
#3982 = CARTESIAN_POINT('',(-3.001953025,7.344309593023,0.43));
#3983 = CARTESIAN_POINT('',(-2.956304405814,7.285034520349,0.43));
#3984 = VECTOR('',#3985,1.);
#3985 = DIRECTION('',(4.E-16,7.771561172376E-16,1.));
#3986 = ADVANCED_FACE('',(#3987),#4005,.T.);
#3987 = FACE_BOUND('',#3988,.T.);
#3988 = EDGE_LOOP('',(#3989,#3990,#3991,#3999));
#3989 = ORIENTED_EDGE('',*,*,#2487,.F.);
#3990 = ORIENTED_EDGE('',*,*,#3974,.T.);
#3991 = ORIENTED_EDGE('',*,*,#3992,.T.);
#3992 = EDGE_CURVE('',#3967,#3993,#3995,.T.);
#3993 = VERTEX_POINT('',#3994);
#3994 = CARTESIAN_POINT('',(-2.75531421686,7.02,0.23));
#3995 = LINE('',#3996,#3997);
#3996 = CARTESIAN_POINT('',(-2.956304405814,7.285034520349,0.23));
#3997 = VECTOR('',#3998,1.);
#3998 = DIRECTION('',(0.604251979837,-0.796793288666,3.77531986526E-16)
  );
#3999 = ORIENTED_EDGE('',*,*,#4000,.F.);
#4000 = EDGE_CURVE('',#2480,#3993,#4001,.T.);
#4001 = LINE('',#4002,#4003);
#4002 = CARTESIAN_POINT('',(-2.75531421686,7.02,0.43));
#4003 = VECTOR('',#4004,1.);
#4004 = DIRECTION('',(-4.E-16,-7.771561172376E-16,-1.));
#4005 = PLANE('',#4006);
#4006 = AXIS2_PLACEMENT_3D('',#4007,#4008,#4009);
#4007 = CARTESIAN_POINT('',(-2.956304405814,7.285034520349,0.43));
#4008 = DIRECTION('',(-0.796793288666,-0.604251979837,7.883154379495E-16
    ));
#4009 = DIRECTION('',(0.604251979837,-0.796793288666,3.77531986526E-16)
  );
#4010 = ADVANCED_FACE('',(#4011),#4029,.T.);
#4011 = FACE_BOUND('',#4012,.T.);
#4012 = EDGE_LOOP('',(#4013,#4014,#4015,#4023));
#4013 = ORIENTED_EDGE('',*,*,#2479,.F.);
#4014 = ORIENTED_EDGE('',*,*,#4000,.T.);
#4015 = ORIENTED_EDGE('',*,*,#4016,.T.);
#4016 = EDGE_CURVE('',#3993,#4017,#4019,.T.);
#4017 = VERTEX_POINT('',#4018);
#4018 = CARTESIAN_POINT('',(-2.611555132558,7.02,0.23));
#4019 = LINE('',#4020,#4021);
#4020 = CARTESIAN_POINT('',(-2.75531421686,7.02,0.23));
#4021 = VECTOR('',#4022,1.);
#4022 = DIRECTION('',(1.,2.E-16,-4.E-16));
#4023 = ORIENTED_EDGE('',*,*,#4024,.F.);
#4024 = EDGE_CURVE('',#2472,#4017,#4025,.T.);
#4025 = LINE('',#4026,#4027);
#4026 = CARTESIAN_POINT('',(-2.611555132558,7.02,0.43));
#4027 = VECTOR('',#4028,1.);
#4028 = DIRECTION('',(-4.E-16,-7.771561172376E-16,-1.));
#4029 = PLANE('',#4030);
#4030 = AXIS2_PLACEMENT_3D('',#4031,#4032,#4033);
#4031 = CARTESIAN_POINT('',(-2.75531421686,7.02,0.43));
#4032 = DIRECTION('',(2.E-16,-1.,7.771561172376E-16));
#4033 = DIRECTION('',(1.,2.E-16,-4.E-16));
#4034 = ADVANCED_FACE('',(#4035),#4053,.T.);
#4035 = FACE_BOUND('',#4036,.T.);
#4036 = EDGE_LOOP('',(#4037,#4038,#4039,#4047));
#4037 = ORIENTED_EDGE('',*,*,#2471,.F.);
#4038 = ORIENTED_EDGE('',*,*,#4024,.T.);
#4039 = ORIENTED_EDGE('',*,*,#4040,.T.);
#4040 = EDGE_CURVE('',#4017,#4041,#4043,.T.);
#4041 = VERTEX_POINT('',#4042);
#4042 = CARTESIAN_POINT('',(-2.962436309884,7.491339026163,0.23));
#4043 = LINE('',#4044,#4045);
#4044 = CARTESIAN_POINT('',(-2.611555132558,7.02,0.23));
#4045 = VECTOR('',#4046,1.);
#4046 = DIRECTION('',(-0.597139181737,0.802137642574,-3.845305030982E-16
    ));
#4047 = ORIENTED_EDGE('',*,*,#4048,.F.);
#4048 = EDGE_CURVE('',#2464,#4041,#4049,.T.);
#4049 = LINE('',#4050,#4051);
#4050 = CARTESIAN_POINT('',(-2.962436309884,7.491339026163,0.43));
#4051 = VECTOR('',#4052,1.);
#4052 = DIRECTION('',(-4.E-16,-7.771561172376E-16,-1.));
#4053 = PLANE('',#4054);
#4054 = AXIS2_PLACEMENT_3D('',#4055,#4056,#4057);
#4055 = CARTESIAN_POINT('',(-2.611555132558,7.02,0.43));
#4056 = DIRECTION('',(0.802137642574,0.597139181737,-7.849254249589E-16)
  );
#4057 = DIRECTION('',(-0.597139181737,0.802137642574,-3.845305030982E-16
    ));
#4058 = ADVANCED_FACE('',(#4059),#4077,.T.);
#4059 = FACE_BOUND('',#4060,.T.);
#4060 = EDGE_LOOP('',(#4061,#4062,#4063,#4071));
#4061 = ORIENTED_EDGE('',*,*,#2463,.F.);
#4062 = ORIENTED_EDGE('',*,*,#4048,.T.);
#4063 = ORIENTED_EDGE('',*,*,#4064,.T.);
#4064 = EDGE_CURVE('',#4041,#4065,#4067,.T.);
#4065 = VERTEX_POINT('',#4066);
#4066 = CARTESIAN_POINT('',(-2.584302225581,8.02,0.23));
#4067 = LINE('',#4068,#4069);
#4068 = CARTESIAN_POINT('',(-2.962436309884,7.491339026163,0.23));
#4069 = VECTOR('',#4070,1.);
#4070 = DIRECTION('',(0.581766907056,0.813355559306,-8.648110112265E-16)
  );
#4071 = ORIENTED_EDGE('',*,*,#4072,.F.);
#4072 = EDGE_CURVE('',#2456,#4065,#4073,.T.);
#4073 = LINE('',#4074,#4075);
#4074 = CARTESIAN_POINT('',(-2.584302225581,8.02,0.43));
#4075 = VECTOR('',#4076,1.);
#4076 = DIRECTION('',(-4.E-16,-7.771561172376E-16,-1.));
#4077 = PLANE('',#4078);
#4078 = AXIS2_PLACEMENT_3D('',#4079,#4080,#4081);
#4079 = CARTESIAN_POINT('',(-2.962436309884,7.491339026163,0.43));
#4080 = DIRECTION('',(0.813355559306,-0.581766907056,1.267814869025E-16)
  );
#4081 = DIRECTION('',(0.581766907056,0.813355559306,-8.648110112265E-16)
  );
#4082 = ADVANCED_FACE('',(#4083),#4101,.T.);
#4083 = FACE_BOUND('',#4084,.T.);
#4084 = EDGE_LOOP('',(#4085,#4086,#4087,#4095));
#4085 = ORIENTED_EDGE('',*,*,#2455,.F.);
#4086 = ORIENTED_EDGE('',*,*,#4072,.T.);
#4087 = ORIENTED_EDGE('',*,*,#4088,.T.);
#4088 = EDGE_CURVE('',#4065,#4089,#4091,.T.);
#4089 = VERTEX_POINT('',#4090);
#4090 = CARTESIAN_POINT('',(-2.747819667442,8.02,0.23));
#4091 = LINE('',#4092,#4093);
#4092 = CARTESIAN_POINT('',(-2.584302225581,8.02,0.23));
#4093 = VECTOR('',#4094,1.);
#4094 = DIRECTION('',(-1.,-2.E-16,4.E-16));
#4095 = ORIENTED_EDGE('',*,*,#4096,.F.);
#4096 = EDGE_CURVE('',#2448,#4089,#4097,.T.);
#4097 = LINE('',#4098,#4099);
#4098 = CARTESIAN_POINT('',(-2.747819667442,8.02,0.43));
#4099 = VECTOR('',#4100,1.);
#4100 = DIRECTION('',(-4.E-16,-7.771561172376E-16,-1.));
#4101 = PLANE('',#4102);
#4102 = AXIS2_PLACEMENT_3D('',#4103,#4104,#4105);
#4103 = CARTESIAN_POINT('',(-2.584302225581,8.02,0.43));
#4104 = DIRECTION('',(-2.E-16,1.,-7.771561172376E-16));
#4105 = DIRECTION('',(-1.,-2.E-16,4.E-16));
#4106 = ADVANCED_FACE('',(#4107),#4125,.T.);
#4107 = FACE_BOUND('',#4108,.T.);
#4108 = EDGE_LOOP('',(#4109,#4110,#4111,#4119));
#4109 = ORIENTED_EDGE('',*,*,#2447,.F.);
#4110 = ORIENTED_EDGE('',*,*,#4096,.T.);
#4111 = ORIENTED_EDGE('',*,*,#4112,.T.);
#4112 = EDGE_CURVE('',#4089,#4113,#4115,.T.);
#4113 = VERTEX_POINT('',#4114);
#4114 = CARTESIAN_POINT('',(-2.999227734302,7.663668241279,0.23));
#4115 = LINE('',#4116,#4117);
#4116 = CARTESIAN_POINT('',(-2.747819667442,8.02,0.23));
#4117 = VECTOR('',#4118,1.);
#4118 = DIRECTION('',(-0.576499167389,-0.817097735892,8.656121707851E-16
    ));
#4119 = ORIENTED_EDGE('',*,*,#4120,.F.);
#4120 = EDGE_CURVE('',#2438,#4113,#4121,.T.);
#4121 = LINE('',#4122,#4123);
#4122 = CARTESIAN_POINT('',(-2.999227734302,7.663668241279,0.43));
#4123 = VECTOR('',#4124,1.);
#4124 = DIRECTION('',(-4.E-16,-7.771561172376E-16,-1.));
#4125 = PLANE('',#4126);
#4126 = AXIS2_PLACEMENT_3D('',#4127,#4128,#4129);
#4127 = CARTESIAN_POINT('',(-2.747819667442,8.02,0.43));
#4128 = DIRECTION('',(-0.817097735892,0.576499167389,-1.211907601616E-16
    ));
#4129 = DIRECTION('',(-0.576499167389,-0.817097735892,8.656121707851E-16
    ));
#4130 = ADVANCED_FACE('',(#4131),#4149,.T.);
#4131 = FACE_BOUND('',#4132,.T.);
#4132 = EDGE_LOOP('',(#4133,#4134,#4135,#4143));
#4133 = ORIENTED_EDGE('',*,*,#2437,.T.);
#4134 = ORIENTED_EDGE('',*,*,#4120,.T.);
#4135 = ORIENTED_EDGE('',*,*,#4136,.T.);
#4136 = EDGE_CURVE('',#4113,#4137,#4139,.T.);
#4137 = VERTEX_POINT('',#4138);
#4138 = CARTESIAN_POINT('',(-3.042832385465,7.596898619186,0.23));
#4139 = B_SPLINE_CURVE_WITH_KNOTS('',2,(#4140,#4141,#4142),
  .UNSPECIFIED.,.F.,.F.,(3,3),(0.,1.),.PIECEWISE_BEZIER_KNOTS.);
#4140 = CARTESIAN_POINT('',(-2.999227734302,7.663668241279,0.23));
#4141 = CARTESIAN_POINT('',(-3.020348737209,7.63300872093,0.23));
#4142 = CARTESIAN_POINT('',(-3.042832385465,7.596898619186,0.23));
#4143 = ORIENTED_EDGE('',*,*,#4144,.F.);
#4144 = EDGE_CURVE('',#2428,#4137,#4145,.T.);
#4145 = LINE('',#4146,#4147);
#4146 = CARTESIAN_POINT('',(-3.042832385465,7.596898619186,0.43));
#4147 = VECTOR('',#4148,1.);
#4148 = DIRECTION('',(-4.E-16,-7.771561172376E-16,-1.));
#4149 = SURFACE_OF_LINEAR_EXTRUSION('',#4150,#4154);
#4150 = B_SPLINE_CURVE_WITH_KNOTS('',2,(#4151,#4152,#4153),
  .UNSPECIFIED.,.F.,.F.,(3,3),(0.,1.),.PIECEWISE_BEZIER_KNOTS.);
#4151 = CARTESIAN_POINT('',(-2.999227734302,7.663668241279,0.43));
#4152 = CARTESIAN_POINT('',(-3.020348737209,7.63300872093,0.43));
#4153 = CARTESIAN_POINT('',(-3.042832385465,7.596898619186,0.43));
#4154 = VECTOR('',#4155,1.);
#4155 = DIRECTION('',(4.E-16,7.771561172376E-16,1.));
#4156 = ADVANCED_FACE('',(#4157),#4175,.T.);
#4157 = FACE_BOUND('',#4158,.T.);
#4158 = EDGE_LOOP('',(#4159,#4160,#4161,#4169));
#4159 = ORIENTED_EDGE('',*,*,#2427,.T.);
#4160 = ORIENTED_EDGE('',*,*,#4144,.T.);
#4161 = ORIENTED_EDGE('',*,*,#4162,.T.);
#4162 = EDGE_CURVE('',#4137,#4163,#4165,.T.);
#4163 = VERTEX_POINT('',#4164);
#4164 = CARTESIAN_POINT('',(-3.090524972674,7.671844113372,0.23));
#4165 = B_SPLINE_CURVE_WITH_KNOTS('',2,(#4166,#4167,#4168),
  .UNSPECIFIED.,.F.,.F.,(3,3),(0.,1.),.PIECEWISE_BEZIER_KNOTS.);
#4166 = CARTESIAN_POINT('',(-3.042832385465,7.596898619186,0.23));
#4167 = CARTESIAN_POINT('',(-3.076217196512,7.65140443314,0.23));
#4168 = CARTESIAN_POINT('',(-3.090524972674,7.671844113372,0.23));
#4169 = ORIENTED_EDGE('',*,*,#4170,.F.);
#4170 = EDGE_CURVE('',#2420,#4163,#4171,.T.);
#4171 = LINE('',#4172,#4173);
#4172 = CARTESIAN_POINT('',(-3.090524972674,7.671844113372,0.43));
#4173 = VECTOR('',#4174,1.);
#4174 = DIRECTION('',(-4.E-16,-7.771561172376E-16,-1.));
#4175 = SURFACE_OF_LINEAR_EXTRUSION('',#4176,#4180);
#4176 = B_SPLINE_CURVE_WITH_KNOTS('',2,(#4177,#4178,#4179),
  .UNSPECIFIED.,.F.,.F.,(3,3),(0.,1.),.PIECEWISE_BEZIER_KNOTS.);
#4177 = CARTESIAN_POINT('',(-3.042832385465,7.596898619186,0.43));
#4178 = CARTESIAN_POINT('',(-3.076217196512,7.65140443314,0.43));
#4179 = CARTESIAN_POINT('',(-3.090524972674,7.671844113372,0.43));
#4180 = VECTOR('',#4181,1.);
#4181 = DIRECTION('',(4.E-16,7.771561172376E-16,1.));
#4182 = ADVANCED_FACE('',(#4183),#4201,.T.);
#4183 = FACE_BOUND('',#4184,.T.);
#4184 = EDGE_LOOP('',(#4185,#4186,#4187,#4195));
#4185 = ORIENTED_EDGE('',*,*,#2419,.F.);
#4186 = ORIENTED_EDGE('',*,*,#4170,.T.);
#4187 = ORIENTED_EDGE('',*,*,#4188,.T.);
#4188 = EDGE_CURVE('',#4163,#4189,#4191,.T.);
#4189 = VERTEX_POINT('',#4190);
#4190 = CARTESIAN_POINT('',(-3.34125171686,8.02,0.23));
#4191 = LINE('',#4192,#4193);
#4192 = CARTESIAN_POINT('',(-3.090524972674,7.671844113372,0.23));
#4193 = VECTOR('',#4194,1.);
#4194 = DIRECTION('',(-0.584388390386,0.811474096433,-3.968867018683E-16
    ));
#4195 = ORIENTED_EDGE('',*,*,#4196,.F.);
#4196 = EDGE_CURVE('',#2412,#4189,#4197,.T.);
#4197 = LINE('',#4198,#4199);
#4198 = CARTESIAN_POINT('',(-3.34125171686,8.02,0.43));
#4199 = VECTOR('',#4200,1.);
#4200 = DIRECTION('',(-4.E-16,-7.771561172376E-16,-1.));
#4201 = PLANE('',#4202);
#4202 = AXIS2_PLACEMENT_3D('',#4203,#4204,#4205);
#4203 = CARTESIAN_POINT('',(-3.090524972674,7.671844113372,0.43));
#4204 = DIRECTION('',(0.811474096433,0.584388390386,-7.787506510045E-16)
  );
#4205 = DIRECTION('',(-0.584388390386,0.811474096433,-3.968867018683E-16
    ));
#4206 = ADVANCED_FACE('',(#4207),#4218,.T.);
#4207 = FACE_BOUND('',#4208,.T.);
#4208 = EDGE_LOOP('',(#4209,#4210,#4211,#4217));
#4209 = ORIENTED_EDGE('',*,*,#2411,.F.);
#4210 = ORIENTED_EDGE('',*,*,#4196,.T.);
#4211 = ORIENTED_EDGE('',*,*,#4212,.T.);
#4212 = EDGE_CURVE('',#4189,#3837,#4213,.T.);
#4213 = LINE('',#4214,#4215);
#4214 = CARTESIAN_POINT('',(-3.34125171686,8.02,0.23));
#4215 = VECTOR('',#4216,1.);
#4216 = DIRECTION('',(-1.,-2.E-16,4.E-16));
#4217 = ORIENTED_EDGE('',*,*,#3836,.F.);
#4218 = PLANE('',#4219);
#4219 = AXIS2_PLACEMENT_3D('',#4220,#4221,#4222);
#4220 = CARTESIAN_POINT('',(-3.34125171686,8.02,0.43));
#4221 = DIRECTION('',(-2.E-16,1.,-7.771561172376E-16));
#4222 = DIRECTION('',(-1.,-2.E-16,4.E-16));
#4223 = ADVANCED_FACE('',(#4224),#4249,.T.);
#4224 = FACE_BOUND('',#4225,.T.);
#4225 = EDGE_LOOP('',(#4226,#4227,#4235,#4243));
#4226 = ORIENTED_EDGE('',*,*,#2540,.F.);
#4227 = ORIENTED_EDGE('',*,*,#4228,.T.);
#4228 = EDGE_CURVE('',#2541,#4229,#4231,.T.);
#4229 = VERTEX_POINT('',#4230);
#4230 = CARTESIAN_POINT('',(-2.214116905814,8.02,0.23));
#4231 = LINE('',#4232,#4233);
#4232 = CARTESIAN_POINT('',(-2.214116905814,8.02,0.43));
#4233 = VECTOR('',#4234,1.);
#4234 = DIRECTION('',(-4.E-16,-7.771561172376E-16,-1.));
#4235 = ORIENTED_EDGE('',*,*,#4236,.T.);
#4236 = EDGE_CURVE('',#4229,#4237,#4239,.T.);
#4237 = VERTEX_POINT('',#4238);
#4238 = CARTESIAN_POINT('',(-2.214116905814,7.135552325581,0.23));
#4239 = LINE('',#4240,#4241);
#4240 = CARTESIAN_POINT('',(-2.214116905814,8.02,0.23));
#4241 = VECTOR('',#4242,1.);
#4242 = DIRECTION('',(2.E-16,-1.,7.771561172376E-16));
#4243 = ORIENTED_EDGE('',*,*,#4244,.F.);
#4244 = EDGE_CURVE('',#2543,#4237,#4245,.T.);
#4245 = LINE('',#4246,#4247);
#4246 = CARTESIAN_POINT('',(-2.214116905814,7.135552325581,0.43));
#4247 = VECTOR('',#4248,1.);
#4248 = DIRECTION('',(-4.E-16,-7.771561172376E-16,-1.));
#4249 = PLANE('',#4250);
#4250 = AXIS2_PLACEMENT_3D('',#4251,#4252,#4253);
#4251 = CARTESIAN_POINT('',(-2.214116905814,8.02,0.43));
#4252 = DIRECTION('',(-1.,-2.E-16,4.E-16));
#4253 = DIRECTION('',(2.E-16,-1.,7.771561172376E-16));
#4254 = ADVANCED_FACE('',(#4255),#4273,.T.);
#4255 = FACE_BOUND('',#4256,.T.);
#4256 = EDGE_LOOP('',(#4257,#4258,#4259,#4267));
#4257 = ORIENTED_EDGE('',*,*,#2598,.F.);
#4258 = ORIENTED_EDGE('',*,*,#4244,.T.);
#4259 = ORIENTED_EDGE('',*,*,#4260,.T.);
#4260 = EDGE_CURVE('',#4237,#4261,#4263,.T.);
#4261 = VERTEX_POINT('',#4262);
#4262 = CARTESIAN_POINT('',(-2.543195757558,7.135552325581,0.23));
#4263 = LINE('',#4264,#4265);
#4264 = CARTESIAN_POINT('',(-2.214116905814,7.135552325581,0.23));
#4265 = VECTOR('',#4266,1.);
#4266 = DIRECTION('',(-1.,-2.E-16,4.E-16));
#4267 = ORIENTED_EDGE('',*,*,#4268,.F.);
#4268 = EDGE_CURVE('',#2591,#4261,#4269,.T.);
#4269 = LINE('',#4270,#4271);
#4270 = CARTESIAN_POINT('',(-2.543195757558,7.135552325581,0.43));
#4271 = VECTOR('',#4272,1.);
#4272 = DIRECTION('',(-4.E-16,-7.771561172376E-16,-1.));
#4273 = PLANE('',#4274);
#4274 = AXIS2_PLACEMENT_3D('',#4275,#4276,#4277);
#4275 = CARTESIAN_POINT('',(-2.214116905814,7.135552325581,0.43));
#4276 = DIRECTION('',(-2.E-16,1.,-7.771561172376E-16));
#4277 = DIRECTION('',(-1.,-2.E-16,4.E-16));
#4278 = ADVANCED_FACE('',(#4279),#4297,.T.);
#4279 = FACE_BOUND('',#4280,.T.);
#4280 = EDGE_LOOP('',(#4281,#4282,#4283,#4291));
#4281 = ORIENTED_EDGE('',*,*,#2590,.F.);
#4282 = ORIENTED_EDGE('',*,*,#4268,.T.);
#4283 = ORIENTED_EDGE('',*,*,#4284,.T.);
#4284 = EDGE_CURVE('',#4261,#4285,#4287,.T.);
#4285 = VERTEX_POINT('',#4286);
#4286 = CARTESIAN_POINT('',(-2.543195757558,7.02,0.23));
#4287 = LINE('',#4288,#4289);
#4288 = CARTESIAN_POINT('',(-2.543195757558,7.135552325581,0.23));
#4289 = VECTOR('',#4290,1.);
#4290 = DIRECTION('',(2.E-16,-1.,7.771561172376E-16));
#4291 = ORIENTED_EDGE('',*,*,#4292,.F.);
#4292 = EDGE_CURVE('',#2583,#4285,#4293,.T.);
#4293 = LINE('',#4294,#4295);
#4294 = CARTESIAN_POINT('',(-2.543195757558,7.02,0.43));
#4295 = VECTOR('',#4296,1.);
#4296 = DIRECTION('',(-4.E-16,-7.771561172376E-16,-1.));
#4297 = PLANE('',#4298);
#4298 = AXIS2_PLACEMENT_3D('',#4299,#4300,#4301);
#4299 = CARTESIAN_POINT('',(-2.543195757558,7.135552325581,0.43));
#4300 = DIRECTION('',(-1.,-2.E-16,4.E-16));
#4301 = DIRECTION('',(2.E-16,-1.,7.771561172376E-16));
#4302 = ADVANCED_FACE('',(#4303),#4321,.T.);
#4303 = FACE_BOUND('',#4304,.T.);
#4304 = EDGE_LOOP('',(#4305,#4306,#4307,#4315));
#4305 = ORIENTED_EDGE('',*,*,#2582,.F.);
#4306 = ORIENTED_EDGE('',*,*,#4292,.T.);
#4307 = ORIENTED_EDGE('',*,*,#4308,.T.);
#4308 = EDGE_CURVE('',#4285,#4309,#4311,.T.);
#4309 = VERTEX_POINT('',#4310);
#4310 = CARTESIAN_POINT('',(-1.751498809884,7.02,0.23));
#4311 = LINE('',#4312,#4313);
#4312 = CARTESIAN_POINT('',(-2.543195757558,7.02,0.23));
#4313 = VECTOR('',#4314,1.);
#4314 = DIRECTION('',(1.,2.E-16,-4.E-16));
#4315 = ORIENTED_EDGE('',*,*,#4316,.F.);
#4316 = EDGE_CURVE('',#2575,#4309,#4317,.T.);
#4317 = LINE('',#4318,#4319);
#4318 = CARTESIAN_POINT('',(-1.751498809884,7.02,0.43));
#4319 = VECTOR('',#4320,1.);
#4320 = DIRECTION('',(-4.E-16,-7.771561172376E-16,-1.));
#4321 = PLANE('',#4322);
#4322 = AXIS2_PLACEMENT_3D('',#4323,#4324,#4325);
#4323 = CARTESIAN_POINT('',(-2.543195757558,7.02,0.43));
#4324 = DIRECTION('',(2.E-16,-1.,7.771561172376E-16));
#4325 = DIRECTION('',(1.,2.E-16,-4.E-16));
#4326 = ADVANCED_FACE('',(#4327),#4345,.T.);
#4327 = FACE_BOUND('',#4328,.T.);
#4328 = EDGE_LOOP('',(#4329,#4330,#4331,#4339));
#4329 = ORIENTED_EDGE('',*,*,#2574,.F.);
#4330 = ORIENTED_EDGE('',*,*,#4316,.T.);
#4331 = ORIENTED_EDGE('',*,*,#4332,.T.);
#4332 = EDGE_CURVE('',#4309,#4333,#4335,.T.);
#4333 = VERTEX_POINT('',#4334);
#4334 = CARTESIAN_POINT('',(-1.751498809884,7.135552325581,0.23));
#4335 = LINE('',#4336,#4337);
#4336 = CARTESIAN_POINT('',(-1.751498809884,7.02,0.23));
#4337 = VECTOR('',#4338,1.);
#4338 = DIRECTION('',(-2.E-16,1.,-7.771561172376E-16));
#4339 = ORIENTED_EDGE('',*,*,#4340,.F.);
#4340 = EDGE_CURVE('',#2567,#4333,#4341,.T.);
#4341 = LINE('',#4342,#4343);
#4342 = CARTESIAN_POINT('',(-1.751498809884,7.135552325581,0.43));
#4343 = VECTOR('',#4344,1.);
#4344 = DIRECTION('',(-4.E-16,-7.771561172376E-16,-1.));
#4345 = PLANE('',#4346);
#4346 = AXIS2_PLACEMENT_3D('',#4347,#4348,#4349);
#4347 = CARTESIAN_POINT('',(-1.751498809884,7.02,0.43));
#4348 = DIRECTION('',(1.,2.E-16,-4.E-16));
#4349 = DIRECTION('',(-2.E-16,1.,-7.771561172376E-16));
#4350 = ADVANCED_FACE('',(#4351),#4369,.T.);
#4351 = FACE_BOUND('',#4352,.T.);
#4352 = EDGE_LOOP('',(#4353,#4354,#4355,#4363));
#4353 = ORIENTED_EDGE('',*,*,#2566,.F.);
#4354 = ORIENTED_EDGE('',*,*,#4340,.T.);
#4355 = ORIENTED_EDGE('',*,*,#4356,.T.);
#4356 = EDGE_CURVE('',#4333,#4357,#4359,.T.);
#4357 = VERTEX_POINT('',#4358);
#4358 = CARTESIAN_POINT('',(-2.081940306977,7.135552325581,0.23));
#4359 = LINE('',#4360,#4361);
#4360 = CARTESIAN_POINT('',(-1.751498809884,7.135552325581,0.23));
#4361 = VECTOR('',#4362,1.);
#4362 = DIRECTION('',(-1.,-2.E-16,4.E-16));
#4363 = ORIENTED_EDGE('',*,*,#4364,.F.);
#4364 = EDGE_CURVE('',#2559,#4357,#4365,.T.);
#4365 = LINE('',#4366,#4367);
#4366 = CARTESIAN_POINT('',(-2.081940306977,7.135552325581,0.43));
#4367 = VECTOR('',#4368,1.);
#4368 = DIRECTION('',(-4.E-16,-7.771561172376E-16,-1.));
#4369 = PLANE('',#4370);
#4370 = AXIS2_PLACEMENT_3D('',#4371,#4372,#4373);
#4371 = CARTESIAN_POINT('',(-1.751498809884,7.135552325581,0.43));
#4372 = DIRECTION('',(-2.E-16,1.,-7.771561172376E-16));
#4373 = DIRECTION('',(-1.,-2.E-16,4.E-16));
#4374 = ADVANCED_FACE('',(#4375),#4393,.T.);
#4375 = FACE_BOUND('',#4376,.T.);
#4376 = EDGE_LOOP('',(#4377,#4378,#4379,#4387));
#4377 = ORIENTED_EDGE('',*,*,#2558,.F.);
#4378 = ORIENTED_EDGE('',*,*,#4364,.T.);
#4379 = ORIENTED_EDGE('',*,*,#4380,.T.);
#4380 = EDGE_CURVE('',#4357,#4381,#4383,.T.);
#4381 = VERTEX_POINT('',#4382);
#4382 = CARTESIAN_POINT('',(-2.081940306977,8.02,0.23));
#4383 = LINE('',#4384,#4385);
#4384 = CARTESIAN_POINT('',(-2.081940306977,7.135552325581,0.23));
#4385 = VECTOR('',#4386,1.);
#4386 = DIRECTION('',(-2.E-16,1.,-7.771561172376E-16));
#4387 = ORIENTED_EDGE('',*,*,#4388,.F.);
#4388 = EDGE_CURVE('',#2551,#4381,#4389,.T.);
#4389 = LINE('',#4390,#4391);
#4390 = CARTESIAN_POINT('',(-2.081940306977,8.02,0.43));
#4391 = VECTOR('',#4392,1.);
#4392 = DIRECTION('',(-4.E-16,-7.771561172376E-16,-1.));
#4393 = PLANE('',#4394);
#4394 = AXIS2_PLACEMENT_3D('',#4395,#4396,#4397);
#4395 = CARTESIAN_POINT('',(-2.081940306977,7.135552325581,0.43));
#4396 = DIRECTION('',(1.,2.E-16,-4.E-16));
#4397 = DIRECTION('',(-2.E-16,1.,-7.771561172376E-16));
#4398 = ADVANCED_FACE('',(#4399),#4410,.T.);
#4399 = FACE_BOUND('',#4400,.T.);
#4400 = EDGE_LOOP('',(#4401,#4402,#4403,#4409));
#4401 = ORIENTED_EDGE('',*,*,#2550,.F.);
#4402 = ORIENTED_EDGE('',*,*,#4388,.T.);
#4403 = ORIENTED_EDGE('',*,*,#4404,.T.);
#4404 = EDGE_CURVE('',#4381,#4229,#4405,.T.);
#4405 = LINE('',#4406,#4407);
#4406 = CARTESIAN_POINT('',(-2.081940306977,8.02,0.23));
#4407 = VECTOR('',#4408,1.);
#4408 = DIRECTION('',(-1.,-2.E-16,4.E-16));
#4409 = ORIENTED_EDGE('',*,*,#4228,.F.);
#4410 = PLANE('',#4411);
#4411 = AXIS2_PLACEMENT_3D('',#4412,#4413,#4414);
#4412 = CARTESIAN_POINT('',(-2.081940306977,8.02,0.43));
#4413 = DIRECTION('',(-2.E-16,1.,-7.771561172376E-16));
#4414 = DIRECTION('',(-1.,-2.E-16,4.E-16));
#4415 = ADVANCED_FACE('',(#4416),#4441,.T.);
#4416 = FACE_BOUND('',#4417,.T.);
#4417 = EDGE_LOOP('',(#4418,#4419,#4427,#4435));
#4418 = ORIENTED_EDGE('',*,*,#2606,.F.);
#4419 = ORIENTED_EDGE('',*,*,#4420,.T.);
#4420 = EDGE_CURVE('',#2607,#4421,#4423,.T.);
#4421 = VERTEX_POINT('',#4422);
#4422 = CARTESIAN_POINT('',(-1.665561309884,7.754375,0.23));
#4423 = LINE('',#4424,#4425);
#4424 = CARTESIAN_POINT('',(-1.665561309884,7.754375,0.43));
#4425 = VECTOR('',#4426,1.);
#4426 = DIRECTION('',(-4.E-16,-7.771561172376E-16,-1.));
#4427 = ORIENTED_EDGE('',*,*,#4428,.T.);
#4428 = EDGE_CURVE('',#4421,#4429,#4431,.T.);
#4429 = VERTEX_POINT('',#4430);
#4430 = CARTESIAN_POINT('',(-1.542923228488,7.738023255814,0.23));
#4431 = LINE('',#4432,#4433);
#4432 = CARTESIAN_POINT('',(-1.665561309884,7.754375,0.23));
#4433 = VECTOR('',#4434,1.);
#4434 = DIRECTION('',(0.991227900683,-0.132163720091,-2.937793167274E-16
    ));
#4435 = ORIENTED_EDGE('',*,*,#4436,.F.);
#4436 = EDGE_CURVE('',#2609,#4429,#4437,.T.);
#4437 = LINE('',#4438,#4439);
#4438 = CARTESIAN_POINT('',(-1.542923228488,7.738023255814,0.43));
#4439 = VECTOR('',#4440,1.);
#4440 = DIRECTION('',(-4.E-16,-7.771561172376E-16,-1.));
#4441 = PLANE('',#4442);
#4442 = AXIS2_PLACEMENT_3D('',#4443,#4444,#4445);
#4443 = CARTESIAN_POINT('',(-1.665561309884,7.754375,0.43));
#4444 = DIRECTION('',(-0.132163720091,-0.991227900683,8.232043146285E-16
    ));
#4445 = DIRECTION('',(0.991227900683,-0.132163720091,-2.937793167274E-16
    ));
#4446 = ADVANCED_FACE('',(#4447),#4465,.T.);
#4447 = FACE_BOUND('',#4448,.T.);
#4448 = EDGE_LOOP('',(#4449,#4450,#4451,#4459));
#4449 = ORIENTED_EDGE('',*,*,#2959,.T.);
#4450 = ORIENTED_EDGE('',*,*,#4436,.T.);
#4451 = ORIENTED_EDGE('',*,*,#4452,.T.);
#4452 = EDGE_CURVE('',#4429,#4453,#4455,.T.);
#4453 = VERTEX_POINT('',#4454);
#4454 = CARTESIAN_POINT('',(-1.471066397093,7.888822674419,0.23));
#4455 = B_SPLINE_CURVE_WITH_KNOTS('',2,(#4456,#4457,#4458),
  .UNSPECIFIED.,.F.,.F.,(3,3),(0.,1.),.PIECEWISE_BEZIER_KNOTS.);
#4456 = CARTESIAN_POINT('',(-1.542923228488,7.738023255814,0.23));
#4457 = CARTESIAN_POINT('',(-1.521802225581,7.842628997093,0.23));
#4458 = CARTESIAN_POINT('',(-1.471066397093,7.888822674419,0.23));
#4459 = ORIENTED_EDGE('',*,*,#4460,.F.);
#4460 = EDGE_CURVE('',#2947,#4453,#4461,.T.);
#4461 = LINE('',#4462,#4463);
#4462 = CARTESIAN_POINT('',(-1.471066397093,7.888822674419,0.43));
#4463 = VECTOR('',#4464,1.);
#4464 = DIRECTION('',(-4.E-16,-7.771561172376E-16,-1.));
#4465 = SURFACE_OF_LINEAR_EXTRUSION('',#4466,#4470);
#4466 = B_SPLINE_CURVE_WITH_KNOTS('',2,(#4467,#4468,#4469),
  .UNSPECIFIED.,.F.,.F.,(3,3),(0.,1.),.PIECEWISE_BEZIER_KNOTS.);
#4467 = CARTESIAN_POINT('',(-1.542923228488,7.738023255814,0.43));
#4468 = CARTESIAN_POINT('',(-1.521802225581,7.842628997093,0.43));
#4469 = CARTESIAN_POINT('',(-1.471066397093,7.888822674419,0.43));
#4470 = VECTOR('',#4471,1.);
#4471 = DIRECTION('',(4.E-16,7.771561172376E-16,1.));
#4472 = ADVANCED_FACE('',(#4473),#4491,.T.);
#4473 = FACE_BOUND('',#4474,.T.);
#4474 = EDGE_LOOP('',(#4475,#4476,#4477,#4485));
#4475 = ORIENTED_EDGE('',*,*,#2946,.T.);
#4476 = ORIENTED_EDGE('',*,*,#4460,.T.);
#4477 = ORIENTED_EDGE('',*,*,#4478,.T.);
#4478 = EDGE_CURVE('',#4453,#4479,#4481,.T.);
#4479 = VERTEX_POINT('',#4480);
#4480 = CARTESIAN_POINT('',(-1.34738362093,7.934970930233,0.23));
#4481 = B_SPLINE_CURVE_WITH_KNOTS('',2,(#4482,#4483,#4484),
  .UNSPECIFIED.,.F.,.F.,(3,3),(0.,1.),.PIECEWISE_BEZIER_KNOTS.);
#4482 = CARTESIAN_POINT('',(-1.471066397093,7.888822674419,0.23));
#4483 = CARTESIAN_POINT('',(-1.420285147093,7.934970930233,0.23));
#4484 = CARTESIAN_POINT('',(-1.34738362093,7.934970930233,0.23));
#4485 = ORIENTED_EDGE('',*,*,#4486,.F.);
#4486 = EDGE_CURVE('',#2934,#4479,#4487,.T.);
#4487 = LINE('',#4488,#4489);
#4488 = CARTESIAN_POINT('',(-1.34738362093,7.934970930233,0.43));
#4489 = VECTOR('',#4490,1.);
#4490 = DIRECTION('',(-4.E-16,-7.771561172376E-16,-1.));
#4491 = SURFACE_OF_LINEAR_EXTRUSION('',#4492,#4496);
#4492 = B_SPLINE_CURVE_WITH_KNOTS('',2,(#4493,#4494,#4495),
  .UNSPECIFIED.,.F.,.F.,(3,3),(0.,1.),.PIECEWISE_BEZIER_KNOTS.);
#4493 = CARTESIAN_POINT('',(-1.471066397093,7.888822674419,0.43));
#4494 = CARTESIAN_POINT('',(-1.420285147093,7.934970930233,0.43));
#4495 = CARTESIAN_POINT('',(-1.34738362093,7.934970930233,0.43));
#4496 = VECTOR('',#4497,1.);
#4497 = DIRECTION('',(4.E-16,7.771561172376E-16,1.));
#4498 = ADVANCED_FACE('',(#4499),#4517,.T.);
#4499 = FACE_BOUND('',#4500,.T.);
#4500 = EDGE_LOOP('',(#4501,#4502,#4503,#4511));
#4501 = ORIENTED_EDGE('',*,*,#2933,.T.);
#4502 = ORIENTED_EDGE('',*,*,#4486,.T.);
#4503 = ORIENTED_EDGE('',*,*,#4504,.T.);
#4504 = EDGE_CURVE('',#4479,#4505,#4507,.T.);
#4505 = VERTEX_POINT('',#4506);
#4506 = CARTESIAN_POINT('',(-1.201262618023,7.87492369186,0.23));
#4507 = B_SPLINE_CURVE_WITH_KNOTS('',2,(#4508,#4509,#4510),
  .UNSPECIFIED.,.F.,.F.,(3,3),(0.,1.),.PIECEWISE_BEZIER_KNOTS.);
#4508 = CARTESIAN_POINT('',(-1.34738362093,7.934970930233,0.23));
#4509 = CARTESIAN_POINT('',(-1.260855641279,7.934970930233,0.23));
#4510 = CARTESIAN_POINT('',(-1.201262618023,7.87492369186,0.23));
#4511 = ORIENTED_EDGE('',*,*,#4512,.F.);
#4512 = EDGE_CURVE('',#2921,#4505,#4513,.T.);
#4513 = LINE('',#4514,#4515);
#4514 = CARTESIAN_POINT('',(-1.201262618023,7.87492369186,0.43));
#4515 = VECTOR('',#4516,1.);
#4516 = DIRECTION('',(-4.E-16,-7.771561172376E-16,-1.));
#4517 = SURFACE_OF_LINEAR_EXTRUSION('',#4518,#4522);
#4518 = B_SPLINE_CURVE_WITH_KNOTS('',2,(#4519,#4520,#4521),
  .UNSPECIFIED.,.F.,.F.,(3,3),(0.,1.),.PIECEWISE_BEZIER_KNOTS.);
#4519 = CARTESIAN_POINT('',(-1.34738362093,7.934970930233,0.43));
#4520 = CARTESIAN_POINT('',(-1.260855641279,7.934970930233,0.43));
#4521 = CARTESIAN_POINT('',(-1.201262618023,7.87492369186,0.43));
#4522 = VECTOR('',#4523,1.);
#4523 = DIRECTION('',(4.E-16,7.771561172376E-16,1.));
#4524 = ADVANCED_FACE('',(#4525),#4543,.T.);
#4525 = FACE_BOUND('',#4526,.T.);
#4526 = EDGE_LOOP('',(#4527,#4528,#4529,#4537));
#4527 = ORIENTED_EDGE('',*,*,#2920,.T.);
#4528 = ORIENTED_EDGE('',*,*,#4512,.T.);
#4529 = ORIENTED_EDGE('',*,*,#4530,.T.);
#4530 = EDGE_CURVE('',#4505,#4531,#4533,.T.);
#4531 = VERTEX_POINT('',#4532);
#4532 = CARTESIAN_POINT('',(-1.141624173256,7.726122819767,0.23));
#4533 = B_SPLINE_CURVE_WITH_KNOTS('',2,(#4534,#4535,#4536),
  .UNSPECIFIED.,.F.,.F.,(3,3),(0.,1.),.PIECEWISE_BEZIER_KNOTS.);
#4534 = CARTESIAN_POINT('',(-1.201262618023,7.87492369186,0.23));
#4535 = CARTESIAN_POINT('',(-1.141624173256,7.814876453488,0.23));
#4536 = CARTESIAN_POINT('',(-1.141624173256,7.726122819767,0.23));
#4537 = ORIENTED_EDGE('',*,*,#4538,.F.);
#4538 = EDGE_CURVE('',#2908,#4531,#4539,.T.);
#4539 = LINE('',#4540,#4541);
#4540 = CARTESIAN_POINT('',(-1.141624173256,7.726122819767,0.43));
#4541 = VECTOR('',#4542,1.);
#4542 = DIRECTION('',(-4.E-16,-7.771561172376E-16,-1.));
#4543 = SURFACE_OF_LINEAR_EXTRUSION('',#4544,#4548);
#4544 = B_SPLINE_CURVE_WITH_KNOTS('',2,(#4545,#4546,#4547),
  .UNSPECIFIED.,.F.,.F.,(3,3),(0.,1.),.PIECEWISE_BEZIER_KNOTS.);
#4545 = CARTESIAN_POINT('',(-1.201262618023,7.87492369186,0.43));
#4546 = CARTESIAN_POINT('',(-1.141624173256,7.814876453488,0.43));
#4547 = CARTESIAN_POINT('',(-1.141624173256,7.726122819767,0.43));
#4548 = VECTOR('',#4549,1.);
#4549 = DIRECTION('',(4.E-16,7.771561172376E-16,1.));
#4550 = ADVANCED_FACE('',(#4551),#4569,.T.);
#4551 = FACE_BOUND('',#4552,.T.);
#4552 = EDGE_LOOP('',(#4553,#4554,#4555,#4563));
#4553 = ORIENTED_EDGE('',*,*,#2907,.T.);
#4554 = ORIENTED_EDGE('',*,*,#4538,.T.);
#4555 = ORIENTED_EDGE('',*,*,#4556,.T.);
#4556 = EDGE_CURVE('',#4531,#4557,#4559,.T.);
#4557 = VERTEX_POINT('',#4558);
#4558 = CARTESIAN_POINT('',(-1.196811309884,7.586587936047,0.23));
#4559 = B_SPLINE_CURVE_WITH_KNOTS('',2,(#4560,#4561,#4562),
  .UNSPECIFIED.,.F.,.F.,(3,3),(0.,1.),.PIECEWISE_BEZIER_KNOTS.);
#4560 = CARTESIAN_POINT('',(-1.141624173256,7.726122819767,0.23));
#4561 = CARTESIAN_POINT('',(-1.141624173256,7.641502543605,0.23));
#4562 = CARTESIAN_POINT('',(-1.196811309884,7.586587936047,0.23));
#4563 = ORIENTED_EDGE('',*,*,#4564,.F.);
#4564 = EDGE_CURVE('',#2895,#4557,#4565,.T.);
#4565 = LINE('',#4566,#4567);
#4566 = CARTESIAN_POINT('',(-1.196811309884,7.586587936047,0.43));
#4567 = VECTOR('',#4568,1.);
#4568 = DIRECTION('',(-4.E-16,-7.771561172376E-16,-1.));
#4569 = SURFACE_OF_LINEAR_EXTRUSION('',#4570,#4574);
#4570 = B_SPLINE_CURVE_WITH_KNOTS('',2,(#4571,#4572,#4573),
  .UNSPECIFIED.,.F.,.F.,(3,3),(0.,1.),.PIECEWISE_BEZIER_KNOTS.);
#4571 = CARTESIAN_POINT('',(-1.141624173256,7.726122819767,0.43));
#4572 = CARTESIAN_POINT('',(-1.141624173256,7.641502543605,0.43));
#4573 = CARTESIAN_POINT('',(-1.196811309884,7.586587936047,0.43));
#4574 = VECTOR('',#4575,1.);
#4575 = DIRECTION('',(4.E-16,7.771561172376E-16,1.));
#4576 = ADVANCED_FACE('',(#4577),#4595,.T.);
#4577 = FACE_BOUND('',#4578,.T.);
#4578 = EDGE_LOOP('',(#4579,#4580,#4581,#4589));
#4579 = ORIENTED_EDGE('',*,*,#2894,.T.);
#4580 = ORIENTED_EDGE('',*,*,#4564,.T.);
#4581 = ORIENTED_EDGE('',*,*,#4582,.T.);
#4582 = EDGE_CURVE('',#4557,#4583,#4585,.T.);
#4583 = VERTEX_POINT('',#4584);
#4584 = CARTESIAN_POINT('',(-1.337163780814,7.531627906977,0.23));
#4585 = B_SPLINE_CURVE_WITH_KNOTS('',2,(#4586,#4587,#4588),
  .UNSPECIFIED.,.F.,.F.,(3,3),(0.,1.),.PIECEWISE_BEZIER_KNOTS.);
#4586 = CARTESIAN_POINT('',(-1.196811309884,7.586587936047,0.23));
#4587 = CARTESIAN_POINT('',(-1.251998446512,7.531627906977,0.23));
#4588 = CARTESIAN_POINT('',(-1.337163780814,7.531627906977,0.23));
#4589 = ORIENTED_EDGE('',*,*,#4590,.F.);
#4590 = EDGE_CURVE('',#2885,#4583,#4591,.T.);
#4591 = LINE('',#4592,#4593);
#4592 = CARTESIAN_POINT('',(-1.337163780814,7.531627906977,0.43));
#4593 = VECTOR('',#4594,1.);
#4594 = DIRECTION('',(-4.E-16,-7.771561172376E-16,-1.));
#4595 = SURFACE_OF_LINEAR_EXTRUSION('',#4596,#4600);
#4596 = B_SPLINE_CURVE_WITH_KNOTS('',2,(#4597,#4598,#4599),
  .UNSPECIFIED.,.F.,.F.,(3,3),(0.,1.),.PIECEWISE_BEZIER_KNOTS.);
#4597 = CARTESIAN_POINT('',(-1.196811309884,7.586587936047,0.43));
#4598 = CARTESIAN_POINT('',(-1.251998446512,7.531627906977,0.43));
#4599 = CARTESIAN_POINT('',(-1.337163780814,7.531627906977,0.43));
#4600 = VECTOR('',#4601,1.);
#4601 = DIRECTION('',(4.E-16,7.771561172376E-16,1.));
#4602 = ADVANCED_FACE('',(#4603),#4621,.T.);
#4603 = FACE_BOUND('',#4604,.T.);
#4604 = EDGE_LOOP('',(#4605,#4606,#4607,#4615));
#4605 = ORIENTED_EDGE('',*,*,#2884,.T.);
#4606 = ORIENTED_EDGE('',*,*,#4590,.T.);
#4607 = ORIENTED_EDGE('',*,*,#4608,.T.);
#4608 = EDGE_CURVE('',#4583,#4609,#4611,.T.);
#4609 = VERTEX_POINT('',#4610);
#4610 = CARTESIAN_POINT('',(-1.423691760465,7.545254360465,0.23));
#4611 = B_SPLINE_CURVE_WITH_KNOTS('',2,(#4612,#4613,#4614),
  .UNSPECIFIED.,.F.,.F.,(3,3),(0.,1.),.PIECEWISE_BEZIER_KNOTS.);
#4612 = CARTESIAN_POINT('',(-1.337163780814,7.531627906977,0.23));
#4613 = CARTESIAN_POINT('',(-1.371911237209,7.531627906977,0.23));
#4614 = CARTESIAN_POINT('',(-1.423691760465,7.545254360465,0.23));
#4615 = ORIENTED_EDGE('',*,*,#4616,.F.);
#4616 = EDGE_CURVE('',#2877,#4609,#4617,.T.);
#4617 = LINE('',#4618,#4619);
#4618 = CARTESIAN_POINT('',(-1.423691760465,7.545254360465,0.43));
#4619 = VECTOR('',#4620,1.);
#4620 = DIRECTION('',(-4.E-16,-7.771561172376E-16,-1.));
#4621 = SURFACE_OF_LINEAR_EXTRUSION('',#4622,#4626);
#4622 = B_SPLINE_CURVE_WITH_KNOTS('',2,(#4623,#4624,#4625),
  .UNSPECIFIED.,.F.,.F.,(3,3),(0.,1.),.PIECEWISE_BEZIER_KNOTS.);
#4623 = CARTESIAN_POINT('',(-1.337163780814,7.531627906977,0.43));
#4624 = CARTESIAN_POINT('',(-1.371911237209,7.531627906977,0.43));
#4625 = CARTESIAN_POINT('',(-1.423691760465,7.545254360465,0.43));
#4626 = VECTOR('',#4627,1.);
#4627 = DIRECTION('',(4.E-16,7.771561172376E-16,1.));
#4628 = ADVANCED_FACE('',(#4629),#4647,.T.);
#4629 = FACE_BOUND('',#4630,.T.);
#4630 = EDGE_LOOP('',(#4631,#4632,#4633,#4641));
#4631 = ORIENTED_EDGE('',*,*,#2876,.F.);
#4632 = ORIENTED_EDGE('',*,*,#4616,.T.);
#4633 = ORIENTED_EDGE('',*,*,#4634,.T.);
#4634 = EDGE_CURVE('',#4609,#4635,#4637,.T.);
#4635 = VERTEX_POINT('',#4636);
#4636 = CARTESIAN_POINT('',(-1.410065306977,7.437242005814,0.23));
#4637 = LINE('',#4638,#4639);
#4638 = CARTESIAN_POINT('',(-1.423691760465,7.545254360465,0.23));
#4639 = VECTOR('',#4640,1.);
#4640 = DIRECTION('',(0.125164342632,-0.992136022596,7.209788420398E-16)
  );
#4641 = ORIENTED_EDGE('',*,*,#4642,.F.);
#4642 = EDGE_CURVE('',#2867,#4635,#4643,.T.);
#4643 = LINE('',#4644,#4645);
#4644 = CARTESIAN_POINT('',(-1.410065306977,7.437242005814,0.43));
#4645 = VECTOR('',#4646,1.);
#4646 = DIRECTION('',(-4.E-16,-7.771561172376E-16,-1.));
#4647 = PLANE('',#4648);
#4648 = AXIS2_PLACEMENT_3D('',#4649,#4650,#4651);
#4649 = CARTESIAN_POINT('',(-1.423691760465,7.545254360465,0.43));
#4650 = DIRECTION('',(-0.992136022596,-0.125164342632,4.941266435751E-16
    ));
#4651 = DIRECTION('',(0.125164342632,-0.992136022596,7.209788420398E-16)
  );
#4652 = ADVANCED_FACE('',(#4653),#4671,.T.);
#4653 = FACE_BOUND('',#4654,.T.);
#4654 = EDGE_LOOP('',(#4655,#4656,#4657,#4665));
#4655 = ORIENTED_EDGE('',*,*,#2866,.T.);
#4656 = ORIENTED_EDGE('',*,*,#4642,.T.);
#4657 = ORIENTED_EDGE('',*,*,#4658,.T.);
#4658 = EDGE_CURVE('',#4635,#4659,#4661,.T.);
#4659 = VERTEX_POINT('',#4660);
#4660 = CARTESIAN_POINT('',(-1.390306949419,7.438604651163,0.23));
#4661 = B_SPLINE_CURVE_WITH_KNOTS('',2,(#4662,#4663,#4664),
  .UNSPECIFIED.,.F.,.F.,(3,3),(0.,1.),.PIECEWISE_BEZIER_KNOTS.);
#4662 = CARTESIAN_POINT('',(-1.410065306977,7.437242005814,0.23));
#4663 = CARTESIAN_POINT('',(-1.397801498837,7.438604651163,0.23));
#4664 = CARTESIAN_POINT('',(-1.390306949419,7.438604651163,0.23));
#4665 = ORIENTED_EDGE('',*,*,#4666,.F.);
#4666 = EDGE_CURVE('',#2854,#4659,#4667,.T.);
#4667 = LINE('',#4668,#4669);
#4668 = CARTESIAN_POINT('',(-1.390306949419,7.438604651163,0.43));
#4669 = VECTOR('',#4670,1.);
#4670 = DIRECTION('',(-4.E-16,-7.771561172376E-16,-1.));
#4671 = SURFACE_OF_LINEAR_EXTRUSION('',#4672,#4676);
#4672 = B_SPLINE_CURVE_WITH_KNOTS('',2,(#4673,#4674,#4675),
  .UNSPECIFIED.,.F.,.F.,(3,3),(0.,1.),.PIECEWISE_BEZIER_KNOTS.);
#4673 = CARTESIAN_POINT('',(-1.410065306977,7.437242005814,0.43));
#4674 = CARTESIAN_POINT('',(-1.397801498837,7.438604651163,0.43));
#4675 = CARTESIAN_POINT('',(-1.390306949419,7.438604651163,0.43));
#4676 = VECTOR('',#4677,1.);
#4677 = DIRECTION('',(4.E-16,7.771561172376E-16,1.));
#4678 = ADVANCED_FACE('',(#4679),#4697,.T.);
#4679 = FACE_BOUND('',#4680,.T.);
#4680 = EDGE_LOOP('',(#4681,#4682,#4683,#4691));
#4681 = ORIENTED_EDGE('',*,*,#2853,.T.);
#4682 = ORIENTED_EDGE('',*,*,#4666,.T.);
#4683 = ORIENTED_EDGE('',*,*,#4684,.T.);
#4684 = EDGE_CURVE('',#4659,#4685,#4687,.T.);
#4685 = VERTEX_POINT('',#4686);
#4686 = CARTESIAN_POINT('',(-1.249273155814,7.397861555233,0.23));
#4687 = B_SPLINE_CURVE_WITH_KNOTS('',2,(#4688,#4689,#4690),
  .UNSPECIFIED.,.F.,.F.,(3,3),(0.,1.),.PIECEWISE_BEZIER_KNOTS.);
#4688 = CARTESIAN_POINT('',(-1.390306949419,7.438604651163,0.23));
#4689 = CARTESIAN_POINT('',(-1.31195484186,7.438604651163,0.23));
#4690 = CARTESIAN_POINT('',(-1.249273155814,7.397861555233,0.23));
#4691 = ORIENTED_EDGE('',*,*,#4692,.F.);
#4692 = EDGE_CURVE('',#2841,#4685,#4693,.T.);
#4693 = LINE('',#4694,#4695);
#4694 = CARTESIAN_POINT('',(-1.249273155814,7.397861555233,0.43));
#4695 = VECTOR('',#4696,1.);
#4696 = DIRECTION('',(-4.E-16,-7.771561172376E-16,-1.));
#4697 = SURFACE_OF_LINEAR_EXTRUSION('',#4698,#4702);
#4698 = B_SPLINE_CURVE_WITH_KNOTS('',2,(#4699,#4700,#4701),
  .UNSPECIFIED.,.F.,.F.,(3,3),(0.,1.),.PIECEWISE_BEZIER_KNOTS.);
#4699 = CARTESIAN_POINT('',(-1.390306949419,7.438604651163,0.43));
#4700 = CARTESIAN_POINT('',(-1.31195484186,7.438604651163,0.43));
#4701 = CARTESIAN_POINT('',(-1.249273155814,7.397861555233,0.43));
#4702 = VECTOR('',#4703,1.);
#4703 = DIRECTION('',(4.E-16,7.771561172376E-16,1.));
#4704 = ADVANCED_FACE('',(#4705),#4723,.T.);
#4705 = FACE_BOUND('',#4706,.T.);
#4706 = EDGE_LOOP('',(#4707,#4708,#4709,#4717));
#4707 = ORIENTED_EDGE('',*,*,#2840,.T.);
#4708 = ORIENTED_EDGE('',*,*,#4692,.T.);
#4709 = ORIENTED_EDGE('',*,*,#4710,.T.);
#4710 = EDGE_CURVE('',#4685,#4711,#4713,.T.);
#4711 = VERTEX_POINT('',#4712);
#4712 = CARTESIAN_POINT('',(-1.186591469767,7.272180232558,0.23));
#4713 = B_SPLINE_CURVE_WITH_KNOTS('',2,(#4714,#4715,#4716),
  .UNSPECIFIED.,.F.,.F.,(3,3),(0.,1.),.PIECEWISE_BEZIER_KNOTS.);
#4714 = CARTESIAN_POINT('',(-1.249273155814,7.397861555233,0.23));
#4715 = CARTESIAN_POINT('',(-1.186591469767,7.357118459302,0.23));
#4716 = CARTESIAN_POINT('',(-1.186591469767,7.272180232558,0.23));
#4717 = ORIENTED_EDGE('',*,*,#4718,.F.);
#4718 = EDGE_CURVE('',#2828,#4711,#4719,.T.);
#4719 = LINE('',#4720,#4721);
#4720 = CARTESIAN_POINT('',(-1.186591469767,7.272180232558,0.43));
#4721 = VECTOR('',#4722,1.);
#4722 = DIRECTION('',(-4.E-16,-7.771561172376E-16,-1.));
#4723 = SURFACE_OF_LINEAR_EXTRUSION('',#4724,#4728);
#4724 = B_SPLINE_CURVE_WITH_KNOTS('',2,(#4725,#4726,#4727),
  .UNSPECIFIED.,.F.,.F.,(3,3),(0.,1.),.PIECEWISE_BEZIER_KNOTS.);
#4725 = CARTESIAN_POINT('',(-1.249273155814,7.397861555233,0.43));
#4726 = CARTESIAN_POINT('',(-1.186591469767,7.357118459302,0.43));
#4727 = CARTESIAN_POINT('',(-1.186591469767,7.272180232558,0.43));
#4728 = VECTOR('',#4729,1.);
#4729 = DIRECTION('',(4.E-16,7.771561172376E-16,1.));
#4730 = ADVANCED_FACE('',(#4731),#4749,.T.);
#4731 = FACE_BOUND('',#4732,.T.);
#4732 = EDGE_LOOP('',(#4733,#4734,#4735,#4743));
#4733 = ORIENTED_EDGE('',*,*,#2827,.T.);
#4734 = ORIENTED_EDGE('',*,*,#4718,.T.);
#4735 = ORIENTED_EDGE('',*,*,#4736,.T.);
#4736 = EDGE_CURVE('',#4711,#4737,#4739,.T.);
#4737 = VERTEX_POINT('',#4738);
#4738 = CARTESIAN_POINT('',(-1.232240088953,7.160806686047,0.23));
#4739 = B_SPLINE_CURVE_WITH_KNOTS('',2,(#4740,#4741,#4742),
  .UNSPECIFIED.,.F.,.F.,(3,3),(0.,1.),.PIECEWISE_BEZIER_KNOTS.);
#4740 = CARTESIAN_POINT('',(-1.186591469767,7.272180232558,0.23));
#4741 = CARTESIAN_POINT('',(-1.186591469767,7.204956395349,0.23));
#4742 = CARTESIAN_POINT('',(-1.232240088953,7.160806686047,0.23));
#4743 = ORIENTED_EDGE('',*,*,#4744,.F.);
#4744 = EDGE_CURVE('',#2815,#4737,#4745,.T.);
#4745 = LINE('',#4746,#4747);
#4746 = CARTESIAN_POINT('',(-1.232240088953,7.160806686047,0.43));
#4747 = VECTOR('',#4748,1.);
#4748 = DIRECTION('',(-4.E-16,-7.771561172376E-16,-1.));
#4749 = SURFACE_OF_LINEAR_EXTRUSION('',#4750,#4754);
#4750 = B_SPLINE_CURVE_WITH_KNOTS('',2,(#4751,#4752,#4753),
  .UNSPECIFIED.,.F.,.F.,(3,3),(0.,1.),.PIECEWISE_BEZIER_KNOTS.);
#4751 = CARTESIAN_POINT('',(-1.186591469767,7.272180232558,0.43));
#4752 = CARTESIAN_POINT('',(-1.186591469767,7.204956395349,0.43));
#4753 = CARTESIAN_POINT('',(-1.232240088953,7.160806686047,0.43));
#4754 = VECTOR('',#4755,1.);
#4755 = DIRECTION('',(4.E-16,7.771561172376E-16,1.));
#4756 = ADVANCED_FACE('',(#4757),#4775,.T.);
#4757 = FACE_BOUND('',#4758,.T.);
#4758 = EDGE_LOOP('',(#4759,#4760,#4761,#4769));
#4759 = ORIENTED_EDGE('',*,*,#2814,.T.);
#4760 = ORIENTED_EDGE('',*,*,#4744,.T.);
#4761 = ORIENTED_EDGE('',*,*,#4762,.T.);
#4762 = EDGE_CURVE('',#4737,#4763,#4765,.T.);
#4763 = VERTEX_POINT('',#4764);
#4764 = CARTESIAN_POINT('',(-1.350108911628,7.116656976744,0.23));
#4765 = B_SPLINE_CURVE_WITH_KNOTS('',2,(#4766,#4767,#4768),
  .UNSPECIFIED.,.F.,.F.,(3,3),(0.,1.),.PIECEWISE_BEZIER_KNOTS.);
#4766 = CARTESIAN_POINT('',(-1.232240088953,7.160806686047,0.23));
#4767 = CARTESIAN_POINT('',(-1.27788870814,7.116656976744,0.23));
#4768 = CARTESIAN_POINT('',(-1.350108911628,7.116656976744,0.23));
#4769 = ORIENTED_EDGE('',*,*,#4770,.F.);
#4770 = EDGE_CURVE('',#2802,#4763,#4771,.T.);
#4771 = LINE('',#4772,#4773);
#4772 = CARTESIAN_POINT('',(-1.350108911628,7.116656976744,0.43));
#4773 = VECTOR('',#4774,1.);
#4774 = DIRECTION('',(-4.E-16,-7.771561172376E-16,-1.));
#4775 = SURFACE_OF_LINEAR_EXTRUSION('',#4776,#4780);
#4776 = B_SPLINE_CURVE_WITH_KNOTS('',2,(#4777,#4778,#4779),
  .UNSPECIFIED.,.F.,.F.,(3,3),(0.,1.),.PIECEWISE_BEZIER_KNOTS.);
#4777 = CARTESIAN_POINT('',(-1.232240088953,7.160806686047,0.43));
#4778 = CARTESIAN_POINT('',(-1.27788870814,7.116656976744,0.43));
#4779 = CARTESIAN_POINT('',(-1.350108911628,7.116656976744,0.43));
#4780 = VECTOR('',#4781,1.);
#4781 = DIRECTION('',(4.E-16,7.771561172376E-16,1.));
#4782 = ADVANCED_FACE('',(#4783),#4801,.T.);
#4783 = FACE_BOUND('',#4784,.T.);
#4784 = EDGE_LOOP('',(#4785,#4786,#4787,#4795));
#4785 = ORIENTED_EDGE('',*,*,#2801,.T.);
#4786 = ORIENTED_EDGE('',*,*,#4770,.T.);
#4787 = ORIENTED_EDGE('',*,*,#4788,.T.);
#4788 = EDGE_CURVE('',#4763,#4789,#4791,.T.);
#4789 = VERTEX_POINT('',#4790);
#4790 = CARTESIAN_POINT('',(-1.469340379651,7.161533430233,0.23));
#4791 = B_SPLINE_CURVE_WITH_KNOTS('',2,(#4792,#4793,#4794),
  .UNSPECIFIED.,.F.,.F.,(3,3),(0.,1.),.PIECEWISE_BEZIER_KNOTS.);
#4792 = CARTESIAN_POINT('',(-1.350108911628,7.116656976744,0.23));
#4793 = CARTESIAN_POINT('',(-1.421647792442,7.116656976744,0.23));
#4794 = CARTESIAN_POINT('',(-1.469340379651,7.161533430233,0.23));
#4795 = ORIENTED_EDGE('',*,*,#4796,.F.);
#4796 = EDGE_CURVE('',#2792,#4789,#4797,.T.);
#4797 = LINE('',#4798,#4799);
#4798 = CARTESIAN_POINT('',(-1.469340379651,7.161533430233,0.43));
#4799 = VECTOR('',#4800,1.);
#4800 = DIRECTION('',(-4.E-16,-7.771561172376E-16,-1.));
#4801 = SURFACE_OF_LINEAR_EXTRUSION('',#4802,#4806);
#4802 = B_SPLINE_CURVE_WITH_KNOTS('',2,(#4803,#4804,#4805),
  .UNSPECIFIED.,.F.,.F.,(3,3),(0.,1.),.PIECEWISE_BEZIER_KNOTS.);
#4803 = CARTESIAN_POINT('',(-1.350108911628,7.116656976744,0.43));
#4804 = CARTESIAN_POINT('',(-1.421647792442,7.116656976744,0.43));
#4805 = CARTESIAN_POINT('',(-1.469340379651,7.161533430233,0.43));
#4806 = VECTOR('',#4807,1.);
#4807 = DIRECTION('',(4.E-16,7.771561172376E-16,1.));
#4808 = ADVANCED_FACE('',(#4809),#4827,.T.);
#4809 = FACE_BOUND('',#4810,.T.);
#4810 = EDGE_LOOP('',(#4811,#4812,#4813,#4821));
#4811 = ORIENTED_EDGE('',*,*,#2791,.T.);
#4812 = ORIENTED_EDGE('',*,*,#4796,.T.);
#4813 = ORIENTED_EDGE('',*,*,#4814,.T.);
#4814 = EDGE_CURVE('',#4789,#4815,#4817,.T.);
#4815 = VERTEX_POINT('',#4816);
#4816 = CARTESIAN_POINT('',(-1.530659420349,7.296162790698,0.23));
#4817 = B_SPLINE_CURVE_WITH_KNOTS('',2,(#4818,#4819,#4820),
  .UNSPECIFIED.,.F.,.F.,(3,3),(0.,1.),.PIECEWISE_BEZIER_KNOTS.);
#4818 = CARTESIAN_POINT('',(-1.469340379651,7.161533430233,0.23));
#4819 = CARTESIAN_POINT('',(-1.51703296686,7.206409883721,0.23));
#4820 = CARTESIAN_POINT('',(-1.530659420349,7.296162790698,0.23));
#4821 = ORIENTED_EDGE('',*,*,#4822,.F.);
#4822 = EDGE_CURVE('',#2784,#4815,#4823,.T.);
#4823 = LINE('',#4824,#4825);
#4824 = CARTESIAN_POINT('',(-1.530659420349,7.296162790698,0.43));
#4825 = VECTOR('',#4826,1.);
#4826 = DIRECTION('',(-4.E-16,-7.771561172376E-16,-1.));
#4827 = SURFACE_OF_LINEAR_EXTRUSION('',#4828,#4832);
#4828 = B_SPLINE_CURVE_WITH_KNOTS('',2,(#4829,#4830,#4831),
  .UNSPECIFIED.,.F.,.F.,(3,3),(0.,1.),.PIECEWISE_BEZIER_KNOTS.);
#4829 = CARTESIAN_POINT('',(-1.469340379651,7.161533430233,0.43));
#4830 = CARTESIAN_POINT('',(-1.51703296686,7.206409883721,0.43));
#4831 = CARTESIAN_POINT('',(-1.530659420349,7.296162790698,0.43));
#4832 = VECTOR('',#4833,1.);
#4833 = DIRECTION('',(4.E-16,7.771561172376E-16,1.));
#4834 = ADVANCED_FACE('',(#4835),#4853,.T.);
#4835 = FACE_BOUND('',#4836,.T.);
#4836 = EDGE_LOOP('',(#4837,#4838,#4839,#4847));
#4837 = ORIENTED_EDGE('',*,*,#2783,.F.);
#4838 = ORIENTED_EDGE('',*,*,#4822,.T.);
#4839 = ORIENTED_EDGE('',*,*,#4840,.T.);
#4840 = EDGE_CURVE('',#4815,#4841,#4843,.T.);
#4841 = VERTEX_POINT('',#4842);
#4842 = CARTESIAN_POINT('',(-1.653297501744,7.274360465116,0.23));
#4843 = LINE('',#4844,#4845);
#4844 = CARTESIAN_POINT('',(-1.530659420349,7.296162790698,0.23));
#4845 = VECTOR('',#4846,1.);
#4846 = DIRECTION('',(-0.984562507786,-0.175033334717,5.298532299105E-16
    ));
#4847 = ORIENTED_EDGE('',*,*,#4848,.F.);
#4848 = EDGE_CURVE('',#2769,#4841,#4849,.T.);
#4849 = LINE('',#4850,#4851);
#4850 = CARTESIAN_POINT('',(-1.653297501744,7.274360465116,0.43));
#4851 = VECTOR('',#4852,1.);
#4852 = DIRECTION('',(-4.E-16,-7.771561172376E-16,-1.));
#4853 = PLANE('',#4854);
#4854 = AXIS2_PLACEMENT_3D('',#4855,#4856,#4857);
#4855 = CARTESIAN_POINT('',(-1.530659420349,7.296162790698,0.43));
#4856 = DIRECTION('',(-0.175033334717,0.984562507786,-6.951454418416E-16
    ));
#4857 = DIRECTION('',(-0.984562507786,-0.175033334717,5.298532299105E-16
    ));
#4858 = ADVANCED_FACE('',(#4859),#4877,.T.);
#4859 = FACE_BOUND('',#4860,.T.);
#4860 = EDGE_LOOP('',(#4861,#4862,#4863,#4871));
#4861 = ORIENTED_EDGE('',*,*,#2768,.T.);
#4862 = ORIENTED_EDGE('',*,*,#4848,.T.);
#4863 = ORIENTED_EDGE('',*,*,#4864,.T.);
#4864 = EDGE_CURVE('',#4841,#4865,#4867,.T.);
#4865 = VERTEX_POINT('',#4866);
#4866 = CARTESIAN_POINT('',(-1.551099100581,7.082318313953,0.23));
#4867 = B_SPLINE_CURVE_WITH_KNOTS('',2,(#4868,#4869,#4870),
  .UNSPECIFIED.,.F.,.F.,(3,3),(0.,1.),.PIECEWISE_BEZIER_KNOTS.);
#4868 = CARTESIAN_POINT('',(-1.653297501744,7.274360465116,0.23));
#4869 = CARTESIAN_POINT('',(-1.630813853488,7.150450581395,0.23));
#4870 = CARTESIAN_POINT('',(-1.551099100581,7.082318313953,0.23));
#4871 = ORIENTED_EDGE('',*,*,#4872,.F.);
#4872 = EDGE_CURVE('',#2756,#4865,#4873,.T.);
#4873 = LINE('',#4874,#4875);
#4874 = CARTESIAN_POINT('',(-1.551099100581,7.082318313953,0.43));
#4875 = VECTOR('',#4876,1.);
#4876 = DIRECTION('',(-4.E-16,-7.771561172376E-16,-1.));
#4877 = SURFACE_OF_LINEAR_EXTRUSION('',#4878,#4882);
#4878 = B_SPLINE_CURVE_WITH_KNOTS('',2,(#4879,#4880,#4881),
  .UNSPECIFIED.,.F.,.F.,(3,3),(0.,1.),.PIECEWISE_BEZIER_KNOTS.);
#4879 = CARTESIAN_POINT('',(-1.653297501744,7.274360465116,0.43));
#4880 = CARTESIAN_POINT('',(-1.630813853488,7.150450581395,0.43));
#4881 = CARTESIAN_POINT('',(-1.551099100581,7.082318313953,0.43));
#4882 = VECTOR('',#4883,1.);
#4883 = DIRECTION('',(4.E-16,7.771561172376E-16,1.));
#4884 = ADVANCED_FACE('',(#4885),#4903,.T.);
#4885 = FACE_BOUND('',#4886,.T.);
#4886 = EDGE_LOOP('',(#4887,#4888,#4889,#4897));
#4887 = ORIENTED_EDGE('',*,*,#2755,.T.);
#4888 = ORIENTED_EDGE('',*,*,#4872,.T.);
#4889 = ORIENTED_EDGE('',*,*,#4890,.T.);
#4890 = EDGE_CURVE('',#4865,#4891,#4893,.T.);
#4891 = VERTEX_POINT('',#4892);
#4892 = CARTESIAN_POINT('',(-1.352834202326,7.014186046512,0.23));
#4893 = B_SPLINE_CURVE_WITH_KNOTS('',2,(#4894,#4895,#4896),
  .UNSPECIFIED.,.F.,.F.,(3,3),(0.,1.),.PIECEWISE_BEZIER_KNOTS.);
#4894 = CARTESIAN_POINT('',(-1.551099100581,7.082318313953,0.23));
#4895 = CARTESIAN_POINT('',(-1.471384347674,7.014186046512,0.23));
#4896 = CARTESIAN_POINT('',(-1.352834202326,7.014186046512,0.23));
#4897 = ORIENTED_EDGE('',*,*,#4898,.F.);
#4898 = EDGE_CURVE('',#2743,#4891,#4899,.T.);
#4899 = LINE('',#4900,#4901);
#4900 = CARTESIAN_POINT('',(-1.352834202326,7.014186046512,0.43));
#4901 = VECTOR('',#4902,1.);
#4902 = DIRECTION('',(-4.E-16,-7.771561172376E-16,-1.));
#4903 = SURFACE_OF_LINEAR_EXTRUSION('',#4904,#4908);
#4904 = B_SPLINE_CURVE_WITH_KNOTS('',2,(#4905,#4906,#4907),
  .UNSPECIFIED.,.F.,.F.,(3,3),(0.,1.),.PIECEWISE_BEZIER_KNOTS.);
#4905 = CARTESIAN_POINT('',(-1.551099100581,7.082318313953,0.43));
#4906 = CARTESIAN_POINT('',(-1.471384347674,7.014186046512,0.43));
#4907 = CARTESIAN_POINT('',(-1.352834202326,7.014186046512,0.43));
#4908 = VECTOR('',#4909,1.);
#4909 = DIRECTION('',(4.E-16,7.771561172376E-16,1.));
#4910 = ADVANCED_FACE('',(#4911),#4929,.T.);
#4911 = FACE_BOUND('',#4912,.T.);
#4912 = EDGE_LOOP('',(#4913,#4914,#4915,#4923));
#4913 = ORIENTED_EDGE('',*,*,#2742,.T.);
#4914 = ORIENTED_EDGE('',*,*,#4898,.T.);
#4915 = ORIENTED_EDGE('',*,*,#4916,.T.);
#4916 = EDGE_CURVE('',#4891,#4917,#4919,.T.);
#4917 = VERTEX_POINT('',#4918);
#4918 = CARTESIAN_POINT('',(-1.202261891279,7.049342296512,0.23));
#4919 = B_SPLINE_CURVE_WITH_KNOTS('',2,(#4920,#4921,#4922),
  .UNSPECIFIED.,.F.,.F.,(3,3),(0.,1.),.PIECEWISE_BEZIER_KNOTS.);
#4920 = CARTESIAN_POINT('',(-1.352834202326,7.014186046512,0.23));
#4921 = CARTESIAN_POINT('',(-1.271075481395,7.014186046512,0.23));
#4922 = CARTESIAN_POINT('',(-1.202261891279,7.049342296512,0.23));
#4923 = ORIENTED_EDGE('',*,*,#4924,.F.);
#4924 = EDGE_CURVE('',#2730,#4917,#4925,.T.);
#4925 = LINE('',#4926,#4927);
#4926 = CARTESIAN_POINT('',(-1.202261891279,7.049342296512,0.43));
#4927 = VECTOR('',#4928,1.);
#4928 = DIRECTION('',(-4.E-16,-7.771561172376E-16,-1.));
#4929 = SURFACE_OF_LINEAR_EXTRUSION('',#4930,#4934);
#4930 = B_SPLINE_CURVE_WITH_KNOTS('',2,(#4931,#4932,#4933),
  .UNSPECIFIED.,.F.,.F.,(3,3),(0.,1.),.PIECEWISE_BEZIER_KNOTS.);
#4931 = CARTESIAN_POINT('',(-1.352834202326,7.014186046512,0.43));
#4932 = CARTESIAN_POINT('',(-1.271075481395,7.014186046512,0.43));
#4933 = CARTESIAN_POINT('',(-1.202261891279,7.049342296512,0.43));
#4934 = VECTOR('',#4935,1.);
#4935 = DIRECTION('',(4.E-16,7.771561172376E-16,1.));
#4936 = ADVANCED_FACE('',(#4937),#4955,.T.);
#4937 = FACE_BOUND('',#4938,.T.);
#4938 = EDGE_LOOP('',(#4939,#4940,#4941,#4949));
#4939 = ORIENTED_EDGE('',*,*,#2729,.T.);
#4940 = ORIENTED_EDGE('',*,*,#4924,.T.);
#4941 = ORIENTED_EDGE('',*,*,#4942,.T.);
#4942 = EDGE_CURVE('',#4917,#4943,#4945,.T.);
#4943 = VERTEX_POINT('',#4944);
#4944 = CARTESIAN_POINT('',(-1.097020248837,7.145227107558,0.23));
#4945 = B_SPLINE_CURVE_WITH_KNOTS('',2,(#4946,#4947,#4948),
  .UNSPECIFIED.,.F.,.F.,(3,3),(0.,1.),.PIECEWISE_BEZIER_KNOTS.);
#4946 = CARTESIAN_POINT('',(-1.202261891279,7.049342296512,0.23));
#4947 = CARTESIAN_POINT('',(-1.133448301163,7.084498546512,0.23));
#4948 = CARTESIAN_POINT('',(-1.097020248837,7.145227107558,0.23));
#4949 = ORIENTED_EDGE('',*,*,#4950,.F.);
#4950 = EDGE_CURVE('',#2717,#4943,#4951,.T.);
#4951 = LINE('',#4952,#4953);
#4952 = CARTESIAN_POINT('',(-1.097020248837,7.145227107558,0.43));
#4953 = VECTOR('',#4954,1.);
#4954 = DIRECTION('',(-4.E-16,-7.771561172376E-16,-1.));
#4955 = SURFACE_OF_LINEAR_EXTRUSION('',#4956,#4960);
#4956 = B_SPLINE_CURVE_WITH_KNOTS('',2,(#4957,#4958,#4959),
  .UNSPECIFIED.,.F.,.F.,(3,3),(0.,1.),.PIECEWISE_BEZIER_KNOTS.);
#4957 = CARTESIAN_POINT('',(-1.202261891279,7.049342296512,0.43));
#4958 = CARTESIAN_POINT('',(-1.133448301163,7.084498546512,0.43));
#4959 = CARTESIAN_POINT('',(-1.097020248837,7.145227107558,0.43));
#4960 = VECTOR('',#4961,1.);
#4961 = DIRECTION('',(4.E-16,7.771561172376E-16,1.));
#4962 = ADVANCED_FACE('',(#4963),#4981,.T.);
#4963 = FACE_BOUND('',#4964,.T.);
#4964 = EDGE_LOOP('',(#4965,#4966,#4967,#4975));
#4965 = ORIENTED_EDGE('',*,*,#2716,.T.);
#4966 = ORIENTED_EDGE('',*,*,#4950,.T.);
#4967 = ORIENTED_EDGE('',*,*,#4968,.T.);
#4968 = EDGE_CURVE('',#4943,#4969,#4971,.T.);
#4969 = VERTEX_POINT('',#4970);
#4970 = CARTESIAN_POINT('',(-1.060546775,7.274224200581,0.23));
#4971 = B_SPLINE_CURVE_WITH_KNOTS('',2,(#4972,#4973,#4974),
  .UNSPECIFIED.,.F.,.F.,(3,3),(0.,1.),.PIECEWISE_BEZIER_KNOTS.);
#4972 = CARTESIAN_POINT('',(-1.097020248837,7.145227107558,0.23));
#4973 = CARTESIAN_POINT('',(-1.060546775,7.205955668605,0.23));
#4974 = CARTESIAN_POINT('',(-1.060546775,7.274224200581,0.23));
#4975 = ORIENTED_EDGE('',*,*,#4976,.F.);
#4976 = EDGE_CURVE('',#2704,#4969,#4977,.T.);
#4977 = LINE('',#4978,#4979);
#4978 = CARTESIAN_POINT('',(-1.060546775,7.274224200581,0.43));
#4979 = VECTOR('',#4980,1.);
#4980 = DIRECTION('',(-4.E-16,-7.771561172376E-16,-1.));
#4981 = SURFACE_OF_LINEAR_EXTRUSION('',#4982,#4986);
#4982 = B_SPLINE_CURVE_WITH_KNOTS('',2,(#4983,#4984,#4985),
  .UNSPECIFIED.,.F.,.F.,(3,3),(0.,1.),.PIECEWISE_BEZIER_KNOTS.);
#4983 = CARTESIAN_POINT('',(-1.097020248837,7.145227107558,0.43));
#4984 = CARTESIAN_POINT('',(-1.060546775,7.205955668605,0.43));
#4985 = CARTESIAN_POINT('',(-1.060546775,7.274224200581,0.43));
#4986 = VECTOR('',#4987,1.);
#4987 = DIRECTION('',(4.E-16,7.771561172376E-16,1.));
#4988 = ADVANCED_FACE('',(#4989),#5007,.T.);
#4989 = FACE_BOUND('',#4990,.T.);
#4990 = EDGE_LOOP('',(#4991,#4992,#4993,#5001));
#4991 = ORIENTED_EDGE('',*,*,#2703,.T.);
#4992 = ORIENTED_EDGE('',*,*,#4976,.T.);
#4993 = ORIENTED_EDGE('',*,*,#4994,.T.);
#4994 = EDGE_CURVE('',#4969,#4995,#4997,.T.);
#4995 = VERTEX_POINT('',#4996);
#4996 = CARTESIAN_POINT('',(-1.095294231395,7.392274709302,0.23));
#4997 = B_SPLINE_CURVE_WITH_KNOTS('',2,(#4998,#4999,#5000),
  .UNSPECIFIED.,.F.,.F.,(3,3),(0.,1.),.PIECEWISE_BEZIER_KNOTS.);
#4998 = CARTESIAN_POINT('',(-1.060546775,7.274224200581,0.23));
#4999 = CARTESIAN_POINT('',(-1.060546775,7.339040697674,0.23));
#5000 = CARTESIAN_POINT('',(-1.095294231395,7.392274709302,0.23));
#5001 = ORIENTED_EDGE('',*,*,#5002,.F.);
#5002 = EDGE_CURVE('',#2694,#4995,#5003,.T.);
#5003 = LINE('',#5004,#5005);
#5004 = CARTESIAN_POINT('',(-1.095294231395,7.392274709302,0.43));
#5005 = VECTOR('',#5006,1.);
#5006 = DIRECTION('',(-4.E-16,-7.771561172376E-16,-1.));
#5007 = SURFACE_OF_LINEAR_EXTRUSION('',#5008,#5012);
#5008 = B_SPLINE_CURVE_WITH_KNOTS('',2,(#5009,#5010,#5011),
  .UNSPECIFIED.,.F.,.F.,(3,3),(0.,1.),.PIECEWISE_BEZIER_KNOTS.);
#5009 = CARTESIAN_POINT('',(-1.060546775,7.274224200581,0.43));
#5010 = CARTESIAN_POINT('',(-1.060546775,7.339040697674,0.43));
#5011 = CARTESIAN_POINT('',(-1.095294231395,7.392274709302,0.43));
#5012 = VECTOR('',#5013,1.);
#5013 = DIRECTION('',(4.E-16,7.771561172376E-16,1.));
#5014 = ADVANCED_FACE('',(#5015),#5033,.T.);
#5015 = FACE_BOUND('',#5016,.T.);
#5016 = EDGE_LOOP('',(#5017,#5018,#5019,#5027));
#5017 = ORIENTED_EDGE('',*,*,#2693,.T.);
#5018 = ORIENTED_EDGE('',*,*,#5002,.T.);
#5019 = ORIENTED_EDGE('',*,*,#5020,.T.);
#5020 = EDGE_CURVE('',#4995,#5021,#5023,.T.);
#5021 = VERTEX_POINT('',#5022);
#5022 = CARTESIAN_POINT('',(-1.198173955233,7.476894985465,0.23));
#5023 = B_SPLINE_CURVE_WITH_KNOTS('',2,(#5024,#5025,#5026),
  .UNSPECIFIED.,.F.,.F.,(3,3),(0.,1.),.PIECEWISE_BEZIER_KNOTS.);
#5024 = CARTESIAN_POINT('',(-1.095294231395,7.392274709302,0.23));
#5025 = CARTESIAN_POINT('',(-1.130041687791,7.44550872093,0.23));
#5026 = CARTESIAN_POINT('',(-1.198173955233,7.476894985465,0.23));
#5027 = ORIENTED_EDGE('',*,*,#5028,.F.);
#5028 = EDGE_CURVE('',#2681,#5021,#5029,.T.);
#5029 = LINE('',#5030,#5031);
#5030 = CARTESIAN_POINT('',(-1.198173955233,7.476894985465,0.43));
#5031 = VECTOR('',#5032,1.);
#5032 = DIRECTION('',(-4.E-16,-7.771561172376E-16,-1.));
#5033 = SURFACE_OF_LINEAR_EXTRUSION('',#5034,#5038);
#5034 = B_SPLINE_CURVE_WITH_KNOTS('',2,(#5035,#5036,#5037),
  .UNSPECIFIED.,.F.,.F.,(3,3),(0.,1.),.PIECEWISE_BEZIER_KNOTS.);
#5035 = CARTESIAN_POINT('',(-1.095294231395,7.392274709302,0.43));
#5036 = CARTESIAN_POINT('',(-1.130041687791,7.44550872093,0.43));
#5037 = CARTESIAN_POINT('',(-1.198173955233,7.476894985465,0.43));
#5038 = VECTOR('',#5039,1.);
#5039 = DIRECTION('',(4.E-16,7.771561172376E-16,1.));
#5040 = ADVANCED_FACE('',(#5041),#5059,.T.);
#5041 = FACE_BOUND('',#5042,.T.);
#5042 = EDGE_LOOP('',(#5043,#5044,#5045,#5053));
#5043 = ORIENTED_EDGE('',*,*,#2680,.T.);
#5044 = ORIENTED_EDGE('',*,*,#5028,.T.);
#5045 = ORIENTED_EDGE('',*,*,#5046,.T.);
#5046 = EDGE_CURVE('',#5021,#5047,#5049,.T.);
#5047 = VERTEX_POINT('',#5048);
#5048 = CARTESIAN_POINT('',(-1.060546775,7.562014898256,0.23));
#5049 = B_SPLINE_CURVE_WITH_KNOTS('',2,(#5050,#5051,#5052),
  .UNSPECIFIED.,.F.,.F.,(3,3),(0.,1.),.PIECEWISE_BEZIER_KNOTS.);
#5050 = CARTESIAN_POINT('',(-1.198173955233,7.476894985465,0.23));
#5051 = CARTESIAN_POINT('',(-1.109602007558,7.497380087209,0.23));
#5052 = CARTESIAN_POINT('',(-1.060546775,7.562014898256,0.23));
#5053 = ORIENTED_EDGE('',*,*,#5054,.F.);
#5054 = EDGE_CURVE('',#2671,#5047,#5055,.T.);
#5055 = LINE('',#5056,#5057);
#5056 = CARTESIAN_POINT('',(-1.060546775,7.562014898256,0.43));
#5057 = VECTOR('',#5058,1.);
#5058 = DIRECTION('',(-4.E-16,-7.771561172376E-16,-1.));
#5059 = SURFACE_OF_LINEAR_EXTRUSION('',#5060,#5064);
#5060 = B_SPLINE_CURVE_WITH_KNOTS('',2,(#5061,#5062,#5063),
  .UNSPECIFIED.,.F.,.F.,(3,3),(0.,1.),.PIECEWISE_BEZIER_KNOTS.);
#5061 = CARTESIAN_POINT('',(-1.198173955233,7.476894985465,0.43));
#5062 = CARTESIAN_POINT('',(-1.109602007558,7.497380087209,0.43));
#5063 = CARTESIAN_POINT('',(-1.060546775,7.562014898256,0.43));
#5064 = VECTOR('',#5065,1.);
#5065 = DIRECTION('',(4.E-16,7.771561172376E-16,1.));
#5066 = ADVANCED_FACE('',(#5067),#5085,.T.);
#5067 = FACE_BOUND('',#5068,.T.);
#5068 = EDGE_LOOP('',(#5069,#5070,#5071,#5079));
#5069 = ORIENTED_EDGE('',*,*,#2670,.T.);
#5070 = ORIENTED_EDGE('',*,*,#5054,.T.);
#5071 = ORIENTED_EDGE('',*,*,#5072,.T.);
#5072 = EDGE_CURVE('',#5047,#5073,#5075,.T.);
#5073 = VERTEX_POINT('',#5074);
#5074 = CARTESIAN_POINT('',(-1.011491542442,7.72367005814,0.23));
#5075 = B_SPLINE_CURVE_WITH_KNOTS('',2,(#5076,#5077,#5078),
  .UNSPECIFIED.,.F.,.F.,(3,3),(0.,1.),.PIECEWISE_BEZIER_KNOTS.);
#5076 = CARTESIAN_POINT('',(-1.060546775,7.562014898256,0.23));
#5077 = CARTESIAN_POINT('',(-1.011491542442,7.626604287791,0.23));
#5078 = CARTESIAN_POINT('',(-1.011491542442,7.72367005814,0.23));
#5079 = ORIENTED_EDGE('',*,*,#5080,.F.);
#5080 = EDGE_CURVE('',#2658,#5073,#5081,.T.);
#5081 = LINE('',#5082,#5083);
#5082 = CARTESIAN_POINT('',(-1.011491542442,7.72367005814,0.43));
#5083 = VECTOR('',#5084,1.);
#5084 = DIRECTION('',(-4.E-16,-7.771561172376E-16,-1.));
#5085 = SURFACE_OF_LINEAR_EXTRUSION('',#5086,#5090);
#5086 = B_SPLINE_CURVE_WITH_KNOTS('',2,(#5087,#5088,#5089),
  .UNSPECIFIED.,.F.,.F.,(3,3),(0.,1.),.PIECEWISE_BEZIER_KNOTS.);
#5087 = CARTESIAN_POINT('',(-1.060546775,7.562014898256,0.43));
#5088 = CARTESIAN_POINT('',(-1.011491542442,7.626604287791,0.43));
#5089 = CARTESIAN_POINT('',(-1.011491542442,7.72367005814,0.43));
#5090 = VECTOR('',#5091,1.);
#5091 = DIRECTION('',(4.E-16,7.771561172376E-16,1.));
#5092 = ADVANCED_FACE('',(#5093),#5111,.T.);
#5093 = FACE_BOUND('',#5094,.T.);
#5094 = EDGE_LOOP('',(#5095,#5096,#5097,#5105));
#5095 = ORIENTED_EDGE('',*,*,#2657,.T.);
#5096 = ORIENTED_EDGE('',*,*,#5080,.T.);
#5097 = ORIENTED_EDGE('',*,*,#5098,.T.);
#5098 = EDGE_CURVE('',#5073,#5099,#5101,.T.);
#5099 = VERTEX_POINT('',#5100);
#5100 = CARTESIAN_POINT('',(-1.10687671686,7.946190043605,0.23));
#5101 = B_SPLINE_CURVE_WITH_KNOTS('',2,(#5102,#5103,#5104),
  .UNSPECIFIED.,.F.,.F.,(3,3),(0.,1.),.PIECEWISE_BEZIER_KNOTS.);
#5102 = CARTESIAN_POINT('',(-1.011491542442,7.72367005814,0.23));
#5103 = CARTESIAN_POINT('',(-1.011491542442,7.854938226744,0.23));
#5104 = CARTESIAN_POINT('',(-1.10687671686,7.946190043605,0.23));
#5105 = ORIENTED_EDGE('',*,*,#5106,.F.);
#5106 = EDGE_CURVE('',#2643,#5099,#5107,.T.);
#5107 = LINE('',#5108,#5109);
#5108 = CARTESIAN_POINT('',(-1.10687671686,7.946190043605,0.43));
#5109 = VECTOR('',#5110,1.);
#5110 = DIRECTION('',(-4.E-16,-7.771561172376E-16,-1.));
#5111 = SURFACE_OF_LINEAR_EXTRUSION('',#5112,#5116);
#5112 = B_SPLINE_CURVE_WITH_KNOTS('',2,(#5113,#5114,#5115),
  .UNSPECIFIED.,.F.,.F.,(3,3),(0.,1.),.PIECEWISE_BEZIER_KNOTS.);
#5113 = CARTESIAN_POINT('',(-1.011491542442,7.72367005814,0.43));
#5114 = CARTESIAN_POINT('',(-1.011491542442,7.854938226744,0.43));
#5115 = CARTESIAN_POINT('',(-1.10687671686,7.946190043605,0.43));
#5116 = VECTOR('',#5117,1.);
#5117 = DIRECTION('',(4.E-16,7.771561172376E-16,1.));
#5118 = ADVANCED_FACE('',(#5119),#5137,.T.);
#5119 = FACE_BOUND('',#5120,.T.);
#5120 = EDGE_LOOP('',(#5121,#5122,#5123,#5131));
#5121 = ORIENTED_EDGE('',*,*,#2642,.T.);
#5122 = ORIENTED_EDGE('',*,*,#5106,.T.);
#5123 = ORIENTED_EDGE('',*,*,#5124,.T.);
#5124 = EDGE_CURVE('',#5099,#5125,#5127,.T.);
#5125 = VERTEX_POINT('',#5126);
#5126 = CARTESIAN_POINT('',(-1.348064943605,8.037441860465,0.23));
#5127 = B_SPLINE_CURVE_WITH_KNOTS('',2,(#5128,#5129,#5130),
  .UNSPECIFIED.,.F.,.F.,(3,3),(0.,1.),.PIECEWISE_BEZIER_KNOTS.);
#5128 = CARTESIAN_POINT('',(-1.10687671686,7.946190043605,0.23));
#5129 = CARTESIAN_POINT('',(-1.202261891279,8.037441860465,0.23));
#5130 = CARTESIAN_POINT('',(-1.348064943605,8.037441860465,0.23));
#5131 = ORIENTED_EDGE('',*,*,#5132,.F.);
#5132 = EDGE_CURVE('',#2630,#5125,#5133,.T.);
#5133 = LINE('',#5134,#5135);
#5134 = CARTESIAN_POINT('',(-1.348064943605,8.037441860465,0.43));
#5135 = VECTOR('',#5136,1.);
#5136 = DIRECTION('',(-4.E-16,-7.771561172376E-16,-1.));
#5137 = SURFACE_OF_LINEAR_EXTRUSION('',#5138,#5142);
#5138 = B_SPLINE_CURVE_WITH_KNOTS('',2,(#5139,#5140,#5141),
  .UNSPECIFIED.,.F.,.F.,(3,3),(0.,1.),.PIECEWISE_BEZIER_KNOTS.);
#5139 = CARTESIAN_POINT('',(-1.10687671686,7.946190043605,0.43));
#5140 = CARTESIAN_POINT('',(-1.202261891279,8.037441860465,0.43));
#5141 = CARTESIAN_POINT('',(-1.348064943605,8.037441860465,0.43));
#5142 = VECTOR('',#5143,1.);
#5143 = DIRECTION('',(4.E-16,7.771561172376E-16,1.));
#5144 = ADVANCED_FACE('',(#5145),#5163,.T.);
#5145 = FACE_BOUND('',#5146,.T.);
#5146 = EDGE_LOOP('',(#5147,#5148,#5149,#5157));
#5147 = ORIENTED_EDGE('',*,*,#2629,.T.);
#5148 = ORIENTED_EDGE('',*,*,#5132,.T.);
#5149 = ORIENTED_EDGE('',*,*,#5150,.T.);
#5150 = EDGE_CURVE('',#5125,#5151,#5153,.T.);
#5151 = VERTEX_POINT('',#5152);
#5152 = CARTESIAN_POINT('',(-1.566451571512,7.958635537791,0.23));
#5153 = B_SPLINE_CURVE_WITH_KNOTS('',2,(#5154,#5155,#5156),
  .UNSPECIFIED.,.F.,.F.,(3,3),(0.,1.),.PIECEWISE_BEZIER_KNOTS.);
#5154 = CARTESIAN_POINT('',(-1.348064943605,8.037441860465,0.23));
#5155 = CARTESIAN_POINT('',(-1.479560219767,8.037441860465,0.23));
#5156 = CARTESIAN_POINT('',(-1.566451571512,7.958635537791,0.23));
#5157 = ORIENTED_EDGE('',*,*,#5158,.F.);
#5158 = EDGE_CURVE('',#2617,#5151,#5159,.T.);
#5159 = LINE('',#5160,#5161);
#5160 = CARTESIAN_POINT('',(-1.566451571512,7.958635537791,0.43));
#5161 = VECTOR('',#5162,1.);
#5162 = DIRECTION('',(-4.E-16,-7.771561172376E-16,-1.));
#5163 = SURFACE_OF_LINEAR_EXTRUSION('',#5164,#5168);
#5164 = B_SPLINE_CURVE_WITH_KNOTS('',2,(#5165,#5166,#5167),
  .UNSPECIFIED.,.F.,.F.,(3,3),(0.,1.),.PIECEWISE_BEZIER_KNOTS.);
#5165 = CARTESIAN_POINT('',(-1.348064943605,8.037441860465,0.43));
#5166 = CARTESIAN_POINT('',(-1.479560219767,8.037441860465,0.43));
#5167 = CARTESIAN_POINT('',(-1.566451571512,7.958635537791,0.43));
#5168 = VECTOR('',#5169,1.);
#5169 = DIRECTION('',(4.E-16,7.771561172376E-16,1.));
#5170 = ADVANCED_FACE('',(#5171),#5182,.T.);
#5171 = FACE_BOUND('',#5172,.T.);
#5172 = EDGE_LOOP('',(#5173,#5174,#5175,#5181));
#5173 = ORIENTED_EDGE('',*,*,#2616,.T.);
#5174 = ORIENTED_EDGE('',*,*,#5158,.T.);
#5175 = ORIENTED_EDGE('',*,*,#5176,.T.);
#5176 = EDGE_CURVE('',#5151,#4421,#5177,.T.);
#5177 = B_SPLINE_CURVE_WITH_KNOTS('',2,(#5178,#5179,#5180),
  .UNSPECIFIED.,.F.,.F.,(3,3),(0.,1.),.PIECEWISE_BEZIER_KNOTS.);
#5178 = CARTESIAN_POINT('',(-1.566451571512,7.958635537791,0.23));
#5179 = CARTESIAN_POINT('',(-1.653297501744,7.879783793605,0.23));
#5180 = CARTESIAN_POINT('',(-1.665561309884,7.754375,0.23));
#5181 = ORIENTED_EDGE('',*,*,#4420,.F.);
#5182 = SURFACE_OF_LINEAR_EXTRUSION('',#5183,#5187);
#5183 = B_SPLINE_CURVE_WITH_KNOTS('',2,(#5184,#5185,#5186),
  .UNSPECIFIED.,.F.,.F.,(3,3),(0.,1.),.PIECEWISE_BEZIER_KNOTS.);
#5184 = CARTESIAN_POINT('',(-1.566451571512,7.958635537791,0.43));
#5185 = CARTESIAN_POINT('',(-1.653297501744,7.879783793605,0.43));
#5186 = CARTESIAN_POINT('',(-1.665561309884,7.754375,0.43));
#5187 = VECTOR('',#5188,1.);
#5188 = DIRECTION('',(4.E-16,7.771561172376E-16,1.));
#5189 = ADVANCED_FACE('',(#5190),#5215,.T.);
#5190 = FACE_BOUND('',#5191,.T.);
#5191 = EDGE_LOOP('',(#5192,#5193,#5201,#5209));
#5192 = ORIENTED_EDGE('',*,*,#2970,.F.);
#5193 = ORIENTED_EDGE('',*,*,#5194,.T.);
#5194 = EDGE_CURVE('',#2971,#5195,#5197,.T.);
#5195 = VERTEX_POINT('',#5196);
#5196 = CARTESIAN_POINT('',(-6.418049593023E-02,8.02,0.23));
#5197 = LINE('',#5198,#5199);
#5198 = CARTESIAN_POINT('',(-6.418049593023E-02,8.02,0.43));
#5199 = VECTOR('',#5200,1.);
#5200 = DIRECTION('',(-4.E-16,-7.771561172376E-16,-1.));
#5201 = ORIENTED_EDGE('',*,*,#5202,.T.);
#5202 = EDGE_CURVE('',#5195,#5203,#5205,.T.);
#5203 = VERTEX_POINT('',#5204);
#5204 = CARTESIAN_POINT('',(-6.418049593023E-02,7.02,0.23));
#5205 = LINE('',#5206,#5207);
#5206 = CARTESIAN_POINT('',(-6.418049593023E-02,8.02,0.23));
#5207 = VECTOR('',#5208,1.);
#5208 = DIRECTION('',(2.E-16,-1.,7.771561172376E-16));
#5209 = ORIENTED_EDGE('',*,*,#5210,.F.);
#5210 = EDGE_CURVE('',#2973,#5203,#5211,.T.);
#5211 = LINE('',#5212,#5213);
#5212 = CARTESIAN_POINT('',(-6.418049593023E-02,7.02,0.43));
#5213 = VECTOR('',#5214,1.);
#5214 = DIRECTION('',(-4.E-16,-7.771561172376E-16,-1.));
#5215 = PLANE('',#5216);
#5216 = AXIS2_PLACEMENT_3D('',#5217,#5218,#5219);
#5217 = CARTESIAN_POINT('',(-6.418049593023E-02,8.02,0.43));
#5218 = DIRECTION('',(-1.,-2.E-16,4.E-16));
#5219 = DIRECTION('',(2.E-16,-1.,7.771561172376E-16));
#5220 = ADVANCED_FACE('',(#5221),#5239,.T.);
#5221 = FACE_BOUND('',#5222,.T.);
#5222 = EDGE_LOOP('',(#5223,#5224,#5225,#5233));
#5223 = ORIENTED_EDGE('',*,*,#3068,.F.);
#5224 = ORIENTED_EDGE('',*,*,#5210,.T.);
#5225 = ORIENTED_EDGE('',*,*,#5226,.T.);
#5226 = EDGE_CURVE('',#5203,#5227,#5229,.T.);
#5227 = VERTEX_POINT('',#5228);
#5228 = CARTESIAN_POINT('',(0.312590943023,7.02,0.23));
#5229 = LINE('',#5230,#5231);
#5230 = CARTESIAN_POINT('',(-6.418049593023E-02,7.02,0.23));
#5231 = VECTOR('',#5232,1.);
#5232 = DIRECTION('',(1.,2.E-16,-4.E-16));
#5233 = ORIENTED_EDGE('',*,*,#5234,.F.);
#5234 = EDGE_CURVE('',#3059,#5227,#5235,.T.);
#5235 = LINE('',#5236,#5237);
#5236 = CARTESIAN_POINT('',(0.312590943023,7.02,0.43));
#5237 = VECTOR('',#5238,1.);
#5238 = DIRECTION('',(-4.E-16,-7.771561172376E-16,-1.));
#5239 = PLANE('',#5240);
#5240 = AXIS2_PLACEMENT_3D('',#5241,#5242,#5243);
#5241 = CARTESIAN_POINT('',(-6.418049593023E-02,7.02,0.43));
#5242 = DIRECTION('',(2.E-16,-1.,7.771561172376E-16));
#5243 = DIRECTION('',(1.,2.E-16,-4.E-16));
#5244 = ADVANCED_FACE('',(#5245),#5263,.T.);
#5245 = FACE_BOUND('',#5246,.T.);
#5246 = EDGE_LOOP('',(#5247,#5248,#5249,#5257));
#5247 = ORIENTED_EDGE('',*,*,#3058,.T.);
#5248 = ORIENTED_EDGE('',*,*,#5234,.T.);
#5249 = ORIENTED_EDGE('',*,*,#5250,.T.);
#5250 = EDGE_CURVE('',#5227,#5251,#5253,.T.);
#5251 = VERTEX_POINT('',#5252);
#5252 = CARTESIAN_POINT('',(0.464525899419,7.029538517442,0.23));
#5253 = B_SPLINE_CURVE_WITH_KNOTS('',2,(#5254,#5255,#5256),
  .UNSPECIFIED.,.F.,.F.,(3,3),(0.,1.),.PIECEWISE_BEZIER_KNOTS.);
#5254 = CARTESIAN_POINT('',(0.312590943023,7.02,0.23));
#5255 = CARTESIAN_POINT('',(0.412064053488,7.02,0.23));
#5256 = CARTESIAN_POINT('',(0.464525899419,7.029538517442,0.23));
#5257 = ORIENTED_EDGE('',*,*,#5258,.F.);
#5258 = EDGE_CURVE('',#3049,#5251,#5259,.T.);
#5259 = LINE('',#5260,#5261);
#5260 = CARTESIAN_POINT('',(0.464525899419,7.029538517442,0.43));
#5261 = VECTOR('',#5262,1.);
#5262 = DIRECTION('',(-4.E-16,-7.771561172376E-16,-1.));
#5263 = SURFACE_OF_LINEAR_EXTRUSION('',#5264,#5268);
#5264 = B_SPLINE_CURVE_WITH_KNOTS('',2,(#5265,#5266,#5267),
  .UNSPECIFIED.,.F.,.F.,(3,3),(0.,1.),.PIECEWISE_BEZIER_KNOTS.);
#5265 = CARTESIAN_POINT('',(0.312590943023,7.02,0.43));
#5266 = CARTESIAN_POINT('',(0.412064053488,7.02,0.43));
#5267 = CARTESIAN_POINT('',(0.464525899419,7.029538517442,0.43));
#5268 = VECTOR('',#5269,1.);
#5269 = DIRECTION('',(4.E-16,7.771561172376E-16,1.));
#5270 = ADVANCED_FACE('',(#5271),#5289,.T.);
#5271 = FACE_BOUND('',#5272,.T.);
#5272 = EDGE_LOOP('',(#5273,#5274,#5275,#5283));
#5273 = ORIENTED_EDGE('',*,*,#3048,.T.);
#5274 = ORIENTED_EDGE('',*,*,#5258,.T.);
#5275 = ORIENTED_EDGE('',*,*,#5276,.T.);
#5276 = EDGE_CURVE('',#5251,#5277,#5279,.T.);
#5277 = VERTEX_POINT('',#5278);
#5278 = CARTESIAN_POINT('',(0.587845303488,7.076186409884,0.23));
#5279 = B_SPLINE_CURVE_WITH_KNOTS('',2,(#5280,#5281,#5282),
  .UNSPECIFIED.,.F.,.F.,(3,3),(0.,1.),.PIECEWISE_BEZIER_KNOTS.);
#5280 = CARTESIAN_POINT('',(0.464525899419,7.029538517442,0.23));
#5281 = CARTESIAN_POINT('',(0.538108748256,7.041802325581,0.23));
#5282 = CARTESIAN_POINT('',(0.587845303488,7.076186409884,0.23));
#5283 = ORIENTED_EDGE('',*,*,#5284,.F.);
#5284 = EDGE_CURVE('',#3039,#5277,#5285,.T.);
#5285 = LINE('',#5286,#5287);
#5286 = CARTESIAN_POINT('',(0.587845303488,7.076186409884,0.43));
#5287 = VECTOR('',#5288,1.);
#5288 = DIRECTION('',(-4.E-16,-7.771561172376E-16,-1.));
#5289 = SURFACE_OF_LINEAR_EXTRUSION('',#5290,#5294);
#5290 = B_SPLINE_CURVE_WITH_KNOTS('',2,(#5291,#5292,#5293),
  .UNSPECIFIED.,.F.,.F.,(3,3),(0.,1.),.PIECEWISE_BEZIER_KNOTS.);
#5291 = CARTESIAN_POINT('',(0.464525899419,7.029538517442,0.43));
#5292 = CARTESIAN_POINT('',(0.538108748256,7.041802325581,0.43));
#5293 = CARTESIAN_POINT('',(0.587845303488,7.076186409884,0.43));
#5294 = VECTOR('',#5295,1.);
#5295 = DIRECTION('',(4.E-16,7.771561172376E-16,1.));
#5296 = ADVANCED_FACE('',(#5297),#5315,.T.);
#5297 = FACE_BOUND('',#5298,.T.);
#5298 = EDGE_LOOP('',(#5299,#5300,#5301,#5309));
#5299 = ORIENTED_EDGE('',*,*,#3038,.T.);
#5300 = ORIENTED_EDGE('',*,*,#5284,.T.);
#5301 = ORIENTED_EDGE('',*,*,#5302,.T.);
#5302 = EDGE_CURVE('',#5277,#5303,#5305,.T.);
#5303 = VERTEX_POINT('',#5304);
#5304 = CARTESIAN_POINT('',(0.667878006977,7.172480014535,0.23));
#5305 = B_SPLINE_CURVE_WITH_KNOTS('',2,(#5306,#5307,#5308),
  .UNSPECIFIED.,.F.,.F.,(3,3),(0.,1.),.PIECEWISE_BEZIER_KNOTS.);
#5306 = CARTESIAN_POINT('',(0.587845303488,7.076186409884,0.23));
#5307 = CARTESIAN_POINT('',(0.637581858721,7.110525072674,0.23));
#5308 = CARTESIAN_POINT('',(0.667878006977,7.172480014535,0.23));
#5309 = ORIENTED_EDGE('',*,*,#5310,.F.);
#5310 = EDGE_CURVE('',#3029,#5303,#5311,.T.);
#5311 = LINE('',#5312,#5313);
#5312 = CARTESIAN_POINT('',(0.667878006977,7.172480014535,0.43));
#5313 = VECTOR('',#5314,1.);
#5314 = DIRECTION('',(-4.E-16,-7.771561172376E-16,-1.));
#5315 = SURFACE_OF_LINEAR_EXTRUSION('',#5316,#5320);
#5316 = B_SPLINE_CURVE_WITH_KNOTS('',2,(#5317,#5318,#5319),
  .UNSPECIFIED.,.F.,.F.,(3,3),(0.,1.),.PIECEWISE_BEZIER_KNOTS.);
#5317 = CARTESIAN_POINT('',(0.587845303488,7.076186409884,0.43));
#5318 = CARTESIAN_POINT('',(0.637581858721,7.110525072674,0.43));
#5319 = CARTESIAN_POINT('',(0.667878006977,7.172480014535,0.43));
#5320 = VECTOR('',#5321,1.);
#5321 = DIRECTION('',(4.E-16,7.771561172376E-16,1.));
#5322 = ADVANCED_FACE('',(#5323),#5341,.T.);
#5323 = FACE_BOUND('',#5324,.T.);
#5324 = EDGE_LOOP('',(#5325,#5326,#5327,#5335));
#5325 = ORIENTED_EDGE('',*,*,#3028,.T.);
#5326 = ORIENTED_EDGE('',*,*,#5310,.T.);
#5327 = ORIENTED_EDGE('',*,*,#5328,.T.);
#5328 = EDGE_CURVE('',#5303,#5329,#5331,.T.);
#5329 = VERTEX_POINT('',#5330);
#5330 = CARTESIAN_POINT('',(0.698219576744,7.308653706395,0.23));
#5331 = B_SPLINE_CURVE_WITH_KNOTS('',2,(#5332,#5333,#5334),
  .UNSPECIFIED.,.F.,.F.,(3,3),(0.,1.),.PIECEWISE_BEZIER_KNOTS.);
#5332 = CARTESIAN_POINT('',(0.667878006977,7.172480014535,0.23));
#5333 = CARTESIAN_POINT('',(0.698219576744,7.234434956395,0.23));
#5334 = CARTESIAN_POINT('',(0.698219576744,7.308653706395,0.23));
#5335 = ORIENTED_EDGE('',*,*,#5336,.F.);
#5336 = EDGE_CURVE('',#3016,#5329,#5337,.T.);
#5337 = LINE('',#5338,#5339);
#5338 = CARTESIAN_POINT('',(0.698219576744,7.308653706395,0.43));
#5339 = VECTOR('',#5340,1.);
#5340 = DIRECTION('',(-4.E-16,-7.771561172376E-16,-1.));
#5341 = SURFACE_OF_LINEAR_EXTRUSION('',#5342,#5346);
#5342 = B_SPLINE_CURVE_WITH_KNOTS('',2,(#5343,#5344,#5345),
  .UNSPECIFIED.,.F.,.F.,(3,3),(0.,1.),.PIECEWISE_BEZIER_KNOTS.);
#5343 = CARTESIAN_POINT('',(0.667878006977,7.172480014535,0.43));
#5344 = CARTESIAN_POINT('',(0.698219576744,7.234434956395,0.43));
#5345 = CARTESIAN_POINT('',(0.698219576744,7.308653706395,0.43));
#5346 = VECTOR('',#5347,1.);
#5347 = DIRECTION('',(4.E-16,7.771561172376E-16,1.));
#5348 = ADVANCED_FACE('',(#5349),#5367,.T.);
#5349 = FACE_BOUND('',#5350,.T.);
#5350 = EDGE_LOOP('',(#5351,#5352,#5353,#5361));
#5351 = ORIENTED_EDGE('',*,*,#3015,.T.);
#5352 = ORIENTED_EDGE('',*,*,#5336,.T.);
#5353 = ORIENTED_EDGE('',*,*,#5354,.T.);
#5354 = EDGE_CURVE('',#5329,#5355,#5357,.T.);
#5355 = VERTEX_POINT('',#5356);
#5356 = CARTESIAN_POINT('',(0.617142178488,7.524133357558,0.23));
#5357 = B_SPLINE_CURVE_WITH_KNOTS('',2,(#5358,#5359,#5360),
  .UNSPECIFIED.,.F.,.F.,(3,3),(0.,1.),.PIECEWISE_BEZIER_KNOTS.);
#5358 = CARTESIAN_POINT('',(0.698219576744,7.308653706395,0.23));
#5359 = CARTESIAN_POINT('',(0.698219576744,7.435970203488,0.23));
#5360 = CARTESIAN_POINT('',(0.617142178488,7.524133357558,0.23));
#5361 = ORIENTED_EDGE('',*,*,#5362,.F.);
#5362 = EDGE_CURVE('',#3005,#5355,#5363,.T.);
#5363 = LINE('',#5364,#5365);
#5364 = CARTESIAN_POINT('',(0.617142178488,7.524133357558,0.43));
#5365 = VECTOR('',#5366,1.);
#5366 = DIRECTION('',(-4.E-16,-7.771561172376E-16,-1.));
#5367 = SURFACE_OF_LINEAR_EXTRUSION('',#5368,#5372);
#5368 = B_SPLINE_CURVE_WITH_KNOTS('',2,(#5369,#5370,#5371),
  .UNSPECIFIED.,.F.,.F.,(3,3),(0.,1.),.PIECEWISE_BEZIER_KNOTS.);
#5369 = CARTESIAN_POINT('',(0.698219576744,7.308653706395,0.43));
#5370 = CARTESIAN_POINT('',(0.698219576744,7.435970203488,0.43));
#5371 = CARTESIAN_POINT('',(0.617142178488,7.524133357558,0.43));
#5372 = VECTOR('',#5373,1.);
#5373 = DIRECTION('',(4.E-16,7.771561172376E-16,1.));
#5374 = ADVANCED_FACE('',(#5375),#5393,.T.);
#5375 = FACE_BOUND('',#5376,.T.);
#5376 = EDGE_LOOP('',(#5377,#5378,#5379,#5387));
#5377 = ORIENTED_EDGE('',*,*,#3004,.T.);
#5378 = ORIENTED_EDGE('',*,*,#5362,.T.);
#5379 = ORIENTED_EDGE('',*,*,#5380,.T.);
#5380 = EDGE_CURVE('',#5355,#5381,#5383,.T.);
#5381 = VERTEX_POINT('',#5382);
#5382 = CARTESIAN_POINT('',(0.324173428488,7.612296511628,0.23));
#5383 = B_SPLINE_CURVE_WITH_KNOTS('',2,(#5384,#5385,#5386),
  .UNSPECIFIED.,.F.,.F.,(3,3),(0.,1.),.PIECEWISE_BEZIER_KNOTS.);
#5384 = CARTESIAN_POINT('',(0.617142178488,7.524133357558,0.23));
#5385 = CARTESIAN_POINT('',(0.536064780233,7.612296511628,0.23));
#5386 = CARTESIAN_POINT('',(0.324173428488,7.612296511628,0.23));
#5387 = ORIENTED_EDGE('',*,*,#5388,.F.);
#5388 = EDGE_CURVE('',#2997,#5381,#5389,.T.);
#5389 = LINE('',#5390,#5391);
#5390 = CARTESIAN_POINT('',(0.324173428488,7.612296511628,0.43));
#5391 = VECTOR('',#5392,1.);
#5392 = DIRECTION('',(-4.E-16,-7.771561172376E-16,-1.));
#5393 = SURFACE_OF_LINEAR_EXTRUSION('',#5394,#5398);
#5394 = B_SPLINE_CURVE_WITH_KNOTS('',2,(#5395,#5396,#5397),
  .UNSPECIFIED.,.F.,.F.,(3,3),(0.,1.),.PIECEWISE_BEZIER_KNOTS.);
#5395 = CARTESIAN_POINT('',(0.617142178488,7.524133357558,0.43));
#5396 = CARTESIAN_POINT('',(0.536064780233,7.612296511628,0.43));
#5397 = CARTESIAN_POINT('',(0.324173428488,7.612296511628,0.43));
#5398 = VECTOR('',#5399,1.);
#5399 = DIRECTION('',(4.E-16,7.771561172376E-16,1.));
#5400 = ADVANCED_FACE('',(#5401),#5419,.T.);
#5401 = FACE_BOUND('',#5402,.T.);
#5402 = EDGE_LOOP('',(#5403,#5404,#5405,#5413));
#5403 = ORIENTED_EDGE('',*,*,#2996,.F.);
#5404 = ORIENTED_EDGE('',*,*,#5388,.T.);
#5405 = ORIENTED_EDGE('',*,*,#5406,.T.);
#5406 = EDGE_CURVE('',#5381,#5407,#5409,.T.);
#5407 = VERTEX_POINT('',#5408);
#5408 = CARTESIAN_POINT('',(6.799610290698E-02,7.612296511628,0.23));
#5409 = LINE('',#5410,#5411);
#5410 = CARTESIAN_POINT('',(0.324173428488,7.612296511628,0.23));
#5411 = VECTOR('',#5412,1.);
#5412 = DIRECTION('',(-1.,-2.E-16,4.E-16));
#5413 = ORIENTED_EDGE('',*,*,#5414,.F.);
#5414 = EDGE_CURVE('',#2989,#5407,#5415,.T.);
#5415 = LINE('',#5416,#5417);
#5416 = CARTESIAN_POINT('',(6.799610290698E-02,7.612296511628,0.43));
#5417 = VECTOR('',#5418,1.);
#5418 = DIRECTION('',(-4.E-16,-7.771561172376E-16,-1.));
#5419 = PLANE('',#5420);
#5420 = AXIS2_PLACEMENT_3D('',#5421,#5422,#5423);
#5421 = CARTESIAN_POINT('',(0.324173428488,7.612296511628,0.43));
#5422 = DIRECTION('',(-2.E-16,1.,-7.771561172376E-16));
#5423 = DIRECTION('',(-1.,-2.E-16,4.E-16));
#5424 = ADVANCED_FACE('',(#5425),#5443,.T.);
#5425 = FACE_BOUND('',#5426,.T.);
#5426 = EDGE_LOOP('',(#5427,#5428,#5429,#5437));
#5427 = ORIENTED_EDGE('',*,*,#2988,.F.);
#5428 = ORIENTED_EDGE('',*,*,#5414,.T.);
#5429 = ORIENTED_EDGE('',*,*,#5430,.T.);
#5430 = EDGE_CURVE('',#5407,#5431,#5433,.T.);
#5431 = VERTEX_POINT('',#5432);
#5432 = CARTESIAN_POINT('',(6.799610290698E-02,8.02,0.23));
#5433 = LINE('',#5434,#5435);
#5434 = CARTESIAN_POINT('',(6.799610290698E-02,7.612296511628,0.23));
#5435 = VECTOR('',#5436,1.);
#5436 = DIRECTION('',(-2.E-16,1.,-7.771561172376E-16));
#5437 = ORIENTED_EDGE('',*,*,#5438,.F.);
#5438 = EDGE_CURVE('',#2981,#5431,#5439,.T.);
#5439 = LINE('',#5440,#5441);
#5440 = CARTESIAN_POINT('',(6.799610290698E-02,8.02,0.43));
#5441 = VECTOR('',#5442,1.);
#5442 = DIRECTION('',(-4.E-16,-7.771561172376E-16,-1.));
#5443 = PLANE('',#5444);
#5444 = AXIS2_PLACEMENT_3D('',#5445,#5446,#5447);
#5445 = CARTESIAN_POINT('',(6.799610290698E-02,7.612296511628,0.43));
#5446 = DIRECTION('',(1.,2.E-16,-4.E-16));
#5447 = DIRECTION('',(-2.E-16,1.,-7.771561172376E-16));
#5448 = ADVANCED_FACE('',(#5449),#5460,.T.);
#5449 = FACE_BOUND('',#5450,.T.);
#5450 = EDGE_LOOP('',(#5451,#5452,#5453,#5459));
#5451 = ORIENTED_EDGE('',*,*,#2980,.F.);
#5452 = ORIENTED_EDGE('',*,*,#5438,.T.);
#5453 = ORIENTED_EDGE('',*,*,#5454,.T.);
#5454 = EDGE_CURVE('',#5431,#5195,#5455,.T.);
#5455 = LINE('',#5456,#5457);
#5456 = CARTESIAN_POINT('',(6.799610290698E-02,8.02,0.23));
#5457 = VECTOR('',#5458,1.);
#5458 = DIRECTION('',(-1.,-2.E-16,4.E-16));
#5459 = ORIENTED_EDGE('',*,*,#5194,.F.);
#5460 = PLANE('',#5461);
#5461 = AXIS2_PLACEMENT_3D('',#5462,#5463,#5464);
#5462 = CARTESIAN_POINT('',(6.799610290698E-02,8.02,0.43));
#5463 = DIRECTION('',(-2.E-16,1.,-7.771561172376E-16));
#5464 = DIRECTION('',(-1.,-2.E-16,4.E-16));
#5465 = ADVANCED_FACE('',(#5466),#5491,.T.);
#5466 = FACE_BOUND('',#5467,.T.);
#5467 = EDGE_LOOP('',(#5468,#5469,#5477,#5485));
#5468 = ORIENTED_EDGE('',*,*,#3076,.F.);
#5469 = ORIENTED_EDGE('',*,*,#5470,.T.);
#5470 = EDGE_CURVE('',#3077,#5471,#5473,.T.);
#5471 = VERTEX_POINT('',#5472);
#5472 = CARTESIAN_POINT('',(1.04047066686,8.02,0.23));
#5473 = LINE('',#5474,#5475);
#5474 = CARTESIAN_POINT('',(1.04047066686,8.02,0.43));
#5475 = VECTOR('',#5476,1.);
#5476 = DIRECTION('',(-4.E-16,-7.771561172376E-16,-1.));
#5477 = ORIENTED_EDGE('',*,*,#5478,.T.);
#5478 = EDGE_CURVE('',#5471,#5479,#5481,.T.);
#5479 = VERTEX_POINT('',#5480);
#5480 = CARTESIAN_POINT('',(0.775436146512,7.02,0.23));
#5481 = LINE('',#5482,#5483);
#5482 = CARTESIAN_POINT('',(1.04047066686,8.02,0.23));
#5483 = VECTOR('',#5484,1.);
#5484 = DIRECTION('',(-0.256189417114,-0.966626599344,8.536955416101E-16
    ));
#5485 = ORIENTED_EDGE('',*,*,#5486,.F.);
#5486 = EDGE_CURVE('',#3079,#5479,#5487,.T.);
#5487 = LINE('',#5488,#5489);
#5488 = CARTESIAN_POINT('',(0.775436146512,7.02,0.43));
#5489 = VECTOR('',#5490,1.);
#5490 = DIRECTION('',(-4.E-16,-7.771561172376E-16,-1.));
#5491 = PLANE('',#5492);
#5492 = AXIS2_PLACEMENT_3D('',#5493,#5494,#5495);
#5493 = CARTESIAN_POINT('',(1.04047066686,8.02,0.43));
#5494 = DIRECTION('',(-0.966626599344,0.256189417114,1.875514670562E-16)
  );
#5495 = DIRECTION('',(-0.256189417114,-0.966626599344,8.536955416101E-16
    ));
#5496 = ADVANCED_FACE('',(#5497),#5515,.T.);
#5497 = FACE_BOUND('',#5498,.T.);
#5498 = EDGE_LOOP('',(#5499,#5500,#5501,#5509));
#5499 = ORIENTED_EDGE('',*,*,#3236,.F.);
#5500 = ORIENTED_EDGE('',*,*,#5486,.T.);
#5501 = ORIENTED_EDGE('',*,*,#5502,.T.);
#5502 = EDGE_CURVE('',#5479,#5503,#5505,.T.);
#5503 = VERTEX_POINT('',#5504);
#5504 = CARTESIAN_POINT('',(0.911019358721,7.02,0.23));
#5505 = LINE('',#5506,#5507);
#5506 = CARTESIAN_POINT('',(0.775436146512,7.02,0.23));
#5507 = VECTOR('',#5508,1.);
#5508 = DIRECTION('',(1.,2.E-16,-4.E-16));
#5509 = ORIENTED_EDGE('',*,*,#5510,.F.);
#5510 = EDGE_CURVE('',#3229,#5503,#5511,.T.);
#5511 = LINE('',#5512,#5513);
#5512 = CARTESIAN_POINT('',(0.911019358721,7.02,0.43));
#5513 = VECTOR('',#5514,1.);
#5514 = DIRECTION('',(-4.E-16,-7.771561172376E-16,-1.));
#5515 = PLANE('',#5516);
#5516 = AXIS2_PLACEMENT_3D('',#5517,#5518,#5519);
#5517 = CARTESIAN_POINT('',(0.775436146512,7.02,0.43));
#5518 = DIRECTION('',(2.E-16,-1.,7.771561172376E-16));
#5519 = DIRECTION('',(1.,2.E-16,-4.E-16));
#5520 = ADVANCED_FACE('',(#5521),#5539,.T.);
#5521 = FACE_BOUND('',#5522,.T.);
#5522 = EDGE_LOOP('',(#5523,#5524,#5525,#5533));
#5523 = ORIENTED_EDGE('',*,*,#3228,.F.);
#5524 = ORIENTED_EDGE('',*,*,#5510,.T.);
#5525 = ORIENTED_EDGE('',*,*,#5526,.T.);
#5526 = EDGE_CURVE('',#5503,#5527,#5529,.T.);
#5527 = VERTEX_POINT('',#5528);
#5528 = CARTESIAN_POINT('',(1.062954315116,7.675659520349,0.23));
#5529 = LINE('',#5530,#5531);
#5530 = CARTESIAN_POINT('',(0.911019358721,7.02,0.23));
#5531 = VECTOR('',#5532,1.);
#5532 = DIRECTION('',(0.225746612349,0.974186053592,-8.473932958162E-16)
  );
#5533 = ORIENTED_EDGE('',*,*,#5534,.F.);
#5534 = EDGE_CURVE('',#3219,#5527,#5535,.T.);
#5535 = LINE('',#5536,#5537);
#5536 = CARTESIAN_POINT('',(1.062954315116,7.675659520349,0.43));
#5537 = VECTOR('',#5538,1.);
#5538 = DIRECTION('',(-4.E-16,-7.771561172376E-16,-1.));
#5539 = PLANE('',#5540);
#5540 = AXIS2_PLACEMENT_3D('',#5541,#5542,#5543);
#5541 = CARTESIAN_POINT('',(0.911019358721,7.02,0.43));
#5542 = DIRECTION('',(0.974186053592,-0.225746612349,-2.142340607036E-16
    ));
#5543 = DIRECTION('',(0.225746612349,0.974186053592,-8.473932958162E-16)
  );
#5544 = ADVANCED_FACE('',(#5545),#5563,.T.);
#5545 = FACE_BOUND('',#5546,.T.);
#5546 = EDGE_LOOP('',(#5547,#5548,#5549,#5557));
#5547 = ORIENTED_EDGE('',*,*,#3218,.T.);
#5548 = ORIENTED_EDGE('',*,*,#5534,.T.);
#5549 = ORIENTED_EDGE('',*,*,#5550,.T.);
#5550 = EDGE_CURVE('',#5527,#5551,#5553,.T.);
#5551 = VERTEX_POINT('',#5552);
#5552 = CARTESIAN_POINT('',(1.10519632093,7.880328851744,0.23));
#5553 = B_SPLINE_CURVE_WITH_KNOTS('',2,(#5554,#5555,#5556),
  .UNSPECIFIED.,.F.,.F.,(3,3),(0.,1.),.PIECEWISE_BEZIER_KNOTS.);
#5554 = CARTESIAN_POINT('',(1.062954315116,7.675659520349,0.23));
#5555 = CARTESIAN_POINT('',(1.087481931395,7.778675508721,0.23));
#5556 = CARTESIAN_POINT('',(1.10519632093,7.880328851744,0.23));
#5557 = ORIENTED_EDGE('',*,*,#5558,.F.);
#5558 = EDGE_CURVE('',#3208,#5551,#5559,.T.);
#5559 = LINE('',#5560,#5561);
#5560 = CARTESIAN_POINT('',(1.10519632093,7.880328851744,0.43));
#5561 = VECTOR('',#5562,1.);
#5562 = DIRECTION('',(-4.E-16,-7.771561172376E-16,-1.));
#5563 = SURFACE_OF_LINEAR_EXTRUSION('',#5564,#5568);
#5564 = B_SPLINE_CURVE_WITH_KNOTS('',2,(#5565,#5566,#5567),
  .UNSPECIFIED.,.F.,.F.,(3,3),(0.,1.),.PIECEWISE_BEZIER_KNOTS.);
#5565 = CARTESIAN_POINT('',(1.062954315116,7.675659520349,0.43));
#5566 = CARTESIAN_POINT('',(1.087481931395,7.778675508721,0.43));
#5567 = CARTESIAN_POINT('',(1.10519632093,7.880328851744,0.43));
#5568 = VECTOR('',#5569,1.);
#5569 = DIRECTION('',(4.E-16,7.771561172376E-16,1.));
#5570 = ADVANCED_FACE('',(#5571),#5589,.T.);
#5571 = FACE_BOUND('',#5572,.T.);
#5572 = EDGE_LOOP('',(#5573,#5574,#5575,#5583));
#5573 = ORIENTED_EDGE('',*,*,#3207,.T.);
#5574 = ORIENTED_EDGE('',*,*,#5558,.T.);
#5575 = ORIENTED_EDGE('',*,*,#5576,.T.);
#5576 = EDGE_CURVE('',#5551,#5577,#5579,.T.);
#5577 = VERTEX_POINT('',#5578);
#5578 = CARTESIAN_POINT('',(1.150163617442,7.695417877907,0.23));
#5579 = B_SPLINE_CURVE_WITH_KNOTS('',2,(#5580,#5581,#5582),
  .UNSPECIFIED.,.F.,.F.,(3,3),(0.,1.),.PIECEWISE_BEZIER_KNOTS.);
#5580 = CARTESIAN_POINT('',(1.10519632093,7.880328851744,0.23));
#5581 = CARTESIAN_POINT('',(1.143350390698,7.719990915698,0.23));
#5582 = CARTESIAN_POINT('',(1.150163617442,7.695417877907,0.23));
#5583 = ORIENTED_EDGE('',*,*,#5584,.F.);
#5584 = EDGE_CURVE('',#3200,#5577,#5585,.T.);
#5585 = LINE('',#5586,#5587);
#5586 = CARTESIAN_POINT('',(1.150163617442,7.695417877907,0.43));
#5587 = VECTOR('',#5588,1.);
#5588 = DIRECTION('',(-4.E-16,-7.771561172376E-16,-1.));
#5589 = SURFACE_OF_LINEAR_EXTRUSION('',#5590,#5594);
#5590 = B_SPLINE_CURVE_WITH_KNOTS('',2,(#5591,#5592,#5593),
  .UNSPECIFIED.,.F.,.F.,(3,3),(0.,1.),.PIECEWISE_BEZIER_KNOTS.);
#5591 = CARTESIAN_POINT('',(1.10519632093,7.880328851744,0.43));
#5592 = CARTESIAN_POINT('',(1.143350390698,7.719990915698,0.43));
#5593 = CARTESIAN_POINT('',(1.150163617442,7.695417877907,0.43));
#5594 = VECTOR('',#5595,1.);
#5595 = DIRECTION('',(4.E-16,7.771561172376E-16,1.));
#5596 = ADVANCED_FACE('',(#5597),#5615,.T.);
#5597 = FACE_BOUND('',#5598,.T.);
#5598 = EDGE_LOOP('',(#5599,#5600,#5601,#5609));
#5599 = ORIENTED_EDGE('',*,*,#3199,.F.);
#5600 = ORIENTED_EDGE('',*,*,#5584,.T.);
#5601 = ORIENTED_EDGE('',*,*,#5602,.T.);
#5602 = EDGE_CURVE('',#5577,#5603,#5605,.T.);
#5603 = VERTEX_POINT('',#5604);
#5604 = CARTESIAN_POINT('',(1.340252643605,7.02,0.23));
#5605 = LINE('',#5606,#5607);
#5606 = CARTESIAN_POINT('',(1.150163617442,7.695417877907,0.23));
#5607 = VECTOR('',#5608,1.);
#5608 = DIRECTION('',(0.270914292798,-0.962603472858,6.397274602862E-16)
  );
#5609 = ORIENTED_EDGE('',*,*,#5610,.F.);
#5610 = EDGE_CURVE('',#3192,#5603,#5611,.T.);
#5611 = LINE('',#5612,#5613);
#5612 = CARTESIAN_POINT('',(1.340252643605,7.02,0.43));
#5613 = VECTOR('',#5614,1.);
#5614 = DIRECTION('',(-4.E-16,-7.771561172376E-16,-1.));
#5615 = PLANE('',#5616);
#5616 = AXIS2_PLACEMENT_3D('',#5617,#5618,#5619);
#5617 = CARTESIAN_POINT('',(1.150163617442,7.695417877907,0.43));
#5618 = DIRECTION('',(-0.962603472858,-0.270914292798,5.955840890383E-16
    ));
#5619 = DIRECTION('',(0.270914292798,-0.962603472858,6.397274602862E-16)
  );
#5620 = ADVANCED_FACE('',(#5621),#5639,.T.);
#5621 = FACE_BOUND('',#5622,.T.);
#5622 = EDGE_LOOP('',(#5623,#5624,#5625,#5633));
#5623 = ORIENTED_EDGE('',*,*,#3191,.F.);
#5624 = ORIENTED_EDGE('',*,*,#5610,.T.);
#5625 = ORIENTED_EDGE('',*,*,#5626,.T.);
#5626 = EDGE_CURVE('',#5603,#5627,#5629,.T.);
#5627 = VERTEX_POINT('',#5628);
#5628 = CARTESIAN_POINT('',(1.499682149419,7.02,0.23));
#5629 = LINE('',#5630,#5631);
#5630 = CARTESIAN_POINT('',(1.340252643605,7.02,0.23));
#5631 = VECTOR('',#5632,1.);
#5632 = DIRECTION('',(1.,2.E-16,-4.E-16));
#5633 = ORIENTED_EDGE('',*,*,#5634,.F.);
#5634 = EDGE_CURVE('',#3184,#5627,#5635,.T.);
#5635 = LINE('',#5636,#5637);
#5636 = CARTESIAN_POINT('',(1.499682149419,7.02,0.43));
#5637 = VECTOR('',#5638,1.);
#5638 = DIRECTION('',(-4.E-16,-7.771561172376E-16,-1.));
#5639 = PLANE('',#5640);
#5640 = AXIS2_PLACEMENT_3D('',#5641,#5642,#5643);
#5641 = CARTESIAN_POINT('',(1.340252643605,7.02,0.43));
#5642 = DIRECTION('',(2.E-16,-1.,7.771561172376E-16));
#5643 = DIRECTION('',(1.,2.E-16,-4.E-16));
#5644 = ADVANCED_FACE('',(#5645),#5663,.T.);
#5645 = FACE_BOUND('',#5646,.T.);
#5646 = EDGE_LOOP('',(#5647,#5648,#5649,#5657));
#5647 = ORIENTED_EDGE('',*,*,#3183,.F.);
#5648 = ORIENTED_EDGE('',*,*,#5634,.T.);
#5649 = ORIENTED_EDGE('',*,*,#5650,.T.);
#5650 = EDGE_CURVE('',#5627,#5651,#5653,.T.);
#5651 = VERTEX_POINT('',#5652);
#5652 = CARTESIAN_POINT('',(1.642759911047,7.526222747093,0.23));
#5653 = LINE('',#5654,#5655);
#5654 = CARTESIAN_POINT('',(1.499682149419,7.02,0.23));
#5655 = VECTOR('',#5656,1.);
#5656 = DIRECTION('',(0.271983078319,0.962302034243,-8.566521438697E-16)
  );
#5657 = ORIENTED_EDGE('',*,*,#5658,.F.);
#5658 = EDGE_CURVE('',#3174,#5651,#5659,.T.);
#5659 = LINE('',#5660,#5661);
#5660 = CARTESIAN_POINT('',(1.642759911047,7.526222747093,0.43));
#5661 = VECTOR('',#5662,1.);
#5662 = DIRECTION('',(-4.E-16,-7.771561172376E-16,-1.));
#5663 = PLANE('',#5664);
#5664 = AXIS2_PLACEMENT_3D('',#5665,#5666,#5667);
#5665 = CARTESIAN_POINT('',(1.499682149419,7.02,0.43));
#5666 = DIRECTION('',(0.962302034243,-0.271983078319,-1.735475005964E-16
    ));
#5667 = DIRECTION('',(0.271983078319,0.962302034243,-8.566521438697E-16)
  );
#5668 = ADVANCED_FACE('',(#5669),#5687,.T.);
#5669 = FACE_BOUND('',#5670,.T.);
#5670 = EDGE_LOOP('',(#5671,#5672,#5673,#5681));
#5671 = ORIENTED_EDGE('',*,*,#3173,.T.);
#5672 = ORIENTED_EDGE('',*,*,#5658,.T.);
#5673 = ORIENTED_EDGE('',*,*,#5674,.T.);
#5674 = EDGE_CURVE('',#5651,#5675,#5677,.T.);
#5675 = VERTEX_POINT('',#5676);
#5676 = CARTESIAN_POINT('',(1.72043069593,7.880328851744,0.23));
#5677 = B_SPLINE_CURVE_WITH_KNOTS('',2,(#5678,#5679,#5680),
  .UNSPECIFIED.,.F.,.F.,(3,3),(0.,1.),.PIECEWISE_BEZIER_KNOTS.);
#5678 = CARTESIAN_POINT('',(1.642759911047,7.526222747093,0.23));
#5679 = CARTESIAN_POINT('',(1.696584402326,7.714540334302,0.23));
#5680 = CARTESIAN_POINT('',(1.72043069593,7.880328851744,0.23));
#5681 = ORIENTED_EDGE('',*,*,#5682,.F.);
#5682 = EDGE_CURVE('',#3164,#5675,#5683,.T.);
#5683 = LINE('',#5684,#5685);
#5684 = CARTESIAN_POINT('',(1.72043069593,7.880328851744,0.43));
#5685 = VECTOR('',#5686,1.);
#5686 = DIRECTION('',(-4.E-16,-7.771561172376E-16,-1.));
#5687 = SURFACE_OF_LINEAR_EXTRUSION('',#5688,#5692);
#5688 = B_SPLINE_CURVE_WITH_KNOTS('',2,(#5689,#5690,#5691),
  .UNSPECIFIED.,.F.,.F.,(3,3),(0.,1.),.PIECEWISE_BEZIER_KNOTS.);
#5689 = CARTESIAN_POINT('',(1.642759911047,7.526222747093,0.43));
#5690 = CARTESIAN_POINT('',(1.696584402326,7.714540334302,0.43));
#5691 = CARTESIAN_POINT('',(1.72043069593,7.880328851744,0.43));
#5692 = VECTOR('',#5693,1.);
#5693 = DIRECTION('',(4.E-16,7.771561172376E-16,1.));
#5694 = ADVANCED_FACE('',(#5695),#5713,.T.);
#5695 = FACE_BOUND('',#5696,.T.);
#5696 = EDGE_LOOP('',(#5697,#5698,#5699,#5707));
#5697 = ORIENTED_EDGE('',*,*,#3163,.T.);
#5698 = ORIENTED_EDGE('',*,*,#5682,.T.);
#5699 = ORIENTED_EDGE('',*,*,#5700,.T.);
#5700 = EDGE_CURVE('',#5675,#5701,#5703,.T.);
#5701 = VERTEX_POINT('',#5702);
#5702 = CARTESIAN_POINT('',(1.770167251163,7.662668968023,0.23));
#5703 = B_SPLINE_CURVE_WITH_KNOTS('',2,(#5704,#5705,#5706),
  .UNSPECIFIED.,.F.,.F.,(3,3),(0.,1.),.PIECEWISE_BEZIER_KNOTS.);
#5704 = CARTESIAN_POINT('',(1.72043069593,7.880328851744,0.23));
#5705 = CARTESIAN_POINT('',(1.739507730814,7.785488735465,0.23));
#5706 = CARTESIAN_POINT('',(1.770167251163,7.662668968023,0.23));
#5707 = ORIENTED_EDGE('',*,*,#5708,.F.);
#5708 = EDGE_CURVE('',#3156,#5701,#5709,.T.);
#5709 = LINE('',#5710,#5711);
#5710 = CARTESIAN_POINT('',(1.770167251163,7.662668968023,0.43));
#5711 = VECTOR('',#5712,1.);
#5712 = DIRECTION('',(-4.E-16,-7.771561172376E-16,-1.));
#5713 = SURFACE_OF_LINEAR_EXTRUSION('',#5714,#5718);
#5714 = B_SPLINE_CURVE_WITH_KNOTS('',2,(#5715,#5716,#5717),
  .UNSPECIFIED.,.F.,.F.,(3,3),(0.,1.),.PIECEWISE_BEZIER_KNOTS.);
#5715 = CARTESIAN_POINT('',(1.72043069593,7.880328851744,0.43));
#5716 = CARTESIAN_POINT('',(1.739507730814,7.785488735465,0.43));
#5717 = CARTESIAN_POINT('',(1.770167251163,7.662668968023,0.43));
#5718 = VECTOR('',#5719,1.);
#5719 = DIRECTION('',(4.E-16,7.771561172376E-16,1.));
#5720 = ADVANCED_FACE('',(#5721),#5739,.T.);
#5721 = FACE_BOUND('',#5722,.T.);
#5722 = EDGE_LOOP('',(#5723,#5724,#5725,#5733));
#5723 = ORIENTED_EDGE('',*,*,#3155,.F.);
#5724 = ORIENTED_EDGE('',*,*,#5708,.T.);
#5725 = ORIENTED_EDGE('',*,*,#5726,.T.);
#5726 = EDGE_CURVE('',#5701,#5727,#5729,.T.);
#5727 = VERTEX_POINT('',#5728);
#5728 = CARTESIAN_POINT('',(1.926871466279,7.02,0.23));
#5729 = LINE('',#5730,#5731);
#5730 = CARTESIAN_POINT('',(1.770167251163,7.662668968023,0.23));
#5731 = VECTOR('',#5732,1.);
#5732 = DIRECTION('',(0.236892951176,-0.971535758314,6.602777772188E-16)
  );
#5733 = ORIENTED_EDGE('',*,*,#5734,.F.);
#5734 = EDGE_CURVE('',#3148,#5727,#5735,.T.);
#5735 = LINE('',#5736,#5737);
#5736 = CARTESIAN_POINT('',(1.926871466279,7.02,0.43));
#5737 = VECTOR('',#5738,1.);
#5738 = DIRECTION('',(-4.E-16,-7.771561172376E-16,-1.));
#5739 = PLANE('',#5740);
#5740 = AXIS2_PLACEMENT_3D('',#5741,#5742,#5743);
#5741 = CARTESIAN_POINT('',(1.770167251163,7.662668968023,0.43));
#5742 = DIRECTION('',(-0.971535758314,-0.236892951176,5.727171094623E-16
    ));
#5743 = DIRECTION('',(0.236892951176,-0.971535758314,6.602777772188E-16)
  );
#5744 = ADVANCED_FACE('',(#5745),#5763,.T.);
#5745 = FACE_BOUND('',#5746,.T.);
#5746 = EDGE_LOOP('',(#5747,#5748,#5749,#5757));
#5747 = ORIENTED_EDGE('',*,*,#3147,.F.);
#5748 = ORIENTED_EDGE('',*,*,#5734,.T.);
#5749 = ORIENTED_EDGE('',*,*,#5750,.T.);
#5750 = EDGE_CURVE('',#5727,#5751,#5753,.T.);
#5751 = VERTEX_POINT('',#5752);
#5752 = CARTESIAN_POINT('',(2.059729387791,7.02,0.23));
#5753 = LINE('',#5754,#5755);
#5754 = CARTESIAN_POINT('',(1.926871466279,7.02,0.23));
#5755 = VECTOR('',#5756,1.);
#5756 = DIRECTION('',(1.,2.E-16,-4.E-16));
#5757 = ORIENTED_EDGE('',*,*,#5758,.F.);
#5758 = EDGE_CURVE('',#3140,#5751,#5759,.T.);
#5759 = LINE('',#5760,#5761);
#5760 = CARTESIAN_POINT('',(2.059729387791,7.02,0.43));
#5761 = VECTOR('',#5762,1.);
#5762 = DIRECTION('',(-4.E-16,-7.771561172376E-16,-1.));
#5763 = PLANE('',#5764);
#5764 = AXIS2_PLACEMENT_3D('',#5765,#5766,#5767);
#5765 = CARTESIAN_POINT('',(1.926871466279,7.02,0.43));
#5766 = DIRECTION('',(2.E-16,-1.,7.771561172376E-16));
#5767 = DIRECTION('',(1.,2.E-16,-4.E-16));
#5768 = ADVANCED_FACE('',(#5769),#5787,.T.);
#5769 = FACE_BOUND('',#5770,.T.);
#5770 = EDGE_LOOP('',(#5771,#5772,#5773,#5781));
#5771 = ORIENTED_EDGE('',*,*,#3139,.F.);
#5772 = ORIENTED_EDGE('',*,*,#5758,.T.);
#5773 = ORIENTED_EDGE('',*,*,#5774,.T.);
#5774 = EDGE_CURVE('',#5751,#5775,#5777,.T.);
#5775 = VERTEX_POINT('',#5776);
#5776 = CARTESIAN_POINT('',(1.785837672674,8.02,0.23));
#5777 = LINE('',#5778,#5779);
#5778 = CARTESIAN_POINT('',(2.059729387791,7.02,0.23));
#5779 = VECTOR('',#5780,1.);
#5780 = DIRECTION('',(-0.264162578962,0.964478165578,-6.438850747359E-16
    ));
#5781 = ORIENTED_EDGE('',*,*,#5782,.F.);
#5782 = EDGE_CURVE('',#3132,#5775,#5783,.T.);
#5783 = LINE('',#5784,#5785);
#5784 = CARTESIAN_POINT('',(1.785837672674,8.02,0.43));
#5785 = VECTOR('',#5786,1.);
#5786 = DIRECTION('',(-4.E-16,-7.771561172376E-16,-1.));
#5787 = PLANE('',#5788);
#5788 = AXIS2_PLACEMENT_3D('',#5789,#5790,#5791);
#5789 = CARTESIAN_POINT('',(2.059729387791,7.02,0.43));
#5790 = DIRECTION('',(0.964478165578,0.264162578962,-5.910868304168E-16)
  );
#5791 = DIRECTION('',(-0.264162578962,0.964478165578,-6.438850747359E-16
    ));
#5792 = ADVANCED_FACE('',(#5793),#5811,.T.);
#5793 = FACE_BOUND('',#5794,.T.);
#5794 = EDGE_LOOP('',(#5795,#5796,#5797,#5805));
#5795 = ORIENTED_EDGE('',*,*,#3131,.F.);
#5796 = ORIENTED_EDGE('',*,*,#5782,.T.);
#5797 = ORIENTED_EDGE('',*,*,#5798,.T.);
#5798 = EDGE_CURVE('',#5775,#5799,#5801,.T.);
#5799 = VERTEX_POINT('',#5800);
#5800 = CARTESIAN_POINT('',(1.658430332558,8.02,0.23));
#5801 = LINE('',#5802,#5803);
#5802 = CARTESIAN_POINT('',(1.785837672674,8.02,0.23));
#5803 = VECTOR('',#5804,1.);
#5804 = DIRECTION('',(-1.,-2.E-16,4.E-16));
#5805 = ORIENTED_EDGE('',*,*,#5806,.F.);
#5806 = EDGE_CURVE('',#3124,#5799,#5807,.T.);
#5807 = LINE('',#5808,#5809);
#5808 = CARTESIAN_POINT('',(1.658430332558,8.02,0.43));
#5809 = VECTOR('',#5810,1.);
#5810 = DIRECTION('',(-4.E-16,-7.771561172376E-16,-1.));
#5811 = PLANE('',#5812);
#5812 = AXIS2_PLACEMENT_3D('',#5813,#5814,#5815);
#5813 = CARTESIAN_POINT('',(1.785837672674,8.02,0.43));
#5814 = DIRECTION('',(-2.E-16,1.,-7.771561172376E-16));
#5815 = DIRECTION('',(-1.,-2.E-16,4.E-16));
#5816 = ADVANCED_FACE('',(#5817),#5835,.T.);
#5817 = FACE_BOUND('',#5818,.T.);
#5818 = EDGE_LOOP('',(#5819,#5820,#5821,#5829));
#5819 = ORIENTED_EDGE('',*,*,#3123,.F.);
#5820 = ORIENTED_EDGE('',*,*,#5806,.T.);
#5821 = ORIENTED_EDGE('',*,*,#5822,.T.);
#5822 = EDGE_CURVE('',#5799,#5823,#5825,.T.);
#5823 = VERTEX_POINT('',#5824);
#5824 = CARTESIAN_POINT('',(1.447901626163,7.257917877907,0.23));
#5825 = LINE('',#5826,#5827);
#5826 = CARTESIAN_POINT('',(1.658430332558,8.02,0.23));
#5827 = VECTOR('',#5828,1.);
#5828 = DIRECTION('',(-0.266280599629,-0.963895555681,8.556095673271E-16
    ));
#5829 = ORIENTED_EDGE('',*,*,#5830,.F.);
#5830 = EDGE_CURVE('',#3113,#5823,#5831,.T.);
#5831 = LINE('',#5832,#5833);
#5832 = CARTESIAN_POINT('',(1.447901626163,7.257917877907,0.43));
#5833 = VECTOR('',#5834,1.);
#5834 = DIRECTION('',(-4.E-16,-7.771561172376E-16,-1.));
#5835 = PLANE('',#5836);
#5836 = AXIS2_PLACEMENT_3D('',#5837,#5838,#5839);
#5837 = CARTESIAN_POINT('',(1.658430332558,8.02,0.43));
#5838 = DIRECTION('',(-0.963895555681,0.266280599629,1.786166253687E-16)
  );
#5839 = DIRECTION('',(-0.266280599629,-0.963895555681,8.556095673271E-16
    ));
#5840 = ADVANCED_FACE('',(#5841),#5859,.T.);
#5841 = FACE_BOUND('',#5842,.T.);
#5842 = EDGE_LOOP('',(#5843,#5844,#5845,#5853));
#5843 = ORIENTED_EDGE('',*,*,#3112,.T.);
#5844 = ORIENTED_EDGE('',*,*,#5830,.T.);
#5845 = ORIENTED_EDGE('',*,*,#5846,.T.);
#5846 = EDGE_CURVE('',#5823,#5847,#5849,.T.);
#5847 = VERTEX_POINT('',#5848);
#5848 = CARTESIAN_POINT('',(1.41656078314,7.140594113372,0.23));
#5849 = B_SPLINE_CURVE_WITH_KNOTS('',2,(#5850,#5851,#5852),
  .UNSPECIFIED.,.F.,.F.,(3,3),(0.,1.),.PIECEWISE_BEZIER_KNOTS.);
#5850 = CARTESIAN_POINT('',(1.447901626163,7.257917877907,0.23));
#5851 = CARTESIAN_POINT('',(1.42133004186,7.162441860465,0.23));
#5852 = CARTESIAN_POINT('',(1.41656078314,7.140594113372,0.23));
#5853 = ORIENTED_EDGE('',*,*,#5854,.F.);
#5854 = EDGE_CURVE('',#3103,#5847,#5855,.T.);
#5855 = LINE('',#5856,#5857);
#5856 = CARTESIAN_POINT('',(1.41656078314,7.140594113372,0.43));
#5857 = VECTOR('',#5858,1.);
#5858 = DIRECTION('',(-4.E-16,-7.771561172376E-16,-1.));
#5859 = SURFACE_OF_LINEAR_EXTRUSION('',#5860,#5864);
#5860 = B_SPLINE_CURVE_WITH_KNOTS('',2,(#5861,#5862,#5863),
  .UNSPECIFIED.,.F.,.F.,(3,3),(0.,1.),.PIECEWISE_BEZIER_KNOTS.);
#5861 = CARTESIAN_POINT('',(1.447901626163,7.257917877907,0.43));
#5862 = CARTESIAN_POINT('',(1.42133004186,7.162441860465,0.43));
#5863 = CARTESIAN_POINT('',(1.41656078314,7.140594113372,0.43));
#5864 = VECTOR('',#5865,1.);
#5865 = DIRECTION('',(4.E-16,7.771561172376E-16,1.));
#5866 = ADVANCED_FACE('',(#5867),#5885,.T.);
#5867 = FACE_BOUND('',#5868,.T.);
#5868 = EDGE_LOOP('',(#5869,#5870,#5871,#5879));
#5869 = ORIENTED_EDGE('',*,*,#3102,.T.);
#5870 = ORIENTED_EDGE('',*,*,#5854,.T.);
#5871 = ORIENTED_EDGE('',*,*,#5872,.T.);
#5872 = EDGE_CURVE('',#5847,#5873,#5875,.T.);
#5873 = VERTEX_POINT('',#5874);
#5874 = CARTESIAN_POINT('',(1.38726390814,7.257917877907,0.23));
#5875 = B_SPLINE_CURVE_WITH_KNOTS('',2,(#5876,#5877,#5878),
  .UNSPECIFIED.,.F.,.F.,(3,3),(0.,1.),.PIECEWISE_BEZIER_KNOTS.);
#5876 = CARTESIAN_POINT('',(1.41656078314,7.140594113372,0.23));
#5877 = CARTESIAN_POINT('',(1.400890361628,7.209498546512,0.23));
#5878 = CARTESIAN_POINT('',(1.38726390814,7.257917877907,0.23));
#5879 = ORIENTED_EDGE('',*,*,#5880,.F.);
#5880 = EDGE_CURVE('',#3095,#5873,#5881,.T.);
#5881 = LINE('',#5882,#5883);
#5882 = CARTESIAN_POINT('',(1.38726390814,7.257917877907,0.43));
#5883 = VECTOR('',#5884,1.);
#5884 = DIRECTION('',(-4.E-16,-7.771561172376E-16,-1.));
#5885 = SURFACE_OF_LINEAR_EXTRUSION('',#5886,#5890);
#5886 = B_SPLINE_CURVE_WITH_KNOTS('',2,(#5887,#5888,#5889),
  .UNSPECIFIED.,.F.,.F.,(3,3),(0.,1.),.PIECEWISE_BEZIER_KNOTS.);
#5887 = CARTESIAN_POINT('',(1.41656078314,7.140594113372,0.43));
#5888 = CARTESIAN_POINT('',(1.400890361628,7.209498546512,0.43));
#5889 = CARTESIAN_POINT('',(1.38726390814,7.257917877907,0.43));
#5890 = VECTOR('',#5891,1.);
#5891 = DIRECTION('',(4.E-16,7.771561172376E-16,1.));
#5892 = ADVANCED_FACE('',(#5893),#5911,.T.);
#5893 = FACE_BOUND('',#5894,.T.);
#5894 = EDGE_LOOP('',(#5895,#5896,#5897,#5905));
#5895 = ORIENTED_EDGE('',*,*,#3094,.F.);
#5896 = ORIENTED_EDGE('',*,*,#5880,.T.);
#5897 = ORIENTED_EDGE('',*,*,#5898,.T.);
#5898 = EDGE_CURVE('',#5873,#5899,#5901,.T.);
#5899 = VERTEX_POINT('',#5900);
#5900 = CARTESIAN_POINT('',(1.175372556395,8.02,0.23));
#5901 = LINE('',#5902,#5903);
#5902 = CARTESIAN_POINT('',(1.38726390814,7.257917877907,0.23));
#5903 = VECTOR('',#5904,1.);
#5904 = DIRECTION('',(-0.267880789476,0.963452065559,-6.416003506238E-16
    ));
#5905 = ORIENTED_EDGE('',*,*,#5906,.F.);
#5906 = EDGE_CURVE('',#3087,#5899,#5907,.T.);
#5907 = LINE('',#5908,#5909);
#5908 = CARTESIAN_POINT('',(1.175372556395,8.02,0.43));
#5909 = VECTOR('',#5910,1.);
#5910 = DIRECTION('',(-4.E-16,-7.771561172376E-16,-1.));
#5911 = PLANE('',#5912);
#5912 = AXIS2_PLACEMENT_3D('',#5913,#5914,#5915);
#5913 = CARTESIAN_POINT('',(1.38726390814,7.257917877907,0.43));
#5914 = DIRECTION('',(0.963452065559,0.267880789476,-5.935660204554E-16)
  );
#5915 = DIRECTION('',(-0.267880789476,0.963452065559,-6.416003506238E-16
    ));
#5916 = ADVANCED_FACE('',(#5917),#5928,.T.);
#5917 = FACE_BOUND('',#5918,.T.);
#5918 = EDGE_LOOP('',(#5919,#5920,#5921,#5927));
#5919 = ORIENTED_EDGE('',*,*,#3086,.F.);
#5920 = ORIENTED_EDGE('',*,*,#5906,.T.);
#5921 = ORIENTED_EDGE('',*,*,#5922,.T.);
#5922 = EDGE_CURVE('',#5899,#5471,#5923,.T.);
#5923 = LINE('',#5924,#5925);
#5924 = CARTESIAN_POINT('',(1.175372556395,8.02,0.23));
#5925 = VECTOR('',#5926,1.);
#5926 = DIRECTION('',(-1.,-2.E-16,4.E-16));
#5927 = ORIENTED_EDGE('',*,*,#5470,.F.);
#5928 = PLANE('',#5929);
#5929 = AXIS2_PLACEMENT_3D('',#5930,#5931,#5932);
#5930 = CARTESIAN_POINT('',(1.175372556395,8.02,0.43));
#5931 = DIRECTION('',(-2.E-16,1.,-7.771561172376E-16));
#5932 = DIRECTION('',(-1.,-2.E-16,4.E-16));
#5933 = ADVANCED_FACE('',(#5934),#5959,.T.);
#5934 = FACE_BOUND('',#5935,.T.);
#5935 = EDGE_LOOP('',(#5936,#5937,#5945,#5953));
#5936 = ORIENTED_EDGE('',*,*,#3244,.F.);
#5937 = ORIENTED_EDGE('',*,*,#5938,.T.);
#5938 = EDGE_CURVE('',#3245,#5939,#5941,.T.);
#5939 = VERTEX_POINT('',#5940);
#5940 = CARTESIAN_POINT('',(2.617778079651,8.02,0.23));
#5941 = LINE('',#5942,#5943);
#5942 = CARTESIAN_POINT('',(2.617778079651,8.02,0.43));
#5943 = VECTOR('',#5944,1.);
#5944 = DIRECTION('',(-4.E-16,-7.771561172376E-16,-1.));
#5945 = ORIENTED_EDGE('',*,*,#5946,.T.);
#5946 = EDGE_CURVE('',#5939,#5947,#5949,.T.);
#5947 = VERTEX_POINT('',#5948);
#5948 = CARTESIAN_POINT('',(2.617778079651,7.02,0.23));
#5949 = LINE('',#5950,#5951);
#5950 = CARTESIAN_POINT('',(2.617778079651,8.02,0.23));
#5951 = VECTOR('',#5952,1.);
#5952 = DIRECTION('',(2.E-16,-1.,7.771561172376E-16));
#5953 = ORIENTED_EDGE('',*,*,#5954,.F.);
#5954 = EDGE_CURVE('',#3247,#5947,#5955,.T.);
#5955 = LINE('',#5956,#5957);
#5956 = CARTESIAN_POINT('',(2.617778079651,7.02,0.43));
#5957 = VECTOR('',#5958,1.);
#5958 = DIRECTION('',(-4.E-16,-7.771561172376E-16,-1.));
#5959 = PLANE('',#5960);
#5960 = AXIS2_PLACEMENT_3D('',#5961,#5962,#5963);
#5961 = CARTESIAN_POINT('',(2.617778079651,8.02,0.43));
#5962 = DIRECTION('',(-1.,-2.E-16,4.E-16));
#5963 = DIRECTION('',(2.E-16,-1.,7.771561172376E-16));
#5964 = ADVANCED_FACE('',(#5965),#5983,.T.);
#5965 = FACE_BOUND('',#5966,.T.);
#5966 = EDGE_LOOP('',(#5967,#5968,#5969,#5977));
#5967 = ORIENTED_EDGE('',*,*,#3364,.F.);
#5968 = ORIENTED_EDGE('',*,*,#5954,.T.);
#5969 = ORIENTED_EDGE('',*,*,#5970,.T.);
#5970 = EDGE_CURVE('',#5947,#5971,#5973,.T.);
#5971 = VERTEX_POINT('',#5972);
#5972 = CARTESIAN_POINT('',(2.816724300581,7.02,0.23));
#5973 = LINE('',#5974,#5975);
#5974 = CARTESIAN_POINT('',(2.617778079651,7.02,0.23));
#5975 = VECTOR('',#5976,1.);
#5976 = DIRECTION('',(1.,2.E-16,-4.E-16));
#5977 = ORIENTED_EDGE('',*,*,#5978,.F.);
#5978 = EDGE_CURVE('',#3357,#5971,#5979,.T.);
#5979 = LINE('',#5980,#5981);
#5980 = CARTESIAN_POINT('',(2.816724300581,7.02,0.43));
#5981 = VECTOR('',#5982,1.);
#5982 = DIRECTION('',(-4.E-16,-7.771561172376E-16,-1.));
#5983 = PLANE('',#5984);
#5984 = AXIS2_PLACEMENT_3D('',#5985,#5986,#5987);
#5985 = CARTESIAN_POINT('',(2.617778079651,7.02,0.43));
#5986 = DIRECTION('',(2.E-16,-1.,7.771561172376E-16));
#5987 = DIRECTION('',(1.,2.E-16,-4.E-16));
#5988 = ADVANCED_FACE('',(#5989),#6007,.T.);
#5989 = FACE_BOUND('',#5990,.T.);
#5990 = EDGE_LOOP('',(#5991,#5992,#5993,#6001));
#5991 = ORIENTED_EDGE('',*,*,#3356,.F.);
#5992 = ORIENTED_EDGE('',*,*,#5978,.T.);
#5993 = ORIENTED_EDGE('',*,*,#5994,.T.);
#5994 = EDGE_CURVE('',#5971,#5995,#5997,.T.);
#5995 = VERTEX_POINT('',#5996);
#5996 = CARTESIAN_POINT('',(3.053143268605,7.728212209302,0.23));
#5997 = LINE('',#5998,#5999);
#5998 = CARTESIAN_POINT('',(2.816724300581,7.02,0.23));
#5999 = VECTOR('',#6000,1.);
#6000 = DIRECTION('',(0.316647498316,0.9485432841,-8.638252150289E-16));
#6001 = ORIENTED_EDGE('',*,*,#6002,.F.);
#6002 = EDGE_CURVE('',#3346,#5995,#6003,.T.);
#6003 = LINE('',#6004,#6005);
#6004 = CARTESIAN_POINT('',(3.053143268605,7.728212209302,0.43));
#6005 = VECTOR('',#6006,1.);
#6006 = DIRECTION('',(-4.E-16,-7.771561172376E-16,-1.));
#6007 = PLANE('',#6008);
#6008 = AXIS2_PLACEMENT_3D('',#6009,#6010,#6011);
#6009 = CARTESIAN_POINT('',(2.816724300581,7.02,0.43));
#6010 = DIRECTION('',(0.9485432841,-0.316647498316,-1.333327733158E-16)
  );
#6011 = DIRECTION('',(0.316647498316,0.9485432841,-8.638252150289E-16));
#6012 = ADVANCED_FACE('',(#6013),#6031,.T.);
#6013 = FACE_BOUND('',#6014,.T.);
#6014 = EDGE_LOOP('',(#6015,#6016,#6017,#6025));
#6015 = ORIENTED_EDGE('',*,*,#3345,.T.);
#6016 = ORIENTED_EDGE('',*,*,#6002,.T.);
#6017 = ORIENTED_EDGE('',*,*,#6018,.T.);
#6018 = EDGE_CURVE('',#5995,#6019,#6021,.T.);
#6019 = VERTEX_POINT('',#6020);
#6020 = CARTESIAN_POINT('',(3.100835855814,7.876240915698,0.23));
#6021 = B_SPLINE_CURVE_WITH_KNOTS('',2,(#6022,#6023,#6024),
  .UNSPECIFIED.,.F.,.F.,(3,3),(0.,1.),.PIECEWISE_BEZIER_KNOTS.);
#6022 = CARTESIAN_POINT('',(3.053143268605,7.728212209302,0.23));
#6023 = CARTESIAN_POINT('',(3.085846756977,7.827140261628,0.23));
#6024 = CARTESIAN_POINT('',(3.100835855814,7.876240915698,0.23));
#6025 = ORIENTED_EDGE('',*,*,#6026,.F.);
#6026 = EDGE_CURVE('',#3335,#6019,#6027,.T.);
#6027 = LINE('',#6028,#6029);
#6028 = CARTESIAN_POINT('',(3.100835855814,7.876240915698,0.43));
#6029 = VECTOR('',#6030,1.);
#6030 = DIRECTION('',(-4.E-16,-7.771561172376E-16,-1.));
#6031 = SURFACE_OF_LINEAR_EXTRUSION('',#6032,#6036);
#6032 = B_SPLINE_CURVE_WITH_KNOTS('',2,(#6033,#6034,#6035),
  .UNSPECIFIED.,.F.,.F.,(3,3),(0.,1.),.PIECEWISE_BEZIER_KNOTS.);
#6033 = CARTESIAN_POINT('',(3.053143268605,7.728212209302,0.43));
#6034 = CARTESIAN_POINT('',(3.085846756977,7.827140261628,0.43));
#6035 = CARTESIAN_POINT('',(3.100835855814,7.876240915698,0.43));
#6036 = VECTOR('',#6037,1.);
#6037 = DIRECTION('',(4.E-16,7.771561172376E-16,1.));
#6038 = ADVANCED_FACE('',(#6039),#6057,.T.);
#6039 = FACE_BOUND('',#6040,.T.);
#6040 = EDGE_LOOP('',(#6041,#6042,#6043,#6051));
#6041 = ORIENTED_EDGE('',*,*,#3334,.T.);
#6042 = ORIENTED_EDGE('',*,*,#6026,.T.);
#6043 = ORIENTED_EDGE('',*,*,#6044,.T.);
#6044 = EDGE_CURVE('',#6019,#6045,#6047,.T.);
#6045 = VERTEX_POINT('',#6046);
#6046 = CARTESIAN_POINT('',(3.153979024419,7.715902979651,0.23));
#6047 = B_SPLINE_CURVE_WITH_KNOTS('',2,(#6048,#6049,#6050),
  .UNSPECIFIED.,.F.,.F.,(3,3),(0.,1.),.PIECEWISE_BEZIER_KNOTS.);
#6048 = CARTESIAN_POINT('',(3.100835855814,7.876240915698,0.23));
#6049 = CARTESIAN_POINT('',(3.117868922674,7.821644258721,0.23));
#6050 = CARTESIAN_POINT('',(3.153979024419,7.715902979651,0.23));
#6051 = ORIENTED_EDGE('',*,*,#6052,.F.);
#6052 = EDGE_CURVE('',#3327,#6045,#6053,.T.);
#6053 = LINE('',#6054,#6055);
#6054 = CARTESIAN_POINT('',(3.153979024419,7.715902979651,0.43));
#6055 = VECTOR('',#6056,1.);
#6056 = DIRECTION('',(-4.E-16,-7.771561172376E-16,-1.));
#6057 = SURFACE_OF_LINEAR_EXTRUSION('',#6058,#6062);
#6058 = B_SPLINE_CURVE_WITH_KNOTS('',2,(#6059,#6060,#6061),
  .UNSPECIFIED.,.F.,.F.,(3,3),(0.,1.),.PIECEWISE_BEZIER_KNOTS.);
#6059 = CARTESIAN_POINT('',(3.100835855814,7.876240915698,0.43));
#6060 = CARTESIAN_POINT('',(3.117868922674,7.821644258721,0.43));
#6061 = CARTESIAN_POINT('',(3.153979024419,7.715902979651,0.43));
#6062 = VECTOR('',#6063,1.);
#6063 = DIRECTION('',(4.E-16,7.771561172376E-16,1.));
#6064 = ADVANCED_FACE('',(#6065),#6083,.T.);
#6065 = FACE_BOUND('',#6066,.T.);
#6066 = EDGE_LOOP('',(#6067,#6068,#6069,#6077));
#6067 = ORIENTED_EDGE('',*,*,#3326,.F.);
#6068 = ORIENTED_EDGE('',*,*,#6052,.T.);
#6069 = ORIENTED_EDGE('',*,*,#6070,.T.);
#6070 = EDGE_CURVE('',#6045,#6071,#6073,.T.);
#6071 = VERTEX_POINT('',#6072);
#6072 = CARTESIAN_POINT('',(3.39312328314,7.02,0.23));
#6073 = LINE('',#6074,#6075);
#6074 = CARTESIAN_POINT('',(3.153979024419,7.715902979651,0.23));
#6075 = VECTOR('',#6076,1.);
#6076 = DIRECTION('',(0.324991786148,-0.945716838666,6.049729118846E-16)
  );
#6077 = ORIENTED_EDGE('',*,*,#6078,.F.);
#6078 = EDGE_CURVE('',#3319,#6071,#6079,.T.);
#6079 = LINE('',#6080,#6081);
#6080 = CARTESIAN_POINT('',(3.39312328314,7.02,0.43));
#6081 = VECTOR('',#6082,1.);
#6082 = DIRECTION('',(-4.E-16,-7.771561172376E-16,-1.));
#6083 = PLANE('',#6084);
#6084 = AXIS2_PLACEMENT_3D('',#6085,#6086,#6087);
#6085 = CARTESIAN_POINT('',(3.153979024419,7.715902979651,0.43));
#6086 = DIRECTION('',(-0.945716838666,-0.324991786148,6.308560901234E-16
    ));
#6087 = DIRECTION('',(0.324991786148,-0.945716838666,6.049729118846E-16)
  );
#6088 = ADVANCED_FACE('',(#6089),#6107,.T.);
#6089 = FACE_BOUND('',#6090,.T.);
#6090 = EDGE_LOOP('',(#6091,#6092,#6093,#6101));
#6091 = ORIENTED_EDGE('',*,*,#3318,.F.);
#6092 = ORIENTED_EDGE('',*,*,#6078,.T.);
#6093 = ORIENTED_EDGE('',*,*,#6094,.T.);
#6094 = EDGE_CURVE('',#6071,#6095,#6097,.T.);
#6095 = VERTEX_POINT('',#6096);
#6096 = CARTESIAN_POINT('',(3.570948501163,7.02,0.23));
#6097 = LINE('',#6098,#6099);
#6098 = CARTESIAN_POINT('',(3.39312328314,7.02,0.23));
#6099 = VECTOR('',#6100,1.);
#6100 = DIRECTION('',(1.,2.E-16,-4.E-16));
#6101 = ORIENTED_EDGE('',*,*,#6102,.F.);
#6102 = EDGE_CURVE('',#3311,#6095,#6103,.T.);
#6103 = LINE('',#6104,#6105);
#6104 = CARTESIAN_POINT('',(3.570948501163,7.02,0.43));
#6105 = VECTOR('',#6106,1.);
#6106 = DIRECTION('',(-4.E-16,-7.771561172376E-16,-1.));
#6107 = PLANE('',#6108);
#6108 = AXIS2_PLACEMENT_3D('',#6109,#6110,#6111);
#6109 = CARTESIAN_POINT('',(3.39312328314,7.02,0.43));
#6110 = DIRECTION('',(2.E-16,-1.,7.771561172376E-16));
#6111 = DIRECTION('',(1.,2.E-16,-4.E-16));
#6112 = ADVANCED_FACE('',(#6113),#6131,.T.);
#6113 = FACE_BOUND('',#6114,.T.);
#6114 = EDGE_LOOP('',(#6115,#6116,#6117,#6125));
#6115 = ORIENTED_EDGE('',*,*,#3310,.F.);
#6116 = ORIENTED_EDGE('',*,*,#6102,.T.);
#6117 = ORIENTED_EDGE('',*,*,#6118,.T.);
#6118 = EDGE_CURVE('',#6095,#6119,#6121,.T.);
#6119 = VERTEX_POINT('',#6120);
#6120 = CARTESIAN_POINT('',(3.570948501163,8.02,0.23));
#6121 = LINE('',#6122,#6123);
#6122 = CARTESIAN_POINT('',(3.570948501163,7.02,0.23));
#6123 = VECTOR('',#6124,1.);
#6124 = DIRECTION('',(-2.E-16,1.,-7.771561172376E-16));
#6125 = ORIENTED_EDGE('',*,*,#6126,.F.);
#6126 = EDGE_CURVE('',#3303,#6119,#6127,.T.);
#6127 = LINE('',#6128,#6129);
#6128 = CARTESIAN_POINT('',(3.570948501163,8.02,0.43));
#6129 = VECTOR('',#6130,1.);
#6130 = DIRECTION('',(-4.E-16,-7.771561172376E-16,-1.));
#6131 = PLANE('',#6132);
#6132 = AXIS2_PLACEMENT_3D('',#6133,#6134,#6135);
#6133 = CARTESIAN_POINT('',(3.570948501163,7.02,0.43));
#6134 = DIRECTION('',(1.,2.E-16,-4.E-16));
#6135 = DIRECTION('',(-2.E-16,1.,-7.771561172376E-16));
#6136 = ADVANCED_FACE('',(#6137),#6155,.T.);
#6137 = FACE_BOUND('',#6138,.T.);
#6138 = EDGE_LOOP('',(#6139,#6140,#6141,#6149));
#6139 = ORIENTED_EDGE('',*,*,#3302,.F.);
#6140 = ORIENTED_EDGE('',*,*,#6126,.T.);
#6141 = ORIENTED_EDGE('',*,*,#6142,.T.);
#6142 = EDGE_CURVE('',#6119,#6143,#6145,.T.);
#6143 = VERTEX_POINT('',#6144);
#6144 = CARTESIAN_POINT('',(3.443541161047,8.02,0.23));
#6145 = LINE('',#6146,#6147);
#6146 = CARTESIAN_POINT('',(3.570948501163,8.02,0.23));
#6147 = VECTOR('',#6148,1.);
#6148 = DIRECTION('',(-1.,-2.E-16,4.E-16));
#6149 = ORIENTED_EDGE('',*,*,#6150,.F.);
#6150 = EDGE_CURVE('',#3295,#6143,#6151,.T.);
#6151 = LINE('',#6152,#6153);
#6152 = CARTESIAN_POINT('',(3.443541161047,8.02,0.43));
#6153 = VECTOR('',#6154,1.);
#6154 = DIRECTION('',(-4.E-16,-7.771561172376E-16,-1.));
#6155 = PLANE('',#6156);
#6156 = AXIS2_PLACEMENT_3D('',#6157,#6158,#6159);
#6157 = CARTESIAN_POINT('',(3.570948501163,8.02,0.43));
#6158 = DIRECTION('',(-2.E-16,1.,-7.771561172376E-16));
#6159 = DIRECTION('',(-1.,-2.E-16,4.E-16));
#6160 = ADVANCED_FACE('',(#6161),#6179,.T.);
#6161 = FACE_BOUND('',#6162,.T.);
#6162 = EDGE_LOOP('',(#6163,#6164,#6165,#6173));
#6163 = ORIENTED_EDGE('',*,*,#3294,.F.);
#6164 = ORIENTED_EDGE('',*,*,#6150,.T.);
#6165 = ORIENTED_EDGE('',*,*,#6166,.T.);
#6166 = EDGE_CURVE('',#6143,#6167,#6169,.T.);
#6167 = VERTEX_POINT('',#6168);
#6168 = CARTESIAN_POINT('',(3.443541161047,7.182836119186,0.23));
#6169 = LINE('',#6170,#6171);
#6170 = CARTESIAN_POINT('',(3.443541161047,8.02,0.23));
#6171 = VECTOR('',#6172,1.);
#6172 = DIRECTION('',(2.E-16,-1.,7.771561172376E-16));
#6173 = ORIENTED_EDGE('',*,*,#6174,.F.);
#6174 = EDGE_CURVE('',#3287,#6167,#6175,.T.);
#6175 = LINE('',#6176,#6177);
#6176 = CARTESIAN_POINT('',(3.443541161047,7.182836119186,0.43));
#6177 = VECTOR('',#6178,1.);
#6178 = DIRECTION('',(-4.E-16,-7.771561172376E-16,-1.));
#6179 = PLANE('',#6180);
#6180 = AXIS2_PLACEMENT_3D('',#6181,#6182,#6183);
#6181 = CARTESIAN_POINT('',(3.443541161047,8.02,0.43));
#6182 = DIRECTION('',(-1.,-2.E-16,4.E-16));
#6183 = DIRECTION('',(2.E-16,-1.,7.771561172376E-16));
#6184 = ADVANCED_FACE('',(#6185),#6203,.T.);
#6185 = FACE_BOUND('',#6186,.T.);
#6186 = EDGE_LOOP('',(#6187,#6188,#6189,#6197));
#6187 = ORIENTED_EDGE('',*,*,#3286,.F.);
#6188 = ORIENTED_EDGE('',*,*,#6174,.T.);
#6189 = ORIENTED_EDGE('',*,*,#6190,.T.);
#6190 = EDGE_CURVE('',#6167,#6191,#6193,.T.);
#6191 = VERTEX_POINT('',#6192);
#6192 = CARTESIAN_POINT('',(3.153297701744,8.02,0.23));
#6193 = LINE('',#6194,#6195);
#6194 = CARTESIAN_POINT('',(3.443541161047,7.182836119186,0.23));
#6195 = VECTOR('',#6196,1.);
#6196 = DIRECTION('',(-0.327570063092,0.944826890899,-6.032499727561E-16
    ));
#6197 = ORIENTED_EDGE('',*,*,#6198,.F.);
#6198 = EDGE_CURVE('',#3279,#6191,#6199,.T.);
#6199 = LINE('',#6200,#6201);
#6200 = CARTESIAN_POINT('',(3.153297701744,8.02,0.43));
#6201 = VECTOR('',#6202,1.);
#6202 = DIRECTION('',(-4.E-16,-7.771561172376E-16,-1.));
#6203 = PLANE('',#6204);
#6204 = AXIS2_PLACEMENT_3D('',#6205,#6206,#6207);
#6205 = CARTESIAN_POINT('',(3.443541161047,7.182836119186,0.43));
#6206 = DIRECTION('',(0.944826890899,0.327570063092,-6.325038347153E-16)
  );
#6207 = DIRECTION('',(-0.327570063092,0.944826890899,-6.032499727561E-16
    ));
#6208 = ADVANCED_FACE('',(#6209),#6227,.T.);
#6209 = FACE_BOUND('',#6210,.T.);
#6210 = EDGE_LOOP('',(#6211,#6212,#6213,#6221));
#6211 = ORIENTED_EDGE('',*,*,#3278,.F.);
#6212 = ORIENTED_EDGE('',*,*,#6198,.T.);
#6213 = ORIENTED_EDGE('',*,*,#6214,.T.);
#6214 = EDGE_CURVE('',#6191,#6215,#6217,.T.);
#6215 = VERTEX_POINT('',#6216);
#6216 = CARTESIAN_POINT('',(3.034066233721,8.02,0.23));
#6217 = LINE('',#6218,#6219);
#6218 = CARTESIAN_POINT('',(3.153297701744,8.02,0.23));
#6219 = VECTOR('',#6220,1.);
#6220 = DIRECTION('',(-1.,-2.E-16,4.E-16));
#6221 = ORIENTED_EDGE('',*,*,#6222,.F.);
#6222 = EDGE_CURVE('',#3271,#6215,#6223,.T.);
#6223 = LINE('',#6224,#6225);
#6224 = CARTESIAN_POINT('',(3.034066233721,8.02,0.43));
#6225 = VECTOR('',#6226,1.);
#6226 = DIRECTION('',(-4.E-16,-7.771561172376E-16,-1.));
#6227 = PLANE('',#6228);
#6228 = AXIS2_PLACEMENT_3D('',#6229,#6230,#6231);
#6229 = CARTESIAN_POINT('',(3.153297701744,8.02,0.43));
#6230 = DIRECTION('',(-2.E-16,1.,-7.771561172376E-16));
#6231 = DIRECTION('',(-1.,-2.E-16,4.E-16));
#6232 = ADVANCED_FACE('',(#6233),#6251,.T.);
#6233 = FACE_BOUND('',#6234,.T.);
#6234 = EDGE_LOOP('',(#6235,#6236,#6237,#6245));
#6235 = ORIENTED_EDGE('',*,*,#3270,.F.);
#6236 = ORIENTED_EDGE('',*,*,#6222,.T.);
#6237 = ORIENTED_EDGE('',*,*,#6238,.T.);
#6238 = EDGE_CURVE('',#6215,#6239,#6241,.T.);
#6239 = VERTEX_POINT('',#6240);
#6240 = CARTESIAN_POINT('',(2.745185419767,7.168528343023,0.23));
#6241 = LINE('',#6242,#6243);
#6242 = CARTESIAN_POINT('',(3.034066233721,8.02,0.23));
#6243 = VECTOR('',#6244,1.);
#6244 = DIRECTION('',(-0.32128501932,-0.946982542796,8.644672837793E-16)
  );
#6245 = ORIENTED_EDGE('',*,*,#6246,.F.);
#6246 = EDGE_CURVE('',#3263,#6239,#6247,.T.);
#6247 = LINE('',#6248,#6249);
#6248 = CARTESIAN_POINT('',(2.745185419767,7.168528343023,0.43));
#6249 = VECTOR('',#6250,1.);
#6250 = DIRECTION('',(-4.E-16,-7.771561172376E-16,-1.));
#6251 = PLANE('',#6252);
#6252 = AXIS2_PLACEMENT_3D('',#6253,#6254,#6255);
#6253 = CARTESIAN_POINT('',(3.034066233721,8.02,0.43));
#6254 = DIRECTION('',(-0.946982542796,0.32128501932,1.291043989766E-16)
  );
#6255 = DIRECTION('',(-0.32128501932,-0.946982542796,8.644672837793E-16)
  );
#6256 = ADVANCED_FACE('',(#6257),#6275,.T.);
#6257 = FACE_BOUND('',#6258,.T.);
#6258 = EDGE_LOOP('',(#6259,#6260,#6261,#6269));
#6259 = ORIENTED_EDGE('',*,*,#3262,.F.);
#6260 = ORIENTED_EDGE('',*,*,#6246,.T.);
#6261 = ORIENTED_EDGE('',*,*,#6262,.T.);
#6262 = EDGE_CURVE('',#6239,#6263,#6265,.T.);
#6263 = VERTEX_POINT('',#6264);
#6264 = CARTESIAN_POINT('',(2.745185419767,8.02,0.23));
#6265 = LINE('',#6266,#6267);
#6266 = CARTESIAN_POINT('',(2.745185419767,7.168528343023,0.23));
#6267 = VECTOR('',#6268,1.);
#6268 = DIRECTION('',(-2.E-16,1.,-7.771561172376E-16));
#6269 = ORIENTED_EDGE('',*,*,#6270,.F.);
#6270 = EDGE_CURVE('',#3255,#6263,#6271,.T.);
#6271 = LINE('',#6272,#6273);
#6272 = CARTESIAN_POINT('',(2.745185419767,8.02,0.43));
#6273 = VECTOR('',#6274,1.);
#6274 = DIRECTION('',(-4.E-16,-7.771561172376E-16,-1.));
#6275 = PLANE('',#6276);
#6276 = AXIS2_PLACEMENT_3D('',#6277,#6278,#6279);
#6277 = CARTESIAN_POINT('',(2.745185419767,7.168528343023,0.43));
#6278 = DIRECTION('',(1.,2.E-16,-4.E-16));
#6279 = DIRECTION('',(-2.E-16,1.,-7.771561172376E-16));
#6280 = ADVANCED_FACE('',(#6281),#6292,.T.);
#6281 = FACE_BOUND('',#6282,.T.);
#6282 = EDGE_LOOP('',(#6283,#6284,#6285,#6291));
#6283 = ORIENTED_EDGE('',*,*,#3254,.F.);
#6284 = ORIENTED_EDGE('',*,*,#6270,.T.);
#6285 = ORIENTED_EDGE('',*,*,#6286,.T.);
#6286 = EDGE_CURVE('',#6263,#5939,#6287,.T.);
#6287 = LINE('',#6288,#6289);
#6288 = CARTESIAN_POINT('',(2.745185419767,8.02,0.23));
#6289 = VECTOR('',#6290,1.);
#6290 = DIRECTION('',(-1.,-2.E-16,4.E-16));
#6291 = ORIENTED_EDGE('',*,*,#5938,.F.);
#6292 = PLANE('',#6293);
#6293 = AXIS2_PLACEMENT_3D('',#6294,#6295,#6296);
#6294 = CARTESIAN_POINT('',(2.745185419767,8.02,0.43));
#6295 = DIRECTION('',(-2.E-16,1.,-7.771561172376E-16));
#6296 = DIRECTION('',(-1.,-2.E-16,4.E-16));
#6297 = ADVANCED_FACE('',(#6298),#6323,.T.);
#6298 = FACE_BOUND('',#6299,.T.);
#6299 = EDGE_LOOP('',(#6300,#6301,#6309,#6317));
#6300 = ORIENTED_EDGE('',*,*,#3372,.T.);
#6301 = ORIENTED_EDGE('',*,*,#6302,.T.);
#6302 = EDGE_CURVE('',#3375,#6303,#6305,.T.);
#6303 = VERTEX_POINT('',#6304);
#6304 = CARTESIAN_POINT('',(-0.853651789535,7.240112645349,0.23));
#6305 = LINE('',#6306,#6307);
#6306 = CARTESIAN_POINT('',(-0.853651789535,7.240112645349,0.43));
#6307 = VECTOR('',#6308,1.);
#6308 = DIRECTION('',(-4.E-16,-7.771561172376E-16,-1.));
#6309 = ORIENTED_EDGE('',*,*,#6310,.T.);
#6310 = EDGE_CURVE('',#6303,#6311,#6313,.T.);
#6311 = VERTEX_POINT('',#6312);
#6312 = CARTESIAN_POINT('',(-0.745321484302,7.072961482558,0.23));
#6313 = B_SPLINE_CURVE_WITH_KNOTS('',2,(#6314,#6315,#6316),
  .UNSPECIFIED.,.F.,.F.,(3,3),(0.,1.),.PIECEWISE_BEZIER_KNOTS.);
#6314 = CARTESIAN_POINT('',(-0.853651789535,7.240112645349,0.23));
#6315 = CARTESIAN_POINT('',(-0.817178315698,7.131736918605,0.23));
#6316 = CARTESIAN_POINT('',(-0.745321484302,7.072961482558,0.23));
#6317 = ORIENTED_EDGE('',*,*,#6318,.F.);
#6318 = EDGE_CURVE('',#3373,#6311,#6319,.T.);
#6319 = LINE('',#6320,#6321);
#6320 = CARTESIAN_POINT('',(-0.745321484302,7.072961482558,0.43));
#6321 = VECTOR('',#6322,1.);
#6322 = DIRECTION('',(-4.E-16,-7.771561172376E-16,-1.));
#6323 = SURFACE_OF_LINEAR_EXTRUSION('',#6324,#6328);
#6324 = B_SPLINE_CURVE_WITH_KNOTS('',2,(#6325,#6326,#6327),
  .UNSPECIFIED.,.F.,.F.,(3,3),(0.,1.),.PIECEWISE_BEZIER_KNOTS.);
#6325 = CARTESIAN_POINT('',(-0.853651789535,7.240112645349,0.43));
#6326 = CARTESIAN_POINT('',(-0.817178315698,7.131736918605,0.43));
#6327 = CARTESIAN_POINT('',(-0.745321484302,7.072961482558,0.43));
#6328 = VECTOR('',#6329,1.);
#6329 = DIRECTION('',(4.E-16,7.771561172376E-16,1.));
#6330 = ADVANCED_FACE('',(#6331),#6349,.T.);
#6331 = FACE_BOUND('',#6332,.T.);
#6332 = EDGE_LOOP('',(#6333,#6334,#6335,#6343));
#6333 = ORIENTED_EDGE('',*,*,#3502,.T.);
#6334 = ORIENTED_EDGE('',*,*,#6318,.T.);
#6335 = ORIENTED_EDGE('',*,*,#6336,.T.);
#6336 = EDGE_CURVE('',#6311,#6337,#6339,.T.);
#6337 = VERTEX_POINT('',#6338);
#6338 = CARTESIAN_POINT('',(-0.564407603488,7.014186046512,0.23));
#6339 = B_SPLINE_CURVE_WITH_KNOTS('',2,(#6340,#6341,#6342),
  .UNSPECIFIED.,.F.,.F.,(3,3),(0.,1.),.PIECEWISE_BEZIER_KNOTS.);
#6340 = CARTESIAN_POINT('',(-0.745321484302,7.072961482558,0.23));
#6341 = CARTESIAN_POINT('',(-0.673419231395,7.014186046512,0.23));
#6342 = CARTESIAN_POINT('',(-0.564407603488,7.014186046512,0.23));
#6343 = ORIENTED_EDGE('',*,*,#6344,.F.);
#6344 = EDGE_CURVE('',#3493,#6337,#6345,.T.);
#6345 = LINE('',#6346,#6347);
#6346 = CARTESIAN_POINT('',(-0.564407603488,7.014186046512,0.43));
#6347 = VECTOR('',#6348,1.);
#6348 = DIRECTION('',(-4.E-16,-7.771561172376E-16,-1.));
#6349 = SURFACE_OF_LINEAR_EXTRUSION('',#6350,#6354);
#6350 = B_SPLINE_CURVE_WITH_KNOTS('',2,(#6351,#6352,#6353),
  .UNSPECIFIED.,.F.,.F.,(3,3),(0.,1.),.PIECEWISE_BEZIER_KNOTS.);
#6351 = CARTESIAN_POINT('',(-0.745321484302,7.072961482558,0.43));
#6352 = CARTESIAN_POINT('',(-0.673419231395,7.014186046512,0.43));
#6353 = CARTESIAN_POINT('',(-0.564407603488,7.014186046512,0.43));
#6354 = VECTOR('',#6355,1.);
#6355 = DIRECTION('',(4.E-16,7.771561172376E-16,1.));
#6356 = ADVANCED_FACE('',(#6357),#6375,.T.);
#6357 = FACE_BOUND('',#6358,.T.);
#6358 = EDGE_LOOP('',(#6359,#6360,#6361,#6369));
#6359 = ORIENTED_EDGE('',*,*,#3492,.T.);
#6360 = ORIENTED_EDGE('',*,*,#6344,.T.);
#6361 = ORIENTED_EDGE('',*,*,#6362,.T.);
#6362 = EDGE_CURVE('',#6337,#6363,#6365,.T.);
#6363 = VERTEX_POINT('',#6364);
#6364 = CARTESIAN_POINT('',(-0.423373809884,7.046662427326,0.23));
#6365 = B_SPLINE_CURVE_WITH_KNOTS('',2,(#6366,#6367,#6368),
  .UNSPECIFIED.,.F.,.F.,(3,3),(0.,1.),.PIECEWISE_BEZIER_KNOTS.);
#6366 = CARTESIAN_POINT('',(-0.564407603488,7.014186046512,0.23));
#6367 = CARTESIAN_POINT('',(-0.484011527907,7.014186046512,0.23));
#6368 = CARTESIAN_POINT('',(-0.423373809884,7.046662427326,0.23));
#6369 = ORIENTED_EDGE('',*,*,#6370,.F.);
#6370 = EDGE_CURVE('',#3480,#6363,#6371,.T.);
#6371 = LINE('',#6372,#6373);
#6372 = CARTESIAN_POINT('',(-0.423373809884,7.046662427326,0.43));
#6373 = VECTOR('',#6374,1.);
#6374 = DIRECTION('',(-4.E-16,-7.771561172376E-16,-1.));
#6375 = SURFACE_OF_LINEAR_EXTRUSION('',#6376,#6380);
#6376 = B_SPLINE_CURVE_WITH_KNOTS('',2,(#6377,#6378,#6379),
  .UNSPECIFIED.,.F.,.F.,(3,3),(0.,1.),.PIECEWISE_BEZIER_KNOTS.);
#6377 = CARTESIAN_POINT('',(-0.564407603488,7.014186046512,0.43));
#6378 = CARTESIAN_POINT('',(-0.484011527907,7.014186046512,0.43));
#6379 = CARTESIAN_POINT('',(-0.423373809884,7.046662427326,0.43));
#6380 = VECTOR('',#6381,1.);
#6381 = DIRECTION('',(4.E-16,7.771561172376E-16,1.));
#6382 = ADVANCED_FACE('',(#6383),#6401,.T.);
#6383 = FACE_BOUND('',#6384,.T.);
#6384 = EDGE_LOOP('',(#6385,#6386,#6387,#6395));
#6385 = ORIENTED_EDGE('',*,*,#3479,.T.);
#6386 = ORIENTED_EDGE('',*,*,#6370,.T.);
#6387 = ORIENTED_EDGE('',*,*,#6388,.T.);
#6388 = EDGE_CURVE('',#6363,#6389,#6391,.T.);
#6389 = VERTEX_POINT('',#6390);
#6390 = CARTESIAN_POINT('',(-0.323219376744,7.140321584302,0.23));
#6391 = B_SPLINE_CURVE_WITH_KNOTS('',2,(#6392,#6393,#6394),
  .UNSPECIFIED.,.F.,.F.,(3,3),(0.,1.),.PIECEWISE_BEZIER_KNOTS.);
#6392 = CARTESIAN_POINT('',(-0.423373809884,7.046662427326,0.23));
#6393 = CARTESIAN_POINT('',(-0.36273609186,7.07913880814,0.23));
#6394 = CARTESIAN_POINT('',(-0.323219376744,7.140321584302,0.23));
#6395 = ORIENTED_EDGE('',*,*,#6396,.F.);
#6396 = EDGE_CURVE('',#3470,#6389,#6397,.T.);
#6397 = LINE('',#6398,#6399);
#6398 = CARTESIAN_POINT('',(-0.323219376744,7.140321584302,0.43));
#6399 = VECTOR('',#6400,1.);
#6400 = DIRECTION('',(-4.E-16,-7.771561172376E-16,-1.));
#6401 = SURFACE_OF_LINEAR_EXTRUSION('',#6402,#6406);
#6402 = B_SPLINE_CURVE_WITH_KNOTS('',2,(#6403,#6404,#6405),
  .UNSPECIFIED.,.F.,.F.,(3,3),(0.,1.),.PIECEWISE_BEZIER_KNOTS.);
#6403 = CARTESIAN_POINT('',(-0.423373809884,7.046662427326,0.43));
#6404 = CARTESIAN_POINT('',(-0.36273609186,7.07913880814,0.43));
#6405 = CARTESIAN_POINT('',(-0.323219376744,7.140321584302,0.43));
#6406 = VECTOR('',#6407,1.);
#6407 = DIRECTION('',(4.E-16,7.771561172376E-16,1.));
#6408 = ADVANCED_FACE('',(#6409),#6427,.T.);
#6409 = FACE_BOUND('',#6410,.T.);
#6410 = EDGE_LOOP('',(#6411,#6412,#6413,#6421));
#6411 = ORIENTED_EDGE('',*,*,#3469,.T.);
#6412 = ORIENTED_EDGE('',*,*,#6396,.T.);
#6413 = ORIENTED_EDGE('',*,*,#6414,.T.);
#6414 = EDGE_CURVE('',#6389,#6415,#6417,.T.);
#6415 = VERTEX_POINT('',#6416);
#6416 = CARTESIAN_POINT('',(-0.261219013372,7.289304142442,0.23));
#6417 = B_SPLINE_CURVE_WITH_KNOTS('',2,(#6418,#6419,#6420),
  .UNSPECIFIED.,.F.,.F.,(3,3),(0.,1.),.PIECEWISE_BEZIER_KNOTS.);
#6418 = CARTESIAN_POINT('',(-0.323219376744,7.140321584302,0.23));
#6419 = CARTESIAN_POINT('',(-0.283702661628,7.201458938953,0.23));
#6420 = CARTESIAN_POINT('',(-0.261219013372,7.289304142442,0.23));
#6421 = ORIENTED_EDGE('',*,*,#6422,.F.);
#6422 = EDGE_CURVE('',#3459,#6415,#6423,.T.);
#6423 = LINE('',#6424,#6425);
#6424 = CARTESIAN_POINT('',(-0.261219013372,7.289304142442,0.43));
#6425 = VECTOR('',#6426,1.);
#6426 = DIRECTION('',(-4.E-16,-7.771561172376E-16,-1.));
#6427 = SURFACE_OF_LINEAR_EXTRUSION('',#6428,#6432);
#6428 = B_SPLINE_CURVE_WITH_KNOTS('',2,(#6429,#6430,#6431),
  .UNSPECIFIED.,.F.,.F.,(3,3),(0.,1.),.PIECEWISE_BEZIER_KNOTS.);
#6429 = CARTESIAN_POINT('',(-0.323219376744,7.140321584302,0.43));
#6430 = CARTESIAN_POINT('',(-0.283702661628,7.201458938953,0.43));
#6431 = CARTESIAN_POINT('',(-0.261219013372,7.289304142442,0.43));
#6432 = VECTOR('',#6433,1.);
#6433 = DIRECTION('',(4.E-16,7.771561172376E-16,1.));
#6434 = ADVANCED_FACE('',(#6435),#6453,.T.);
#6435 = FACE_BOUND('',#6436,.T.);
#6436 = EDGE_LOOP('',(#6437,#6438,#6439,#6447));
#6437 = ORIENTED_EDGE('',*,*,#3458,.T.);
#6438 = ORIENTED_EDGE('',*,*,#6422,.T.);
#6439 = ORIENTED_EDGE('',*,*,#6440,.T.);
#6440 = EDGE_CURVE('',#6415,#6441,#6443,.T.);
#6441 = VERTEX_POINT('',#6442);
#6442 = CARTESIAN_POINT('',(-0.238735365116,7.526177325581,0.23));
#6443 = B_SPLINE_CURVE_WITH_KNOTS('',2,(#6444,#6445,#6446),
  .UNSPECIFIED.,.F.,.F.,(3,3),(0.,1.),.PIECEWISE_BEZIER_KNOTS.);
#6444 = CARTESIAN_POINT('',(-0.261219013372,7.289304142442,0.23));
#6445 = CARTESIAN_POINT('',(-0.238735365116,7.37714934593,0.23));
#6446 = CARTESIAN_POINT('',(-0.238735365116,7.526177325581,0.23));
#6447 = ORIENTED_EDGE('',*,*,#6448,.F.);
#6448 = EDGE_CURVE('',#3448,#6441,#6449,.T.);
#6449 = LINE('',#6450,#6451);
#6450 = CARTESIAN_POINT('',(-0.238735365116,7.526177325581,0.43));
#6451 = VECTOR('',#6452,1.);
#6452 = DIRECTION('',(-4.E-16,-7.771561172376E-16,-1.));
#6453 = SURFACE_OF_LINEAR_EXTRUSION('',#6454,#6458);
#6454 = B_SPLINE_CURVE_WITH_KNOTS('',2,(#6455,#6456,#6457),
  .UNSPECIFIED.,.F.,.F.,(3,3),(0.,1.),.PIECEWISE_BEZIER_KNOTS.);
#6455 = CARTESIAN_POINT('',(-0.261219013372,7.289304142442,0.43));
#6456 = CARTESIAN_POINT('',(-0.238735365116,7.37714934593,0.43));
#6457 = CARTESIAN_POINT('',(-0.238735365116,7.526177325581,0.43));
#6458 = VECTOR('',#6459,1.);
#6459 = DIRECTION('',(4.E-16,7.771561172376E-16,1.));
#6460 = ADVANCED_FACE('',(#6461),#6479,.T.);
#6461 = FACE_BOUND('',#6462,.T.);
#6462 = EDGE_LOOP('',(#6463,#6464,#6465,#6473));
#6463 = ORIENTED_EDGE('',*,*,#3447,.T.);
#6464 = ORIENTED_EDGE('',*,*,#6448,.T.);
#6465 = ORIENTED_EDGE('',*,*,#6466,.T.);
#6466 = EDGE_CURVE('',#6441,#6467,#6469,.T.);
#6467 = VERTEX_POINT('',#6468);
#6468 = CARTESIAN_POINT('',(-0.27484546686,7.810879360465,0.23));
#6469 = B_SPLINE_CURVE_WITH_KNOTS('',2,(#6470,#6471,#6472),
  .UNSPECIFIED.,.F.,.F.,(3,3),(0.,1.),.PIECEWISE_BEZIER_KNOTS.);
#6470 = CARTESIAN_POINT('',(-0.238735365116,7.526177325581,0.23));
#6471 = CARTESIAN_POINT('',(-0.238735365116,7.702503633721,0.23));
#6472 = CARTESIAN_POINT('',(-0.27484546686,7.810879360465,0.23));
#6473 = ORIENTED_EDGE('',*,*,#6474,.F.);
#6474 = EDGE_CURVE('',#3437,#6467,#6475,.T.);
#6475 = LINE('',#6476,#6477);
#6476 = CARTESIAN_POINT('',(-0.27484546686,7.810879360465,0.43));
#6477 = VECTOR('',#6478,1.);
#6478 = DIRECTION('',(-4.E-16,-7.771561172376E-16,-1.));
#6479 = SURFACE_OF_LINEAR_EXTRUSION('',#6480,#6484);
#6480 = B_SPLINE_CURVE_WITH_KNOTS('',2,(#6481,#6482,#6483),
  .UNSPECIFIED.,.F.,.F.,(3,3),(0.,1.),.PIECEWISE_BEZIER_KNOTS.);
#6481 = CARTESIAN_POINT('',(-0.238735365116,7.526177325581,0.43));
#6482 = CARTESIAN_POINT('',(-0.238735365116,7.702503633721,0.43));
#6483 = CARTESIAN_POINT('',(-0.27484546686,7.810879360465,0.43));
#6484 = VECTOR('',#6485,1.);
#6485 = DIRECTION('',(4.E-16,7.771561172376E-16,1.));
#6486 = ADVANCED_FACE('',(#6487),#6505,.T.);
#6487 = FACE_BOUND('',#6488,.T.);
#6488 = EDGE_LOOP('',(#6489,#6490,#6491,#6499));
#6489 = ORIENTED_EDGE('',*,*,#3436,.T.);
#6490 = ORIENTED_EDGE('',*,*,#6474,.T.);
#6491 = ORIENTED_EDGE('',*,*,#6492,.T.);
#6492 = EDGE_CURVE('',#6467,#6493,#6495,.T.);
#6493 = VERTEX_POINT('',#6494);
#6494 = CARTESIAN_POINT('',(-0.382857821512,7.978348473837,0.23));
#6495 = B_SPLINE_CURVE_WITH_KNOTS('',2,(#6496,#6497,#6498),
  .UNSPECIFIED.,.F.,.F.,(3,3),(0.,1.),.PIECEWISE_BEZIER_KNOTS.);
#6496 = CARTESIAN_POINT('',(-0.27484546686,7.810879360465,0.23));
#6497 = CARTESIAN_POINT('',(-0.310955568605,7.919209665698,0.23));
#6498 = CARTESIAN_POINT('',(-0.382857821512,7.978348473837,0.23));
#6499 = ORIENTED_EDGE('',*,*,#6500,.F.);
#6500 = EDGE_CURVE('',#3424,#6493,#6501,.T.);
#6501 = LINE('',#6502,#6503);
#6502 = CARTESIAN_POINT('',(-0.382857821512,7.978348473837,0.43));
#6503 = VECTOR('',#6504,1.);
#6504 = DIRECTION('',(-4.E-16,-7.771561172376E-16,-1.));
#6505 = SURFACE_OF_LINEAR_EXTRUSION('',#6506,#6510);
#6506 = B_SPLINE_CURVE_WITH_KNOTS('',2,(#6507,#6508,#6509),
  .UNSPECIFIED.,.F.,.F.,(3,3),(0.,1.),.PIECEWISE_BEZIER_KNOTS.);
#6507 = CARTESIAN_POINT('',(-0.27484546686,7.810879360465,0.43));
#6508 = CARTESIAN_POINT('',(-0.310955568605,7.919209665698,0.43));
#6509 = CARTESIAN_POINT('',(-0.382857821512,7.978348473837,0.43));
#6510 = VECTOR('',#6511,1.);
#6511 = DIRECTION('',(4.E-16,7.771561172376E-16,1.));
#6512 = ADVANCED_FACE('',(#6513),#6531,.T.);
#6513 = FACE_BOUND('',#6514,.T.);
#6514 = EDGE_LOOP('',(#6515,#6516,#6517,#6525));
#6515 = ORIENTED_EDGE('',*,*,#3423,.T.);
#6516 = ORIENTED_EDGE('',*,*,#6500,.T.);
#6517 = ORIENTED_EDGE('',*,*,#6518,.T.);
#6518 = EDGE_CURVE('',#6493,#6519,#6521,.T.);
#6519 = VERTEX_POINT('',#6520);
#6520 = CARTESIAN_POINT('',(-0.564407603488,8.037441860465,0.23));
#6521 = B_SPLINE_CURVE_WITH_KNOTS('',2,(#6522,#6523,#6524),
  .UNSPECIFIED.,.F.,.F.,(3,3),(0.,1.),.PIECEWISE_BEZIER_KNOTS.);
#6522 = CARTESIAN_POINT('',(-0.382857821512,7.978348473837,0.23));
#6523 = CARTESIAN_POINT('',(-0.454714652907,8.037441860465,0.23));
#6524 = CARTESIAN_POINT('',(-0.564407603488,8.037441860465,0.23));
#6525 = ORIENTED_EDGE('',*,*,#6526,.F.);
#6526 = EDGE_CURVE('',#3409,#6519,#6527,.T.);
#6527 = LINE('',#6528,#6529);
#6528 = CARTESIAN_POINT('',(-0.564407603488,8.037441860465,0.43));
#6529 = VECTOR('',#6530,1.);
#6530 = DIRECTION('',(-4.E-16,-7.771561172376E-16,-1.));
#6531 = SURFACE_OF_LINEAR_EXTRUSION('',#6532,#6536);
#6532 = B_SPLINE_CURVE_WITH_KNOTS('',2,(#6533,#6534,#6535),
  .UNSPECIFIED.,.F.,.F.,(3,3),(0.,1.),.PIECEWISE_BEZIER_KNOTS.);
#6533 = CARTESIAN_POINT('',(-0.382857821512,7.978348473837,0.43));
#6534 = CARTESIAN_POINT('',(-0.454714652907,8.037441860465,0.43));
#6535 = CARTESIAN_POINT('',(-0.564407603488,8.037441860465,0.43));
#6536 = VECTOR('',#6537,1.);
#6537 = DIRECTION('',(4.E-16,7.771561172376E-16,1.));
#6538 = ADVANCED_FACE('',(#6539),#6557,.T.);
#6539 = FACE_BOUND('',#6540,.T.);
#6540 = EDGE_LOOP('',(#6541,#6542,#6543,#6551));
#6541 = ORIENTED_EDGE('',*,*,#3408,.T.);
#6542 = ORIENTED_EDGE('',*,*,#6526,.T.);
#6543 = ORIENTED_EDGE('',*,*,#6544,.T.);
#6544 = EDGE_CURVE('',#6519,#6545,#6547,.T.);
#6545 = VERTEX_POINT('',#6546);
#6546 = CARTESIAN_POINT('',(-0.79128805407,7.933562863372,0.23));
#6547 = B_SPLINE_CURVE_WITH_KNOTS('',2,(#6548,#6549,#6550),
  .UNSPECIFIED.,.F.,.F.,(3,3),(0.,1.),.PIECEWISE_BEZIER_KNOTS.);
#6548 = CARTESIAN_POINT('',(-0.564407603488,8.037441860465,0.23));
#6549 = CARTESIAN_POINT('',(-0.708848010465,8.037441860465,0.23));
#6550 = CARTESIAN_POINT('',(-0.79128805407,7.933562863372,0.23));
#6551 = ORIENTED_EDGE('',*,*,#6552,.F.);
#6552 = EDGE_CURVE('',#3397,#6545,#6553,.T.);
#6553 = LINE('',#6554,#6555);
#6554 = CARTESIAN_POINT('',(-0.79128805407,7.933562863372,0.43));
#6555 = VECTOR('',#6556,1.);
#6556 = DIRECTION('',(-4.E-16,-7.771561172376E-16,-1.));
#6557 = SURFACE_OF_LINEAR_EXTRUSION('',#6558,#6562);
#6558 = B_SPLINE_CURVE_WITH_KNOTS('',2,(#6559,#6560,#6561),
  .UNSPECIFIED.,.F.,.F.,(3,3),(0.,1.),.PIECEWISE_BEZIER_KNOTS.);
#6559 = CARTESIAN_POINT('',(-0.564407603488,8.037441860465,0.43));
#6560 = CARTESIAN_POINT('',(-0.708848010465,8.037441860465,0.43));
#6561 = CARTESIAN_POINT('',(-0.79128805407,7.933562863372,0.43));
#6562 = VECTOR('',#6563,1.);
#6563 = DIRECTION('',(4.E-16,7.771561172376E-16,1.));
#6564 = ADVANCED_FACE('',(#6565),#6583,.T.);
#6565 = FACE_BOUND('',#6566,.T.);
#6566 = EDGE_LOOP('',(#6567,#6568,#6569,#6577));
#6567 = ORIENTED_EDGE('',*,*,#3396,.T.);
#6568 = ORIENTED_EDGE('',*,*,#6552,.T.);
#6569 = ORIENTED_EDGE('',*,*,#6570,.T.);
#6570 = EDGE_CURVE('',#6545,#6571,#6573,.T.);
#6571 = VERTEX_POINT('',#6572);
#6572 = CARTESIAN_POINT('',(-0.89007984186,7.526177325581,0.23));
#6573 = B_SPLINE_CURVE_WITH_KNOTS('',2,(#6574,#6575,#6576),
  .UNSPECIFIED.,.F.,.F.,(3,3),(0.,1.),.PIECEWISE_BEZIER_KNOTS.);
#6574 = CARTESIAN_POINT('',(-0.79128805407,7.933562863372,0.23));
#6575 = CARTESIAN_POINT('',(-0.89007984186,7.808472020349,0.23));
#6576 = CARTESIAN_POINT('',(-0.89007984186,7.526177325581,0.23));
#6577 = ORIENTED_EDGE('',*,*,#6578,.F.);
#6578 = EDGE_CURVE('',#3386,#6571,#6579,.T.);
#6579 = LINE('',#6580,#6581);
#6580 = CARTESIAN_POINT('',(-0.89007984186,7.526177325581,0.43));
#6581 = VECTOR('',#6582,1.);
#6582 = DIRECTION('',(-4.E-16,-7.771561172376E-16,-1.));
#6583 = SURFACE_OF_LINEAR_EXTRUSION('',#6584,#6588);
#6584 = B_SPLINE_CURVE_WITH_KNOTS('',2,(#6585,#6586,#6587),
  .UNSPECIFIED.,.F.,.F.,(3,3),(0.,1.),.PIECEWISE_BEZIER_KNOTS.);
#6585 = CARTESIAN_POINT('',(-0.79128805407,7.933562863372,0.43));
#6586 = CARTESIAN_POINT('',(-0.89007984186,7.808472020349,0.43));
#6587 = CARTESIAN_POINT('',(-0.89007984186,7.526177325581,0.43));
#6588 = VECTOR('',#6589,1.);
#6589 = DIRECTION('',(4.E-16,7.771561172376E-16,1.));
#6590 = ADVANCED_FACE('',(#6591),#6602,.T.);
#6591 = FACE_BOUND('',#6592,.T.);
#6592 = EDGE_LOOP('',(#6593,#6594,#6595,#6601));
#6593 = ORIENTED_EDGE('',*,*,#3385,.T.);
#6594 = ORIENTED_EDGE('',*,*,#6578,.T.);
#6595 = ORIENTED_EDGE('',*,*,#6596,.T.);
#6596 = EDGE_CURVE('',#6571,#6303,#6597,.T.);
#6597 = B_SPLINE_CURVE_WITH_KNOTS('',2,(#6598,#6599,#6600),
  .UNSPECIFIED.,.F.,.F.,(3,3),(0.,1.),.PIECEWISE_BEZIER_KNOTS.);
#6598 = CARTESIAN_POINT('',(-0.89007984186,7.526177325581,0.23));
#6599 = CARTESIAN_POINT('',(-0.89007984186,7.348442950581,0.23));
#6600 = CARTESIAN_POINT('',(-0.853651789535,7.240112645349,0.23));
#6601 = ORIENTED_EDGE('',*,*,#6302,.F.);
#6602 = SURFACE_OF_LINEAR_EXTRUSION('',#6603,#6607);
#6603 = B_SPLINE_CURVE_WITH_KNOTS('',2,(#6604,#6605,#6606),
  .UNSPECIFIED.,.F.,.F.,(3,3),(0.,1.),.PIECEWISE_BEZIER_KNOTS.);
#6604 = CARTESIAN_POINT('',(-0.89007984186,7.526177325581,0.43));
#6605 = CARTESIAN_POINT('',(-0.89007984186,7.348442950581,0.43));
#6606 = CARTESIAN_POINT('',(-0.853651789535,7.240112645349,0.43));
#6607 = VECTOR('',#6608,1.);
#6608 = DIRECTION('',(4.E-16,7.771561172376E-16,1.));
#6609 = ADVANCED_FACE('',(#6610),#6635,.T.);
#6610 = FACE_BOUND('',#6611,.T.);
#6611 = EDGE_LOOP('',(#6612,#6613,#6621,#6629));
#6612 = ORIENTED_EDGE('',*,*,#3515,.F.);
#6613 = ORIENTED_EDGE('',*,*,#6614,.T.);
#6614 = EDGE_CURVE('',#3516,#6615,#6617,.T.);
#6615 = VERTEX_POINT('',#6616);
#6616 = CARTESIAN_POINT('',(2.093386727907,7.717674418605,0.23));
#6617 = LINE('',#6618,#6619);
#6618 = CARTESIAN_POINT('',(2.093386727907,7.717674418605,0.43));
#6619 = VECTOR('',#6620,1.);
#6620 = DIRECTION('',(-4.E-16,-7.771561172376E-16,-1.));
#6621 = ORIENTED_EDGE('',*,*,#6622,.T.);
#6622 = EDGE_CURVE('',#6615,#6623,#6625,.T.);
#6623 = VERTEX_POINT('',#6624);
#6624 = CARTESIAN_POINT('',(2.093386727907,7.595581395349,0.23));
#6625 = LINE('',#6626,#6627);
#6626 = CARTESIAN_POINT('',(2.093386727907,7.717674418605,0.23));
#6627 = VECTOR('',#6628,1.);
#6628 = DIRECTION('',(2.E-16,-1.,7.771561172376E-16));
#6629 = ORIENTED_EDGE('',*,*,#6630,.F.);
#6630 = EDGE_CURVE('',#3518,#6623,#6631,.T.);
#6631 = LINE('',#6632,#6633);
#6632 = CARTESIAN_POINT('',(2.093386727907,7.595581395349,0.43));
#6633 = VECTOR('',#6634,1.);
#6634 = DIRECTION('',(-4.E-16,-7.771561172376E-16,-1.));
#6635 = PLANE('',#6636);
#6636 = AXIS2_PLACEMENT_3D('',#6637,#6638,#6639);
#6637 = CARTESIAN_POINT('',(2.093386727907,7.717674418605,0.43));
#6638 = DIRECTION('',(-1.,-2.E-16,4.E-16));
#6639 = DIRECTION('',(2.E-16,-1.,7.771561172376E-16));
#6640 = ADVANCED_FACE('',(#6641),#6659,.T.);
#6641 = FACE_BOUND('',#6642,.T.);
#6642 = EDGE_LOOP('',(#6643,#6644,#6645,#6653));
#6643 = ORIENTED_EDGE('',*,*,#3541,.F.);
#6644 = ORIENTED_EDGE('',*,*,#6630,.T.);
#6645 = ORIENTED_EDGE('',*,*,#6646,.T.);
#6646 = EDGE_CURVE('',#6623,#6647,#6649,.T.);
#6647 = VERTEX_POINT('',#6648);
#6648 = CARTESIAN_POINT('',(2.47015816686,7.595581395349,0.23));
#6649 = LINE('',#6650,#6651);
#6650 = CARTESIAN_POINT('',(2.093386727907,7.595581395349,0.23));
#6651 = VECTOR('',#6652,1.);
#6652 = DIRECTION('',(1.,2.E-16,-4.E-16));
#6653 = ORIENTED_EDGE('',*,*,#6654,.F.);
#6654 = EDGE_CURVE('',#3534,#6647,#6655,.T.);
#6655 = LINE('',#6656,#6657);
#6656 = CARTESIAN_POINT('',(2.47015816686,7.595581395349,0.43));
#6657 = VECTOR('',#6658,1.);
#6658 = DIRECTION('',(-4.E-16,-7.771561172376E-16,-1.));
#6659 = PLANE('',#6660);
#6660 = AXIS2_PLACEMENT_3D('',#6661,#6662,#6663);
#6661 = CARTESIAN_POINT('',(2.093386727907,7.595581395349,0.43));
#6662 = DIRECTION('',(2.E-16,-1.,7.771561172376E-16));
#6663 = DIRECTION('',(1.,2.E-16,-4.E-16));
#6664 = ADVANCED_FACE('',(#6665),#6683,.T.);
#6665 = FACE_BOUND('',#6666,.T.);
#6666 = EDGE_LOOP('',(#6667,#6668,#6669,#6677));
#6667 = ORIENTED_EDGE('',*,*,#3533,.F.);
#6668 = ORIENTED_EDGE('',*,*,#6654,.T.);
#6669 = ORIENTED_EDGE('',*,*,#6670,.T.);
#6670 = EDGE_CURVE('',#6647,#6671,#6673,.T.);
#6671 = VERTEX_POINT('',#6672);
#6672 = CARTESIAN_POINT('',(2.47015816686,7.717674418605,0.23));
#6673 = LINE('',#6674,#6675);
#6674 = CARTESIAN_POINT('',(2.47015816686,7.595581395349,0.23));
#6675 = VECTOR('',#6676,1.);
#6676 = DIRECTION('',(-2.E-16,1.,-7.771561172376E-16));
#6677 = ORIENTED_EDGE('',*,*,#6678,.F.);
#6678 = EDGE_CURVE('',#3526,#6671,#6679,.T.);
#6679 = LINE('',#6680,#6681);
#6680 = CARTESIAN_POINT('',(2.47015816686,7.717674418605,0.43));
#6681 = VECTOR('',#6682,1.);
#6682 = DIRECTION('',(-4.E-16,-7.771561172376E-16,-1.));
#6683 = PLANE('',#6684);
#6684 = AXIS2_PLACEMENT_3D('',#6685,#6686,#6687);
#6685 = CARTESIAN_POINT('',(2.47015816686,7.595581395349,0.43));
#6686 = DIRECTION('',(1.,2.E-16,-4.E-16));
#6687 = DIRECTION('',(-2.E-16,1.,-7.771561172376E-16));
#6688 = ADVANCED_FACE('',(#6689),#6700,.T.);
#6689 = FACE_BOUND('',#6690,.T.);
#6690 = EDGE_LOOP('',(#6691,#6692,#6693,#6699));
#6691 = ORIENTED_EDGE('',*,*,#3525,.F.);
#6692 = ORIENTED_EDGE('',*,*,#6678,.T.);
#6693 = ORIENTED_EDGE('',*,*,#6694,.T.);
#6694 = EDGE_CURVE('',#6671,#6615,#6695,.T.);
#6695 = LINE('',#6696,#6697);
#6696 = CARTESIAN_POINT('',(2.47015816686,7.717674418605,0.23));
#6697 = VECTOR('',#6698,1.);
#6698 = DIRECTION('',(-1.,-2.E-16,4.E-16));
#6699 = ORIENTED_EDGE('',*,*,#6614,.F.);
#6700 = PLANE('',#6701);
#6701 = AXIS2_PLACEMENT_3D('',#6702,#6703,#6704);
#6702 = CARTESIAN_POINT('',(2.47015816686,7.717674418605,0.43));
#6703 = DIRECTION('',(-2.E-16,1.,-7.771561172376E-16));
#6704 = DIRECTION('',(-1.,-2.E-16,4.E-16));
#6705 = ADVANCED_FACE('',(#6706,#6716,#6870,#7247,#7624,#7908,#8204),
  #8270,.T.);
#6706 = FACE_BOUND('',#6707,.T.);
#6707 = EDGE_LOOP('',(#6708,#6709,#6710,#6711,#6712,#6713,#6714,#6715));
#6708 = ORIENTED_EDGE('',*,*,#3590,.T.);
#6709 = ORIENTED_EDGE('',*,*,#3614,.T.);
#6710 = ORIENTED_EDGE('',*,*,#3722,.T.);
#6711 = ORIENTED_EDGE('',*,*,#3647,.T.);
#6712 = ORIENTED_EDGE('',*,*,#3673,.T.);
#6713 = ORIENTED_EDGE('',*,*,#3697,.T.);
#6714 = ORIENTED_EDGE('',*,*,#3819,.T.);
#6715 = ORIENTED_EDGE('',*,*,#3564,.T.);
#6716 = FACE_BOUND('',#6717,.T.);
#6717 = EDGE_LOOP('',(#6718,#6731,#6744,#6757,#6770,#6783,#6796,#6809,
    #6822,#6835,#6848,#6861));
#6718 = ORIENTED_EDGE('',*,*,#6719,.F.);
#6719 = EDGE_CURVE('',#6720,#6722,#6724,.T.);
#6720 = VERTEX_POINT('',#6721);
#6721 = CARTESIAN_POINT('',(-3.326904169767,6.41886627907,5.));
#6722 = VERTEX_POINT('',#6723);
#6723 = CARTESIAN_POINT('',(-3.023579315116,6.339069767442,5.));
#6724 = B_SPLINE_CURVE_WITH_KNOTS('',5,(#6725,#6726,#6727,#6728,#6729,
    #6730),.UNSPECIFIED.,.F.,.F.,(6,6),(0.,1.),
  .PIECEWISE_BEZIER_KNOTS.);
#6725 = CARTESIAN_POINT('',(-3.326904169767,6.41886627907,5.));
#6726 = CARTESIAN_POINT('',(-3.268046026699,6.387128407448,5.));
#6727 = CARTESIAN_POINT('',(-3.208181513614,6.363129689667,5.));
#6728 = CARTESIAN_POINT('',(-3.147405390726,6.347078315345,5.));
#6729 = CARTESIAN_POINT('',(-3.085828437745,6.339069767442,5.));
#6730 = CARTESIAN_POINT('',(-3.023579315116,6.339069767442,5.));
#6731 = ORIENTED_EDGE('',*,*,#6732,.F.);
#6732 = EDGE_CURVE('',#6733,#6720,#6735,.T.);
#6733 = VERTEX_POINT('',#6734);
#6734 = CARTESIAN_POINT('',(-3.557463762791,6.647191133721,5.));
#6735 = B_SPLINE_CURVE_WITH_KNOTS('',4,(#6736,#6737,#6738,#6739,#6740,
    #6741,#6742,#6743),.UNSPECIFIED.,.F.,.F.,(5,3,5),(0.,0.534091649579,
    1.),.UNSPECIFIED.);
#6736 = CARTESIAN_POINT('',(-3.557463762791,6.647191133721,5.));
#6737 = CARTESIAN_POINT('',(-3.535483688863,6.607656017251,5.));
#6738 = CARTESIAN_POINT('',(-3.510346912704,6.571246175064,5.));
#6739 = CARTESIAN_POINT('',(-3.482043045477,6.538065735734,5.));
#6740 = CARTESIAN_POINT('',(-3.423210499294,6.482076134938,5.));
#6741 = CARTESIAN_POINT('',(-3.393426983772,6.458483525553,5.));
#6742 = CARTESIAN_POINT('',(-3.361303414357,6.437415263998,5.));
#6743 = CARTESIAN_POINT('',(-3.326904169767,6.41886627907,5.));
#6744 = ORIENTED_EDGE('',*,*,#6745,.F.);
#6745 = EDGE_CURVE('',#6746,#6733,#6748,.T.);
#6746 = VERTEX_POINT('',#6747);
#6747 = CARTESIAN_POINT('',(-3.64004007093,6.956947674419,5.));
#6748 = B_SPLINE_CURVE_WITH_KNOTS('',4,(#6749,#6750,#6751,#6752,#6753,
    #6754,#6755,#6756),.UNSPECIFIED.,.F.,.F.,(5,3,5),(0.,0.291641819307,
    1.),.UNSPECIFIED.);
#6749 = CARTESIAN_POINT('',(-3.64004007093,6.956947674419,5.));
#6750 = CARTESIAN_POINT('',(-3.64004007093,6.933425402809,5.));
#6751 = CARTESIAN_POINT('',(-3.638868307155,6.910066363282,5.));
#6752 = CARTESIAN_POINT('',(-3.636520962681,6.886879538115,5.));
#6753 = CARTESIAN_POINT('',(-3.624445609097,6.807994106711,5.));
#6754 = CARTESIAN_POINT('',(-3.608963710219,6.753179602745,5.));
#6755 = CARTESIAN_POINT('',(-3.586573519582,6.699550267224,5.));
#6756 = CARTESIAN_POINT('',(-3.557463762791,6.647191133721,5.));
#6757 = ORIENTED_EDGE('',*,*,#6758,.F.);
#6758 = EDGE_CURVE('',#6759,#6746,#6761,.T.);
#6759 = VERTEX_POINT('',#6760);
#6760 = CARTESIAN_POINT('',(-3.558662890698,7.263815406977,5.));
#6761 = B_SPLINE_CURVE_WITH_KNOTS('',4,(#6762,#6763,#6764,#6765,#6766,
    #6767,#6768,#6769),.UNSPECIFIED.,.F.,.F.,(5,3,5),(0.,0.712356217233,
    1.),.UNSPECIFIED.);
#6762 = CARTESIAN_POINT('',(-3.558662890698,7.263815406977,5.));
#6763 = CARTESIAN_POINT('',(-3.587513643862,7.21158259666,5.));
#6764 = CARTESIAN_POINT('',(-3.60966415308,7.158112362865,5.));
#6765 = CARTESIAN_POINT('',(-3.624929535746,7.103488570094,5.));
#6766 = CARTESIAN_POINT('',(-3.636666341216,7.025354349244,5.));
#6767 = CARTESIAN_POINT('',(-3.63891664095,7.002710607349,5.));
#6768 = CARTESIAN_POINT('',(-3.64004007093,6.979905627002,5.));
#6769 = CARTESIAN_POINT('',(-3.64004007093,6.956947674419,5.));
#6770 = ORIENTED_EDGE('',*,*,#6771,.F.);
#6771 = EDGE_CURVE('',#6772,#6759,#6774,.T.);
#6772 = VERTEX_POINT('',#6773);
#6773 = CARTESIAN_POINT('',(-3.330556059302,7.492521802326,5.));
#6774 = B_SPLINE_CURVE_WITH_KNOTS('',4,(#6775,#6776,#6777,#6778,#6779,
    #6780,#6781,#6782),.UNSPECIFIED.,.F.,.F.,(5,3,5),(0.,0.491981855868,
    1.),.UNSPECIFIED.);
#6775 = CARTESIAN_POINT('',(-3.330556059302,7.492521802326,5.));
#6776 = CARTESIAN_POINT('',(-3.366574334518,7.472539885069,5.));
#6777 = CARTESIAN_POINT('',(-3.400054988963,7.449864993567,5.));
#6778 = CARTESIAN_POINT('',(-3.430924237115,7.424491467904,5.));
#6779 = CARTESIAN_POINT('',(-3.488287255693,7.367504264219,5.));
#6780 = CARTESIAN_POINT('',(-3.514605784834,7.33571395774,5.));
#6781 = CARTESIAN_POINT('',(-3.538061962863,7.301123521594,5.));
#6782 = CARTESIAN_POINT('',(-3.558662890698,7.263815406977,5.));
#6783 = ORIENTED_EDGE('',*,*,#6784,.F.);
#6784 = EDGE_CURVE('',#6785,#6772,#6787,.T.);
#6785 = VERTEX_POINT('',#6786);
#6786 = CARTESIAN_POINT('',(-3.023579315116,7.573953488372,5.));
#6787 = B_SPLINE_CURVE_WITH_KNOTS('',4,(#6788,#6789,#6790,#6791,#6792,
    #6793,#6794,#6795),.UNSPECIFIED.,.F.,.F.,(5,3,5),(0.,0.315677965738,
    1.),.UNSPECIFIED.);
#6788 = CARTESIAN_POINT('',(-3.023579315116,7.573953488372,5.));
#6789 = CARTESIAN_POINT('',(-3.048877325931,7.573953488372,5.));
#6790 = CARTESIAN_POINT('',(-3.073971673383,7.572600501001,5.));
#6791 = CARTESIAN_POINT('',(-3.098851197366,7.569889473181,5.));
#6792 = CARTESIAN_POINT('',(-3.176951304256,7.557004737176,5.));
#6793 = CARTESIAN_POINT('',(-3.229339741528,7.541813006413,5.));
#6794 = CARTESIAN_POINT('',(-3.280565926056,7.520265212084,5.));
#6795 = CARTESIAN_POINT('',(-3.330556059302,7.492521802326,5.));
#6796 = ORIENTED_EDGE('',*,*,#6797,.F.);
#6797 = EDGE_CURVE('',#6798,#6785,#6800,.T.);
#6798 = VERTEX_POINT('',#6799);
#6799 = CARTESIAN_POINT('',(-2.716548065116,7.492521802326,5.));
#6800 = B_SPLINE_CURVE_WITH_KNOTS('',4,(#6801,#6802,#6803,#6804,#6805,
    #6806,#6807,#6808),.UNSPECIFIED.,.F.,.F.,(5,3,5),(0.,0.684325194318,
    1.),.UNSPECIFIED.);
#6801 = CARTESIAN_POINT('',(-2.716548065116,7.492521802326,5.));
#6802 = CARTESIAN_POINT('',(-2.766556308048,7.520264956778,5.));
#6803 = CARTESIAN_POINT('',(-2.817796717932,7.541812768976,5.));
#6804 = CARTESIAN_POINT('',(-2.870195458422,7.557004650901,5.));
#6805 = CARTESIAN_POINT('',(-2.948304593215,7.569889453481,5.));
#6806 = CARTESIAN_POINT('',(-2.973185888343,7.57260048765,5.));
#6807 = CARTESIAN_POINT('',(-2.998281179674,7.573953488372,5.));
#6808 = CARTESIAN_POINT('',(-3.023579315116,7.573953488372,5.));
#6809 = ORIENTED_EDGE('',*,*,#6810,.F.);
#6810 = EDGE_CURVE('',#6811,#6798,#6813,.T.);
#6811 = VERTEX_POINT('',#6812);
#6812 = CARTESIAN_POINT('',(-2.488059693023,7.263815406977,5.));
#6813 = B_SPLINE_CURVE_WITH_KNOTS('',4,(#6814,#6815,#6816,#6817,#6818,
    #6819,#6820,#6821),.UNSPECIFIED.,.F.,.F.,(5,3,5),(0.,0.513031406469,
    1.),.UNSPECIFIED.);
#6814 = CARTESIAN_POINT('',(-2.488059693023,7.263815406977,5.));
#6815 = CARTESIAN_POINT('',(-2.508974239553,7.301489476792,5.));
#6816 = CARTESIAN_POINT('',(-2.532779358092,7.336392535689,5.));
#6817 = CARTESIAN_POINT('',(-2.559482259267,7.3684399899,5.));
#6818 = CARTESIAN_POINT('',(-2.617100985521,7.425261903464,5.));
#6819 = CARTESIAN_POINT('',(-2.647734028841,7.450323307276,5.));
#6820 = CARTESIAN_POINT('',(-2.680906566377,7.472741564912,5.));
#6821 = CARTESIAN_POINT('',(-2.716548065116,7.492521802326,5.));
#6822 = ORIENTED_EDGE('',*,*,#6823,.F.);
#6823 = EDGE_CURVE('',#6824,#6811,#6826,.T.);
#6824 = VERTEX_POINT('',#6825);
#6825 = CARTESIAN_POINT('',(-2.406300972093,6.956947674419,5.));
#6826 = B_SPLINE_CURVE_WITH_KNOTS('',4,(#6827,#6828,#6829,#6830,#6831,
    #6832,#6833,#6834),.UNSPECIFIED.,.F.,.F.,(5,3,5),(0.,0.283640304866,
    1.),.UNSPECIFIED.);
#6827 = CARTESIAN_POINT('',(-2.406300972093,6.956947674419,5.));
#6828 = CARTESIAN_POINT('',(-2.406300972093,6.979586943571,5.));
#6829 = CARTESIAN_POINT('',(-2.407398551557,7.002077457756,5.));
#6830 = CARTESIAN_POINT('',(-2.409597024312,7.02441122179,5.));
#6831 = CARTESIAN_POINT('',(-2.42122541111,7.102572106075,5.));
#6832 = CARTESIAN_POINT('',(-2.436571156501,7.15751654689,5.));
#6833 = CARTESIAN_POINT('',(-2.458912934516,7.211292948146,5.));
#6834 = CARTESIAN_POINT('',(-2.488059693023,7.263815406977,5.));
#6835 = ORIENTED_EDGE('',*,*,#6836,.F.);
#6836 = EDGE_CURVE('',#6837,#6824,#6839,.T.);
#6837 = VERTEX_POINT('',#6838);
#6838 = CARTESIAN_POINT('',(-2.48925882093,6.647191133721,5.));
#6839 = B_SPLINE_CURVE_WITH_KNOTS('',4,(#6840,#6841,#6842,#6843,#6844,
    #6845,#6846,#6847),.UNSPECIFIED.,.F.,.F.,(5,3,5),(0.,0.709366697635,
    1.),.UNSPECIFIED.);
#6840 = CARTESIAN_POINT('',(-2.48925882093,6.647191133721,5.));
#6841 = CARTESIAN_POINT('',(-2.459975130484,6.699620868587,5.));
#6842 = CARTESIAN_POINT('',(-2.437458716075,6.753326988944,5.));
#6843 = CARTESIAN_POINT('',(-2.421902129264,6.808223508815,5.));
#6844 = CARTESIAN_POINT('',(-2.409812185371,6.887117529546,5.));
#6845 = CARTESIAN_POINT('',(-2.407470111444,6.910226149916,5.));
#6846 = CARTESIAN_POINT('',(-2.406300972093,6.933505853131,5.));
#6847 = CARTESIAN_POINT('',(-2.406300972093,6.956947674419,5.));
#6848 = ORIENTED_EDGE('',*,*,#6849,.F.);
#6849 = EDGE_CURVE('',#6850,#6837,#6852,.T.);
#6850 = VERTEX_POINT('',#6851);
#6851 = CARTESIAN_POINT('',(-2.720254460465,6.41886627907,5.));
#6852 = B_SPLINE_CURVE_WITH_KNOTS('',4,(#6853,#6854,#6855,#6856,#6857,
    #6858,#6859,#6860),.UNSPECIFIED.,.F.,.F.,(5,3,5),(0.,0.461897358695,
    1.),.UNSPECIFIED.);
#6853 = CARTESIAN_POINT('',(-2.720254460465,6.41886627907,5.));
#6854 = CARTESIAN_POINT('',(-2.686148553104,6.437257088785,5.));
#6855 = CARTESIAN_POINT('',(-2.654265454753,6.458123737021,5.));
#6856 = CARTESIAN_POINT('',(-2.624667145615,6.481470887141,5.));
#6857 = CARTESIAN_POINT('',(-2.565602973378,6.537322615253,5.));
#6858 = CARTESIAN_POINT('',(-2.53696441998,6.570702773638,5.));
#6859 = CARTESIAN_POINT('',(-2.511519850965,6.607360991341,5.));
#6860 = CARTESIAN_POINT('',(-2.48925882093,6.647191133721,5.));
#6861 = ORIENTED_EDGE('',*,*,#6862,.F.);
#6862 = EDGE_CURVE('',#6722,#6850,#6863,.T.);
#6863 = B_SPLINE_CURVE_WITH_KNOTS('',5,(#6864,#6865,#6866,#6867,#6868,
    #6869),.UNSPECIFIED.,.F.,.F.,(6,6),(0.,1.),
  .PIECEWISE_BEZIER_KNOTS.);
#6864 = CARTESIAN_POINT('',(-3.023579315116,6.339069767442,5.));
#6865 = CARTESIAN_POINT('',(-2.961330192488,6.339069767442,5.));
#6866 = CARTESIAN_POINT('',(-2.899753239506,6.347078315345,5.));
#6867 = CARTESIAN_POINT('',(-2.838977116618,6.363129689667,5.));
#6868 = CARTESIAN_POINT('',(-2.779112603534,6.387128407448,5.));
#6869 = CARTESIAN_POINT('',(-2.720254460465,6.41886627907,5.));
#6870 = FACE_BOUND('',#6871,.T.);
#6871 = EDGE_LOOP('',(#6872,#6882,#6895,#6906,#6917,#6930,#6943,#6954,
    #6965,#6978,#6991,#7004,#7017,#7027,#7037,#7047,#7057,#7067,#7075,
    #7088,#7098,#7109,#7122,#7135,#7145,#7156,#7167,#7180,#7190,#7203,
    #7213,#7223,#7234));
#6872 = ORIENTED_EDGE('',*,*,#6873,.F.);
#6873 = EDGE_CURVE('',#6874,#6876,#6878,.T.);
#6874 = VERTEX_POINT('',#6875);
#6875 = CARTESIAN_POINT('',(-1.299723937209,7.277441860465,5.));
#6876 = VERTEX_POINT('',#6877);
#6877 = CARTESIAN_POINT('',(-1.154193413953,7.300334302326,5.));
#6878 = LINE('',#6879,#6880);
#6879 = CARTESIAN_POINT('',(-0.615932884387,7.385004497988,5.));
#6880 = VECTOR('',#6881,1.);
#6881 = DIRECTION('',(0.987852796582,0.155392574743,-0.));
#6882 = ORIENTED_EDGE('',*,*,#6883,.F.);
#6883 = EDGE_CURVE('',#6884,#6874,#6886,.T.);
#6884 = VERTEX_POINT('',#6885);
#6885 = CARTESIAN_POINT('',(-1.367965216279,7.408855377907,5.));
#6886 = B_SPLINE_CURVE_WITH_KNOTS('',4,(#6887,#6888,#6889,#6890,#6891,
    #6892,#6893,#6894),.UNSPECIFIED.,.F.,.F.,(5,3,5),(0.,0.175784370086,
    1.),.UNSPECIFIED.);
#6887 = CARTESIAN_POINT('',(-1.367965216279,7.408855377907,5.));
#6888 = CARTESIAN_POINT('',(-1.363039896751,7.404836470639,5.));
#6889 = CARTESIAN_POINT('',(-1.358339493699,7.400610226336,5.));
#6890 = CARTESIAN_POINT('',(-1.353864501013,7.396176798372,5.));
#6891 = CARTESIAN_POINT('',(-1.329691247833,7.3697792243,5.));
#6892 = CARTESIAN_POINT('',(-1.314729547732,7.343474110542,5.));
#6893 = CARTESIAN_POINT('',(-1.304760965718,7.312656286439,5.));
#6894 = CARTESIAN_POINT('',(-1.299723937209,7.277441860465,5.));
#6895 = ORIENTED_EDGE('',*,*,#6896,.F.);
#6896 = EDGE_CURVE('',#6897,#6884,#6899,.T.);
#6897 = VERTEX_POINT('',#6898);
#6898 = CARTESIAN_POINT('',(-1.524560419767,7.454476744186,5.));
#6899 = B_SPLINE_CURVE_WITH_KNOTS('',5,(#6900,#6901,#6902,#6903,#6904,
    #6905),.UNSPECIFIED.,.F.,.F.,(6,6),(0.,1.),
  .PIECEWISE_BEZIER_KNOTS.);
#6900 = CARTESIAN_POINT('',(-1.524560419767,7.454476744186,5.));
#6901 = CARTESIAN_POINT('',(-1.484577625095,7.454476744186,5.));
#6902 = CARTESIAN_POINT('',(-1.448822959879,7.449969451116,5.));
#6903 = CARTESIAN_POINT('',(-1.417420567278,7.440877522538,5.));
#6904 = CARTESIAN_POINT('',(-1.390455399624,7.427166937693,5.));
#6905 = CARTESIAN_POINT('',(-1.367965216279,7.408855377907,5.));
#6906 = ORIENTED_EDGE('',*,*,#6907,.F.);
#6907 = EDGE_CURVE('',#6908,#6897,#6910,.T.);
#6908 = VERTEX_POINT('',#6909);
#6909 = CARTESIAN_POINT('',(-1.674996466279,7.413978924419,5.));
#6910 = B_SPLINE_CURVE_WITH_KNOTS('',5,(#6911,#6912,#6913,#6914,#6915,
    #6916),.UNSPECIFIED.,.F.,.F.,(6,6),(0.,1.),
  .PIECEWISE_BEZIER_KNOTS.);
#6911 = CARTESIAN_POINT('',(-1.674996466279,7.413978924419,5.));
#6912 = CARTESIAN_POINT('',(-1.655282606036,7.430253811264,5.));
#6913 = CARTESIAN_POINT('',(-1.6303049955,7.442426206014,5.));
#6914 = CARTESIAN_POINT('',(-1.600111858386,7.45048687098,5.));
#6915 = CARTESIAN_POINT('',(-1.56481169488,7.454476744186,5.));
#6916 = CARTESIAN_POINT('',(-1.524560419767,7.454476744186,5.));
#6917 = ORIENTED_EDGE('',*,*,#6918,.F.);
#6918 = EDGE_CURVE('',#6919,#6908,#6921,.T.);
#6919 = VERTEX_POINT('',#6920);
#6920 = CARTESIAN_POINT('',(-1.724051698837,7.318920784884,5.));
#6921 = B_SPLINE_CURVE_WITH_KNOTS('',4,(#6922,#6923,#6924,#6925,#6926,
    #6927,#6928,#6929),.UNSPECIFIED.,.F.,.F.,(5,3,5),(0.,0.29285473412,
    1.),.UNSPECIFIED.);
#6922 = CARTESIAN_POINT('',(-1.724051698837,7.318920784884,5.));
#6923 = CARTESIAN_POINT('',(-1.724051698837,7.32691149709,5.));
#6924 = CARTESIAN_POINT('',(-1.723350225554,7.334703486843,5.));
#6925 = CARTESIAN_POINT('',(-1.721946343037,7.342295312349,5.));
#6926 = CARTESIAN_POINT('',(-1.714755109248,7.367531606985,5.));
#6927 = CARTESIAN_POINT('',(-1.705576138809,7.384203901375,5.));
#6928 = CARTESIAN_POINT('',(-1.692307941033,7.399687340261,5.));
#6929 = CARTESIAN_POINT('',(-1.674996466279,7.413978924419,5.));
#6930 = ORIENTED_EDGE('',*,*,#6931,.F.);
#6931 = EDGE_CURVE('',#6932,#6919,#6934,.T.);
#6932 = VERTEX_POINT('',#6933);
#6933 = CARTESIAN_POINT('',(-1.680719576744,7.241958575581,5.));
#6934 = B_SPLINE_CURVE_WITH_KNOTS('',4,(#6935,#6936,#6937,#6938,#6939,
    #6940,#6941,#6942),.UNSPECIFIED.,.F.,.F.,(5,3,5),(0.,0.560044629425,
    1.),.UNSPECIFIED.);
#6935 = CARTESIAN_POINT('',(-1.680719576744,7.241958575581,5.));
#6936 = CARTESIAN_POINT('',(-1.692840976117,7.249810802848,5.));
#6937 = CARTESIAN_POINT('',(-1.702713457787,7.258756702573,5.));
#6938 = CARTESIAN_POINT('',(-1.710321530668,7.268797240462,5.));
#6939 = CARTESIAN_POINT('',(-1.719858394431,7.288670341473,5.));
#6940 = CARTESIAN_POINT('',(-1.722655172362,7.298085845995,5.));
#6941 = CARTESIAN_POINT('',(-1.724051698837,7.308170976383,5.));
#6942 = CARTESIAN_POINT('',(-1.724051698837,7.318920784884,5.));
#6943 = ORIENTED_EDGE('',*,*,#6944,.F.);
#6944 = EDGE_CURVE('',#6945,#6932,#6947,.T.);
#6945 = VERTEX_POINT('',#6946);
#6946 = CARTESIAN_POINT('',(-1.530283530233,7.193012354651,5.));
#6947 = B_SPLINE_CURVE_WITH_KNOTS('',5,(#6948,#6949,#6950,#6951,#6952,
    #6953),.UNSPECIFIED.,.F.,.F.,(6,6),(0.,1.),
  .PIECEWISE_BEZIER_KNOTS.);
#6948 = CARTESIAN_POINT('',(-1.530283530233,7.193012354651,5.));
#6949 = CARTESIAN_POINT('',(-1.577590045421,7.204683440485,5.));
#6950 = CARTESIAN_POINT('',(-1.616677350958,7.215472454482,5.));
#6951 = CARTESIAN_POINT('',(-1.647089740905,7.225314345823,5.));
#6952 = CARTESIAN_POINT('',(-1.668484407483,7.234154521674,5.));
#6953 = CARTESIAN_POINT('',(-1.680719576744,7.241958575581,5.));
#6954 = ORIENTED_EDGE('',*,*,#6955,.F.);
#6955 = EDGE_CURVE('',#6956,#6945,#6958,.T.);
#6956 = VERTEX_POINT('',#6957);
#6957 = CARTESIAN_POINT('',(-1.305828588372,7.122427325581,5.));
#6958 = B_SPLINE_CURVE_WITH_KNOTS('',5,(#6959,#6960,#6961,#6962,#6963,
    #6964),.UNSPECIFIED.,.F.,.F.,(6,6),(0.,1.),
  .PIECEWISE_BEZIER_KNOTS.);
#6959 = CARTESIAN_POINT('',(-1.305828588372,7.122427325581,5.));
#6960 = CARTESIAN_POINT('',(-1.331335760488,7.13455878549,5.));
#6961 = CARTESIAN_POINT('',(-1.36699085925,7.147760347424,5.));
#6962 = CARTESIAN_POINT('',(-1.412440725235,7.161962366586,5.));
#6963 = CARTESIAN_POINT('',(-1.467093086773,7.177076448203,5.));
#6964 = CARTESIAN_POINT('',(-1.530283530233,7.193012354651,5.));
#6965 = ORIENTED_EDGE('',*,*,#6966,.F.);
#6966 = EDGE_CURVE('',#6967,#6956,#6969,.T.);
#6967 = VERTEX_POINT('',#6968);
#6968 = CARTESIAN_POINT('',(-1.210988472093,7.040014534884,5.));
#6969 = B_SPLINE_CURVE_WITH_KNOTS('',4,(#6970,#6971,#6972,#6973,#6974,
    #6975,#6976,#6977),.UNSPECIFIED.,.F.,.F.,(5,3,5),(0.,0.154915341382,
    1.),.UNSPECIFIED.);
#6970 = CARTESIAN_POINT('',(-1.210988472093,7.040014534884,5.));
#6971 = CARTESIAN_POINT('',(-1.2134933095,7.044090703683,5.));
#6972 = CARTESIAN_POINT('',(-1.216119160027,7.048075836605,5.));
#6973 = CARTESIAN_POINT('',(-1.218865991785,7.051969823092,5.));
#6974 = CARTESIAN_POINT('',(-1.237377704502,7.076517128032,5.));
#6975 = CARTESIAN_POINT('',(-1.256619999124,7.094546741604,5.));
#6976 = CARTESIAN_POINT('',(-1.27944997437,7.109847463455,5.));
#6977 = CARTESIAN_POINT('',(-1.305828588372,7.122427325581,5.));
#6978 = ORIENTED_EDGE('',*,*,#6979,.F.);
#6979 = EDGE_CURVE('',#6980,#6967,#6982,.T.);
#6980 = VERTEX_POINT('',#6981);
#6981 = CARTESIAN_POINT('',(-1.178721030233,6.923699127907,5.));
#6982 = B_SPLINE_CURVE_WITH_KNOTS('',4,(#6983,#6984,#6985,#6986,#6987,
    #6988,#6989,#6990),.UNSPECIFIED.,.F.,.F.,(5,3,5),(0.,0.603037644647,
    1.),.UNSPECIFIED.);
#6983 = CARTESIAN_POINT('',(-1.178721030233,6.923699127907,5.));
#6984 = CARTESIAN_POINT('',(-1.178721030233,6.942882810769,5.));
#6985 = CARTESIAN_POINT('',(-1.1806743148,6.96141063689,5.));
#6986 = CARTESIAN_POINT('',(-1.184585767547,6.979275649236,5.));
#6987 = CARTESIAN_POINT('',(-1.194316494982,7.007793613073,5.));
#6988 = CARTESIAN_POINT('',(-1.199027038322,7.018824884744,5.));
#6989 = CARTESIAN_POINT('',(-1.204584926209,7.029565505621,5.));
#6990 = CARTESIAN_POINT('',(-1.210988472093,7.040014534884,5.));
#6991 = ORIENTED_EDGE('',*,*,#6992,.F.);
#6992 = EDGE_CURVE('',#6993,#6980,#6995,.T.);
#6993 = VERTEX_POINT('',#6994);
#6994 = CARTESIAN_POINT('',(-1.205265361628,6.816377180233,5.));
#6995 = B_SPLINE_CURVE_WITH_KNOTS('',4,(#6996,#6997,#6998,#6999,#7000,
    #7001,#7002,#7003),.UNSPECIFIED.,.F.,.F.,(5,3,5),(0.,0.359967874631,
    1.),.UNSPECIFIED.);
#6996 = CARTESIAN_POINT('',(-1.205265361628,6.816377180233,5.));
#6997 = CARTESIAN_POINT('',(-1.200488023053,6.825264795732,5.));
#6998 = CARTESIAN_POINT('',(-1.196283249534,6.83433838982,5.));
#6999 = CARTESIAN_POINT('',(-1.192651702714,6.843597484623,5.));
#7000 = CARTESIAN_POINT('',(-1.184156182538,6.86983307266,5.));
#7001 = CARTESIAN_POINT('',(-1.180531612228,6.887209150063,5.));
#7002 = CARTESIAN_POINT('',(-1.178721030233,6.905166157364,5.));
#7003 = CARTESIAN_POINT('',(-1.178721030233,6.923699127907,5.));
#7004 = ORIENTED_EDGE('',*,*,#7005,.F.);
#7005 = EDGE_CURVE('',#7006,#6993,#7008,.T.);
#7006 = VERTEX_POINT('',#7007);
#7007 = CARTESIAN_POINT('',(-1.277649082558,6.734345930233,5.));
#7008 = B_SPLINE_CURVE_WITH_KNOTS('',4,(#7009,#7010,#7011,#7012,#7013,
    #7014,#7015,#7016),.UNSPECIFIED.,.F.,.F.,(5,3,5),(0.,0.510002909098,
    1.),.UNSPECIFIED.);
#7009 = CARTESIAN_POINT('',(-1.277649082558,6.734345930233,5.));
#7010 = CARTESIAN_POINT('',(-1.265976547457,6.74266955943,5.));
#7011 = CARTESIAN_POINT('',(-1.25513275269,6.751720108154,5.));
#7012 = CARTESIAN_POINT('',(-1.245119825724,6.761497382878,5.));
#7013 = CARTESIAN_POINT('',(-1.227117901225,6.782091063374,5.));
#7014 = CARTESIAN_POINT('',(-1.219064918241,6.79285166295,5.));
#7015 = CARTESIAN_POINT('',(-1.211780751182,6.804280985692,5.));
#7016 = CARTESIAN_POINT('',(-1.205265361628,6.816377180233,5.));
#7017 = ORIENTED_EDGE('',*,*,#7018,.F.);
#7018 = EDGE_CURVE('',#7019,#7006,#7021,.T.);
#7019 = VERTEX_POINT('',#7020);
#7020 = CARTESIAN_POINT('',(-1.371235565116,6.691504360465,5.));
#7021 = B_SPLINE_CURVE_WITH_KNOTS('',4,(#7022,#7023,#7024,#7025,#7026),
  .UNSPECIFIED.,.F.,.F.,(5,5),(0.,1.),.PIECEWISE_BEZIER_KNOTS.);
#7022 = CARTESIAN_POINT('',(-1.371235565116,6.691504360465,5.));
#7023 = CARTESIAN_POINT('',(-1.341676709503,6.700260525605,5.));
#7024 = CARTESIAN_POINT('',(-1.316199225292,6.710316371982,5.));
#7025 = CARTESIAN_POINT('',(-1.294848592809,6.721678354429,5.));
#7026 = CARTESIAN_POINT('',(-1.277649082558,6.734345930233,5.));
#7027 = ORIENTED_EDGE('',*,*,#7028,.F.);
#7028 = EDGE_CURVE('',#7029,#7019,#7031,.T.);
#7029 = VERTEX_POINT('',#7030);
#7030 = CARTESIAN_POINT('',(-1.49839762907,6.673953488372,5.));
#7031 = B_SPLINE_CURVE_WITH_KNOTS('',4,(#7032,#7033,#7034,#7035,#7036),
  .UNSPECIFIED.,.F.,.F.,(5,5),(0.,1.),.PIECEWISE_BEZIER_KNOTS.);
#7032 = CARTESIAN_POINT('',(-1.49839762907,6.673953488372,5.));
#7033 = CARTESIAN_POINT('',(-1.464498002956,6.673953488372,5.));
#7034 = CARTESIAN_POINT('',(-1.431996314945,6.676873417216,5.));
#7035 = CARTESIAN_POINT('',(-1.400905790371,6.68272328277,5.));
#7036 = CARTESIAN_POINT('',(-1.371235565116,6.691504360465,5.));
#7037 = ORIENTED_EDGE('',*,*,#7038,.F.);
#7038 = EDGE_CURVE('',#7039,#7029,#7041,.T.);
#7039 = VERTEX_POINT('',#7040);
#7040 = CARTESIAN_POINT('',(-1.677830768605,6.703604651163,5.));
#7041 = B_SPLINE_CURVE_WITH_KNOTS('',4,(#7042,#7043,#7044,#7045,#7046),
  .UNSPECIFIED.,.F.,.F.,(5,5),(0.,1.),.PIECEWISE_BEZIER_KNOTS.);
#7042 = CARTESIAN_POINT('',(-1.677830768605,6.703604651163,5.));
#7043 = CARTESIAN_POINT('',(-1.639097164593,6.688734446094,5.));
#7044 = CARTESIAN_POINT('',(-1.596230594036,6.678856293811,5.));
#7045 = CARTESIAN_POINT('',(-1.549295161635,6.673953488372,5.));
#7046 = CARTESIAN_POINT('',(-1.49839762907,6.673953488372,5.));
#7047 = ORIENTED_EDGE('',*,*,#7048,.F.);
#7048 = EDGE_CURVE('',#7049,#7039,#7051,.T.);
#7049 = VERTEX_POINT('',#7050);
#7050 = CARTESIAN_POINT('',(-1.791911437209,6.78394622093,5.));
#7051 = B_SPLINE_CURVE_WITH_KNOTS('',4,(#7052,#7053,#7054,#7055,#7056),
  .UNSPECIFIED.,.F.,.F.,(5,5),(0.,1.),.PIECEWISE_BEZIER_KNOTS.);
#7052 = CARTESIAN_POINT('',(-1.791911437209,6.78394622093,5.));
#7053 = CARTESIAN_POINT('',(-1.773475317767,6.758545345255,5.));
#7054 = CARTESIAN_POINT('',(-1.748269898393,6.736680601235,5.));
#7055 = CARTESIAN_POINT('',(-1.716338760777,6.718377816002,5.));
#7056 = CARTESIAN_POINT('',(-1.677830768605,6.703604651163,5.));
#7057 = ORIENTED_EDGE('',*,*,#7058,.F.);
#7058 = EDGE_CURVE('',#7059,#7049,#7061,.T.);
#7059 = VERTEX_POINT('',#7060);
#7060 = CARTESIAN_POINT('',(-1.842601844186,6.919447674419,5.));
#7061 = B_SPLINE_CURVE_WITH_KNOTS('',4,(#7062,#7063,#7064,#7065,#7066),
  .UNSPECIFIED.,.F.,.F.,(5,5),(0.,1.),.PIECEWISE_BEZIER_KNOTS.);
#7062 = CARTESIAN_POINT('',(-1.842601844186,6.919447674419,5.));
#7063 = CARTESIAN_POINT('',(-1.835679712733,6.877181954136,5.));
#7064 = CARTESIAN_POINT('',(-1.824949151636,6.84043505296,5.));
#7065 = CARTESIAN_POINT('',(-1.810359782858,6.80933661072,5.));
#7066 = CARTESIAN_POINT('',(-1.791911437209,6.78394622093,5.));
#7067 = ORIENTED_EDGE('',*,*,#7068,.F.);
#7068 = EDGE_CURVE('',#7069,#7059,#7071,.T.);
#7069 = VERTEX_POINT('',#7070);
#7070 = CARTESIAN_POINT('',(-1.698706495349,6.939069767442,5.));
#7071 = LINE('',#7072,#7073);
#7072 = CARTESIAN_POINT('',(-0.934341017631,7.043301423494,5.));
#7073 = VECTOR('',#7074,1.);
#7074 = DIRECTION('',(-0.990830168044,-0.135113204733,0.));
#7075 = ORIENTED_EDGE('',*,*,#7076,.F.);
#7076 = EDGE_CURVE('',#7077,#7069,#7079,.T.);
#7077 = VERTEX_POINT('',#7078);
#7078 = CARTESIAN_POINT('',(-1.641856931395,6.834527616279,5.));
#7079 = B_SPLINE_CURVE_WITH_KNOTS('',4,(#7080,#7081,#7082,#7083,#7084,
    #7085,#7086,#7087),.UNSPECIFIED.,.F.,.F.,(5,3,5),(0.,0.2848719996,1.
    ),.UNSPECIFIED.);
#7080 = CARTESIAN_POINT('',(-1.641856931395,6.834527616279,5.));
#7081 = CARTESIAN_POINT('',(-1.648558293575,6.839877834752,5.));
#7082 = CARTESIAN_POINT('',(-1.654757554299,6.845627604933,5.));
#7083 = CARTESIAN_POINT('',(-1.660453361143,6.851776719044,5.));
#7084 = CARTESIAN_POINT('',(-1.678678121299,6.874761330788,5.));
#7085 = CARTESIAN_POINT('',(-1.688534498161,6.893709958019,5.));
#7086 = CARTESIAN_POINT('',(-1.695204320015,6.915157692526,5.));
#7087 = CARTESIAN_POINT('',(-1.698706495349,6.939069767442,5.));
#7088 = ORIENTED_EDGE('',*,*,#7089,.F.);
#7089 = EDGE_CURVE('',#7090,#7077,#7092,.T.);
#7090 = VERTEX_POINT('',#7091);
#7091 = CARTESIAN_POINT('',(-1.509026262791,6.796918604651,5.));
#7092 = B_SPLINE_CURVE_WITH_KNOTS('',4,(#7093,#7094,#7095,#7096,#7097),
  .UNSPECIFIED.,.F.,.F.,(5,5),(0.,1.),.PIECEWISE_BEZIER_KNOTS.);
#7093 = CARTESIAN_POINT('',(-1.509026262791,6.796918604651,5.));
#7094 = CARTESIAN_POINT('',(-1.551752074198,6.796918604651,5.));
#7095 = CARTESIAN_POINT('',(-1.588244671797,6.803128889295,5.));
#7096 = CARTESIAN_POINT('',(-1.618300881992,6.815671845875,5.));
#7097 = CARTESIAN_POINT('',(-1.641856931395,6.834527616279,5.));
#7098 = ORIENTED_EDGE('',*,*,#7099,.F.);
#7099 = EDGE_CURVE('',#7100,#7090,#7102,.T.);
#7100 = VERTEX_POINT('',#7101);
#7101 = CARTESIAN_POINT('',(-1.364313326744,6.830058139535,5.));
#7102 = B_SPLINE_CURVE_WITH_KNOTS('',5,(#7103,#7104,#7105,#7106,#7107,
    #7108),.UNSPECIFIED.,.F.,.F.,(6,6),(0.,1.),
  .PIECEWISE_BEZIER_KNOTS.);
#7103 = CARTESIAN_POINT('',(-1.364313326744,6.830058139535,5.));
#7104 = CARTESIAN_POINT('',(-1.381745271571,6.816726538963,5.));
#7105 = CARTESIAN_POINT('',(-1.405024275959,6.806765531784,5.));
#7106 = CARTESIAN_POINT('',(-1.434091195255,6.80017651397,5.));
#7107 = CARTESIAN_POINT('',(-1.468818294876,6.796918604651,5.));
#7108 = CARTESIAN_POINT('',(-1.509026262791,6.796918604651,5.));
#7109 = ORIENTED_EDGE('',*,*,#7110,.F.);
#7110 = EDGE_CURVE('',#7111,#7100,#7113,.T.);
#7111 = VERTEX_POINT('',#7112);
#7112 = CARTESIAN_POINT('',(-1.320981204651,6.907565406977,5.));
#7113 = B_SPLINE_CURVE_WITH_KNOTS('',4,(#7114,#7115,#7116,#7117,#7118,
    #7119,#7120,#7121),.UNSPECIFIED.,.F.,.F.,(5,3,5),(0.,0.249876498624,
    1.),.UNSPECIFIED.);
#7114 = CARTESIAN_POINT('',(-1.320981204651,6.907565406977,5.));
#7115 = CARTESIAN_POINT('',(-1.320981204651,6.90201355406,5.));
#7116 = CARTESIAN_POINT('',(-1.321432430211,6.896578833005,5.));
#7117 = CARTESIAN_POINT('',(-1.322335219721,6.891261792047,5.));
#7118 = CARTESIAN_POINT('',(-1.327754867301,6.870455799072,5.));
#7119 = CARTESIAN_POINT('',(-1.335888735381,6.855913136267,5.));
#7120 = CARTESIAN_POINT('',(-1.348087918229,6.8424465961,5.));
#7121 = CARTESIAN_POINT('',(-1.364313326744,6.830058139535,5.));
#7122 = ORIENTED_EDGE('',*,*,#7123,.F.);
#7123 = EDGE_CURVE('',#7124,#7111,#7126,.T.);
#7124 = VERTEX_POINT('',#7125);
#7125 = CARTESIAN_POINT('',(-1.338968123256,6.958473837209,5.));
#7126 = B_SPLINE_CURVE_WITH_KNOTS('',4,(#7127,#7128,#7129,#7130,#7131,
    #7132,#7133,#7134),.UNSPECIFIED.,.F.,.F.,(5,3,5),(0.,0.547005880367,
    1.),.UNSPECIFIED.);
#7127 = CARTESIAN_POINT('',(-1.338968123256,6.958473837209,5.));
#7128 = CARTESIAN_POINT('',(-1.334049400842,6.952288171143,5.));
#7129 = CARTESIAN_POINT('',(-1.330026699601,6.945819024499,5.));
#7130 = CARTESIAN_POINT('',(-1.326900939976,6.939066653396,5.));
#7131 = CARTESIAN_POINT('',(-1.322826655174,6.926205551603,5.));
#7132 = CARTESIAN_POINT('',(-1.321596265724,6.9201856521,5.));
#7133 = CARTESIAN_POINT('',(-1.320981204651,6.913972138993,5.));
#7134 = CARTESIAN_POINT('',(-1.320981204651,6.907565406977,5.));
#7135 = ORIENTED_EDGE('',*,*,#7136,.F.);
#7136 = EDGE_CURVE('',#7137,#7124,#7139,.T.);
#7137 = VERTEX_POINT('',#7138);
#7138 = CARTESIAN_POINT('',(-1.395381640698,6.99722747093,5.));
#7139 = B_SPLINE_CURVE_WITH_KNOTS('',4,(#7140,#7141,#7142,#7143,#7144),
  .UNSPECIFIED.,.F.,.F.,(5,5),(0.,1.),.PIECEWISE_BEZIER_KNOTS.);
#7140 = CARTESIAN_POINT('',(-1.395381640698,6.99722747093,5.));
#7141 = CARTESIAN_POINT('',(-1.376187428505,6.989577011886,5.));
#7142 = CARTESIAN_POINT('',(-1.360376267829,6.9805689905,5.));
#7143 = CARTESIAN_POINT('',(-1.347967647413,6.970200489899,5.));
#7144 = CARTESIAN_POINT('',(-1.338968123256,6.958473837209,5.));
#7145 = ORIENTED_EDGE('',*,*,#7146,.F.);
#7146 = EDGE_CURVE('',#7147,#7137,#7149,.T.);
#7147 = VERTEX_POINT('',#7148);
#7148 = CARTESIAN_POINT('',(-1.525378006977,7.034400436047,5.));
#7149 = B_SPLINE_CURVE_WITH_KNOTS('',5,(#7150,#7151,#7152,#7153,#7154,
    #7155),.UNSPECIFIED.,.F.,.F.,(6,6),(0.,1.),
  .PIECEWISE_BEZIER_KNOTS.);
#7150 = CARTESIAN_POINT('',(-1.525378006977,7.034400436047,5.));
#7151 = CARTESIAN_POINT('',(-1.482813035208,7.022920792145,5.));
#7152 = CARTESIAN_POINT('',(-1.448197943782,7.013379741581,5.));
#7153 = CARTESIAN_POINT('',(-1.421930650988,7.00587695003,5.));
#7154 = CARTESIAN_POINT('',(-1.40429321892,7.000484047663,5.));
#7155 = CARTESIAN_POINT('',(-1.395381640698,6.99722747093,5.));
#7156 = ORIENTED_EDGE('',*,*,#7157,.F.);
#7157 = EDGE_CURVE('',#7158,#7147,#7160,.T.);
#7158 = VERTEX_POINT('',#7159);
#7159 = CARTESIAN_POINT('',(-1.743237745349,7.102314680233,5.));
#7160 = B_SPLINE_CURVE_WITH_KNOTS('',5,(#7161,#7162,#7163,#7164,#7165,
    #7166),.UNSPECIFIED.,.F.,.F.,(6,6),(0.,1.),
  .PIECEWISE_BEZIER_KNOTS.);
#7161 = CARTESIAN_POINT('',(-1.743237745349,7.102314680233,5.));
#7162 = CARTESIAN_POINT('',(-1.718113660584,7.091550385965,5.));
#7163 = CARTESIAN_POINT('',(-1.683356629621,7.079293887534,5.));
#7164 = CARTESIAN_POINT('',(-1.639285304882,7.065616101113,5.));
#7165 = CARTESIAN_POINT('',(-1.586426711789,7.050616165318,5.));
#7166 = CARTESIAN_POINT('',(-1.525378006977,7.034400436047,5.));
#7167 = ORIENTED_EDGE('',*,*,#7168,.F.);
#7168 = EDGE_CURVE('',#7169,#7158,#7171,.T.);
#7169 = VERTEX_POINT('',#7170);
#7170 = CARTESIAN_POINT('',(-1.840149082558,7.179113372093,5.));
#7171 = B_SPLINE_CURVE_WITH_KNOTS('',4,(#7172,#7173,#7174,#7175,#7176,
    #7177,#7178,#7179),.UNSPECIFIED.,.F.,.F.,(5,3,5),(0.,0.214919014678,
    1.),.UNSPECIFIED.);
#7172 = CARTESIAN_POINT('',(-1.840149082558,7.179113372093,5.));
#7173 = CARTESIAN_POINT('',(-1.836370081339,7.173693874221,5.));
#7174 = CARTESIAN_POINT('',(-1.832385894943,7.168459109332,5.));
#7175 = CARTESIAN_POINT('',(-1.828196598622,7.163409353866,5.));
#7176 = CARTESIAN_POINT('',(-1.807750595644,7.140774986223,5.));
#7177 = CARTESIAN_POINT('',(-1.788964154684,7.125476435688,5.));
#7178 = CARTESIAN_POINT('',(-1.7674514726,7.112658408379,5.));
#7179 = CARTESIAN_POINT('',(-1.743237745349,7.102314680233,5.));
#7180 = ORIENTED_EDGE('',*,*,#7181,.F.);
#7181 = EDGE_CURVE('',#7182,#7169,#7184,.T.);
#7182 = VERTEX_POINT('',#7183);
#7183 = CARTESIAN_POINT('',(-1.875305332558,7.304313226744,5.));
#7184 = B_SPLINE_CURVE_WITH_KNOTS('',4,(#7185,#7186,#7187,#7188,#7189),
  .UNSPECIFIED.,.F.,.F.,(5,5),(0.,1.),.PIECEWISE_BEZIER_KNOTS.);
#7185 = CARTESIAN_POINT('',(-1.875305332558,7.304313226744,5.));
#7186 = CARTESIAN_POINT('',(-1.875305332558,7.267011045936,5.));
#7187 = CARTESIAN_POINT('',(-1.869473852201,7.23366168476,5.));
#7188 = CARTESIAN_POINT('',(-1.857748036453,7.204352181942,5.));
#7189 = CARTESIAN_POINT('',(-1.840149082558,7.179113372093,5.));
#7190 = ORIENTED_EDGE('',*,*,#7191,.F.);
#7191 = EDGE_CURVE('',#7192,#7182,#7194,.T.);
#7192 = VERTEX_POINT('',#7193);
#7193 = CARTESIAN_POINT('',(-1.832354751163,7.442103924419,5.));
#7194 = B_SPLINE_CURVE_WITH_KNOTS('',4,(#7195,#7196,#7197,#7198,#7199,
    #7200,#7201,#7202),.UNSPECIFIED.,.F.,.F.,(5,3,5),(0.,0.675096490437,
    1.),.UNSPECIFIED.);
#7195 = CARTESIAN_POINT('',(-1.832354751163,7.442103924419,5.));
#7196 = CARTESIAN_POINT('',(-1.846834054084,7.420311471037,5.));
#7197 = CARTESIAN_POINT('',(-1.858075708522,7.39785001236,5.));
#7198 = CARTESIAN_POINT('',(-1.866054842663,7.374728489635,5.));
#7199 = CARTESIAN_POINT('',(-1.873037303396,7.339521728431,5.));
#7200 = CARTESIAN_POINT('',(-1.874549622215,7.327933196507,5.));
#7201 = CARTESIAN_POINT('',(-1.875305332558,7.316196447845,5.));
#7202 = CARTESIAN_POINT('',(-1.875305332558,7.304313226744,5.));
#7203 = ORIENTED_EDGE('',*,*,#7204,.F.);
#7204 = EDGE_CURVE('',#7205,#7192,#7207,.T.);
#7205 = VERTEX_POINT('',#7206);
#7206 = CARTESIAN_POINT('',(-1.70851754186,7.542067587209,5.));
#7207 = B_SPLINE_CURVE_WITH_KNOTS('',4,(#7208,#7209,#7210,#7211,#7212),
  .UNSPECIFIED.,.F.,.F.,(5,5),(0.,1.),.PIECEWISE_BEZIER_KNOTS.);
#7208 = CARTESIAN_POINT('',(-1.70851754186,7.542067587209,5.));
#7209 = CARTESIAN_POINT('',(-1.748887542733,7.524424401643,5.));
#7210 = CARTESIAN_POINT('',(-1.783055006592,7.50188966027,5.));
#7211 = CARTESIAN_POINT('',(-1.810885304326,7.47443085517,5.));
#7212 = CARTESIAN_POINT('',(-1.832354751163,7.442103924419,5.));
#7213 = ORIENTED_EDGE('',*,*,#7214,.F.);
#7214 = EDGE_CURVE('',#7215,#7205,#7217,.T.);
#7215 = VERTEX_POINT('',#7216);
#7216 = CARTESIAN_POINT('',(-1.525378006977,7.577441860465,5.));
#7217 = B_SPLINE_CURVE_WITH_KNOTS('',4,(#7218,#7219,#7220,#7221,#7222),
  .UNSPECIFIED.,.F.,.F.,(5,5),(0.,1.),.PIECEWISE_BEZIER_KNOTS.);
#7218 = CARTESIAN_POINT('',(-1.525378006977,7.577441860465,5.));
#7219 = CARTESIAN_POINT('',(-1.576319463236,7.577441860465,5.));
#7220 = CARTESIAN_POINT('',(-1.623881278158,7.571582615348,5.));
#7221 = CARTESIAN_POINT('',(-1.66796572133,7.5597902347,5.));
#7222 = CARTESIAN_POINT('',(-1.70851754186,7.542067587209,5.));
#7223 = ORIENTED_EDGE('',*,*,#7224,.F.);
#7224 = EDGE_CURVE('',#7225,#7215,#7227,.T.);
#7225 = VERTEX_POINT('',#7226);
#7226 = CARTESIAN_POINT('',(-1.267401989535,7.507565406977,5.));
#7227 = B_SPLINE_CURVE_WITH_KNOTS('',5,(#7228,#7229,#7230,#7231,#7232,
    #7233),.UNSPECIFIED.,.F.,.F.,(6,6),(0.,1.),
  .PIECEWISE_BEZIER_KNOTS.);
#7228 = CARTESIAN_POINT('',(-1.267401989535,7.507565406977,5.));
#7229 = CARTESIAN_POINT('',(-1.303300710832,7.535834547458,5.));
#7230 = CARTESIAN_POINT('',(-1.347358282724,7.556895798265,5.));
#7231 = CARTESIAN_POINT('',(-1.399366928802,7.570701600885,5.));
#7232 = CARTESIAN_POINT('',(-1.458891094493,7.577441860465,5.));
#7233 = CARTESIAN_POINT('',(-1.525378006977,7.577441860465,5.));
#7234 = ORIENTED_EDGE('',*,*,#7235,.F.);
#7235 = EDGE_CURVE('',#6876,#7225,#7236,.T.);
#7236 = B_SPLINE_CURVE_WITH_KNOTS('',5,(#7237,#7238,#7239,#7240,#7241,
    #7242,#7243,#7244,#7245,#7246),.UNSPECIFIED.,.F.,.F.,(6,4,6),(0.,
    0.888420211304,1.),.UNSPECIFIED.);
#7237 = CARTESIAN_POINT('',(-1.154193413953,7.300334302326,5.));
#7238 = CARTESIAN_POINT('',(-1.162831563231,7.348707938281,5.));
#7239 = CARTESIAN_POINT('',(-1.176497366275,7.392156095647,5.));
#7240 = CARTESIAN_POINT('',(-1.195299708628,7.430452722518,5.));
#7241 = CARTESIAN_POINT('',(-1.219270100393,7.46344350257,5.));
#7242 = CARTESIAN_POINT('',(-1.251993459703,7.494535920282,5.));
#7243 = CARTESIAN_POINT('',(-1.255725209199,7.497920548098,5.));
#7244 = CARTESIAN_POINT('',(-1.259537316486,7.501220398675,5.));
#7245 = CARTESIAN_POINT('',(-1.263429633346,7.504435375856,5.));
#7246 = CARTESIAN_POINT('',(-1.267401989535,7.507565406977,5.));
#7247 = FACE_BOUND('',#7248,.T.);
#7248 = EDGE_LOOP('',(#7249,#7259,#7272,#7283,#7294,#7307,#7320,#7331,
    #7342,#7355,#7368,#7381,#7394,#7404,#7414,#7424,#7434,#7444,#7452,
    #7465,#7475,#7486,#7499,#7512,#7522,#7533,#7544,#7557,#7567,#7580,
    #7590,#7600,#7611));
#7249 = ORIENTED_EDGE('',*,*,#7250,.F.);
#7250 = EDGE_CURVE('',#7251,#7253,#7255,.T.);
#7251 = VERTEX_POINT('',#7252);
#7252 = CARTESIAN_POINT('',(-0.462514634884,7.277441860465,5.));
#7253 = VERTEX_POINT('',#7254);
#7254 = CARTESIAN_POINT('',(-0.316984111628,7.300334302326,5.));
#7255 = LINE('',#7256,#7257);
#7256 = CARTESIAN_POINT('',(-0.187220248546,7.320746595395,5.));
#7257 = VECTOR('',#7258,1.);
#7258 = DIRECTION('',(0.987852796582,0.155392574743,-0.));
#7259 = ORIENTED_EDGE('',*,*,#7260,.F.);
#7260 = EDGE_CURVE('',#7261,#7251,#7263,.T.);
#7261 = VERTEX_POINT('',#7262);
#7262 = CARTESIAN_POINT('',(-0.530755913953,7.408855377907,5.));
#7263 = B_SPLINE_CURVE_WITH_KNOTS('',4,(#7264,#7265,#7266,#7267,#7268,
    #7269,#7270,#7271),.UNSPECIFIED.,.F.,.F.,(5,3,5),(0.,0.175784370086,
    1.),.UNSPECIFIED.);
#7264 = CARTESIAN_POINT('',(-0.530755913953,7.408855377907,5.));
#7265 = CARTESIAN_POINT('',(-0.525830594426,7.404836470639,5.));
#7266 = CARTESIAN_POINT('',(-0.521130191373,7.400610226336,5.));
#7267 = CARTESIAN_POINT('',(-0.516655198688,7.396176798372,5.));
#7268 = CARTESIAN_POINT('',(-0.492481945508,7.3697792243,5.));
#7269 = CARTESIAN_POINT('',(-0.477520245406,7.343474110542,5.));
#7270 = CARTESIAN_POINT('',(-0.467551663392,7.312656286439,5.));
#7271 = CARTESIAN_POINT('',(-0.462514634884,7.277441860465,5.));
#7272 = ORIENTED_EDGE('',*,*,#7273,.F.);
#7273 = EDGE_CURVE('',#7274,#7261,#7276,.T.);
#7274 = VERTEX_POINT('',#7275);
#7275 = CARTESIAN_POINT('',(-0.687351117442,7.454476744186,5.));
#7276 = B_SPLINE_CURVE_WITH_KNOTS('',5,(#7277,#7278,#7279,#7280,#7281,
    #7282),.UNSPECIFIED.,.F.,.F.,(6,6),(0.,1.),
  .PIECEWISE_BEZIER_KNOTS.);
#7277 = CARTESIAN_POINT('',(-0.687351117442,7.454476744186,5.));
#7278 = CARTESIAN_POINT('',(-0.64736832277,7.454476744186,5.));
#7279 = CARTESIAN_POINT('',(-0.611613657553,7.449969451116,5.));
#7280 = CARTESIAN_POINT('',(-0.580211264952,7.440877522538,5.));
#7281 = CARTESIAN_POINT('',(-0.553246097298,7.427166937693,5.));
#7282 = CARTESIAN_POINT('',(-0.530755913953,7.408855377907,5.));
#7283 = ORIENTED_EDGE('',*,*,#7284,.F.);
#7284 = EDGE_CURVE('',#7285,#7274,#7287,.T.);
#7285 = VERTEX_POINT('',#7286);
#7286 = CARTESIAN_POINT('',(-0.837787163953,7.413978924419,5.));
#7287 = B_SPLINE_CURVE_WITH_KNOTS('',5,(#7288,#7289,#7290,#7291,#7292,
    #7293),.UNSPECIFIED.,.F.,.F.,(6,6),(0.,1.),
  .PIECEWISE_BEZIER_KNOTS.);
#7288 = CARTESIAN_POINT('',(-0.837787163953,7.413978924419,5.));
#7289 = CARTESIAN_POINT('',(-0.81807330371,7.430253811264,5.));
#7290 = CARTESIAN_POINT('',(-0.793095693175,7.442426206014,5.));
#7291 = CARTESIAN_POINT('',(-0.76290255606,7.45048687098,5.));
#7292 = CARTESIAN_POINT('',(-0.727602392554,7.454476744186,5.));
#7293 = CARTESIAN_POINT('',(-0.687351117442,7.454476744186,5.));
#7294 = ORIENTED_EDGE('',*,*,#7295,.F.);
#7295 = EDGE_CURVE('',#7296,#7285,#7298,.T.);
#7296 = VERTEX_POINT('',#7297);
#7297 = CARTESIAN_POINT('',(-0.886842396512,7.318920784884,5.));
#7298 = B_SPLINE_CURVE_WITH_KNOTS('',4,(#7299,#7300,#7301,#7302,#7303,
    #7304,#7305,#7306),.UNSPECIFIED.,.F.,.F.,(5,3,5),(0.,0.29285473412,
    1.),.UNSPECIFIED.);
#7299 = CARTESIAN_POINT('',(-0.886842396512,7.318920784884,5.));
#7300 = CARTESIAN_POINT('',(-0.886842396512,7.32691149709,5.));
#7301 = CARTESIAN_POINT('',(-0.886140923229,7.334703486843,5.));
#7302 = CARTESIAN_POINT('',(-0.884737040711,7.342295312349,5.));
#7303 = CARTESIAN_POINT('',(-0.877545806922,7.367531606985,5.));
#7304 = CARTESIAN_POINT('',(-0.868366836483,7.384203901375,5.));
#7305 = CARTESIAN_POINT('',(-0.855098638707,7.399687340261,5.));
#7306 = CARTESIAN_POINT('',(-0.837787163953,7.413978924419,5.));
#7307 = ORIENTED_EDGE('',*,*,#7308,.F.);
#7308 = EDGE_CURVE('',#7309,#7296,#7311,.T.);
#7309 = VERTEX_POINT('',#7310);
#7310 = CARTESIAN_POINT('',(-0.843510274419,7.241958575581,5.));
#7311 = B_SPLINE_CURVE_WITH_KNOTS('',4,(#7312,#7313,#7314,#7315,#7316,
    #7317,#7318,#7319),.UNSPECIFIED.,.F.,.F.,(5,3,5),(0.,0.560044629425,
    1.),.UNSPECIFIED.);
#7312 = CARTESIAN_POINT('',(-0.843510274419,7.241958575581,5.));
#7313 = CARTESIAN_POINT('',(-0.855631673792,7.249810802848,5.));
#7314 = CARTESIAN_POINT('',(-0.865504155461,7.258756702573,5.));
#7315 = CARTESIAN_POINT('',(-0.873112228343,7.268797240462,5.));
#7316 = CARTESIAN_POINT('',(-0.882649092105,7.288670341473,5.));
#7317 = CARTESIAN_POINT('',(-0.885445870036,7.298085845995,5.));
#7318 = CARTESIAN_POINT('',(-0.886842396512,7.308170976383,5.));
#7319 = CARTESIAN_POINT('',(-0.886842396512,7.318920784884,5.));
#7320 = ORIENTED_EDGE('',*,*,#7321,.F.);
#7321 = EDGE_CURVE('',#7322,#7309,#7324,.T.);
#7322 = VERTEX_POINT('',#7323);
#7323 = CARTESIAN_POINT('',(-0.693074227907,7.193012354651,5.));
#7324 = B_SPLINE_CURVE_WITH_KNOTS('',5,(#7325,#7326,#7327,#7328,#7329,
    #7330),.UNSPECIFIED.,.F.,.F.,(6,6),(0.,1.),
  .PIECEWISE_BEZIER_KNOTS.);
#7325 = CARTESIAN_POINT('',(-0.693074227907,7.193012354651,5.));
#7326 = CARTESIAN_POINT('',(-0.740380743096,7.204683440485,5.));
#7327 = CARTESIAN_POINT('',(-0.779468048632,7.215472454482,5.));
#7328 = CARTESIAN_POINT('',(-0.809880438579,7.225314345823,5.));
#7329 = CARTESIAN_POINT('',(-0.831275105158,7.234154521674,5.));
#7330 = CARTESIAN_POINT('',(-0.843510274419,7.241958575581,5.));
#7331 = ORIENTED_EDGE('',*,*,#7332,.F.);
#7332 = EDGE_CURVE('',#7333,#7322,#7335,.T.);
#7333 = VERTEX_POINT('',#7334);
#7334 = CARTESIAN_POINT('',(-0.468619286047,7.122427325581,5.));
#7335 = B_SPLINE_CURVE_WITH_KNOTS('',5,(#7336,#7337,#7338,#7339,#7340,
    #7341),.UNSPECIFIED.,.F.,.F.,(6,6),(0.,1.),
  .PIECEWISE_BEZIER_KNOTS.);
#7336 = CARTESIAN_POINT('',(-0.468619286047,7.122427325581,5.));
#7337 = CARTESIAN_POINT('',(-0.494126458162,7.13455878549,5.));
#7338 = CARTESIAN_POINT('',(-0.529781556924,7.147760347424,5.));
#7339 = CARTESIAN_POINT('',(-0.57523142291,7.161962366586,5.));
#7340 = CARTESIAN_POINT('',(-0.629883784448,7.177076448203,5.));
#7341 = CARTESIAN_POINT('',(-0.693074227907,7.193012354651,5.));
#7342 = ORIENTED_EDGE('',*,*,#7343,.F.);
#7343 = EDGE_CURVE('',#7344,#7333,#7346,.T.);
#7344 = VERTEX_POINT('',#7345);
#7345 = CARTESIAN_POINT('',(-0.373779169767,7.040014534884,5.));
#7346 = B_SPLINE_CURVE_WITH_KNOTS('',4,(#7347,#7348,#7349,#7350,#7351,
    #7352,#7353,#7354),.UNSPECIFIED.,.F.,.F.,(5,3,5),(0.,0.154915341382,
    1.),.UNSPECIFIED.);
#7347 = CARTESIAN_POINT('',(-0.373779169767,7.040014534884,5.));
#7348 = CARTESIAN_POINT('',(-0.376284007175,7.044090703683,5.));
#7349 = CARTESIAN_POINT('',(-0.378909857701,7.048075836605,5.));
#7350 = CARTESIAN_POINT('',(-0.381656689459,7.051969823092,5.));
#7351 = CARTESIAN_POINT('',(-0.400168402176,7.076517128032,5.));
#7352 = CARTESIAN_POINT('',(-0.419410696799,7.094546741604,5.));
#7353 = CARTESIAN_POINT('',(-0.442240672044,7.109847463455,5.));
#7354 = CARTESIAN_POINT('',(-0.468619286047,7.122427325581,5.));
#7355 = ORIENTED_EDGE('',*,*,#7356,.F.);
#7356 = EDGE_CURVE('',#7357,#7344,#7359,.T.);
#7357 = VERTEX_POINT('',#7358);
#7358 = CARTESIAN_POINT('',(-0.341511727907,6.923699127907,5.));
#7359 = B_SPLINE_CURVE_WITH_KNOTS('',4,(#7360,#7361,#7362,#7363,#7364,
    #7365,#7366,#7367),.UNSPECIFIED.,.F.,.F.,(5,3,5),(0.,0.603037644647,
    1.),.UNSPECIFIED.);
#7360 = CARTESIAN_POINT('',(-0.341511727907,6.923699127907,5.));
#7361 = CARTESIAN_POINT('',(-0.341511727907,6.942882810769,5.));
#7362 = CARTESIAN_POINT('',(-0.343465012475,6.96141063689,5.));
#7363 = CARTESIAN_POINT('',(-0.347376465221,6.979275649236,5.));
#7364 = CARTESIAN_POINT('',(-0.357107192656,7.007793613073,5.));
#7365 = CARTESIAN_POINT('',(-0.361817735997,7.018824884744,5.));
#7366 = CARTESIAN_POINT('',(-0.367375623884,7.029565505621,5.));
#7367 = CARTESIAN_POINT('',(-0.373779169767,7.040014534884,5.));
#7368 = ORIENTED_EDGE('',*,*,#7369,.F.);
#7369 = EDGE_CURVE('',#7370,#7357,#7372,.T.);
#7370 = VERTEX_POINT('',#7371);
#7371 = CARTESIAN_POINT('',(-0.368056059302,6.816377180233,5.));
#7372 = B_SPLINE_CURVE_WITH_KNOTS('',4,(#7373,#7374,#7375,#7376,#7377,
    #7378,#7379,#7380),.UNSPECIFIED.,.F.,.F.,(5,3,5),(0.,0.359967874631,
    1.),.UNSPECIFIED.);
#7373 = CARTESIAN_POINT('',(-0.368056059302,6.816377180233,5.));
#7374 = CARTESIAN_POINT('',(-0.363278720728,6.825264795732,5.));
#7375 = CARTESIAN_POINT('',(-0.359073947209,6.83433838982,5.));
#7376 = CARTESIAN_POINT('',(-0.355442400388,6.843597484623,5.));
#7377 = CARTESIAN_POINT('',(-0.346946880212,6.86983307266,5.));
#7378 = CARTESIAN_POINT('',(-0.343322309903,6.887209150063,5.));
#7379 = CARTESIAN_POINT('',(-0.341511727907,6.905166157364,5.));
#7380 = CARTESIAN_POINT('',(-0.341511727907,6.923699127907,5.));
#7381 = ORIENTED_EDGE('',*,*,#7382,.F.);
#7382 = EDGE_CURVE('',#7383,#7370,#7385,.T.);
#7383 = VERTEX_POINT('',#7384);
#7384 = CARTESIAN_POINT('',(-0.440439780233,6.734345930233,5.));
#7385 = B_SPLINE_CURVE_WITH_KNOTS('',4,(#7386,#7387,#7388,#7389,#7390,
    #7391,#7392,#7393),.UNSPECIFIED.,.F.,.F.,(5,3,5),(0.,0.510002909098,
    1.),.UNSPECIFIED.);
#7386 = CARTESIAN_POINT('',(-0.440439780233,6.734345930233,5.));
#7387 = CARTESIAN_POINT('',(-0.428767245131,6.74266955943,5.));
#7388 = CARTESIAN_POINT('',(-0.417923450365,6.751720108154,5.));
#7389 = CARTESIAN_POINT('',(-0.407910523399,6.761497382878,5.));
#7390 = CARTESIAN_POINT('',(-0.3899085989,6.782091063374,5.));
#7391 = CARTESIAN_POINT('',(-0.381855615915,6.79285166295,5.));
#7392 = CARTESIAN_POINT('',(-0.374571448856,6.804280985692,5.));
#7393 = CARTESIAN_POINT('',(-0.368056059302,6.816377180233,5.));
#7394 = ORIENTED_EDGE('',*,*,#7395,.F.);
#7395 = EDGE_CURVE('',#7396,#7383,#7398,.T.);
#7396 = VERTEX_POINT('',#7397);
#7397 = CARTESIAN_POINT('',(-0.534026262791,6.691504360465,5.));
#7398 = B_SPLINE_CURVE_WITH_KNOTS('',4,(#7399,#7400,#7401,#7402,#7403),
  .UNSPECIFIED.,.F.,.F.,(5,5),(0.,1.),.PIECEWISE_BEZIER_KNOTS.);
#7399 = CARTESIAN_POINT('',(-0.534026262791,6.691504360465,5.));
#7400 = CARTESIAN_POINT('',(-0.504467407178,6.700260525605,5.));
#7401 = CARTESIAN_POINT('',(-0.478989922967,6.710316371982,5.));
#7402 = CARTESIAN_POINT('',(-0.457639290483,6.721678354429,5.));
#7403 = CARTESIAN_POINT('',(-0.440439780233,6.734345930233,5.));
#7404 = ORIENTED_EDGE('',*,*,#7405,.F.);
#7405 = EDGE_CURVE('',#7406,#7396,#7408,.T.);
#7406 = VERTEX_POINT('',#7407);
#7407 = CARTESIAN_POINT('',(-0.661188326744,6.673953488372,5.));
#7408 = B_SPLINE_CURVE_WITH_KNOTS('',4,(#7409,#7410,#7411,#7412,#7413),
  .UNSPECIFIED.,.F.,.F.,(5,5),(0.,1.),.PIECEWISE_BEZIER_KNOTS.);
#7409 = CARTESIAN_POINT('',(-0.661188326744,6.673953488372,5.));
#7410 = CARTESIAN_POINT('',(-0.62728870063,6.673953488372,5.));
#7411 = CARTESIAN_POINT('',(-0.594787012619,6.676873417216,5.));
#7412 = CARTESIAN_POINT('',(-0.563696488046,6.68272328277,5.));
#7413 = CARTESIAN_POINT('',(-0.534026262791,6.691504360465,5.));
#7414 = ORIENTED_EDGE('',*,*,#7415,.F.);
#7415 = EDGE_CURVE('',#7416,#7406,#7418,.T.);
#7416 = VERTEX_POINT('',#7417);
#7417 = CARTESIAN_POINT('',(-0.840621466279,6.703604651163,5.));
#7418 = B_SPLINE_CURVE_WITH_KNOTS('',4,(#7419,#7420,#7421,#7422,#7423),
  .UNSPECIFIED.,.F.,.F.,(5,5),(0.,1.),.PIECEWISE_BEZIER_KNOTS.);
#7419 = CARTESIAN_POINT('',(-0.840621466279,6.703604651163,5.));
#7420 = CARTESIAN_POINT('',(-0.801887862267,6.688734446094,5.));
#7421 = CARTESIAN_POINT('',(-0.75902129171,6.678856293811,5.));
#7422 = CARTESIAN_POINT('',(-0.712085859309,6.673953488372,5.));
#7423 = CARTESIAN_POINT('',(-0.661188326744,6.673953488372,5.));
#7424 = ORIENTED_EDGE('',*,*,#7425,.F.);
#7425 = EDGE_CURVE('',#7426,#7416,#7428,.T.);
#7426 = VERTEX_POINT('',#7427);
#7427 = CARTESIAN_POINT('',(-0.954702134884,6.78394622093,5.));
#7428 = B_SPLINE_CURVE_WITH_KNOTS('',4,(#7429,#7430,#7431,#7432,#7433),
  .UNSPECIFIED.,.F.,.F.,(5,5),(0.,1.),.PIECEWISE_BEZIER_KNOTS.);
#7429 = CARTESIAN_POINT('',(-0.954702134884,6.78394622093,5.));
#7430 = CARTESIAN_POINT('',(-0.936266015442,6.758545345255,5.));
#7431 = CARTESIAN_POINT('',(-0.911060596068,6.736680601235,5.));
#7432 = CARTESIAN_POINT('',(-0.879129458451,6.718377816002,5.));
#7433 = CARTESIAN_POINT('',(-0.840621466279,6.703604651163,5.));
#7434 = ORIENTED_EDGE('',*,*,#7435,.F.);
#7435 = EDGE_CURVE('',#7436,#7426,#7438,.T.);
#7436 = VERTEX_POINT('',#7437);
#7437 = CARTESIAN_POINT('',(-1.00539254186,6.919447674419,5.));
#7438 = B_SPLINE_CURVE_WITH_KNOTS('',4,(#7439,#7440,#7441,#7442,#7443),
  .UNSPECIFIED.,.F.,.F.,(5,5),(0.,1.),.PIECEWISE_BEZIER_KNOTS.);
#7439 = CARTESIAN_POINT('',(-1.00539254186,6.919447674419,5.));
#7440 = CARTESIAN_POINT('',(-0.998470410408,6.877181954136,5.));
#7441 = CARTESIAN_POINT('',(-0.98773984931,6.84043505296,5.));
#7442 = CARTESIAN_POINT('',(-0.973150480533,6.80933661072,5.));
#7443 = CARTESIAN_POINT('',(-0.954702134884,6.78394622093,5.));
#7444 = ORIENTED_EDGE('',*,*,#7445,.F.);
#7445 = EDGE_CURVE('',#7446,#7436,#7448,.T.);
#7446 = VERTEX_POINT('',#7447);
#7447 = CARTESIAN_POINT('',(-0.861497193023,6.939069767442,5.));
#7448 = LINE('',#7449,#7450);
#7449 = CARTESIAN_POINT('',(-0.508094496569,6.987261044231,5.));
#7450 = VECTOR('',#7451,1.);
#7451 = DIRECTION('',(-0.990830168044,-0.135113204733,0.));
#7452 = ORIENTED_EDGE('',*,*,#7453,.F.);
#7453 = EDGE_CURVE('',#7454,#7446,#7456,.T.);
#7454 = VERTEX_POINT('',#7455);
#7455 = CARTESIAN_POINT('',(-0.80464762907,6.834527616279,5.));
#7456 = B_SPLINE_CURVE_WITH_KNOTS('',4,(#7457,#7458,#7459,#7460,#7461,
    #7462,#7463,#7464),.UNSPECIFIED.,.F.,.F.,(5,3,5),(0.,0.2848719996,1.
    ),.UNSPECIFIED.);
#7457 = CARTESIAN_POINT('',(-0.80464762907,6.834527616279,5.));
#7458 = CARTESIAN_POINT('',(-0.81134899125,6.839877834752,5.));
#7459 = CARTESIAN_POINT('',(-0.817548251973,6.845627604933,5.));
#7460 = CARTESIAN_POINT('',(-0.823244058817,6.851776719044,5.));
#7461 = CARTESIAN_POINT('',(-0.841468818973,6.874761330788,5.));
#7462 = CARTESIAN_POINT('',(-0.851325195835,6.893709958019,5.));
#7463 = CARTESIAN_POINT('',(-0.85799501769,6.915157692526,5.));
#7464 = CARTESIAN_POINT('',(-0.861497193023,6.939069767442,5.));
#7465 = ORIENTED_EDGE('',*,*,#7466,.F.);
#7466 = EDGE_CURVE('',#7467,#7454,#7469,.T.);
#7467 = VERTEX_POINT('',#7468);
#7468 = CARTESIAN_POINT('',(-0.671816960465,6.796918604651,5.));
#7469 = B_SPLINE_CURVE_WITH_KNOTS('',4,(#7470,#7471,#7472,#7473,#7474),
  .UNSPECIFIED.,.F.,.F.,(5,5),(0.,1.),.PIECEWISE_BEZIER_KNOTS.);
#7470 = CARTESIAN_POINT('',(-0.671816960465,6.796918604651,5.));
#7471 = CARTESIAN_POINT('',(-0.714542771873,6.796918604651,5.));
#7472 = CARTESIAN_POINT('',(-0.751035369471,6.803128889295,5.));
#7473 = CARTESIAN_POINT('',(-0.781091579666,6.815671845875,5.));
#7474 = CARTESIAN_POINT('',(-0.80464762907,6.834527616279,5.));
#7475 = ORIENTED_EDGE('',*,*,#7476,.F.);
#7476 = EDGE_CURVE('',#7477,#7467,#7479,.T.);
#7477 = VERTEX_POINT('',#7478);
#7478 = CARTESIAN_POINT('',(-0.527104024419,6.830058139535,5.));
#7479 = B_SPLINE_CURVE_WITH_KNOTS('',5,(#7480,#7481,#7482,#7483,#7484,
    #7485),.UNSPECIFIED.,.F.,.F.,(6,6),(0.,1.),
  .PIECEWISE_BEZIER_KNOTS.);
#7480 = CARTESIAN_POINT('',(-0.527104024419,6.830058139535,5.));
#7481 = CARTESIAN_POINT('',(-0.544535969246,6.816726538963,5.));
#7482 = CARTESIAN_POINT('',(-0.567814973633,6.806765531784,5.));
#7483 = CARTESIAN_POINT('',(-0.596881892929,6.80017651397,5.));
#7484 = CARTESIAN_POINT('',(-0.63160899255,6.796918604651,5.));
#7485 = CARTESIAN_POINT('',(-0.671816960465,6.796918604651,5.));
#7486 = ORIENTED_EDGE('',*,*,#7487,.F.);
#7487 = EDGE_CURVE('',#7488,#7477,#7490,.T.);
#7488 = VERTEX_POINT('',#7489);
#7489 = CARTESIAN_POINT('',(-0.483771902326,6.907565406977,5.));
#7490 = B_SPLINE_CURVE_WITH_KNOTS('',4,(#7491,#7492,#7493,#7494,#7495,
    #7496,#7497,#7498),.UNSPECIFIED.,.F.,.F.,(5,3,5),(0.,0.249876498624,
    1.),.UNSPECIFIED.);
#7491 = CARTESIAN_POINT('',(-0.483771902326,6.907565406977,5.));
#7492 = CARTESIAN_POINT('',(-0.483771902326,6.90201355406,5.));
#7493 = CARTESIAN_POINT('',(-0.484223127885,6.896578833005,5.));
#7494 = CARTESIAN_POINT('',(-0.485125917395,6.891261792047,5.));
#7495 = CARTESIAN_POINT('',(-0.490545564975,6.870455799072,5.));
#7496 = CARTESIAN_POINT('',(-0.498679433056,6.855913136267,5.));
#7497 = CARTESIAN_POINT('',(-0.510878615903,6.8424465961,5.));
#7498 = CARTESIAN_POINT('',(-0.527104024419,6.830058139535,5.));
#7499 = ORIENTED_EDGE('',*,*,#7500,.F.);
#7500 = EDGE_CURVE('',#7501,#7488,#7503,.T.);
#7501 = VERTEX_POINT('',#7502);
#7502 = CARTESIAN_POINT('',(-0.50175882093,6.958473837209,5.));
#7503 = B_SPLINE_CURVE_WITH_KNOTS('',4,(#7504,#7505,#7506,#7507,#7508,
    #7509,#7510,#7511),.UNSPECIFIED.,.F.,.F.,(5,3,5),(0.,0.547005880367,
    1.),.UNSPECIFIED.);
#7504 = CARTESIAN_POINT('',(-0.50175882093,6.958473837209,5.));
#7505 = CARTESIAN_POINT('',(-0.496840098516,6.952288171143,5.));
#7506 = CARTESIAN_POINT('',(-0.492817397275,6.945819024499,5.));
#7507 = CARTESIAN_POINT('',(-0.489691637651,6.939066653396,5.));
#7508 = CARTESIAN_POINT('',(-0.485617352848,6.926205551603,5.));
#7509 = CARTESIAN_POINT('',(-0.484386963398,6.9201856521,5.));
#7510 = CARTESIAN_POINT('',(-0.483771902326,6.913972138993,5.));
#7511 = CARTESIAN_POINT('',(-0.483771902326,6.907565406977,5.));
#7512 = ORIENTED_EDGE('',*,*,#7513,.F.);
#7513 = EDGE_CURVE('',#7514,#7501,#7516,.T.);
#7514 = VERTEX_POINT('',#7515);
#7515 = CARTESIAN_POINT('',(-0.558172338372,6.99722747093,5.));
#7516 = B_SPLINE_CURVE_WITH_KNOTS('',4,(#7517,#7518,#7519,#7520,#7521),
  .UNSPECIFIED.,.F.,.F.,(5,5),(0.,1.),.PIECEWISE_BEZIER_KNOTS.);
#7517 = CARTESIAN_POINT('',(-0.558172338372,6.99722747093,5.));
#7518 = CARTESIAN_POINT('',(-0.538978126179,6.989577011886,5.));
#7519 = CARTESIAN_POINT('',(-0.523166965503,6.9805689905,5.));
#7520 = CARTESIAN_POINT('',(-0.510758345087,6.970200489899,5.));
#7521 = CARTESIAN_POINT('',(-0.50175882093,6.958473837209,5.));
#7522 = ORIENTED_EDGE('',*,*,#7523,.F.);
#7523 = EDGE_CURVE('',#7524,#7514,#7526,.T.);
#7524 = VERTEX_POINT('',#7525);
#7525 = CARTESIAN_POINT('',(-0.688168704651,7.034400436047,5.));
#7526 = B_SPLINE_CURVE_WITH_KNOTS('',5,(#7527,#7528,#7529,#7530,#7531,
    #7532),.UNSPECIFIED.,.F.,.F.,(6,6),(0.,1.),
  .PIECEWISE_BEZIER_KNOTS.);
#7527 = CARTESIAN_POINT('',(-0.688168704651,7.034400436047,5.));
#7528 = CARTESIAN_POINT('',(-0.645603732882,7.022920792145,5.));
#7529 = CARTESIAN_POINT('',(-0.610988641456,7.013379741581,5.));
#7530 = CARTESIAN_POINT('',(-0.584721348663,7.00587695003,5.));
#7531 = CARTESIAN_POINT('',(-0.567083916595,7.000484047663,5.));
#7532 = CARTESIAN_POINT('',(-0.558172338372,6.99722747093,5.));
#7533 = ORIENTED_EDGE('',*,*,#7534,.F.);
#7534 = EDGE_CURVE('',#7535,#7524,#7537,.T.);
#7535 = VERTEX_POINT('',#7536);
#7536 = CARTESIAN_POINT('',(-0.906028443023,7.102314680233,5.));
#7537 = B_SPLINE_CURVE_WITH_KNOTS('',5,(#7538,#7539,#7540,#7541,#7542,
    #7543),.UNSPECIFIED.,.F.,.F.,(6,6),(0.,1.),
  .PIECEWISE_BEZIER_KNOTS.);
#7538 = CARTESIAN_POINT('',(-0.906028443023,7.102314680233,5.));
#7539 = CARTESIAN_POINT('',(-0.880904358259,7.091550385965,5.));
#7540 = CARTESIAN_POINT('',(-0.846147327295,7.079293887534,5.));
#7541 = CARTESIAN_POINT('',(-0.802076002557,7.065616101113,5.));
#7542 = CARTESIAN_POINT('',(-0.749217409463,7.050616165318,5.));
#7543 = CARTESIAN_POINT('',(-0.688168704651,7.034400436047,5.));
#7544 = ORIENTED_EDGE('',*,*,#7545,.F.);
#7545 = EDGE_CURVE('',#7546,#7535,#7548,.T.);
#7546 = VERTEX_POINT('',#7547);
#7547 = CARTESIAN_POINT('',(-1.002939780233,7.179113372093,5.));
#7548 = B_SPLINE_CURVE_WITH_KNOTS('',4,(#7549,#7550,#7551,#7552,#7553,
    #7554,#7555,#7556),.UNSPECIFIED.,.F.,.F.,(5,3,5),(0.,0.214919014678,
    1.),.UNSPECIFIED.);
#7549 = CARTESIAN_POINT('',(-1.002939780233,7.179113372093,5.));
#7550 = CARTESIAN_POINT('',(-0.999160779014,7.173693874221,5.));
#7551 = CARTESIAN_POINT('',(-0.995176592618,7.168459109332,5.));
#7552 = CARTESIAN_POINT('',(-0.990987296297,7.163409353866,5.));
#7553 = CARTESIAN_POINT('',(-0.970541293318,7.140774986223,5.));
#7554 = CARTESIAN_POINT('',(-0.951754852358,7.125476435688,5.));
#7555 = CARTESIAN_POINT('',(-0.930242170274,7.112658408379,5.));
#7556 = CARTESIAN_POINT('',(-0.906028443023,7.102314680233,5.));
#7557 = ORIENTED_EDGE('',*,*,#7558,.F.);
#7558 = EDGE_CURVE('',#7559,#7546,#7561,.T.);
#7559 = VERTEX_POINT('',#7560);
#7560 = CARTESIAN_POINT('',(-1.038096030233,7.304313226744,5.));
#7561 = B_SPLINE_CURVE_WITH_KNOTS('',4,(#7562,#7563,#7564,#7565,#7566),
  .UNSPECIFIED.,.F.,.F.,(5,5),(0.,1.),.PIECEWISE_BEZIER_KNOTS.);
#7562 = CARTESIAN_POINT('',(-1.038096030233,7.304313226744,5.));
#7563 = CARTESIAN_POINT('',(-1.038096030233,7.267011045936,5.));
#7564 = CARTESIAN_POINT('',(-1.032264549876,7.23366168476,5.));
#7565 = CARTESIAN_POINT('',(-1.020538734127,7.204352181942,5.));
#7566 = CARTESIAN_POINT('',(-1.002939780233,7.179113372093,5.));
#7567 = ORIENTED_EDGE('',*,*,#7568,.F.);
#7568 = EDGE_CURVE('',#7569,#7559,#7571,.T.);
#7569 = VERTEX_POINT('',#7570);
#7570 = CARTESIAN_POINT('',(-0.995145448837,7.442103924419,5.));
#7571 = B_SPLINE_CURVE_WITH_KNOTS('',4,(#7572,#7573,#7574,#7575,#7576,
    #7577,#7578,#7579),.UNSPECIFIED.,.F.,.F.,(5,3,5),(0.,0.675096490437,
    1.),.UNSPECIFIED.);
#7572 = CARTESIAN_POINT('',(-0.995145448837,7.442103924419,5.));
#7573 = CARTESIAN_POINT('',(-1.009624751758,7.420311471037,5.));
#7574 = CARTESIAN_POINT('',(-1.020866406196,7.39785001236,5.));
#7575 = CARTESIAN_POINT('',(-1.028845540337,7.374728489635,5.));
#7576 = CARTESIAN_POINT('',(-1.03582800107,7.339521728431,5.));
#7577 = CARTESIAN_POINT('',(-1.03734031989,7.327933196507,5.));
#7578 = CARTESIAN_POINT('',(-1.038096030233,7.316196447845,5.));
#7579 = CARTESIAN_POINT('',(-1.038096030233,7.304313226744,5.));
#7580 = ORIENTED_EDGE('',*,*,#7581,.F.);
#7581 = EDGE_CURVE('',#7582,#7569,#7584,.T.);
#7582 = VERTEX_POINT('',#7583);
#7583 = CARTESIAN_POINT('',(-0.871308239535,7.542067587209,5.));
#7584 = B_SPLINE_CURVE_WITH_KNOTS('',4,(#7585,#7586,#7587,#7588,#7589),
  .UNSPECIFIED.,.F.,.F.,(5,5),(0.,1.),.PIECEWISE_BEZIER_KNOTS.);
#7585 = CARTESIAN_POINT('',(-0.871308239535,7.542067587209,5.));
#7586 = CARTESIAN_POINT('',(-0.911678240407,7.524424401643,5.));
#7587 = CARTESIAN_POINT('',(-0.945845704266,7.50188966027,5.));
#7588 = CARTESIAN_POINT('',(-0.973676002001,7.47443085517,5.));
#7589 = CARTESIAN_POINT('',(-0.995145448837,7.442103924419,5.));
#7590 = ORIENTED_EDGE('',*,*,#7591,.F.);
#7591 = EDGE_CURVE('',#7592,#7582,#7594,.T.);
#7592 = VERTEX_POINT('',#7593);
#7593 = CARTESIAN_POINT('',(-0.688168704651,7.577441860465,5.));
#7594 = B_SPLINE_CURVE_WITH_KNOTS('',4,(#7595,#7596,#7597,#7598,#7599),
  .UNSPECIFIED.,.F.,.F.,(5,5),(0.,1.),.PIECEWISE_BEZIER_KNOTS.);
#7595 = CARTESIAN_POINT('',(-0.688168704651,7.577441860465,5.));
#7596 = CARTESIAN_POINT('',(-0.73911016091,7.577441860465,5.));
#7597 = CARTESIAN_POINT('',(-0.786671975833,7.571582615348,5.));
#7598 = CARTESIAN_POINT('',(-0.830756419005,7.5597902347,5.));
#7599 = CARTESIAN_POINT('',(-0.871308239535,7.542067587209,5.));
#7600 = ORIENTED_EDGE('',*,*,#7601,.F.);
#7601 = EDGE_CURVE('',#7602,#7592,#7604,.T.);
#7602 = VERTEX_POINT('',#7603);
#7603 = CARTESIAN_POINT('',(-0.430192687209,7.507565406977,5.));
#7604 = B_SPLINE_CURVE_WITH_KNOTS('',5,(#7605,#7606,#7607,#7608,#7609,
    #7610),.UNSPECIFIED.,.F.,.F.,(6,6),(0.,1.),
  .PIECEWISE_BEZIER_KNOTS.);
#7605 = CARTESIAN_POINT('',(-0.430192687209,7.507565406977,5.));
#7606 = CARTESIAN_POINT('',(-0.466091408507,7.535834547458,5.));
#7607 = CARTESIAN_POINT('',(-0.510148980399,7.556895798265,5.));
#7608 = CARTESIAN_POINT('',(-0.562157626477,7.570701600885,5.));
#7609 = CARTESIAN_POINT('',(-0.621681792168,7.577441860465,5.));
#7610 = CARTESIAN_POINT('',(-0.688168704651,7.577441860465,5.));
#7611 = ORIENTED_EDGE('',*,*,#7612,.F.);
#7612 = EDGE_CURVE('',#7253,#7602,#7613,.T.);
#7613 = B_SPLINE_CURVE_WITH_KNOTS('',5,(#7614,#7615,#7616,#7617,#7618,
    #7619,#7620,#7621,#7622,#7623),.UNSPECIFIED.,.F.,.F.,(6,4,6),(0.,
    0.888420211304,1.),.UNSPECIFIED.);
#7614 = CARTESIAN_POINT('',(-0.316984111628,7.300334302326,5.));
#7615 = CARTESIAN_POINT('',(-0.325622260906,7.348707938281,5.));
#7616 = CARTESIAN_POINT('',(-0.33928806395,7.392156095647,5.));
#7617 = CARTESIAN_POINT('',(-0.358090406303,7.430452722518,5.));
#7618 = CARTESIAN_POINT('',(-0.382060798067,7.46344350257,5.));
#7619 = CARTESIAN_POINT('',(-0.414784157378,7.494535920282,5.));
#7620 = CARTESIAN_POINT('',(-0.418515906874,7.497920548098,5.));
#7621 = CARTESIAN_POINT('',(-0.42232801416,7.501220398675,5.));
#7622 = CARTESIAN_POINT('',(-0.426220331021,7.504435375856,5.));
#7623 = CARTESIAN_POINT('',(-0.430192687209,7.507565406977,5.));
#7624 = FACE_BOUND('',#7625,.T.);
#7625 = EDGE_LOOP('',(#7626,#7638,#7648,#7659,#7672,#7685,#7698,#7708,
    #7718,#7729,#7739,#7750,#7761,#7772,#7783,#7791,#7801,#7811,#7821,
    #7831,#7841,#7851,#7862,#7870,#7882,#7892,#7900));
#7626 = ORIENTED_EDGE('',*,*,#7627,.F.);
#7627 = EDGE_CURVE('',#7628,#7630,#7632,.T.);
#7628 = VERTEX_POINT('',#7629);
#7629 = CARTESIAN_POINT('',(0.146369812791,7.548989825581,5.));
#7630 = VERTEX_POINT('',#7631);
#7631 = CARTESIAN_POINT('',(-1.104297790697E-02,7.451260901163,5.));
#7632 = B_SPLINE_CURVE_WITH_KNOTS('',4,(#7633,#7634,#7635,#7636,#7637),
  .UNSPECIFIED.,.F.,.F.,(5,5),(0.,1.),.PIECEWISE_BEZIER_KNOTS.);
#7633 = CARTESIAN_POINT('',(0.146369812791,7.548989825581,5.));
#7634 = CARTESIAN_POINT('',(0.108381997148,7.534675972857,5.));
#7635 = CARTESIAN_POINT('',(6.944839810755E-02,7.513548368171,5.));
#7636 = CARTESIAN_POINT('',(2.962047384048E-02,7.485689290309,5.));
#7637 = CARTESIAN_POINT('',(-1.104297790697E-02,7.451260901163,5.));
#7638 = ORIENTED_EDGE('',*,*,#7639,.F.);
#7639 = EDGE_CURVE('',#7640,#7628,#7642,.T.);
#7640 = VERTEX_POINT('',#7641);
#7641 = CARTESIAN_POINT('',(0.30863362093,7.577441860465,5.));
#7642 = B_SPLINE_CURVE_WITH_KNOTS('',4,(#7643,#7644,#7645,#7646,#7647),
  .UNSPECIFIED.,.F.,.F.,(5,5),(0.,1.),.PIECEWISE_BEZIER_KNOTS.);
#7643 = CARTESIAN_POINT('',(0.30863362093,7.577441860465,5.));
#7644 = CARTESIAN_POINT('',(0.265356088194,7.577441860465,5.));
#7645 = CARTESIAN_POINT('',(0.223864335257,7.572711815851,5.));
#7646 = CARTESIAN_POINT('',(0.184194450505,7.563225197526,5.));
#7647 = CARTESIAN_POINT('',(0.146369812791,7.548989825581,5.));
#7648 = ORIENTED_EDGE('',*,*,#7649,.F.);
#7649 = EDGE_CURVE('',#7650,#7640,#7652,.T.);
#7650 = VERTEX_POINT('',#7651);
#7651 = CARTESIAN_POINT('',(0.528564580233,7.507783430233,5.));
#7652 = B_SPLINE_CURVE_WITH_KNOTS('',5,(#7653,#7654,#7655,#7656,#7657,
    #7658),.UNSPECIFIED.,.F.,.F.,(6,6),(0.,1.),
  .PIECEWISE_BEZIER_KNOTS.);
#7653 = CARTESIAN_POINT('',(0.528564580233,7.507783430233,5.));
#7654 = CARTESIAN_POINT('',(0.497629137384,7.53582278907,5.));
#7655 = CARTESIAN_POINT('',(0.459993132949,7.556802799402,5.));
#7656 = CARTESIAN_POINT('',(0.415757994644,7.570641124955,5.));
#7657 = CARTESIAN_POINT('',(0.365182466345,7.577441860465,5.));
#7658 = CARTESIAN_POINT('',(0.30863362093,7.577441860465,5.));
#7659 = ORIENTED_EDGE('',*,*,#7660,.F.);
#7660 = EDGE_CURVE('',#7661,#7650,#7663,.T.);
#7661 = VERTEX_POINT('',#7662);
#7662 = CARTESIAN_POINT('',(0.605417777907,7.329658430233,5.));
#7663 = B_SPLINE_CURVE_WITH_KNOTS('',4,(#7664,#7665,#7666,#7667,#7668,
    #7669,#7670,#7671),.UNSPECIFIED.,.F.,.F.,(5,3,5),(0.,0.568153387779,
    1.),.UNSPECIFIED.);
#7664 = CARTESIAN_POINT('',(0.605417777907,7.329658430233,5.));
#7665 = CARTESIAN_POINT('',(0.605417777907,7.360353936641,5.));
#7666 = CARTESIAN_POINT('',(0.601310507429,7.389074259431,5.));
#7667 = CARTESIAN_POINT('',(0.593039293561,7.415745535347,5.));
#7668 = CARTESIAN_POINT('',(0.571185685068,7.459015068934,5.));
#7669 = CARTESIAN_POINT('',(0.559353573364,7.476494928625,5.));
#7670 = CARTESIAN_POINT('',(0.545135375898,7.492752190761,5.));
#7671 = CARTESIAN_POINT('',(0.528564580233,7.507783430233,5.));
#7672 = ORIENTED_EDGE('',*,*,#7673,.F.);
#7673 = EDGE_CURVE('',#7674,#7661,#7676,.T.);
#7674 = VERTEX_POINT('',#7675);
#7675 = CARTESIAN_POINT('',(0.576420684884,7.213561046512,5.));
#7676 = B_SPLINE_CURVE_WITH_KNOTS('',4,(#7677,#7678,#7679,#7680,#7681,
    #7682,#7683,#7684),.UNSPECIFIED.,.F.,.F.,(5,3,5),(0.,0.26994369591,
    1.),.UNSPECIFIED.);
#7677 = CARTESIAN_POINT('',(0.576420684884,7.213561046512,5.));
#7678 = CARTESIAN_POINT('',(0.580334926216,7.220653769528,5.));
#7679 = CARTESIAN_POINT('',(0.583897283165,7.227880901381,5.));
#7680 = CARTESIAN_POINT('',(0.587107427874,7.235242171505,5.));
#7681 = CARTESIAN_POINT('',(0.597694076883,7.263007454957,5.));
#7682 = CARTESIAN_POINT('',(0.602845802535,7.284256269421,5.));
#7683 = CARTESIAN_POINT('',(0.605417777907,7.30647682738,5.));
#7684 = CARTESIAN_POINT('',(0.605417777907,7.329658430233,5.));
#7685 = ORIENTED_EDGE('',*,*,#7686,.F.);
#7686 = EDGE_CURVE('',#7687,#7674,#7689,.T.);
#7687 = VERTEX_POINT('',#7688);
#7688 = CARTESIAN_POINT('',(0.500385074419,7.129186046512,5.));
#7689 = B_SPLINE_CURVE_WITH_KNOTS('',4,(#7690,#7691,#7692,#7693,#7694,
    #7695,#7696,#7697),.UNSPECIFIED.,.F.,.F.,(5,3,5),(0.,0.239952766071,
    1.),.UNSPECIFIED.);
#7690 = CARTESIAN_POINT('',(0.500385074419,7.129186046512,5.));
#7691 = CARTESIAN_POINT('',(0.50602283385,7.132999055501,5.));
#7692 = CARTESIAN_POINT('',(0.51148878399,7.137012143301,5.));
#7693 = CARTESIAN_POINT('',(0.516782719254,7.14122525223,5.));
#7694 = CARTESIAN_POINT('',(0.538127644144,7.159616386687,5.));
#7695 = CARTESIAN_POINT('',(0.552623504725,7.175600059319,5.));
#7696 = CARTESIAN_POINT('',(0.565387413492,7.193585236206,5.));
#7697 = CARTESIAN_POINT('',(0.576420684884,7.213561046512,5.));
#7698 = ORIENTED_EDGE('',*,*,#7699,.F.);
#7699 = EDGE_CURVE('',#7700,#7687,#7702,.T.);
#7700 = VERTEX_POINT('',#7701);
#7701 = CARTESIAN_POINT('',(0.394480277907,7.081111918605,5.));
#7702 = B_SPLINE_CURVE_WITH_KNOTS('',4,(#7703,#7704,#7705,#7706,#7707),
  .UNSPECIFIED.,.F.,.F.,(5,5),(0.,1.),.PIECEWISE_BEZIER_KNOTS.);
#7703 = CARTESIAN_POINT('',(0.394480277907,7.081111918605,5.));
#7704 = CARTESIAN_POINT('',(0.423894995986,7.089255437777,5.));
#7705 = CARTESIAN_POINT('',(0.451358038689,7.099980415818,5.));
#7706 = CARTESIAN_POINT('',(0.476856950207,7.113291612658,5.));
#7707 = CARTESIAN_POINT('',(0.500385074419,7.129186046512,5.));
#7708 = ORIENTED_EDGE('',*,*,#7709,.F.);
#7709 = EDGE_CURVE('',#7710,#7700,#7712,.T.);
#7710 = VERTEX_POINT('',#7711);
#7711 = CARTESIAN_POINT('',(0.263666324419,7.059091569767,5.));
#7712 = B_SPLINE_CURVE_WITH_KNOTS('',4,(#7713,#7714,#7715,#7716,#7717),
  .UNSPECIFIED.,.F.,.F.,(5,5),(0.,1.),.PIECEWISE_BEZIER_KNOTS.);
#7713 = CARTESIAN_POINT('',(0.263666324419,7.059091569767,5.));
#7714 = CARTESIAN_POINT('',(0.307134361553,7.064345650268,5.));
#7715 = CARTESIAN_POINT('',(0.343551385963,7.069769295615,5.));
#7716 = CARTESIAN_POINT('',(0.372704868119,7.075359923566,5.));
#7717 = CARTESIAN_POINT('',(0.394480277907,7.081111918605,5.));
#7718 = ORIENTED_EDGE('',*,*,#7719,.F.);
#7719 = EDGE_CURVE('',#7720,#7710,#7722,.T.);
#7720 = VERTEX_POINT('',#7721);
#7721 = CARTESIAN_POINT('',(1.220830232567E-03,7.008837209302,5.));
#7722 = B_SPLINE_CURVE_WITH_KNOTS('',5,(#7723,#7724,#7725,#7726,#7727,
    #7728),.UNSPECIFIED.,.F.,.F.,(6,6),(0.,1.),
  .PIECEWISE_BEZIER_KNOTS.);
#7723 = CARTESIAN_POINT('',(1.220830232567E-03,7.008837209302,5.));
#7724 = CARTESIAN_POINT('',(3.559082988518E-02,7.020738794943,5.));
#7725 = CARTESIAN_POINT('',(7.948919514701E-02,7.031710285874,5.));
#7726 = CARTESIAN_POINT('',(0.132523432984,7.041744492923,5.));
#7727 = CARTESIAN_POINT('',(0.194120775459,7.050860949753,5.));
#7728 = CARTESIAN_POINT('',(0.263666324419,7.059091569767,5.));
#7729 = ORIENTED_EDGE('',*,*,#7730,.F.);
#7730 = EDGE_CURVE('',#7731,#7720,#7733,.T.);
#7731 = VERTEX_POINT('',#7732);
#7732 = CARTESIAN_POINT('',(4.032430232641E-04,6.970955668605,5.));
#7733 = B_SPLINE_CURVE_WITH_KNOTS('',4,(#7734,#7735,#7736,#7737,#7738),
  .UNSPECIFIED.,.F.,.F.,(5,5),(0.,1.),.PIECEWISE_BEZIER_KNOTS.);
#7734 = CARTESIAN_POINT('',(4.032430232641E-04,6.970955668605,5.));
#7735 = CARTESIAN_POINT('',(4.032430232641E-04,6.974991785426,5.));
#7736 = CARTESIAN_POINT('',(5.396894021559E-04,6.982656432227,5.));
#7737 = CARTESIAN_POINT('',(8.124370544782E-04,6.993944471408,5.));
#7738 = CARTESIAN_POINT('',(1.220830232567E-03,7.008837209302,5.));
#7739 = ORIENTED_EDGE('',*,*,#7740,.F.);
#7740 = EDGE_CURVE('',#7741,#7731,#7743,.T.);
#7741 = VERTEX_POINT('',#7742);
#7742 = CARTESIAN_POINT('',(4.210019069768E-02,6.846082848837,5.));
#7743 = B_SPLINE_CURVE_WITH_KNOTS('',5,(#7744,#7745,#7746,#7747,#7748,
    #7749),.UNSPECIFIED.,.F.,.F.,(6,6),(0.,1.),
  .PIECEWISE_BEZIER_KNOTS.);
#7744 = CARTESIAN_POINT('',(4.210019069768E-02,6.846082848837,5.));
#7745 = CARTESIAN_POINT('',(2.536709655919E-02,6.860628610409,5.));
#7746 = CARTESIAN_POINT('',(1.283335531563E-02,6.880444405324,5.));
#7747 = CARTESIAN_POINT('',(4.521967687817E-03,6.90550506365,5.));
#7748 = CARTESIAN_POINT('',(4.032430232639E-04,6.935722404202,5.));
#7749 = CARTESIAN_POINT('',(4.032430232641E-04,6.970955668605,5.));
#7750 = ORIENTED_EDGE('',*,*,#7751,.F.);
#7751 = EDGE_CURVE('',#7752,#7741,#7754,.T.);
#7752 = VERTEX_POINT('',#7753);
#7753 = CARTESIAN_POINT('',(0.209705568605,6.796918604651,5.));
#7754 = B_SPLINE_CURVE_WITH_KNOTS('',5,(#7755,#7756,#7757,#7758,#7759,
    #7760),.UNSPECIFIED.,.F.,.F.,(6,6),(0.,1.),
  .PIECEWISE_BEZIER_KNOTS.);
#7755 = CARTESIAN_POINT('',(0.209705568605,6.796918604651,5.));
#7756 = CARTESIAN_POINT('',(0.16559402996,6.796918604651,5.));
#7757 = CARTESIAN_POINT('',(0.126616047889,6.801754616205,5.));
#7758 = CARTESIAN_POINT('',(9.296504684734E-02,6.81153835679,5.));
#7759 = CARTESIAN_POINT('',(6.477451996591E-02,6.826322225649,5.));
#7760 = CARTESIAN_POINT('',(4.210019069768E-02,6.846082848837,5.));
#7761 = ORIENTED_EDGE('',*,*,#7762,.F.);
#7762 = EDGE_CURVE('',#7763,#7752,#7765,.T.);
#7763 = VERTEX_POINT('',#7764);
#7764 = CARTESIAN_POINT('',(0.363030423256,6.833601017442,5.));
#7765 = B_SPLINE_CURVE_WITH_KNOTS('',5,(#7766,#7767,#7768,#7769,#7770,
    #7771),.UNSPECIFIED.,.F.,.F.,(6,6),(0.,1.),
  .PIECEWISE_BEZIER_KNOTS.);
#7766 = CARTESIAN_POINT('',(0.363030423256,6.833601017442,5.));
#7767 = CARTESIAN_POINT('',(0.343126105959,6.818848147903,5.));
#7768 = CARTESIAN_POINT('',(0.317754516511,6.807823074128,5.));
#7769 = CARTESIAN_POINT('',(0.286973478332,6.800527553909,5.));
#7770 = CARTESIAN_POINT('',(0.250901973676,6.796918604651,5.));
#7771 = CARTESIAN_POINT('',(0.209705568605,6.796918604651,5.));
#7772 = ORIENTED_EDGE('',*,*,#7773,.F.);
#7773 = EDGE_CURVE('',#7774,#7763,#7776,.T.);
#7774 = VERTEX_POINT('',#7775);
#7775 = CARTESIAN_POINT('',(0.436177225581,6.963488372093,5.));
#7776 = B_SPLINE_CURVE_WITH_KNOTS('',5,(#7777,#7778,#7779,#7780,#7781,
    #7782),.UNSPECIFIED.,.F.,.F.,(6,6),(0.,1.),
  .PIECEWISE_BEZIER_KNOTS.);
#7777 = CARTESIAN_POINT('',(0.436177225581,6.963488372093,5.));
#7778 = CARTESIAN_POINT('',(0.426755172419,6.926449956212,5.));
#7779 = CARTESIAN_POINT('',(0.414751816877,6.894824548721,5.));
#7780 = CARTESIAN_POINT('',(0.400132492145,6.868754267869,5.));
#7781 = CARTESIAN_POINT('',(0.382886146114,6.848334095153,5.));
#7782 = CARTESIAN_POINT('',(0.363030423256,6.833601017442,5.));
#7783 = ORIENTED_EDGE('',*,*,#7784,.F.);
#7784 = EDGE_CURVE('',#7785,#7774,#7787,.T.);
#7785 = VERTEX_POINT('',#7786);
#7786 = CARTESIAN_POINT('',(0.580072574419,6.94386627907,5.));
#7787 = LINE('',#7788,#7789);
#7788 = CARTESIAN_POINT('',(0.221239118551,6.992798113961,5.));
#7789 = VECTOR('',#7790,1.);
#7790 = DIRECTION('',(-0.990830168044,0.135113204733,0.));
#7791 = ORIENTED_EDGE('',*,*,#7792,.F.);
#7792 = EDGE_CURVE('',#7793,#7785,#7795,.T.);
#7793 = VERTEX_POINT('',#7794);
#7794 = CARTESIAN_POINT('',(0.515483184884,6.793266715116,5.));
#7795 = B_SPLINE_CURVE_WITH_KNOTS('',4,(#7796,#7797,#7798,#7799,#7800),
  .UNSPECIFIED.,.F.,.F.,(5,5),(0.,1.),.PIECEWISE_BEZIER_KNOTS.);
#7796 = CARTESIAN_POINT('',(0.515483184884,6.793266715116,5.));
#7797 = CARTESIAN_POINT('',(0.538035538179,6.822024382591,5.));
#7798 = CARTESIAN_POINT('',(0.556310582925,6.856770875587,5.));
#7799 = CARTESIAN_POINT('',(0.57030345758,6.897435837649,5.));
#7800 = CARTESIAN_POINT('',(0.580072574419,6.94386627907,5.));
#7801 = ORIENTED_EDGE('',*,*,#7802,.F.);
#7802 = EDGE_CURVE('',#7803,#7793,#7805,.T.);
#7803 = VERTEX_POINT('',#7804);
#7804 = CARTESIAN_POINT('',(0.385486818605,6.704912790698,5.));
#7805 = B_SPLINE_CURVE_WITH_KNOTS('',4,(#7806,#7807,#7808,#7809,#7810),
  .UNSPECIFIED.,.F.,.F.,(5,5),(0.,1.),.PIECEWISE_BEZIER_KNOTS.);
#7806 = CARTESIAN_POINT('',(0.385486818605,6.704912790698,5.));
#7807 = CARTESIAN_POINT('',(0.427851146669,6.720337751173,5.));
#7808 = CARTESIAN_POINT('',(0.463727054537,6.740188807325,5.));
#7809 = CARTESIAN_POINT('',(0.492953302011,6.764510391886,5.));
#7810 = CARTESIAN_POINT('',(0.515483184884,6.793266715116,5.));
#7811 = ORIENTED_EDGE('',*,*,#7812,.F.);
#7812 = EDGE_CURVE('',#7813,#7803,#7815,.T.);
#7813 = VERTEX_POINT('',#7814);
#7814 = CARTESIAN_POINT('',(0.188448301163,6.673953488372,5.));
#7815 = B_SPLINE_CURVE_WITH_KNOTS('',4,(#7816,#7817,#7818,#7819,#7820),
  .UNSPECIFIED.,.F.,.F.,(5,5),(0.,1.),.PIECEWISE_BEZIER_KNOTS.);
#7816 = CARTESIAN_POINT('',(0.188448301163,6.673953488372,5.));
#7817 = CARTESIAN_POINT('',(0.244189852654,6.673953488372,5.));
#7818 = CARTESIAN_POINT('',(0.295689976336,6.679064820727,5.));
#7819 = CARTESIAN_POINT('',(0.34281645911,6.689376403395,5.));
#7820 = CARTESIAN_POINT('',(0.385486818605,6.704912790698,5.));
#7821 = ORIENTED_EDGE('',*,*,#7822,.F.);
#7822 = EDGE_CURVE('',#7823,#7813,#7825,.T.);
#7823 = VERTEX_POINT('',#7824);
#7824 = CARTESIAN_POINT('',(7.761527906984E-03,6.700061773256,5.));
#7825 = B_SPLINE_CURVE_WITH_KNOTS('',4,(#7826,#7827,#7828,#7829,#7830),
  .UNSPECIFIED.,.F.,.F.,(5,5),(0.,1.),.PIECEWISE_BEZIER_KNOTS.);
#7826 = CARTESIAN_POINT('',(7.761527906985E-03,6.700061773256,5.));
#7827 = CARTESIAN_POINT('',(4.271364717809E-02,6.686930741781,5.));
#7828 = CARTESIAN_POINT('',(8.459632020328E-02,6.678240958399,5.));
#7829 = CARTESIAN_POINT('',(0.133260071978,6.673953488372,5.));
#7830 = CARTESIAN_POINT('',(0.188448301163,6.673953488372,5.));
#7831 = ORIENTED_EDGE('',*,*,#7832,.F.);
#7832 = EDGE_CURVE('',#7833,#7823,#7835,.T.);
#7833 = VERTEX_POINT('',#7834);
#7834 = CARTESIAN_POINT('',(-9.443687325581E-02,6.76574127907,5.));
#7835 = B_SPLINE_CURVE_WITH_KNOTS('',4,(#7836,#7837,#7838,#7839,#7840),
  .UNSPECIFIED.,.F.,.F.,(5,5),(0.,1.),.PIECEWISE_BEZIER_KNOTS.);
#7836 = CARTESIAN_POINT('',(-9.443687325581E-02,6.76574127907,5.));
#7837 = CARTESIAN_POINT('',(-7.804694554725E-02,6.745909466542,5.));
#7838 = CARTESIAN_POINT('',(-5.551082225317E-02,6.728349564919,5.));
#7839 = CARTESIAN_POINT('',(-2.687051248836E-02,6.713072555491,5.));
#7840 = CARTESIAN_POINT('',(7.761527906985E-03,6.700061773256,5.));
#7841 = ORIENTED_EDGE('',*,*,#7842,.F.);
#7842 = EDGE_CURVE('',#7843,#7833,#7845,.T.);
#7843 = VERTEX_POINT('',#7844);
#7844 = CARTESIAN_POINT('',(-0.140221756977,6.86570494186,5.));
#7845 = B_SPLINE_CURVE_WITH_KNOTS('',4,(#7846,#7847,#7848,#7849,#7850),
  .UNSPECIFIED.,.F.,.F.,(5,5),(0.,1.),.PIECEWISE_BEZIER_KNOTS.);
#7846 = CARTESIAN_POINT('',(-0.140221756977,6.86570494186,5.));
#7847 = CARTESIAN_POINT('',(-0.133690447033,6.835552060956,5.));
#7848 = CARTESIAN_POINT('',(-0.123889609467,6.808819823451,5.));
#7849 = CARTESIAN_POINT('',(-0.110803332327,6.785544694546,5.));
#7850 = CARTESIAN_POINT('',(-9.443687325581E-02,6.76574127907,5.));
#7851 = ORIENTED_EDGE('',*,*,#7852,.F.);
#7852 = EDGE_CURVE('',#7853,#7843,#7855,.T.);
#7853 = VERTEX_POINT('',#7854);
#7854 = CARTESIAN_POINT('',(-0.14758004186,7.001097383721,5.));
#7855 = B_SPLINE_CURVE_WITH_KNOTS('',5,(#7856,#7857,#7858,#7859,#7860,
    #7861),.UNSPECIFIED.,.F.,.F.,(6,6),(0.,1.),
  .PIECEWISE_BEZIER_KNOTS.);
#7856 = CARTESIAN_POINT('',(-0.14758004186,7.001097383721,5.));
#7857 = CARTESIAN_POINT('',(-0.14758004186,6.962295341524,5.));
#7858 = CARTESIAN_POINT('',(-0.14685749237,6.929204323635,5.));
#7859 = CARTESIAN_POINT('',(-0.145396065182,6.901997844368,5.));
#7860 = CARTESIAN_POINT('',(-0.143185124623,6.880807141418,5.));
#7861 = CARTESIAN_POINT('',(-0.140221756977,6.86570494186,5.));
#7862 = ORIENTED_EDGE('',*,*,#7863,.F.);
#7863 = EDGE_CURVE('',#7864,#7853,#7866,.T.);
#7864 = VERTEX_POINT('',#7865);
#7865 = CARTESIAN_POINT('',(-0.14758004186,7.196936773256,5.));
#7866 = LINE('',#7867,#7868);
#7867 = CARTESIAN_POINT('',(-0.14758004186,6.988498910866,5.));
#7868 = VECTOR('',#7869,1.);
#7869 = DIRECTION('',(-3.694383180982E-16,-1.,0.));
#7870 = ORIENTED_EDGE('',*,*,#7871,.F.);
#7871 = EDGE_CURVE('',#7872,#7864,#7874,.T.);
#7872 = VERTEX_POINT('',#7873);
#7873 = CARTESIAN_POINT('',(-0.15695504186,7.456002906977,5.));
#7874 = B_SPLINE_CURVE_WITH_KNOTS('',6,(#7875,#7876,#7877,#7878,#7879,
    #7880,#7881),.UNSPECIFIED.,.F.,.F.,(7,7),(0.,1.),
  .PIECEWISE_BEZIER_KNOTS.);
#7875 = CARTESIAN_POINT('',(-0.15695504186,7.456002906977,5.));
#7876 = CARTESIAN_POINT('',(-0.153735518493,7.437359620498,5.));
#7877 = CARTESIAN_POINT('',(-0.151200342581,7.408188943964,5.));
#7878 = CARTESIAN_POINT('',(-0.149348816116,7.368840616888,5.));
#7879 = CARTESIAN_POINT('',(-0.148154963093,7.319979715082,5.));
#7880 = CARTESIAN_POINT('',(-0.14758004186,7.26240444886,5.));
#7881 = CARTESIAN_POINT('',(-0.14758004186,7.196936773256,5.));
#7882 = ORIENTED_EDGE('',*,*,#7883,.F.);
#7883 = EDGE_CURVE('',#7884,#7872,#7886,.T.);
#7884 = VERTEX_POINT('',#7885);
#7885 = CARTESIAN_POINT('',(-0.194182512791,7.56,5.));
#7886 = B_SPLINE_CURVE_WITH_KNOTS('',4,(#7887,#7888,#7889,#7890,#7891),
  .UNSPECIFIED.,.F.,.F.,(5,5),(0.,1.),.PIECEWISE_BEZIER_KNOTS.);
#7887 = CARTESIAN_POINT('',(-0.194182512791,7.56,5.));
#7888 = CARTESIAN_POINT('',(-0.180288170674,7.53512640323,5.));
#7889 = CARTESIAN_POINT('',(-0.169447923206,7.509498956684,5.));
#7890 = CARTESIAN_POINT('',(-0.161670259855,7.483122224346,5.));
#7891 = CARTESIAN_POINT('',(-0.15695504186,7.456002906977,5.));
#7892 = ORIENTED_EDGE('',*,*,#7893,.F.);
#7893 = EDGE_CURVE('',#7894,#7884,#7896,.T.);
#7894 = VERTEX_POINT('',#7895);
#7895 = CARTESIAN_POINT('',(-4.047611744185E-02,7.56,5.));
#7896 = LINE('',#7897,#7898);
#7897 = CARTESIAN_POINT('',(-9.709125639534E-02,7.56,5.));
#7898 = VECTOR('',#7899,1.);
#7899 = DIRECTION('',(-1.,3.694383180982E-16,0.));
#7900 = ORIENTED_EDGE('',*,*,#7901,.F.);
#7901 = EDGE_CURVE('',#7630,#7894,#7902,.T.);
#7902 = B_SPLINE_CURVE_WITH_KNOTS('',4,(#7903,#7904,#7905,#7906,#7907),
  .UNSPECIFIED.,.F.,.F.,(5,5),(0.,1.),.PIECEWISE_BEZIER_KNOTS.);
#7903 = CARTESIAN_POINT('',(-1.104297790697E-02,7.451260901163,5.));
#7904 = CARTESIAN_POINT('',(-1.430880377566E-02,7.482340677346,5.));
#7905 = CARTESIAN_POINT('',(-2.029611954582E-02,7.510837954018,5.));
#7906 = CARTESIAN_POINT('',(-2.901790475712E-02,7.536728915666,5.));
#7907 = CARTESIAN_POINT('',(-4.047611744185E-02,7.56,5.));
#7908 = FACE_BOUND('',#7909,.T.);
#7909 = EDGE_LOOP('',(#7910,#7920,#7928,#7936,#7949,#7959,#7969,#7982,
    #7997,#8012,#8023,#8031,#8039,#8047,#8058,#8071,#8081,#8094,#8105,
    #8113,#8121,#8129,#8140,#8153,#8166,#8179,#8190,#8198));
#7910 = ORIENTED_EDGE('',*,*,#7911,.F.);
#7911 = EDGE_CURVE('',#7912,#7914,#7916,.T.);
#7912 = VERTEX_POINT('',#7913);
#7913 = CARTESIAN_POINT('',(1.950893795349,6.691395348837,5.));
#7914 = VERTEX_POINT('',#7915);
#7915 = CARTESIAN_POINT('',(1.950893795349,7.56,5.));
#7916 = LINE('',#7917,#7918);
#7917 = CARTESIAN_POINT('',(1.950893795349,7.267950219006,5.));
#7918 = VECTOR('',#7919,1.);
#7919 = DIRECTION('',(3.694383180982E-16,1.,-0.));
#7920 = ORIENTED_EDGE('',*,*,#7921,.F.);
#7921 = EDGE_CURVE('',#7922,#7912,#7924,.T.);
#7922 = VERTEX_POINT('',#7923);
#7923 = CARTESIAN_POINT('',(1.819262254651,6.691395348837,5.));
#7924 = LINE('',#7925,#7926);
#7925 = CARTESIAN_POINT('',(0.975446897674,6.691395348837,5.));
#7926 = VECTOR('',#7927,1.);
#7927 = DIRECTION('',(1.,-3.694383180982E-16,0.));
#7928 = ORIENTED_EDGE('',*,*,#7929,.F.);
#7929 = EDGE_CURVE('',#7930,#7922,#7932,.T.);
#7930 = VERTEX_POINT('',#7931);
#7931 = CARTESIAN_POINT('',(1.819262254651,6.814305959302,5.));
#7932 = LINE('',#7933,#7934);
#7933 = CARTESIAN_POINT('',(1.819262254651,6.833647893424,5.));
#7934 = VECTOR('',#7935,1.);
#7935 = DIRECTION('',(-3.694383180982E-16,-1.,0.));
#7936 = ORIENTED_EDGE('',*,*,#7937,.F.);
#7937 = EDGE_CURVE('',#7938,#7930,#7940,.T.);
#7938 = VERTEX_POINT('',#7939);
#7939 = CARTESIAN_POINT('',(1.710523155814,6.712489098837,5.));
#7940 = B_SPLINE_CURVE_WITH_KNOTS('',4,(#7941,#7942,#7943,#7944,#7945,
    #7946,#7947,#7948),.UNSPECIFIED.,.F.,.F.,(5,3,5),(0.,0.655060926394,
    1.),.UNSPECIFIED.);
#7941 = CARTESIAN_POINT('',(1.710523155814,6.712489098837,5.));
#7942 = CARTESIAN_POINT('',(1.732730594802,6.725100070214,5.));
#7943 = CARTESIAN_POINT('',(1.753028316485,6.739487237539,5.));
#7944 = CARTESIAN_POINT('',(1.771401570986,6.755651877362,5.));
#7945 = CARTESIAN_POINT('',(1.796502420085,6.783031573606,5.));
#7946 = CARTESIAN_POINT('',(1.804625346463,6.792966892562,5.));
#7947 = CARTESIAN_POINT('',(1.812212034635,6.803392218718,5.));
#7948 = CARTESIAN_POINT('',(1.819262254651,6.814305959302,5.));
#7949 = ORIENTED_EDGE('',*,*,#7950,.F.);
#7950 = EDGE_CURVE('',#7951,#7938,#7953,.T.);
#7951 = VERTEX_POINT('',#7952);
#7952 = CARTESIAN_POINT('',(1.555999173256,6.673953488372,5.));
#7953 = B_SPLINE_CURVE_WITH_KNOTS('',4,(#7954,#7955,#7956,#7957,#7958),
  .UNSPECIFIED.,.F.,.F.,(5,5),(0.,1.),.PIECEWISE_BEZIER_KNOTS.);
#7954 = CARTESIAN_POINT('',(1.555999173256,6.673953488372,5.));
#7955 = CARTESIAN_POINT('',(1.599245623506,6.673953488372,5.));
#7956 = CARTESIAN_POINT('',(1.639461580677,6.680350638286,5.));
#7957 = CARTESIAN_POINT('',(1.67656656438,6.693206118802,5.));
#7958 = CARTESIAN_POINT('',(1.710523155814,6.712489098837,5.));
#7959 = ORIENTED_EDGE('',*,*,#7960,.F.);
#7960 = EDGE_CURVE('',#7961,#7951,#7963,.T.);
#7961 = VERTEX_POINT('',#7962);
#7962 = CARTESIAN_POINT('',(1.397823301163,6.713742732558,5.));
#7963 = B_SPLINE_CURVE_WITH_KNOTS('',4,(#7964,#7965,#7966,#7967,#7968),
  .UNSPECIFIED.,.F.,.F.,(5,5),(0.,1.),.PIECEWISE_BEZIER_KNOTS.);
#7964 = CARTESIAN_POINT('',(1.397823301163,6.713742732558,5.));
#7965 = CARTESIAN_POINT('',(1.428763547496,6.693790100206,5.));
#7966 = CARTESIAN_POINT('',(1.465511098837,6.680522646478,5.));
#7967 = CARTESIAN_POINT('',(1.507987704279,6.673953488372,5.));
#7968 = CARTESIAN_POINT('',(1.555999173256,6.673953488372,5.));
#7969 = ORIENTED_EDGE('',*,*,#7970,.F.);
#7970 = EDGE_CURVE('',#7971,#7961,#7973,.T.);
#7971 = VERTEX_POINT('',#7972);
#7972 = CARTESIAN_POINT('',(1.310723010465,6.824934593023,5.));
#7973 = B_SPLINE_CURVE_WITH_KNOTS('',4,(#7974,#7975,#7976,#7977,#7978,
    #7979,#7980,#7981),.UNSPECIFIED.,.F.,.F.,(5,3,5),(0.,0.575057275614,
    1.),.UNSPECIFIED.);
#7974 = CARTESIAN_POINT('',(1.310723010465,6.824934593023,5.));
#7975 = CARTESIAN_POINT('',(1.318002403632,6.804411400674,5.));
#7976 = CARTESIAN_POINT('',(1.327291408423,6.785612052049,5.));
#7977 = CARTESIAN_POINT('',(1.338595509426,6.768554691006,5.));
#7978 = CARTESIAN_POINT('',(1.361745382352,6.741935472502,5.));
#7979 = CARTESIAN_POINT('',(1.372679458642,6.731579305838,5.));
#7980 = CARTESIAN_POINT('',(1.384707528686,6.722181742386,5.));
#7981 = CARTESIAN_POINT('',(1.397823301163,6.713742732558,5.));
#7982 = ORIENTED_EDGE('',*,*,#7983,.F.);
#7983 = EDGE_CURVE('',#7984,#7971,#7986,.T.);
#7984 = VERTEX_POINT('',#7985);
#7985 = CARTESIAN_POINT('',(1.042554405814,6.673953488372,5.));
#7986 = B_SPLINE_CURVE_WITH_KNOTS('',5,(#7987,#7988,#7989,#7990,#7991,
    #7992,#7993,#7994,#7995,#7996),.UNSPECIFIED.,.F.,.F.,(6,4,6),(0.,
    0.383131919143,1.),.UNSPECIFIED.);
#7987 = CARTESIAN_POINT('',(1.042554405814,6.673953488372,5.));
#7988 = CARTESIAN_POINT('',(1.067801125733,6.673953488372,5.));
#7989 = CARTESIAN_POINT('',(1.092229851834,6.676158514286,5.));
#7990 = CARTESIAN_POINT('',(1.115799037645,6.680600404901,5.));
#7991 = CARTESIAN_POINT('',(1.138474455495,6.687289883555,5.));
#7992 = CARTESIAN_POINT('',(1.19525578832,6.710589102802,5.));
#7993 = CARTESIAN_POINT('',(1.227897907198,6.730761637943,5.));
#7994 = CARTESIAN_POINT('',(1.258040456519,6.75668876106,5.));
#7995 = CARTESIAN_POINT('',(1.285643626431,6.788178035471,5.));
#7996 = CARTESIAN_POINT('',(1.310723010465,6.824934593023,5.));
#7997 = ORIENTED_EDGE('',*,*,#7998,.F.);
#7998 = EDGE_CURVE('',#7999,#7984,#8001,.T.);
#7999 = VERTEX_POINT('',#8000);
#8000 = CARTESIAN_POINT('',(0.843880713953,6.745356104651,5.));
#8001 = B_SPLINE_CURVE_WITH_KNOTS('',5,(#8002,#8003,#8004,#8005,#8006,
    #8007,#8008,#8009,#8010,#8011),.UNSPECIFIED.,.F.,.F.,(6,4,6),(0.,
    0.11057533118,1.),.UNSPECIFIED.);
#8002 = CARTESIAN_POINT('',(0.843880713953,6.745356104651,5.));
#8003 = CARTESIAN_POINT('',(0.846965872866,6.742186255102,5.));
#8004 = CARTESIAN_POINT('',(0.850124861559,6.739104035359,5.));
#8005 = CARTESIAN_POINT('',(0.853357604485,6.736109589441,5.));
#8006 = CARTESIAN_POINT('',(0.856664005829,6.733203037431,5.));
#8007 = CARTESIAN_POINT('',(0.887230893077,6.707713066668,5.));
#8008 = CARTESIAN_POINT('',(0.91917664919,6.690734017073,5.));
#8009 = CARTESIAN_POINT('',(0.955819339301,6.679499660185,5.));
#8010 = CARTESIAN_POINT('',(0.997014590622,6.673953488372,5.));
#8011 = CARTESIAN_POINT('',(1.042554405814,6.673953488372,5.));
#8012 = ORIENTED_EDGE('',*,*,#8013,.F.);
#8013 = EDGE_CURVE('',#8014,#7999,#8016,.T.);
#8014 = VERTEX_POINT('',#8015);
#8015 = CARTESIAN_POINT('',(0.774385801163,6.96523255814,5.));
#8016 = B_SPLINE_CURVE_WITH_KNOTS('',5,(#8017,#8018,#8019,#8020,#8021,
    #8022),.UNSPECIFIED.,.F.,.F.,(6,6),(0.,1.),
  .PIECEWISE_BEZIER_KNOTS.);
#8017 = CARTESIAN_POINT('',(0.774385801163,6.96523255814,5.));
#8018 = CARTESIAN_POINT('',(0.774385801163,6.906708827386,5.));
#8019 = CARTESIAN_POINT('',(0.781134139154,6.855058789602,5.));
#8020 = CARTESIAN_POINT('',(0.794912353128,6.810758569864,5.));
#8021 = CARTESIAN_POINT('',(0.815856641836,6.774149465023,5.));
#8022 = CARTESIAN_POINT('',(0.843880713953,6.745356104651,5.));
#8023 = ORIENTED_EDGE('',*,*,#8024,.F.);
#8024 = EDGE_CURVE('',#8025,#8014,#8027,.T.);
#8025 = VERTEX_POINT('',#8026);
#8026 = CARTESIAN_POINT('',(0.774385801163,7.56,5.));
#8027 = LINE('',#8028,#8029);
#8028 = CARTESIAN_POINT('',(0.774385801163,6.970566498076,5.));
#8029 = VECTOR('',#8030,1.);
#8030 = DIRECTION('',(-3.694383180982E-16,-1.,0.));
#8031 = ORIENTED_EDGE('',*,*,#8032,.F.);
#8032 = EDGE_CURVE('',#8033,#8025,#8035,.T.);
#8033 = VERTEX_POINT('',#8034);
#8034 = CARTESIAN_POINT('',(0.920733911628,7.56,5.));
#8035 = LINE('',#8036,#8037);
#8036 = CARTESIAN_POINT('',(0.387192900581,7.56,5.));
#8037 = VECTOR('',#8038,1.);
#8038 = DIRECTION('',(-1.,3.694383180982E-16,0.));
#8039 = ORIENTED_EDGE('',*,*,#8040,.F.);
#8040 = EDGE_CURVE('',#8041,#8033,#8043,.T.);
#8041 = VERTEX_POINT('',#8042);
#8042 = CARTESIAN_POINT('',(0.920733911628,7.013579215116,5.));
#8043 = LINE('',#8044,#8045);
#8044 = CARTESIAN_POINT('',(0.920733911628,7.267950219006,5.));
#8045 = VECTOR('',#8046,1.);
#8046 = DIRECTION('',(3.694383180982E-16,1.,-0.));
#8047 = ORIENTED_EDGE('',*,*,#8048,.F.);
#8048 = EDGE_CURVE('',#8049,#8041,#8051,.T.);
#8049 = VERTEX_POINT('',#8050);
#8050 = CARTESIAN_POINT('',(0.935068940698,6.886580668605,5.));
#8051 = B_SPLINE_CURVE_WITH_KNOTS('',5,(#8052,#8053,#8054,#8055,#8056,
    #8057),.UNSPECIFIED.,.F.,.F.,(6,6),(0.,1.),
  .PIECEWISE_BEZIER_KNOTS.);
#8052 = CARTESIAN_POINT('',(0.935068940698,6.886580668605,5.));
#8053 = CARTESIAN_POINT('',(0.929305517065,6.902183549314,5.));
#8054 = CARTESIAN_POINT('',(0.925000163249,6.922748852866,5.));
#8055 = CARTESIAN_POINT('',(0.922148077651,6.948228838167,5.));
#8056 = CARTESIAN_POINT('',(0.920733911628,6.978541784372,5.));
#8057 = CARTESIAN_POINT('',(0.920733911628,7.013579215116,5.));
#8058 = ORIENTED_EDGE('',*,*,#8059,.F.);
#8059 = EDGE_CURVE('',#8060,#8049,#8062,.T.);
#8060 = VERTEX_POINT('',#8061);
#8061 = CARTESIAN_POINT('',(0.986958475581,6.824117005814,5.));
#8062 = B_SPLINE_CURVE_WITH_KNOTS('',4,(#8063,#8064,#8065,#8066,#8067,
    #8068,#8069,#8070),.UNSPECIFIED.,.F.,.F.,(5,3,5),(0.,0.672038365871,
    1.),.UNSPECIFIED.);
#8063 = CARTESIAN_POINT('',(0.986958475581,6.824117005814,5.));
#8064 = CARTESIAN_POINT('',(0.974327672773,6.832061597726,5.));
#8065 = CARTESIAN_POINT('',(0.963445220549,6.841149248322,5.));
#8066 = CARTESIAN_POINT('',(0.954317672383,6.851380498477,5.));
#8067 = CARTESIAN_POINT('',(0.943349643308,6.868302463413,5.));
#8068 = CARTESIAN_POINT('',(0.940170894336,6.874123942959,5.));
#8069 = CARTESIAN_POINT('',(0.937410686631,6.880216839961,5.));
#8070 = CARTESIAN_POINT('',(0.935068940698,6.886580668605,5.));
#8071 = ORIENTED_EDGE('',*,*,#8072,.F.);
#8072 = EDGE_CURVE('',#8073,#8060,#8075,.T.);
#8073 = VERTEX_POINT('',#8074);
#8074 = CARTESIAN_POINT('',(1.075257894186,6.800406976744,5.));
#8075 = B_SPLINE_CURVE_WITH_KNOTS('',4,(#8076,#8077,#8078,#8079,#8080),
  .UNSPECIFIED.,.F.,.F.,(5,5),(0.,1.),.PIECEWISE_BEZIER_KNOTS.);
#8076 = CARTESIAN_POINT('',(1.075257894186,6.800406976744,5.));
#8077 = CARTESIAN_POINT('',(1.049933709713,6.800406976744,5.));
#8078 = CARTESIAN_POINT('',(1.026763982889,6.804352088046,5.));
#8079 = CARTESIAN_POINT('',(1.005769479355,6.812257894739,5.));
#8080 = CARTESIAN_POINT('',(0.986958475581,6.824117005814,5.));
#8081 = ORIENTED_EDGE('',*,*,#8082,.F.);
#8082 = EDGE_CURVE('',#8083,#8073,#8085,.T.);
#8083 = VERTEX_POINT('',#8084);
#8084 = CARTESIAN_POINT('',(1.227329115116,6.86128997093,5.));
#8085 = B_SPLINE_CURVE_WITH_KNOTS('',4,(#8086,#8087,#8088,#8089,#8090,
    #8091,#8092,#8093),.UNSPECIFIED.,.F.,.F.,(5,3,5),(0.,0.391842224983,
    1.),.UNSPECIFIED.);
#8086 = CARTESIAN_POINT('',(1.227329115116,6.86128997093,5.));
#8087 = CARTESIAN_POINT('',(1.215481823934,6.849367967101,5.));
#8088 = CARTESIAN_POINT('',(1.202829344632,6.838991269931,5.));
#8089 = CARTESIAN_POINT('',(1.189373809896,6.830171888985,5.));
#8090 = CARTESIAN_POINT('',(1.153002242972,6.811647440585,5.));
#8091 = CARTESIAN_POINT('',(1.12896414133,6.804141205096,5.));
#8092 = CARTESIAN_POINT('',(1.103032843536,6.800406976744,5.));
#8093 = CARTESIAN_POINT('',(1.075257894186,6.800406976744,5.));
#8094 = ORIENTED_EDGE('',*,*,#8095,.F.);
#8095 = EDGE_CURVE('',#8096,#8083,#8098,.T.);
#8096 = VERTEX_POINT('',#8097);
#8097 = CARTESIAN_POINT('',(1.287830568605,7.056039244186,5.));
#8098 = B_SPLINE_CURVE_WITH_KNOTS('',5,(#8099,#8100,#8101,#8102,#8103,
    #8104),.UNSPECIFIED.,.F.,.F.,(6,6),(0.,1.),
  .PIECEWISE_BEZIER_KNOTS.);
#8099 = CARTESIAN_POINT('',(1.287830568605,7.056039244186,5.));
#8100 = CARTESIAN_POINT('',(1.287830568605,7.003155372607,5.));
#8101 = CARTESIAN_POINT('',(1.281934047325,6.956915766422,5.));
#8102 = CARTESIAN_POINT('',(1.269927172514,6.917706693785,5.));
#8103 = CARTESIAN_POINT('',(1.251706460665,6.885799085914,5.));
#8104 = CARTESIAN_POINT('',(1.227329115116,6.86128997093,5.));
#8105 = ORIENTED_EDGE('',*,*,#8106,.F.);
#8106 = EDGE_CURVE('',#8107,#8096,#8109,.T.);
#8107 = VERTEX_POINT('',#8108);
#8108 = CARTESIAN_POINT('',(1.287830568605,7.56,5.));
#8109 = LINE('',#8110,#8111);
#8110 = CARTESIAN_POINT('',(1.287830568605,7.015969841099,5.));
#8111 = VECTOR('',#8112,1.);
#8112 = DIRECTION('',(-3.694383180982E-16,-1.,0.));
#8113 = ORIENTED_EDGE('',*,*,#8114,.F.);
#8114 = EDGE_CURVE('',#8115,#8107,#8117,.T.);
#8115 = VERTEX_POINT('',#8116);
#8116 = CARTESIAN_POINT('',(1.434996266279,7.56,5.));
#8117 = LINE('',#8118,#8119);
#8118 = CARTESIAN_POINT('',(0.643915284302,7.56,5.));
#8119 = VECTOR('',#8120,1.);
#8120 = DIRECTION('',(-1.,3.694383180982E-16,0.));
#8121 = ORIENTED_EDGE('',*,*,#8122,.F.);
#8122 = EDGE_CURVE('',#8123,#8115,#8125,.T.);
#8123 = VERTEX_POINT('',#8124);
#8124 = CARTESIAN_POINT('',(1.434996266279,6.996409883721,5.));
#8125 = LINE('',#8126,#8127);
#8126 = CARTESIAN_POINT('',(1.434996266279,7.267950219006,5.));
#8127 = VECTOR('',#8128,1.);
#8128 = DIRECTION('',(3.694383180982E-16,1.,-0.));
#8129 = ORIENTED_EDGE('',*,*,#8130,.F.);
#8130 = EDGE_CURVE('',#8131,#8123,#8133,.T.);
#8131 = VERTEX_POINT('',#8132);
#8132 = CARTESIAN_POINT('',(1.470970103488,6.849407703488,5.));
#8133 = B_SPLINE_CURVE_WITH_KNOTS('',5,(#8134,#8135,#8136,#8137,#8138,
    #8139),.UNSPECIFIED.,.F.,.F.,(6,6),(0.,1.),
  .PIECEWISE_BEZIER_KNOTS.);
#8134 = CARTESIAN_POINT('',(1.470970103488,6.849407703488,5.));
#8135 = CARTESIAN_POINT('',(1.456514500029,6.869097987595,5.));
#8136 = CARTESIAN_POINT('',(1.445705124274,6.893712008227,5.));
#8137 = CARTESIAN_POINT('',(1.438544118362,6.923203814916,5.));
#8138 = CARTESIAN_POINT('',(1.434996266279,6.957480101473,5.));
#8139 = CARTESIAN_POINT('',(1.434996266279,6.996409883721,5.));
#8140 = ORIENTED_EDGE('',*,*,#8141,.F.);
#8141 = EDGE_CURVE('',#8142,#8131,#8144,.T.);
#8142 = VERTEX_POINT('',#8143);
#8143 = CARTESIAN_POINT('',(1.588702661628,6.800406976744,5.));
#8144 = B_SPLINE_CURVE_WITH_KNOTS('',4,(#8145,#8146,#8147,#8148,#8149,
    #8150,#8151,#8152),.UNSPECIFIED.,.F.,.F.,(5,3,5),(0.,0.832273620543,
    1.),.UNSPECIFIED.);
#8145 = CARTESIAN_POINT('',(1.588702661628,6.800406976744,5.));
#8146 = CARTESIAN_POINT('',(1.554829005602,6.800406976744,5.));
#8147 = CARTESIAN_POINT('',(1.526057842388,6.806014187486,5.));
#8148 = CARTESIAN_POINT('',(1.502551601674,6.817332053395,5.));
#8149 = CARTESIAN_POINT('',(1.480681322626,6.837751302545,5.));
#8150 = CARTESIAN_POINT('',(1.477228506434,6.841406688146,5.));
#8151 = CARTESIAN_POINT('',(1.473991403324,6.845292326894,5.));
#8152 = CARTESIAN_POINT('',(1.470970103488,6.849407703488,5.));
#8153 = ORIENTED_EDGE('',*,*,#8154,.F.);
#8154 = EDGE_CURVE('',#8155,#8142,#8157,.T.);
#8155 = VERTEX_POINT('',#8156);
#8156 = CARTESIAN_POINT('',(1.703600917442,6.833110465116,5.));
#8157 = B_SPLINE_CURVE_WITH_KNOTS('',4,(#8158,#8159,#8160,#8161,#8162,
    #8163,#8164,#8165),.UNSPECIFIED.,.F.,.F.,(5,3,5),(0.,0.497998494888,
    1.),.UNSPECIFIED.);
#8158 = CARTESIAN_POINT('',(1.703600917442,6.833110465116,5.));
#8159 = CARTESIAN_POINT('',(1.690468205603,6.824970354472,5.));
#8160 = CARTESIAN_POINT('',(1.676943342711,6.818177934746,5.));
#8161 = CARTESIAN_POINT('',(1.663028138796,6.812737022277,5.));
#8162 = CARTESIAN_POINT('',(1.634307489244,6.804526885719,5.));
#8163 = CARTESIAN_POINT('',(1.619495784794,6.8017794882,5.));
#8164 = CARTESIAN_POINT('',(1.604292957294,6.800406976744,5.));
#8165 = CARTESIAN_POINT('',(1.588702661628,6.800406976744,5.));
#8166 = ORIENTED_EDGE('',*,*,#8167,.F.);
#8167 = EDGE_CURVE('',#8168,#8155,#8170,.T.);
#8168 = VERTEX_POINT('',#8169);
#8169 = CARTESIAN_POINT('',(1.780018068605,6.928659156977,5.));
#8170 = B_SPLINE_CURVE_WITH_KNOTS('',4,(#8171,#8172,#8173,#8174,#8175,
    #8176,#8177,#8178),.UNSPECIFIED.,.F.,.F.,(5,3,5),(0.,0.690095191758,
    1.),.UNSPECIFIED.);
#8171 = CARTESIAN_POINT('',(1.780018068605,6.928659156977,5.));
#8172 = CARTESIAN_POINT('',(1.771847111811,6.906982641713,5.));
#8173 = CARTESIAN_POINT('',(1.761371337764,6.887677441121,5.));
#8174 = CARTESIAN_POINT('',(1.748583783937,6.870767173596,5.));
#8175 = CARTESIAN_POINT('',(1.726715682815,6.849745081823,5.));
#8176 = CARTESIAN_POINT('',(1.719474105172,6.843714845818,5.));
#8177 = CARTESIAN_POINT('',(1.711768728992,6.838169947141,5.));
#8178 = CARTESIAN_POINT('',(1.703600917442,6.833110465116,5.));
#8179 = ORIENTED_EDGE('',*,*,#8180,.F.);
#8180 = EDGE_CURVE('',#8181,#8168,#8183,.T.);
#8181 = VERTEX_POINT('',#8182);
#8182 = CARTESIAN_POINT('',(1.803728097674,7.109945494186,5.));
#8183 = B_SPLINE_CURVE_WITH_KNOTS('',5,(#8184,#8185,#8186,#8187,#8188,
    #8189),.UNSPECIFIED.,.F.,.F.,(6,6),(0.,1.),
  .PIECEWISE_BEZIER_KNOTS.);
#8184 = CARTESIAN_POINT('',(1.803728097674,7.109945494186,5.));
#8185 = CARTESIAN_POINT('',(1.803728097674,7.063053793046,5.));
#8186 = CARTESIAN_POINT('',(1.801405364392,7.021318793791,5.));
#8187 = CARTESIAN_POINT('',(1.796702509482,6.98491936731,5.));
#8188 = CARTESIAN_POINT('',(1.789578932431,6.954000940867,5.));
#8189 = CARTESIAN_POINT('',(1.780018068605,6.928659156977,5.));
#8190 = ORIENTED_EDGE('',*,*,#8191,.F.);
#8191 = EDGE_CURVE('',#8192,#8181,#8194,.T.);
#8192 = VERTEX_POINT('',#8193);
#8193 = CARTESIAN_POINT('',(1.803728097674,7.56,5.));
#8194 = LINE('',#8195,#8196);
#8195 = CARTESIAN_POINT('',(1.803728097674,7.042922966099,5.));
#8196 = VECTOR('',#8197,1.);
#8197 = DIRECTION('',(-3.694383180982E-16,-1.,0.));
#8198 = ORIENTED_EDGE('',*,*,#8199,.F.);
#8199 = EDGE_CURVE('',#7914,#8192,#8200,.T.);
#8200 = LINE('',#8201,#8202);
#8201 = CARTESIAN_POINT('',(0.901864048837,7.56,5.));
#8202 = VECTOR('',#8203,1.);
#8203 = DIRECTION('',(-1.,3.694383180982E-16,0.));
#8204 = FACE_BOUND('',#8205,.T.);
#8205 = EDGE_LOOP('',(#8206,#8216,#8224,#8232,#8240,#8248,#8256,#8264));
#8206 = ORIENTED_EDGE('',*,*,#8207,.F.);
#8207 = EDGE_CURVE('',#8208,#8210,#8212,.T.);
#8208 = VERTEX_POINT('',#8209);
#8209 = CARTESIAN_POINT('',(2.719698301163,6.36,5.));
#8210 = VERTEX_POINT('',#8211);
#8211 = CARTESIAN_POINT('',(3.1799999,7.56,5.));
#8212 = LINE('',#8213,#8214);
#8213 = CARTESIAN_POINT('',(2.878402189815,6.773738876562,5.));
#8214 = VECTOR('',#8215,1.);
#8215 = DIRECTION('',(0.358140599612,0.933667666201,-0.));
#8216 = ORIENTED_EDGE('',*,*,#8217,.F.);
#8217 = EDGE_CURVE('',#8218,#8208,#8220,.T.);
#8218 = VERTEX_POINT('',#8219);
#8219 = CARTESIAN_POINT('',(2.548822574419,6.36,5.));
#8220 = LINE('',#8221,#8222);
#8221 = CARTESIAN_POINT('',(1.359849150581,6.36,5.));
#8222 = VECTOR('',#8223,1.);
#8223 = DIRECTION('',(1.,-3.694383180982E-16,0.));
#8224 = ORIENTED_EDGE('',*,*,#8225,.F.);
#8225 = EDGE_CURVE('',#8226,#8218,#8228,.T.);
#8226 = VERTEX_POINT('',#8227);
#8227 = CARTESIAN_POINT('',(2.058270248837,7.56,5.));
#8228 = LINE('',#8229,#8230);
#8229 = CARTESIAN_POINT('',(2.258483937725,7.070232825049,5.));
#8230 = VECTOR('',#8231,1.);
#8231 = DIRECTION('',(0.378397088703,-0.92564336721,0.));
#8232 = ORIENTED_EDGE('',*,*,#8233,.F.);
#8233 = EDGE_CURVE('',#8234,#8226,#8236,.T.);
#8234 = VERTEX_POINT('',#8235);
#8235 = CARTESIAN_POINT('',(2.238957022093,7.56,5.));
#8236 = LINE('',#8237,#8238);
#8237 = CARTESIAN_POINT('',(1.029135124419,7.56,5.));
#8238 = VECTOR('',#8239,1.);
#8239 = DIRECTION('',(-1.,3.694383180982E-16,0.));
#8240 = ORIENTED_EDGE('',*,*,#8241,.F.);
#8241 = EDGE_CURVE('',#8242,#8234,#8244,.T.);
#8242 = VERTEX_POINT('',#8243);
#8243 = CARTESIAN_POINT('',(2.378764434884,7.198953488372,5.));
#8244 = LINE('',#8245,#8246);
#8245 = CARTESIAN_POINT('',(2.191327740052,7.683000531868,5.));
#8246 = VECTOR('',#8247,1.);
#8247 = DIRECTION('',(-0.361100736281,0.932526813694,0.));
#8248 = ORIENTED_EDGE('',*,*,#8249,.F.);
#8249 = EDGE_CURVE('',#8250,#8242,#8252,.T.);
#8250 = VERTEX_POINT('',#8251);
#8251 = CARTESIAN_POINT('',(2.879945394186,7.198953488372,5.));
#8252 = LINE('',#8253,#8254);
#8253 = CARTESIAN_POINT('',(1.189382217442,7.198953488372,5.));
#8254 = VECTOR('',#8255,1.);
#8255 = DIRECTION('',(-1.,3.694383180982E-16,0.));
#8256 = ORIENTED_EDGE('',*,*,#8257,.F.);
#8257 = EDGE_CURVE('',#8258,#8250,#8260,.T.);
#8258 = VERTEX_POINT('',#8259);
#8259 = CARTESIAN_POINT('',(3.011576934884,7.56,5.));
#8260 = LINE('',#8261,#8262);
#8261 = CARTESIAN_POINT('',(2.675109106614,6.637116813887,5.));
#8262 = VECTOR('',#8263,1.);
#8263 = DIRECTION('',(-0.342528723811,-0.939507356738,0.));
#8264 = ORIENTED_EDGE('',*,*,#8265,.F.);
#8265 = EDGE_CURVE('',#8210,#8258,#8266,.T.);
#8266 = LINE('',#8267,#8268);
#8267 = CARTESIAN_POINT('',(1.505788467442,7.56,5.));
#8268 = VECTOR('',#8269,1.);
#8269 = DIRECTION('',(-1.,3.694383180982E-16,0.));
#8270 = PLANE('',#8271);
#8271 = AXIS2_PLACEMENT_3D('',#8272,#8273,#8274);
#8272 = CARTESIAN_POINT('',(1.09442178452E-16,6.975900438011,5.));
#8273 = DIRECTION('',(0.,0.,1.));
#8274 = DIRECTION('',(1.,0.,0.));
#8275 = ADVANCED_FACE('',(#8276),#8294,.T.);
#8276 = FACE_BOUND('',#8277,.T.);
#8277 = EDGE_LOOP('',(#8278,#8279,#8280,#8281,#8282,#8283,#8284,#8285,
    #8286,#8287,#8288,#8289,#8290,#8291,#8292,#8293));
#8278 = ORIENTED_EDGE('',*,*,#3844,.F.);
#8279 = ORIENTED_EDGE('',*,*,#4212,.F.);
#8280 = ORIENTED_EDGE('',*,*,#4188,.F.);
#8281 = ORIENTED_EDGE('',*,*,#4162,.F.);
#8282 = ORIENTED_EDGE('',*,*,#4136,.F.);
#8283 = ORIENTED_EDGE('',*,*,#4112,.F.);
#8284 = ORIENTED_EDGE('',*,*,#4088,.F.);
#8285 = ORIENTED_EDGE('',*,*,#4064,.F.);
#8286 = ORIENTED_EDGE('',*,*,#4040,.F.);
#8287 = ORIENTED_EDGE('',*,*,#4016,.F.);
#8288 = ORIENTED_EDGE('',*,*,#3992,.F.);
#8289 = ORIENTED_EDGE('',*,*,#3966,.F.);
#8290 = ORIENTED_EDGE('',*,*,#3940,.F.);
#8291 = ORIENTED_EDGE('',*,*,#3916,.F.);
#8292 = ORIENTED_EDGE('',*,*,#3892,.F.);
#8293 = ORIENTED_EDGE('',*,*,#3868,.F.);
#8294 = PLANE('',#8295);
#8295 = AXIS2_PLACEMENT_3D('',#8296,#8297,#8298);
#8296 = CARTESIAN_POINT('',(-3.037851014939,7.523798723402,0.23));
#8297 = DIRECTION('',(-4.E-16,-7.771561172376E-16,-1.));
#8298 = DIRECTION('',(1.,2.E-16,-4.E-16));
#8299 = ADVANCED_FACE('',(#8300),#8310,.T.);
#8300 = FACE_BOUND('',#8301,.T.);
#8301 = EDGE_LOOP('',(#8302,#8303,#8304,#8305,#8306,#8307,#8308,#8309));
#8302 = ORIENTED_EDGE('',*,*,#4236,.F.);
#8303 = ORIENTED_EDGE('',*,*,#4404,.F.);
#8304 = ORIENTED_EDGE('',*,*,#4380,.F.);
#8305 = ORIENTED_EDGE('',*,*,#4356,.F.);
#8306 = ORIENTED_EDGE('',*,*,#4332,.F.);
#8307 = ORIENTED_EDGE('',*,*,#4308,.F.);
#8308 = ORIENTED_EDGE('',*,*,#4284,.F.);
#8309 = ORIENTED_EDGE('',*,*,#4260,.F.);
#8310 = PLANE('',#8311);
#8311 = AXIS2_PLACEMENT_3D('',#8312,#8313,#8314);
#8312 = CARTESIAN_POINT('',(-2.147683609714,7.357218219432,0.23));
#8313 = DIRECTION('',(-4.E-16,-7.771561172376E-16,-1.));
#8314 = DIRECTION('',(1.,2.E-16,-4.E-16));
#8315 = ADVANCED_FACE('',(#8316),#8348,.T.);
#8316 = FACE_BOUND('',#8317,.T.);
#8317 = EDGE_LOOP('',(#8318,#8319,#8320,#8321,#8322,#8323,#8324,#8325,
    #8326,#8327,#8328,#8329,#8330,#8331,#8332,#8333,#8334,#8335,#8336,
    #8337,#8338,#8339,#8340,#8341,#8342,#8343,#8344,#8345,#8346,#8347));
#8318 = ORIENTED_EDGE('',*,*,#4428,.F.);
#8319 = ORIENTED_EDGE('',*,*,#5176,.F.);
#8320 = ORIENTED_EDGE('',*,*,#5150,.F.);
#8321 = ORIENTED_EDGE('',*,*,#5124,.F.);
#8322 = ORIENTED_EDGE('',*,*,#5098,.F.);
#8323 = ORIENTED_EDGE('',*,*,#5072,.F.);
#8324 = ORIENTED_EDGE('',*,*,#5046,.F.);
#8325 = ORIENTED_EDGE('',*,*,#5020,.F.);
#8326 = ORIENTED_EDGE('',*,*,#4994,.F.);
#8327 = ORIENTED_EDGE('',*,*,#4968,.F.);
#8328 = ORIENTED_EDGE('',*,*,#4942,.F.);
#8329 = ORIENTED_EDGE('',*,*,#4916,.F.);
#8330 = ORIENTED_EDGE('',*,*,#4890,.F.);
#8331 = ORIENTED_EDGE('',*,*,#4864,.F.);
#8332 = ORIENTED_EDGE('',*,*,#4840,.F.);
#8333 = ORIENTED_EDGE('',*,*,#4814,.F.);
#8334 = ORIENTED_EDGE('',*,*,#4788,.F.);
#8335 = ORIENTED_EDGE('',*,*,#4762,.F.);
#8336 = ORIENTED_EDGE('',*,*,#4736,.F.);
#8337 = ORIENTED_EDGE('',*,*,#4710,.F.);
#8338 = ORIENTED_EDGE('',*,*,#4684,.F.);
#8339 = ORIENTED_EDGE('',*,*,#4658,.F.);
#8340 = ORIENTED_EDGE('',*,*,#4634,.F.);
#8341 = ORIENTED_EDGE('',*,*,#4608,.F.);
#8342 = ORIENTED_EDGE('',*,*,#4582,.F.);
#8343 = ORIENTED_EDGE('',*,*,#4556,.F.);
#8344 = ORIENTED_EDGE('',*,*,#4530,.F.);
#8345 = ORIENTED_EDGE('',*,*,#4504,.F.);
#8346 = ORIENTED_EDGE('',*,*,#4478,.F.);
#8347 = ORIENTED_EDGE('',*,*,#4452,.F.);
#8348 = PLANE('',#8349);
#8349 = AXIS2_PLACEMENT_3D('',#8350,#8351,#8352);
#8350 = CARTESIAN_POINT('',(-1.314237314071,7.528378159067,0.23));
#8351 = DIRECTION('',(-4.E-16,-7.771561172376E-16,-1.));
#8352 = DIRECTION('',(1.,2.E-16,-4.E-16));
#8353 = ADVANCED_FACE('',(#8354,#8367),#8433,.T.);
#8354 = FACE_BOUND('',#8355,.T.);
#8355 = EDGE_LOOP('',(#8356,#8357,#8358,#8359,#8360,#8361,#8362,#8363,
    #8364,#8365,#8366));
#8356 = ORIENTED_EDGE('',*,*,#5202,.F.);
#8357 = ORIENTED_EDGE('',*,*,#5454,.F.);
#8358 = ORIENTED_EDGE('',*,*,#5430,.F.);
#8359 = ORIENTED_EDGE('',*,*,#5406,.F.);
#8360 = ORIENTED_EDGE('',*,*,#5380,.F.);
#8361 = ORIENTED_EDGE('',*,*,#5354,.F.);
#8362 = ORIENTED_EDGE('',*,*,#5328,.F.);
#8363 = ORIENTED_EDGE('',*,*,#5302,.F.);
#8364 = ORIENTED_EDGE('',*,*,#5276,.F.);
#8365 = ORIENTED_EDGE('',*,*,#5250,.F.);
#8366 = ORIENTED_EDGE('',*,*,#5226,.F.);
#8367 = FACE_BOUND('',#8368,.T.);
#8368 = EDGE_LOOP('',(#8369,#8379,#8387,#8395,#8403,#8411,#8419,#8427));
#8369 = ORIENTED_EDGE('',*,*,#8370,.F.);
#8370 = EDGE_CURVE('',#8371,#8373,#8375,.T.);
#8371 = VERTEX_POINT('',#8372);
#8372 = CARTESIAN_POINT('',(6.799610290698E-02,7.496744186047,0.23));
#8373 = VERTEX_POINT('',#8374);
#8374 = CARTESIAN_POINT('',(0.326217396512,7.496744186047,0.23));
#8375 = LINE('',#8376,#8377);
#8376 = CARTESIAN_POINT('',(6.799610290698E-02,7.496744186047,0.23));
#8377 = VECTOR('',#8378,1.);
#8378 = DIRECTION('',(1.,2.E-16,-4.E-16));
#8379 = ORIENTED_EDGE('',*,*,#8380,.F.);
#8380 = EDGE_CURVE('',#8381,#8371,#8383,.T.);
#8381 = VERTEX_POINT('',#8382);
#8382 = CARTESIAN_POINT('',(6.799610290698E-02,7.135552325581,0.23));
#8383 = LINE('',#8384,#8385);
#8384 = CARTESIAN_POINT('',(6.799610290698E-02,7.135552325581,0.23));
#8385 = VECTOR('',#8386,1.);
#8386 = DIRECTION('',(-2.E-16,1.,-7.771561172376E-16));
#8387 = ORIENTED_EDGE('',*,*,#8388,.F.);
#8388 = EDGE_CURVE('',#8389,#8381,#8391,.T.);
#8389 = VERTEX_POINT('',#8390);
#8390 = CARTESIAN_POINT('',(0.323492105814,7.135552325581,0.23));
#8391 = LINE('',#8392,#8393);
#8392 = CARTESIAN_POINT('',(0.323492105814,7.135552325581,0.23));
#8393 = VECTOR('',#8394,1.);
#8394 = DIRECTION('',(-1.,-2.E-16,4.E-16));
#8395 = ORIENTED_EDGE('',*,*,#8396,.F.);
#8396 = EDGE_CURVE('',#8397,#8389,#8399,.T.);
#8397 = VERTEX_POINT('',#8398);
#8398 = CARTESIAN_POINT('',(0.446811509884,7.144500363372,0.23));
#8399 = B_SPLINE_CURVE_WITH_KNOTS('',2,(#8400,#8401,#8402),
  .UNSPECIFIED.,.F.,.F.,(3,3),(0.,1.),.PIECEWISE_BEZIER_KNOTS.);
#8400 = CARTESIAN_POINT('',(0.446811509884,7.144500363372,0.23));
#8401 = CARTESIAN_POINT('',(0.413426698837,7.135552325581,0.23));
#8402 = CARTESIAN_POINT('',(0.323492105814,7.135552325581,0.23));
#8403 = ORIENTED_EDGE('',*,*,#8404,.F.);
#8404 = EDGE_CURVE('',#8405,#8397,#8407,.T.);
#8405 = VERTEX_POINT('',#8406);
#8406 = CARTESIAN_POINT('',(0.530250826744,7.20413880814,0.23));
#8407 = B_SPLINE_CURVE_WITH_KNOTS('',2,(#8408,#8409,#8410),
  .UNSPECIFIED.,.F.,.F.,(3,3),(0.,1.),.PIECEWISE_BEZIER_KNOTS.);
#8408 = CARTESIAN_POINT('',(0.530250826744,7.20413880814,0.23));
#8409 = CARTESIAN_POINT('',(0.49859203314,7.158989825581,0.23));
#8410 = CARTESIAN_POINT('',(0.446811509884,7.144500363372,0.23));
#8411 = ORIENTED_EDGE('',*,*,#8412,.F.);
#8412 = EDGE_CURVE('',#8413,#8405,#8415,.T.);
#8413 = VERTEX_POINT('',#8414);
#8414 = CARTESIAN_POINT('',(0.56195504186,7.31269622093,0.23));
#8415 = B_SPLINE_CURVE_WITH_KNOTS('',2,(#8416,#8417,#8418),
  .UNSPECIFIED.,.F.,.F.,(3,3),(0.,1.),.PIECEWISE_BEZIER_KNOTS.);
#8416 = CARTESIAN_POINT('',(0.56195504186,7.31269622093,0.23));
#8417 = CARTESIAN_POINT('',(0.56195504186,7.249287790698,0.23));
#8418 = CARTESIAN_POINT('',(0.530250826744,7.20413880814,0.23));
#8419 = ORIENTED_EDGE('',*,*,#8420,.F.);
#8420 = EDGE_CURVE('',#8421,#8413,#8423,.T.);
#8421 = VERTEX_POINT('',#8422);
#8422 = CARTESIAN_POINT('',(0.508130550581,7.448506540698,0.23));
#8423 = B_SPLINE_CURVE_WITH_KNOTS('',2,(#8424,#8425,#8426),
  .UNSPECIFIED.,.F.,.F.,(3,3),(0.,1.),.PIECEWISE_BEZIER_KNOTS.);
#8424 = CARTESIAN_POINT('',(0.508130550581,7.448506540698,0.23));
#8425 = CARTESIAN_POINT('',(0.56195504186,7.400223473837,0.23));
#8426 = CARTESIAN_POINT('',(0.56195504186,7.31269622093,0.23));
#8427 = ORIENTED_EDGE('',*,*,#8428,.F.);
#8428 = EDGE_CURVE('',#8373,#8421,#8429,.T.);
#8429 = B_SPLINE_CURVE_WITH_KNOTS('',2,(#8430,#8431,#8432),
  .UNSPECIFIED.,.F.,.F.,(3,3),(0.,1.),.PIECEWISE_BEZIER_KNOTS.);
#8430 = CARTESIAN_POINT('',(0.326217396512,7.496744186047,0.23));
#8431 = CARTESIAN_POINT('',(0.454306059302,7.496744186047,0.23));
#8432 = CARTESIAN_POINT('',(0.508130550581,7.448506540698,0.23));
#8433 = PLANE('',#8434);
#8434 = AXIS2_PLACEMENT_3D('',#8435,#8436,#8437);
#8435 = CARTESIAN_POINT('',(0.231917294689,7.410455003081,0.23));
#8436 = DIRECTION('',(-4.E-16,-7.771561172376E-16,-1.));
#8437 = DIRECTION('',(1.,2.E-16,-4.E-16));
#8438 = ADVANCED_FACE('',(#8439),#8460,.T.);
#8439 = FACE_BOUND('',#8440,.T.);
#8440 = EDGE_LOOP('',(#8441,#8442,#8443,#8444,#8445,#8446,#8447,#8448,
    #8449,#8450,#8451,#8452,#8453,#8454,#8455,#8456,#8457,#8458,#8459));
#8441 = ORIENTED_EDGE('',*,*,#5478,.F.);
#8442 = ORIENTED_EDGE('',*,*,#5922,.F.);
#8443 = ORIENTED_EDGE('',*,*,#5898,.F.);
#8444 = ORIENTED_EDGE('',*,*,#5872,.F.);
#8445 = ORIENTED_EDGE('',*,*,#5846,.F.);
#8446 = ORIENTED_EDGE('',*,*,#5822,.F.);
#8447 = ORIENTED_EDGE('',*,*,#5798,.F.);
#8448 = ORIENTED_EDGE('',*,*,#5774,.F.);
#8449 = ORIENTED_EDGE('',*,*,#5750,.F.);
#8450 = ORIENTED_EDGE('',*,*,#5726,.F.);
#8451 = ORIENTED_EDGE('',*,*,#5700,.F.);
#8452 = ORIENTED_EDGE('',*,*,#5674,.F.);
#8453 = ORIENTED_EDGE('',*,*,#5650,.F.);
#8454 = ORIENTED_EDGE('',*,*,#5626,.F.);
#8455 = ORIENTED_EDGE('',*,*,#5602,.F.);
#8456 = ORIENTED_EDGE('',*,*,#5576,.F.);
#8457 = ORIENTED_EDGE('',*,*,#5550,.F.);
#8458 = ORIENTED_EDGE('',*,*,#5526,.F.);
#8459 = ORIENTED_EDGE('',*,*,#5502,.F.);
#8460 = PLANE('',#8461);
#8461 = AXIS2_PLACEMENT_3D('',#8462,#8463,#8464);
#8462 = CARTESIAN_POINT('',(1.416621858065,7.492588148037,0.23));
#8463 = DIRECTION('',(-4.E-16,-7.771561172376E-16,-1.));
#8464 = DIRECTION('',(1.,2.E-16,-4.E-16));
#8465 = ADVANCED_FACE('',(#8466),#8483,.T.);
#8466 = FACE_BOUND('',#8467,.T.);
#8467 = EDGE_LOOP('',(#8468,#8469,#8470,#8471,#8472,#8473,#8474,#8475,
    #8476,#8477,#8478,#8479,#8480,#8481,#8482));
#8468 = ORIENTED_EDGE('',*,*,#5946,.F.);
#8469 = ORIENTED_EDGE('',*,*,#6286,.F.);
#8470 = ORIENTED_EDGE('',*,*,#6262,.F.);
#8471 = ORIENTED_EDGE('',*,*,#6238,.F.);
#8472 = ORIENTED_EDGE('',*,*,#6214,.F.);
#8473 = ORIENTED_EDGE('',*,*,#6190,.F.);
#8474 = ORIENTED_EDGE('',*,*,#6166,.F.);
#8475 = ORIENTED_EDGE('',*,*,#6142,.F.);
#8476 = ORIENTED_EDGE('',*,*,#6118,.F.);
#8477 = ORIENTED_EDGE('',*,*,#6094,.F.);
#8478 = ORIENTED_EDGE('',*,*,#6070,.F.);
#8479 = ORIENTED_EDGE('',*,*,#6044,.F.);
#8480 = ORIENTED_EDGE('',*,*,#6018,.F.);
#8481 = ORIENTED_EDGE('',*,*,#5994,.F.);
#8482 = ORIENTED_EDGE('',*,*,#5970,.F.);
#8483 = PLANE('',#8484);
#8484 = AXIS2_PLACEMENT_3D('',#8485,#8486,#8487);
#8485 = CARTESIAN_POINT('',(3.094517681604,7.537261449389,0.23));
#8486 = DIRECTION('',(-4.E-16,-7.771561172376E-16,-1.));
#8487 = DIRECTION('',(1.,2.E-16,-4.E-16));
#8488 = ADVANCED_FACE('',(#8489,#8503),#8569,.T.);
#8489 = FACE_BOUND('',#8490,.T.);
#8490 = EDGE_LOOP('',(#8491,#8492,#8493,#8494,#8495,#8496,#8497,#8498,
    #8499,#8500,#8501,#8502));
#8491 = ORIENTED_EDGE('',*,*,#6596,.F.);
#8492 = ORIENTED_EDGE('',*,*,#6570,.F.);
#8493 = ORIENTED_EDGE('',*,*,#6544,.F.);
#8494 = ORIENTED_EDGE('',*,*,#6518,.F.);
#8495 = ORIENTED_EDGE('',*,*,#6492,.F.);
#8496 = ORIENTED_EDGE('',*,*,#6466,.F.);
#8497 = ORIENTED_EDGE('',*,*,#6440,.F.);
#8498 = ORIENTED_EDGE('',*,*,#6414,.F.);
#8499 = ORIENTED_EDGE('',*,*,#6388,.F.);
#8500 = ORIENTED_EDGE('',*,*,#6362,.F.);
#8501 = ORIENTED_EDGE('',*,*,#6336,.F.);
#8502 = ORIENTED_EDGE('',*,*,#6310,.F.);
#8503 = FACE_BOUND('',#8504,.T.);
#8504 = EDGE_LOOP('',(#8505,#8515,#8523,#8531,#8539,#8547,#8555,#8563));
#8505 = ORIENTED_EDGE('',*,*,#8506,.F.);
#8506 = EDGE_CURVE('',#8507,#8509,#8511,.T.);
#8507 = VERTEX_POINT('',#8508);
#8508 = CARTESIAN_POINT('',(-0.764035147093,7.525813953488,0.23));
#8509 = VERTEX_POINT('',#8510);
#8510 = CARTESIAN_POINT('',(-0.70648609186,7.853484738372,0.23));
#8511 = B_SPLINE_CURVE_WITH_KNOTS('',2,(#8512,#8513,#8514),
  .UNSPECIFIED.,.F.,.F.,(3,3),(0.,1.),.PIECEWISE_BEZIER_KNOTS.);
#8512 = CARTESIAN_POINT('',(-0.764035147093,7.525813953488,0.23));
#8513 = CARTESIAN_POINT('',(-0.764035147093,7.771998546512,0.23));
#8514 = CARTESIAN_POINT('',(-0.70648609186,7.853484738372,0.23));
#8515 = ORIENTED_EDGE('',*,*,#8516,.F.);
#8516 = EDGE_CURVE('',#8517,#8507,#8519,.T.);
#8517 = VERTEX_POINT('',#8518);
#8518 = CARTESIAN_POINT('',(-0.700672138372,7.18824127907,0.23));
#8519 = B_SPLINE_CURVE_WITH_KNOTS('',2,(#8520,#8521,#8522),
  .UNSPECIFIED.,.F.,.F.,(3,3),(0.,1.),.PIECEWISE_BEZIER_KNOTS.);
#8520 = CARTESIAN_POINT('',(-0.700672138372,7.18824127907,0.23));
#8521 = CARTESIAN_POINT('',(-0.764035147093,7.279629360465,0.23));
#8522 = CARTESIAN_POINT('',(-0.764035147093,7.525813953488,0.23));
#8523 = ORIENTED_EDGE('',*,*,#8524,.F.);
#8524 = EDGE_CURVE('',#8525,#8517,#8527,.T.);
#8525 = VERTEX_POINT('',#8526);
#8526 = CARTESIAN_POINT('',(-0.565770248837,7.116656976744,0.23));
#8527 = B_SPLINE_CURVE_WITH_KNOTS('',2,(#8528,#8529,#8530),
  .UNSPECIFIED.,.F.,.F.,(3,3),(0.,1.),.PIECEWISE_BEZIER_KNOTS.);
#8528 = CARTESIAN_POINT('',(-0.565770248837,7.116656976744,0.23));
#8529 = CARTESIAN_POINT('',(-0.650254260465,7.116656976744,0.23));
#8530 = CARTESIAN_POINT('',(-0.700672138372,7.18824127907,0.23));
#8531 = ORIENTED_EDGE('',*,*,#8532,.F.);
#8532 = EDGE_CURVE('',#8533,#8525,#8535,.T.);
#8533 = VERTEX_POINT('',#8534);
#8534 = CARTESIAN_POINT('',(-0.422374536628,7.197825218023,0.23));
#8535 = B_SPLINE_CURVE_WITH_KNOTS('',2,(#8536,#8537,#8538),
  .UNSPECIFIED.,.F.,.F.,(3,3),(0.,1.),.PIECEWISE_BEZIER_KNOTS.);
#8536 = CARTESIAN_POINT('',(-0.422374536628,7.197825218023,0.23));
#8537 = CARTESIAN_POINT('',(-0.47992359186,7.116656976744,0.23));
#8538 = CARTESIAN_POINT('',(-0.565770248837,7.116656976744,0.23));
#8539 = ORIENTED_EDGE('',*,*,#8540,.F.);
#8540 = EDGE_CURVE('',#8541,#8533,#8543,.T.);
#8541 = VERTEX_POINT('',#8542);
#8542 = CARTESIAN_POINT('',(-0.364780059884,7.525813953488,0.23));
#8543 = B_SPLINE_CURVE_WITH_KNOTS('',2,(#8544,#8545,#8546),
  .UNSPECIFIED.,.F.,.F.,(3,3),(0.,1.),.PIECEWISE_BEZIER_KNOTS.);
#8544 = CARTESIAN_POINT('',(-0.364780059884,7.525813953488,0.23));
#8545 = CARTESIAN_POINT('',(-0.364780059884,7.278948037791,0.23));
#8546 = CARTESIAN_POINT('',(-0.422374536628,7.197825218023,0.23));
#8547 = ORIENTED_EDGE('',*,*,#8548,.F.);
#8548 = EDGE_CURVE('',#8549,#8541,#8551,.T.);
#8549 = VERTEX_POINT('',#8550);
#8550 = CARTESIAN_POINT('',(-0.422374536628,7.853166787791,0.23));
#8551 = B_SPLINE_CURVE_WITH_KNOTS('',2,(#8552,#8553,#8554),
  .UNSPECIFIED.,.F.,.F.,(3,3),(0.,1.),.PIECEWISE_BEZIER_KNOTS.);
#8552 = CARTESIAN_POINT('',(-0.422374536628,7.853166787791,0.23));
#8553 = CARTESIAN_POINT('',(-0.364780059884,7.771317223837,0.23));
#8554 = CARTESIAN_POINT('',(-0.364780059884,7.525813953488,0.23));
#8555 = ORIENTED_EDGE('',*,*,#8556,.F.);
#8556 = EDGE_CURVE('',#8557,#8549,#8559,.T.);
#8557 = VERTEX_POINT('',#8558);
#8558 = CARTESIAN_POINT('',(-0.564407603488,7.934970930233,0.23));
#8559 = B_SPLINE_CURVE_WITH_KNOTS('',2,(#8560,#8561,#8562),
  .UNSPECIFIED.,.F.,.F.,(3,3),(0.,1.),.PIECEWISE_BEZIER_KNOTS.);
#8560 = CARTESIAN_POINT('',(-0.564407603488,7.934970930233,0.23));
#8561 = CARTESIAN_POINT('',(-0.47992359186,7.934970930233,0.23));
#8562 = CARTESIAN_POINT('',(-0.422374536628,7.853166787791,0.23));
#8563 = ORIENTED_EDGE('',*,*,#8564,.F.);
#8564 = EDGE_CURVE('',#8509,#8557,#8565,.T.);
#8565 = B_SPLINE_CURVE_WITH_KNOTS('',2,(#8566,#8567,#8568),
  .UNSPECIFIED.,.F.,.F.,(3,3),(0.,1.),.PIECEWISE_BEZIER_KNOTS.);
#8566 = CARTESIAN_POINT('',(-0.70648609186,7.853484738372,0.23));
#8567 = CARTESIAN_POINT('',(-0.648891615116,7.934970930233,0.23));
#8568 = CARTESIAN_POINT('',(-0.564407603488,7.934970930233,0.23));
#8569 = PLANE('',#8570);
#8570 = AXIS2_PLACEMENT_3D('',#8571,#8572,#8573);
#8571 = CARTESIAN_POINT('',(-0.563856275053,7.525283389838,0.23));
#8572 = DIRECTION('',(-4.E-16,-7.771561172376E-16,-1.));
#8573 = DIRECTION('',(1.,2.E-16,-4.E-16));
#8574 = ADVANCED_FACE('',(#8575),#8581,.T.);
#8575 = FACE_BOUND('',#8576,.T.);
#8576 = EDGE_LOOP('',(#8577,#8578,#8579,#8580));
#8577 = ORIENTED_EDGE('',*,*,#6622,.F.);
#8578 = ORIENTED_EDGE('',*,*,#6694,.F.);
#8579 = ORIENTED_EDGE('',*,*,#6670,.F.);
#8580 = ORIENTED_EDGE('',*,*,#6646,.F.);
#8581 = PLANE('',#8582);
#8582 = AXIS2_PLACEMENT_3D('',#8583,#8584,#8585);
#8583 = CARTESIAN_POINT('',(2.281772447384,7.656627906977,0.23));
#8584 = DIRECTION('',(-4.E-16,-7.771561172376E-16,-1.));
#8585 = DIRECTION('',(1.,2.E-16,-4.E-16));
#8586 = ADVANCED_FACE('',(#8587),#8612,.T.);
#8587 = FACE_BOUND('',#8588,.T.);
#8588 = EDGE_LOOP('',(#8589,#8590,#8598,#8606));
#8589 = ORIENTED_EDGE('',*,*,#6719,.T.);
#8590 = ORIENTED_EDGE('',*,*,#8591,.T.);
#8591 = EDGE_CURVE('',#6722,#8592,#8594,.T.);
#8592 = VERTEX_POINT('',#8593);
#8593 = CARTESIAN_POINT('',(-3.023579315116,6.339069767442,5.18));
#8594 = LINE('',#8595,#8596);
#8595 = CARTESIAN_POINT('',(-3.023579315116,6.339069767442,4.98));
#8596 = VECTOR('',#8597,1.);
#8597 = DIRECTION('',(1.962471068511E-16,4.440892098501E-16,1.));
#8598 = ORIENTED_EDGE('',*,*,#8599,.T.);
#8599 = EDGE_CURVE('',#8592,#8600,#8602,.T.);
#8600 = VERTEX_POINT('',#8601);
#8601 = CARTESIAN_POINT('',(-3.326904169767,6.41886627907,5.18));
#8602 = B_SPLINE_CURVE_WITH_KNOTS('',2,(#8603,#8604,#8605),
  .UNSPECIFIED.,.F.,.F.,(3,3),(0.,1.),.PIECEWISE_BEZIER_KNOTS.);
#8603 = CARTESIAN_POINT('',(-3.023579315116,6.339069767442,5.18));
#8604 = CARTESIAN_POINT('',(-3.178920884884,6.339069767442,5.18));
#8605 = CARTESIAN_POINT('',(-3.326904169767,6.41886627907,5.18));
#8606 = ORIENTED_EDGE('',*,*,#8607,.F.);
#8607 = EDGE_CURVE('',#6720,#8600,#8608,.T.);
#8608 = LINE('',#8609,#8610);
#8609 = CARTESIAN_POINT('',(-3.326904169767,6.41886627907,4.98));
#8610 = VECTOR('',#8611,1.);
#8611 = DIRECTION('',(1.962471068511E-16,4.440892098501E-16,1.));
#8612 = SURFACE_OF_LINEAR_EXTRUSION('',#8613,#8617);
#8613 = B_SPLINE_CURVE_WITH_KNOTS('',2,(#8614,#8615,#8616),
  .UNSPECIFIED.,.F.,.F.,(3,3),(0.,1.),.PIECEWISE_BEZIER_KNOTS.);
#8614 = CARTESIAN_POINT('',(-3.023579315116,6.339069767442,4.98));
#8615 = CARTESIAN_POINT('',(-3.178920884884,6.339069767442,4.98));
#8616 = CARTESIAN_POINT('',(-3.326904169767,6.41886627907,4.98));
#8617 = VECTOR('',#8618,1.);
#8618 = DIRECTION('',(-1.962471068511E-16,-4.440892098501E-16,-1.));
#8619 = ADVANCED_FACE('',(#8620),#8638,.T.);
#8620 = FACE_BOUND('',#8621,.T.);
#8621 = EDGE_LOOP('',(#8622,#8623,#8631,#8637));
#8622 = ORIENTED_EDGE('',*,*,#6862,.T.);
#8623 = ORIENTED_EDGE('',*,*,#8624,.T.);
#8624 = EDGE_CURVE('',#6850,#8625,#8627,.T.);
#8625 = VERTEX_POINT('',#8626);
#8626 = CARTESIAN_POINT('',(-2.720254460465,6.41886627907,5.18));
#8627 = LINE('',#8628,#8629);
#8628 = CARTESIAN_POINT('',(-2.720254460465,6.41886627907,4.98));
#8629 = VECTOR('',#8630,1.);
#8630 = DIRECTION('',(1.962471068511E-16,4.440892098501E-16,1.));
#8631 = ORIENTED_EDGE('',*,*,#8632,.T.);
#8632 = EDGE_CURVE('',#8625,#8592,#8633,.T.);
#8633 = B_SPLINE_CURVE_WITH_KNOTS('',2,(#8634,#8635,#8636),
  .UNSPECIFIED.,.F.,.F.,(3,3),(0.,1.),.PIECEWISE_BEZIER_KNOTS.);
#8634 = CARTESIAN_POINT('',(-2.720254460465,6.41886627907,5.18));
#8635 = CARTESIAN_POINT('',(-2.868237745349,6.339069767442,5.18));
#8636 = CARTESIAN_POINT('',(-3.023579315116,6.339069767442,5.18));
#8637 = ORIENTED_EDGE('',*,*,#8591,.F.);
#8638 = SURFACE_OF_LINEAR_EXTRUSION('',#8639,#8643);
#8639 = B_SPLINE_CURVE_WITH_KNOTS('',2,(#8640,#8641,#8642),
  .UNSPECIFIED.,.F.,.F.,(3,3),(0.,1.),.PIECEWISE_BEZIER_KNOTS.);
#8640 = CARTESIAN_POINT('',(-2.720254460465,6.41886627907,4.98));
#8641 = CARTESIAN_POINT('',(-2.868237745349,6.339069767442,4.98));
#8642 = CARTESIAN_POINT('',(-3.023579315116,6.339069767442,4.98));
#8643 = VECTOR('',#8644,1.);
#8644 = DIRECTION('',(-1.962471068511E-16,-4.440892098501E-16,-1.));
#8645 = ADVANCED_FACE('',(#8646),#8664,.T.);
#8646 = FACE_BOUND('',#8647,.T.);
#8647 = EDGE_LOOP('',(#8648,#8649,#8657,#8663));
#8648 = ORIENTED_EDGE('',*,*,#6849,.T.);
#8649 = ORIENTED_EDGE('',*,*,#8650,.T.);
#8650 = EDGE_CURVE('',#6837,#8651,#8653,.T.);
#8651 = VERTEX_POINT('',#8652);
#8652 = CARTESIAN_POINT('',(-2.48925882093,6.647191133721,5.18));
#8653 = LINE('',#8654,#8655);
#8654 = CARTESIAN_POINT('',(-2.48925882093,6.647191133721,4.98));
#8655 = VECTOR('',#8656,1.);
#8656 = DIRECTION('',(1.962471068511E-16,4.440892098501E-16,1.));
#8657 = ORIENTED_EDGE('',*,*,#8658,.T.);
#8658 = EDGE_CURVE('',#8651,#8625,#8659,.T.);
#8659 = B_SPLINE_CURVE_WITH_KNOTS('',2,(#8660,#8661,#8662),
  .UNSPECIFIED.,.F.,.F.,(3,3),(0.,1.),.PIECEWISE_BEZIER_KNOTS.);
#8660 = CARTESIAN_POINT('',(-2.48925882093,6.647191133721,5.18));
#8661 = CARTESIAN_POINT('',(-2.572271175581,6.498662790698,5.18));
#8662 = CARTESIAN_POINT('',(-2.720254460465,6.41886627907,5.18));
#8663 = ORIENTED_EDGE('',*,*,#8624,.F.);
#8664 = SURFACE_OF_LINEAR_EXTRUSION('',#8665,#8669);
#8665 = B_SPLINE_CURVE_WITH_KNOTS('',2,(#8666,#8667,#8668),
  .UNSPECIFIED.,.F.,.F.,(3,3),(0.,1.),.PIECEWISE_BEZIER_KNOTS.);
#8666 = CARTESIAN_POINT('',(-2.48925882093,6.647191133721,4.98));
#8667 = CARTESIAN_POINT('',(-2.572271175581,6.498662790698,4.98));
#8668 = CARTESIAN_POINT('',(-2.720254460465,6.41886627907,4.98));
#8669 = VECTOR('',#8670,1.);
#8670 = DIRECTION('',(-1.962471068511E-16,-4.440892098501E-16,-1.));
#8671 = ADVANCED_FACE('',(#8672),#8690,.T.);
#8672 = FACE_BOUND('',#8673,.T.);
#8673 = EDGE_LOOP('',(#8674,#8675,#8683,#8689));
#8674 = ORIENTED_EDGE('',*,*,#6836,.T.);
#8675 = ORIENTED_EDGE('',*,*,#8676,.T.);
#8676 = EDGE_CURVE('',#6824,#8677,#8679,.T.);
#8677 = VERTEX_POINT('',#8678);
#8678 = CARTESIAN_POINT('',(-2.406300972093,6.956947674419,5.18));
#8679 = LINE('',#8680,#8681);
#8680 = CARTESIAN_POINT('',(-2.406300972093,6.956947674419,4.98));
#8681 = VECTOR('',#8682,1.);
#8682 = DIRECTION('',(1.962471068511E-16,4.440892098501E-16,1.));
#8683 = ORIENTED_EDGE('',*,*,#8684,.T.);
#8684 = EDGE_CURVE('',#8677,#8651,#8685,.T.);
#8685 = B_SPLINE_CURVE_WITH_KNOTS('',2,(#8686,#8687,#8688),
  .UNSPECIFIED.,.F.,.F.,(3,3),(0.,1.),.PIECEWISE_BEZIER_KNOTS.);
#8686 = CARTESIAN_POINT('',(-2.406300972093,6.956947674419,5.18));
#8687 = CARTESIAN_POINT('',(-2.406300972093,6.795719476744,5.18));
#8688 = CARTESIAN_POINT('',(-2.48925882093,6.647191133721,5.18));
#8689 = ORIENTED_EDGE('',*,*,#8650,.F.);
#8690 = SURFACE_OF_LINEAR_EXTRUSION('',#8691,#8695);
#8691 = B_SPLINE_CURVE_WITH_KNOTS('',2,(#8692,#8693,#8694),
  .UNSPECIFIED.,.F.,.F.,(3,3),(0.,1.),.PIECEWISE_BEZIER_KNOTS.);
#8692 = CARTESIAN_POINT('',(-2.406300972093,6.956947674419,4.98));
#8693 = CARTESIAN_POINT('',(-2.406300972093,6.795719476744,4.98));
#8694 = CARTESIAN_POINT('',(-2.48925882093,6.647191133721,4.98));
#8695 = VECTOR('',#8696,1.);
#8696 = DIRECTION('',(-1.962471068511E-16,-4.440892098501E-16,-1.));
#8697 = ADVANCED_FACE('',(#8698),#8716,.T.);
#8698 = FACE_BOUND('',#8699,.T.);
#8699 = EDGE_LOOP('',(#8700,#8701,#8709,#8715));
#8700 = ORIENTED_EDGE('',*,*,#6823,.T.);
#8701 = ORIENTED_EDGE('',*,*,#8702,.T.);
#8702 = EDGE_CURVE('',#6811,#8703,#8705,.T.);
#8703 = VERTEX_POINT('',#8704);
#8704 = CARTESIAN_POINT('',(-2.488059693023,7.263815406977,5.18));
#8705 = LINE('',#8706,#8707);
#8706 = CARTESIAN_POINT('',(-2.488059693023,7.263815406977,4.98));
#8707 = VECTOR('',#8708,1.);
#8708 = DIRECTION('',(1.962471068511E-16,4.440892098501E-16,1.));
#8709 = ORIENTED_EDGE('',*,*,#8710,.T.);
#8710 = EDGE_CURVE('',#8703,#8677,#8711,.T.);
#8711 = B_SPLINE_CURVE_WITH_KNOTS('',2,(#8712,#8713,#8714),
  .UNSPECIFIED.,.F.,.F.,(3,3),(0.,1.),.PIECEWISE_BEZIER_KNOTS.);
#8712 = CARTESIAN_POINT('',(-2.488059693023,7.263815406977,5.18));
#8713 = CARTESIAN_POINT('',(-2.406300972093,7.11648619186,5.18));
#8714 = CARTESIAN_POINT('',(-2.406300972093,6.956947674419,5.18));
#8715 = ORIENTED_EDGE('',*,*,#8676,.F.);
#8716 = SURFACE_OF_LINEAR_EXTRUSION('',#8717,#8721);
#8717 = B_SPLINE_CURVE_WITH_KNOTS('',2,(#8718,#8719,#8720),
  .UNSPECIFIED.,.F.,.F.,(3,3),(0.,1.),.PIECEWISE_BEZIER_KNOTS.);
#8718 = CARTESIAN_POINT('',(-2.488059693023,7.263815406977,4.98));
#8719 = CARTESIAN_POINT('',(-2.406300972093,7.11648619186,4.98));
#8720 = CARTESIAN_POINT('',(-2.406300972093,6.956947674419,4.98));
#8721 = VECTOR('',#8722,1.);
#8722 = DIRECTION('',(-1.962471068511E-16,-4.440892098501E-16,-1.));
#8723 = ADVANCED_FACE('',(#8724),#8742,.T.);
#8724 = FACE_BOUND('',#8725,.T.);
#8725 = EDGE_LOOP('',(#8726,#8727,#8735,#8741));
#8726 = ORIENTED_EDGE('',*,*,#6810,.T.);
#8727 = ORIENTED_EDGE('',*,*,#8728,.T.);
#8728 = EDGE_CURVE('',#6798,#8729,#8731,.T.);
#8729 = VERTEX_POINT('',#8730);
#8730 = CARTESIAN_POINT('',(-2.716548065116,7.492521802326,5.18));
#8731 = LINE('',#8732,#8733);
#8732 = CARTESIAN_POINT('',(-2.716548065116,7.492521802326,4.98));
#8733 = VECTOR('',#8734,1.);
#8734 = DIRECTION('',(1.962471068511E-16,4.440892098501E-16,1.));
#8735 = ORIENTED_EDGE('',*,*,#8736,.T.);
#8736 = EDGE_CURVE('',#8729,#8703,#8737,.T.);
#8737 = B_SPLINE_CURVE_WITH_KNOTS('',2,(#8738,#8739,#8740),
  .UNSPECIFIED.,.F.,.F.,(3,3),(0.,1.),.PIECEWISE_BEZIER_KNOTS.);
#8738 = CARTESIAN_POINT('',(-2.716548065116,7.492521802326,5.18));
#8739 = CARTESIAN_POINT('',(-2.569818413953,7.411090116279,5.18));
#8740 = CARTESIAN_POINT('',(-2.488059693023,7.263815406977,5.18));
#8741 = ORIENTED_EDGE('',*,*,#8702,.F.);
#8742 = SURFACE_OF_LINEAR_EXTRUSION('',#8743,#8747);
#8743 = B_SPLINE_CURVE_WITH_KNOTS('',2,(#8744,#8745,#8746),
  .UNSPECIFIED.,.F.,.F.,(3,3),(0.,1.),.PIECEWISE_BEZIER_KNOTS.);
#8744 = CARTESIAN_POINT('',(-2.716548065116,7.492521802326,4.98));
#8745 = CARTESIAN_POINT('',(-2.569818413953,7.411090116279,4.98));
#8746 = CARTESIAN_POINT('',(-2.488059693023,7.263815406977,4.98));
#8747 = VECTOR('',#8748,1.);
#8748 = DIRECTION('',(-1.962471068511E-16,-4.440892098501E-16,-1.));
#8749 = ADVANCED_FACE('',(#8750),#8768,.T.);
#8750 = FACE_BOUND('',#8751,.T.);
#8751 = EDGE_LOOP('',(#8752,#8753,#8761,#8767));
#8752 = ORIENTED_EDGE('',*,*,#6797,.T.);
#8753 = ORIENTED_EDGE('',*,*,#8754,.T.);
#8754 = EDGE_CURVE('',#6785,#8755,#8757,.T.);
#8755 = VERTEX_POINT('',#8756);
#8756 = CARTESIAN_POINT('',(-3.023579315116,7.573953488372,5.18));
#8757 = LINE('',#8758,#8759);
#8758 = CARTESIAN_POINT('',(-3.023579315116,7.573953488372,4.98));
#8759 = VECTOR('',#8760,1.);
#8760 = DIRECTION('',(1.962471068511E-16,4.440892098501E-16,1.));
#8761 = ORIENTED_EDGE('',*,*,#8762,.T.);
#8762 = EDGE_CURVE('',#8755,#8729,#8763,.T.);
#8763 = B_SPLINE_CURVE_WITH_KNOTS('',2,(#8764,#8765,#8766),
  .UNSPECIFIED.,.F.,.F.,(3,3),(0.,1.),.PIECEWISE_BEZIER_KNOTS.);
#8764 = CARTESIAN_POINT('',(-3.023579315116,7.573953488372,5.18));
#8765 = CARTESIAN_POINT('',(-2.863332222093,7.573953488372,5.18));
#8766 = CARTESIAN_POINT('',(-2.716548065116,7.492521802326,5.18));
#8767 = ORIENTED_EDGE('',*,*,#8728,.F.);
#8768 = SURFACE_OF_LINEAR_EXTRUSION('',#8769,#8773);
#8769 = B_SPLINE_CURVE_WITH_KNOTS('',2,(#8770,#8771,#8772),
  .UNSPECIFIED.,.F.,.F.,(3,3),(0.,1.),.PIECEWISE_BEZIER_KNOTS.);
#8770 = CARTESIAN_POINT('',(-3.023579315116,7.573953488372,4.98));
#8771 = CARTESIAN_POINT('',(-2.863332222093,7.573953488372,4.98));
#8772 = CARTESIAN_POINT('',(-2.716548065116,7.492521802326,4.98));
#8773 = VECTOR('',#8774,1.);
#8774 = DIRECTION('',(-1.962471068511E-16,-4.440892098501E-16,-1.));
#8775 = ADVANCED_FACE('',(#8776),#8794,.T.);
#8776 = FACE_BOUND('',#8777,.T.);
#8777 = EDGE_LOOP('',(#8778,#8779,#8787,#8793));
#8778 = ORIENTED_EDGE('',*,*,#6784,.T.);
#8779 = ORIENTED_EDGE('',*,*,#8780,.T.);
#8780 = EDGE_CURVE('',#6772,#8781,#8783,.T.);
#8781 = VERTEX_POINT('',#8782);
#8782 = CARTESIAN_POINT('',(-3.330556059302,7.492521802326,5.18));
#8783 = LINE('',#8784,#8785);
#8784 = CARTESIAN_POINT('',(-3.330556059302,7.492521802326,4.98));
#8785 = VECTOR('',#8786,1.);
#8786 = DIRECTION('',(1.962471068511E-16,4.440892098501E-16,1.));
#8787 = ORIENTED_EDGE('',*,*,#8788,.T.);
#8788 = EDGE_CURVE('',#8781,#8755,#8789,.T.);
#8789 = B_SPLINE_CURVE_WITH_KNOTS('',2,(#8790,#8791,#8792),
  .UNSPECIFIED.,.F.,.F.,(3,3),(0.,1.),.PIECEWISE_BEZIER_KNOTS.);
#8790 = CARTESIAN_POINT('',(-3.330556059302,7.492521802326,5.18));
#8791 = CARTESIAN_POINT('',(-3.18382640814,7.573953488372,5.18));
#8792 = CARTESIAN_POINT('',(-3.023579315116,7.573953488372,5.18));
#8793 = ORIENTED_EDGE('',*,*,#8754,.F.);
#8794 = SURFACE_OF_LINEAR_EXTRUSION('',#8795,#8799);
#8795 = B_SPLINE_CURVE_WITH_KNOTS('',2,(#8796,#8797,#8798),
  .UNSPECIFIED.,.F.,.F.,(3,3),(0.,1.),.PIECEWISE_BEZIER_KNOTS.);
#8796 = CARTESIAN_POINT('',(-3.330556059302,7.492521802326,4.98));
#8797 = CARTESIAN_POINT('',(-3.18382640814,7.573953488372,4.98));
#8798 = CARTESIAN_POINT('',(-3.023579315116,7.573953488372,4.98));
#8799 = VECTOR('',#8800,1.);
#8800 = DIRECTION('',(-1.962471068511E-16,-4.440892098501E-16,-1.));
#8801 = ADVANCED_FACE('',(#8802),#8820,.T.);
#8802 = FACE_BOUND('',#8803,.T.);
#8803 = EDGE_LOOP('',(#8804,#8805,#8813,#8819));
#8804 = ORIENTED_EDGE('',*,*,#6771,.T.);
#8805 = ORIENTED_EDGE('',*,*,#8806,.T.);
#8806 = EDGE_CURVE('',#6759,#8807,#8809,.T.);
#8807 = VERTEX_POINT('',#8808);
#8808 = CARTESIAN_POINT('',(-3.558662890698,7.263815406977,5.18));
#8809 = LINE('',#8810,#8811);
#8810 = CARTESIAN_POINT('',(-3.558662890698,7.263815406977,4.98));
#8811 = VECTOR('',#8812,1.);
#8812 = DIRECTION('',(1.962471068511E-16,4.440892098501E-16,1.));
#8813 = ORIENTED_EDGE('',*,*,#8814,.T.);
#8814 = EDGE_CURVE('',#8807,#8781,#8815,.T.);
#8815 = B_SPLINE_CURVE_WITH_KNOTS('',2,(#8816,#8817,#8818),
  .UNSPECIFIED.,.F.,.F.,(3,3),(0.,1.),.PIECEWISE_BEZIER_KNOTS.);
#8816 = CARTESIAN_POINT('',(-3.558662890698,7.263815406977,5.18));
#8817 = CARTESIAN_POINT('',(-3.477340216279,7.411090116279,5.18));
#8818 = CARTESIAN_POINT('',(-3.330556059302,7.492521802326,5.18));
#8819 = ORIENTED_EDGE('',*,*,#8780,.F.);
#8820 = SURFACE_OF_LINEAR_EXTRUSION('',#8821,#8825);
#8821 = B_SPLINE_CURVE_WITH_KNOTS('',2,(#8822,#8823,#8824),
  .UNSPECIFIED.,.F.,.F.,(3,3),(0.,1.),.PIECEWISE_BEZIER_KNOTS.);
#8822 = CARTESIAN_POINT('',(-3.558662890698,7.263815406977,4.98));
#8823 = CARTESIAN_POINT('',(-3.477340216279,7.411090116279,4.98));
#8824 = CARTESIAN_POINT('',(-3.330556059302,7.492521802326,4.98));
#8825 = VECTOR('',#8826,1.);
#8826 = DIRECTION('',(-1.962471068511E-16,-4.440892098501E-16,-1.));
#8827 = ADVANCED_FACE('',(#8828),#8846,.T.);
#8828 = FACE_BOUND('',#8829,.T.);
#8829 = EDGE_LOOP('',(#8830,#8831,#8839,#8845));
#8830 = ORIENTED_EDGE('',*,*,#6758,.T.);
#8831 = ORIENTED_EDGE('',*,*,#8832,.T.);
#8832 = EDGE_CURVE('',#6746,#8833,#8835,.T.);
#8833 = VERTEX_POINT('',#8834);
#8834 = CARTESIAN_POINT('',(-3.64004007093,6.956947674419,5.18));
#8835 = LINE('',#8836,#8837);
#8836 = CARTESIAN_POINT('',(-3.64004007093,6.956947674419,4.98));
#8837 = VECTOR('',#8838,1.);
#8838 = DIRECTION('',(1.962471068511E-16,4.440892098501E-16,1.));
#8839 = ORIENTED_EDGE('',*,*,#8840,.T.);
#8840 = EDGE_CURVE('',#8833,#8807,#8841,.T.);
#8841 = B_SPLINE_CURVE_WITH_KNOTS('',2,(#8842,#8843,#8844),
  .UNSPECIFIED.,.F.,.F.,(3,3),(0.,1.),.PIECEWISE_BEZIER_KNOTS.);
#8842 = CARTESIAN_POINT('',(-3.64004007093,6.956947674419,5.18));
#8843 = CARTESIAN_POINT('',(-3.64004007093,7.11648619186,5.18));
#8844 = CARTESIAN_POINT('',(-3.558662890698,7.263815406977,5.18));
#8845 = ORIENTED_EDGE('',*,*,#8806,.F.);
#8846 = SURFACE_OF_LINEAR_EXTRUSION('',#8847,#8851);
#8847 = B_SPLINE_CURVE_WITH_KNOTS('',2,(#8848,#8849,#8850),
  .UNSPECIFIED.,.F.,.F.,(3,3),(0.,1.),.PIECEWISE_BEZIER_KNOTS.);
#8848 = CARTESIAN_POINT('',(-3.64004007093,6.956947674419,4.98));
#8849 = CARTESIAN_POINT('',(-3.64004007093,7.11648619186,4.98));
#8850 = CARTESIAN_POINT('',(-3.558662890698,7.263815406977,4.98));
#8851 = VECTOR('',#8852,1.);
#8852 = DIRECTION('',(-1.962471068511E-16,-4.440892098501E-16,-1.));
#8853 = ADVANCED_FACE('',(#8854),#8872,.T.);
#8854 = FACE_BOUND('',#8855,.T.);
#8855 = EDGE_LOOP('',(#8856,#8857,#8865,#8871));
#8856 = ORIENTED_EDGE('',*,*,#6745,.T.);
#8857 = ORIENTED_EDGE('',*,*,#8858,.T.);
#8858 = EDGE_CURVE('',#6733,#8859,#8861,.T.);
#8859 = VERTEX_POINT('',#8860);
#8860 = CARTESIAN_POINT('',(-3.557463762791,6.647191133721,5.18));
#8861 = LINE('',#8862,#8863);
#8862 = CARTESIAN_POINT('',(-3.557463762791,6.647191133721,4.98));
#8863 = VECTOR('',#8864,1.);
#8864 = DIRECTION('',(1.962471068511E-16,4.440892098501E-16,1.));
#8865 = ORIENTED_EDGE('',*,*,#8866,.T.);
#8866 = EDGE_CURVE('',#8859,#8833,#8867,.T.);
#8867 = B_SPLINE_CURVE_WITH_KNOTS('',2,(#8868,#8869,#8870),
  .UNSPECIFIED.,.F.,.F.,(3,3),(0.,1.),.PIECEWISE_BEZIER_KNOTS.);
#8868 = CARTESIAN_POINT('',(-3.557463762791,6.647191133721,5.18));
#8869 = CARTESIAN_POINT('',(-3.64004007093,6.795719476744,5.18));
#8870 = CARTESIAN_POINT('',(-3.64004007093,6.956947674419,5.18));
#8871 = ORIENTED_EDGE('',*,*,#8832,.F.);
#8872 = SURFACE_OF_LINEAR_EXTRUSION('',#8873,#8877);
#8873 = B_SPLINE_CURVE_WITH_KNOTS('',2,(#8874,#8875,#8876),
  .UNSPECIFIED.,.F.,.F.,(3,3),(0.,1.),.PIECEWISE_BEZIER_KNOTS.);
#8874 = CARTESIAN_POINT('',(-3.557463762791,6.647191133721,4.98));
#8875 = CARTESIAN_POINT('',(-3.64004007093,6.795719476744,4.98));
#8876 = CARTESIAN_POINT('',(-3.64004007093,6.956947674419,4.98));
#8877 = VECTOR('',#8878,1.);
#8878 = DIRECTION('',(-1.962471068511E-16,-4.440892098501E-16,-1.));
#8879 = ADVANCED_FACE('',(#8880),#8891,.T.);
#8880 = FACE_BOUND('',#8881,.T.);
#8881 = EDGE_LOOP('',(#8882,#8883,#8884,#8890));
#8882 = ORIENTED_EDGE('',*,*,#6732,.T.);
#8883 = ORIENTED_EDGE('',*,*,#8607,.T.);
#8884 = ORIENTED_EDGE('',*,*,#8885,.T.);
#8885 = EDGE_CURVE('',#8600,#8859,#8886,.T.);
#8886 = B_SPLINE_CURVE_WITH_KNOTS('',2,(#8887,#8888,#8889),
  .UNSPECIFIED.,.F.,.F.,(3,3),(0.,1.),.PIECEWISE_BEZIER_KNOTS.);
#8887 = CARTESIAN_POINT('',(-3.326904169767,6.41886627907,5.18));
#8888 = CARTESIAN_POINT('',(-3.474887454651,6.498662790698,5.18));
#8889 = CARTESIAN_POINT('',(-3.557463762791,6.647191133721,5.18));
#8890 = ORIENTED_EDGE('',*,*,#8858,.F.);
#8891 = SURFACE_OF_LINEAR_EXTRUSION('',#8892,#8896);
#8892 = B_SPLINE_CURVE_WITH_KNOTS('',2,(#8893,#8894,#8895),
  .UNSPECIFIED.,.F.,.F.,(3,3),(0.,1.),.PIECEWISE_BEZIER_KNOTS.);
#8893 = CARTESIAN_POINT('',(-3.326904169767,6.41886627907,4.98));
#8894 = CARTESIAN_POINT('',(-3.474887454651,6.498662790698,4.98));
#8895 = CARTESIAN_POINT('',(-3.557463762791,6.647191133721,4.98));
#8896 = VECTOR('',#8897,1.);
#8897 = DIRECTION('',(-1.962471068511E-16,-4.440892098501E-16,-1.));
#8898 = ADVANCED_FACE('',(#8899),#8924,.T.);
#8899 = FACE_BOUND('',#8900,.T.);
#8900 = EDGE_LOOP('',(#8901,#8902,#8910,#8918));
#8901 = ORIENTED_EDGE('',*,*,#6873,.T.);
#8902 = ORIENTED_EDGE('',*,*,#8903,.T.);
#8903 = EDGE_CURVE('',#6876,#8904,#8906,.T.);
#8904 = VERTEX_POINT('',#8905);
#8905 = CARTESIAN_POINT('',(-1.154193413953,7.300334302326,5.18));
#8906 = LINE('',#8907,#8908);
#8907 = CARTESIAN_POINT('',(-1.154193413953,7.300334302326,4.98));
#8908 = VECTOR('',#8909,1.);
#8909 = DIRECTION('',(1.962471068511E-16,4.440892098501E-16,1.));
#8910 = ORIENTED_EDGE('',*,*,#8911,.T.);
#8911 = EDGE_CURVE('',#8904,#8912,#8914,.T.);
#8912 = VERTEX_POINT('',#8913);
#8913 = CARTESIAN_POINT('',(-1.299723937209,7.277441860465,5.18));
#8914 = LINE('',#8915,#8916);
#8915 = CARTESIAN_POINT('',(-1.154193413953,7.300334302326,5.18));
#8916 = VECTOR('',#8917,1.);
#8917 = DIRECTION('',(-0.987852796582,-0.155392574743,2.628714190582E-16
    ));
#8918 = ORIENTED_EDGE('',*,*,#8919,.F.);
#8919 = EDGE_CURVE('',#6874,#8912,#8920,.T.);
#8920 = LINE('',#8921,#8922);
#8921 = CARTESIAN_POINT('',(-1.299723937209,7.277441860465,4.98));
#8922 = VECTOR('',#8923,1.);
#8923 = DIRECTION('',(1.962471068511E-16,4.440892098501E-16,1.));
#8924 = PLANE('',#8925);
#8925 = AXIS2_PLACEMENT_3D('',#8926,#8927,#8928);
#8926 = CARTESIAN_POINT('',(-1.154193413953,7.300334302326,4.98));
#8927 = DIRECTION('',(0.155392574743,-0.987852796582,4.081994246627E-16)
  );
#8928 = DIRECTION('',(-0.987852796582,-0.155392574743,2.628714190582E-16
    ));
#8929 = ADVANCED_FACE('',(#8930),#8948,.T.);
#8930 = FACE_BOUND('',#8931,.T.);
#8931 = EDGE_LOOP('',(#8932,#8933,#8941,#8947));
#8932 = ORIENTED_EDGE('',*,*,#7235,.T.);
#8933 = ORIENTED_EDGE('',*,*,#8934,.T.);
#8934 = EDGE_CURVE('',#7225,#8935,#8937,.T.);
#8935 = VERTEX_POINT('',#8936);
#8936 = CARTESIAN_POINT('',(-1.267401989535,7.507565406977,5.18));
#8937 = LINE('',#8938,#8939);
#8938 = CARTESIAN_POINT('',(-1.267401989535,7.507565406977,4.98));
#8939 = VECTOR('',#8940,1.);
#8940 = DIRECTION('',(1.962471068511E-16,4.440892098501E-16,1.));
#8941 = ORIENTED_EDGE('',*,*,#8942,.T.);
#8942 = EDGE_CURVE('',#8935,#8904,#8943,.T.);
#8943 = B_SPLINE_CURVE_WITH_KNOTS('',2,(#8944,#8945,#8946),
  .UNSPECIFIED.,.F.,.F.,(3,3),(0.,1.),.PIECEWISE_BEZIER_KNOTS.);
#8944 = CARTESIAN_POINT('',(-1.267401989535,7.507565406977,5.18));
#8945 = CARTESIAN_POINT('',(-1.178721030233,7.437688953488,5.18));
#8946 = CARTESIAN_POINT('',(-1.154193413953,7.300334302326,5.18));
#8947 = ORIENTED_EDGE('',*,*,#8903,.F.);
#8948 = SURFACE_OF_LINEAR_EXTRUSION('',#8949,#8953);
#8949 = B_SPLINE_CURVE_WITH_KNOTS('',2,(#8950,#8951,#8952),
  .UNSPECIFIED.,.F.,.F.,(3,3),(0.,1.),.PIECEWISE_BEZIER_KNOTS.);
#8950 = CARTESIAN_POINT('',(-1.267401989535,7.507565406977,4.98));
#8951 = CARTESIAN_POINT('',(-1.178721030233,7.437688953488,4.98));
#8952 = CARTESIAN_POINT('',(-1.154193413953,7.300334302326,4.98));
#8953 = VECTOR('',#8954,1.);
#8954 = DIRECTION('',(-1.962471068511E-16,-4.440892098501E-16,-1.));
#8955 = ADVANCED_FACE('',(#8956),#8974,.T.);
#8956 = FACE_BOUND('',#8957,.T.);
#8957 = EDGE_LOOP('',(#8958,#8959,#8967,#8973));
#8958 = ORIENTED_EDGE('',*,*,#7224,.T.);
#8959 = ORIENTED_EDGE('',*,*,#8960,.T.);
#8960 = EDGE_CURVE('',#7215,#8961,#8963,.T.);
#8961 = VERTEX_POINT('',#8962);
#8962 = CARTESIAN_POINT('',(-1.525378006977,7.577441860465,5.18));
#8963 = LINE('',#8964,#8965);
#8964 = CARTESIAN_POINT('',(-1.525378006977,7.577441860465,4.98));
#8965 = VECTOR('',#8966,1.);
#8966 = DIRECTION('',(1.962471068511E-16,4.440892098501E-16,1.));
#8967 = ORIENTED_EDGE('',*,*,#8968,.T.);
#8968 = EDGE_CURVE('',#8961,#8935,#8969,.T.);
#8969 = B_SPLINE_CURVE_WITH_KNOTS('',2,(#8970,#8971,#8972),
  .UNSPECIFIED.,.F.,.F.,(3,3),(0.,1.),.PIECEWISE_BEZIER_KNOTS.);
#8970 = CARTESIAN_POINT('',(-1.525378006977,7.577441860465,5.18));
#8971 = CARTESIAN_POINT('',(-1.356137454651,7.577441860465,5.18));
#8972 = CARTESIAN_POINT('',(-1.267401989535,7.507565406977,5.18));
#8973 = ORIENTED_EDGE('',*,*,#8934,.F.);
#8974 = SURFACE_OF_LINEAR_EXTRUSION('',#8975,#8979);
#8975 = B_SPLINE_CURVE_WITH_KNOTS('',2,(#8976,#8977,#8978),
  .UNSPECIFIED.,.F.,.F.,(3,3),(0.,1.),.PIECEWISE_BEZIER_KNOTS.);
#8976 = CARTESIAN_POINT('',(-1.525378006977,7.577441860465,4.98));
#8977 = CARTESIAN_POINT('',(-1.356137454651,7.577441860465,4.98));
#8978 = CARTESIAN_POINT('',(-1.267401989535,7.507565406977,4.98));
#8979 = VECTOR('',#8980,1.);
#8980 = DIRECTION('',(-1.962471068511E-16,-4.440892098501E-16,-1.));
#8981 = ADVANCED_FACE('',(#8982),#9000,.T.);
#8982 = FACE_BOUND('',#8983,.T.);
#8983 = EDGE_LOOP('',(#8984,#8985,#8993,#8999));
#8984 = ORIENTED_EDGE('',*,*,#7214,.T.);
#8985 = ORIENTED_EDGE('',*,*,#8986,.T.);
#8986 = EDGE_CURVE('',#7205,#8987,#8989,.T.);
#8987 = VERTEX_POINT('',#8988);
#8988 = CARTESIAN_POINT('',(-1.70851754186,7.542067587209,5.18));
#8989 = LINE('',#8990,#8991);
#8990 = CARTESIAN_POINT('',(-1.70851754186,7.542067587209,4.98));
#8991 = VECTOR('',#8992,1.);
#8992 = DIRECTION('',(1.962471068511E-16,4.440892098501E-16,1.));
#8993 = ORIENTED_EDGE('',*,*,#8994,.T.);
#8994 = EDGE_CURVE('',#8987,#8961,#8995,.T.);
#8995 = B_SPLINE_CURVE_WITH_KNOTS('',2,(#8996,#8997,#8998),
  .UNSPECIFIED.,.F.,.F.,(3,3),(0.,1.),.PIECEWISE_BEZIER_KNOTS.);
#8996 = CARTESIAN_POINT('',(-1.70851754186,7.542067587209,5.18));
#8997 = CARTESIAN_POINT('',(-1.62757640814,7.577441860465,5.18));
#8998 = CARTESIAN_POINT('',(-1.525378006977,7.577441860465,5.18));
#8999 = ORIENTED_EDGE('',*,*,#8960,.F.);
#9000 = SURFACE_OF_LINEAR_EXTRUSION('',#9001,#9005);
#9001 = B_SPLINE_CURVE_WITH_KNOTS('',2,(#9002,#9003,#9004),
  .UNSPECIFIED.,.F.,.F.,(3,3),(0.,1.),.PIECEWISE_BEZIER_KNOTS.);
#9002 = CARTESIAN_POINT('',(-1.70851754186,7.542067587209,4.98));
#9003 = CARTESIAN_POINT('',(-1.62757640814,7.577441860465,4.98));
#9004 = CARTESIAN_POINT('',(-1.525378006977,7.577441860465,4.98));
#9005 = VECTOR('',#9006,1.);
#9006 = DIRECTION('',(-1.962471068511E-16,-4.440892098501E-16,-1.));
#9007 = ADVANCED_FACE('',(#9008),#9026,.T.);
#9008 = FACE_BOUND('',#9009,.T.);
#9009 = EDGE_LOOP('',(#9010,#9011,#9019,#9025));
#9010 = ORIENTED_EDGE('',*,*,#7204,.T.);
#9011 = ORIENTED_EDGE('',*,*,#9012,.T.);
#9012 = EDGE_CURVE('',#7192,#9013,#9015,.T.);
#9013 = VERTEX_POINT('',#9014);
#9014 = CARTESIAN_POINT('',(-1.832354751163,7.442103924419,5.18));
#9015 = LINE('',#9016,#9017);
#9016 = CARTESIAN_POINT('',(-1.832354751163,7.442103924419,4.98));
#9017 = VECTOR('',#9018,1.);
#9018 = DIRECTION('',(1.962471068511E-16,4.440892098501E-16,1.));
#9019 = ORIENTED_EDGE('',*,*,#9020,.T.);
#9020 = EDGE_CURVE('',#9013,#8987,#9021,.T.);
#9021 = B_SPLINE_CURVE_WITH_KNOTS('',2,(#9022,#9023,#9024),
  .UNSPECIFIED.,.F.,.F.,(3,3),(0.,1.),.PIECEWISE_BEZIER_KNOTS.);
#9022 = CARTESIAN_POINT('',(-1.832354751163,7.442103924419,5.18));
#9023 = CARTESIAN_POINT('',(-1.789458675581,7.506693313953,5.18));
#9024 = CARTESIAN_POINT('',(-1.70851754186,7.542067587209,5.18));
#9025 = ORIENTED_EDGE('',*,*,#8986,.F.);
#9026 = SURFACE_OF_LINEAR_EXTRUSION('',#9027,#9031);
#9027 = B_SPLINE_CURVE_WITH_KNOTS('',2,(#9028,#9029,#9030),
  .UNSPECIFIED.,.F.,.F.,(3,3),(0.,1.),.PIECEWISE_BEZIER_KNOTS.);
#9028 = CARTESIAN_POINT('',(-1.832354751163,7.442103924419,4.98));
#9029 = CARTESIAN_POINT('',(-1.789458675581,7.506693313953,4.98));
#9030 = CARTESIAN_POINT('',(-1.70851754186,7.542067587209,4.98));
#9031 = VECTOR('',#9032,1.);
#9032 = DIRECTION('',(-1.962471068511E-16,-4.440892098501E-16,-1.));
#9033 = ADVANCED_FACE('',(#9034),#9052,.T.);
#9034 = FACE_BOUND('',#9035,.T.);
#9035 = EDGE_LOOP('',(#9036,#9037,#9045,#9051));
#9036 = ORIENTED_EDGE('',*,*,#7191,.T.);
#9037 = ORIENTED_EDGE('',*,*,#9038,.T.);
#9038 = EDGE_CURVE('',#7182,#9039,#9041,.T.);
#9039 = VERTEX_POINT('',#9040);
#9040 = CARTESIAN_POINT('',(-1.875305332558,7.304313226744,5.18));
#9041 = LINE('',#9042,#9043);
#9042 = CARTESIAN_POINT('',(-1.875305332558,7.304313226744,4.98));
#9043 = VECTOR('',#9044,1.);
#9044 = DIRECTION('',(1.962471068511E-16,4.440892098501E-16,1.));
#9045 = ORIENTED_EDGE('',*,*,#9046,.T.);
#9046 = EDGE_CURVE('',#9039,#9013,#9047,.T.);
#9047 = B_SPLINE_CURVE_WITH_KNOTS('',2,(#9048,#9049,#9050),
  .UNSPECIFIED.,.F.,.F.,(3,3),(0.,1.),.PIECEWISE_BEZIER_KNOTS.);
#9048 = CARTESIAN_POINT('',(-1.875305332558,7.304313226744,5.18));
#9049 = CARTESIAN_POINT('',(-1.875305332558,7.37746002907,5.18));
#9050 = CARTESIAN_POINT('',(-1.832354751163,7.442103924419,5.18));
#9051 = ORIENTED_EDGE('',*,*,#9012,.F.);
#9052 = SURFACE_OF_LINEAR_EXTRUSION('',#9053,#9057);
#9053 = B_SPLINE_CURVE_WITH_KNOTS('',2,(#9054,#9055,#9056),
  .UNSPECIFIED.,.F.,.F.,(3,3),(0.,1.),.PIECEWISE_BEZIER_KNOTS.);
#9054 = CARTESIAN_POINT('',(-1.875305332558,7.304313226744,4.98));
#9055 = CARTESIAN_POINT('',(-1.875305332558,7.37746002907,4.98));
#9056 = CARTESIAN_POINT('',(-1.832354751163,7.442103924419,4.98));
#9057 = VECTOR('',#9058,1.);
#9058 = DIRECTION('',(-1.962471068511E-16,-4.440892098501E-16,-1.));
#9059 = ADVANCED_FACE('',(#9060),#9078,.T.);
#9060 = FACE_BOUND('',#9061,.T.);
#9061 = EDGE_LOOP('',(#9062,#9063,#9071,#9077));
#9062 = ORIENTED_EDGE('',*,*,#7181,.T.);
#9063 = ORIENTED_EDGE('',*,*,#9064,.T.);
#9064 = EDGE_CURVE('',#7169,#9065,#9067,.T.);
#9065 = VERTEX_POINT('',#9066);
#9066 = CARTESIAN_POINT('',(-1.840149082558,7.179113372093,5.18));
#9067 = LINE('',#9068,#9069);
#9068 = CARTESIAN_POINT('',(-1.840149082558,7.179113372093,4.98));
#9069 = VECTOR('',#9070,1.);
#9070 = DIRECTION('',(1.962471068511E-16,4.440892098501E-16,1.));
#9071 = ORIENTED_EDGE('',*,*,#9072,.T.);
#9072 = EDGE_CURVE('',#9065,#9039,#9073,.T.);
#9073 = B_SPLINE_CURVE_WITH_KNOTS('',2,(#9074,#9075,#9076),
  .UNSPECIFIED.,.F.,.F.,(3,3),(0.,1.),.PIECEWISE_BEZIER_KNOTS.);
#9074 = CARTESIAN_POINT('',(-1.840149082558,7.179113372093,5.18));
#9075 = CARTESIAN_POINT('',(-1.875305332558,7.22953125,5.18));
#9076 = CARTESIAN_POINT('',(-1.875305332558,7.304313226744,5.18));
#9077 = ORIENTED_EDGE('',*,*,#9038,.F.);
#9078 = SURFACE_OF_LINEAR_EXTRUSION('',#9079,#9083);
#9079 = B_SPLINE_CURVE_WITH_KNOTS('',2,(#9080,#9081,#9082),
  .UNSPECIFIED.,.F.,.F.,(3,3),(0.,1.),.PIECEWISE_BEZIER_KNOTS.);
#9080 = CARTESIAN_POINT('',(-1.840149082558,7.179113372093,4.98));
#9081 = CARTESIAN_POINT('',(-1.875305332558,7.22953125,4.98));
#9082 = CARTESIAN_POINT('',(-1.875305332558,7.304313226744,4.98));
#9083 = VECTOR('',#9084,1.);
#9084 = DIRECTION('',(-1.962471068511E-16,-4.440892098501E-16,-1.));
#9085 = ADVANCED_FACE('',(#9086),#9104,.T.);
#9086 = FACE_BOUND('',#9087,.T.);
#9087 = EDGE_LOOP('',(#9088,#9089,#9097,#9103));
#9088 = ORIENTED_EDGE('',*,*,#7168,.T.);
#9089 = ORIENTED_EDGE('',*,*,#9090,.T.);
#9090 = EDGE_CURVE('',#7158,#9091,#9093,.T.);
#9091 = VERTEX_POINT('',#9092);
#9092 = CARTESIAN_POINT('',(-1.743237745349,7.102314680233,5.18));
#9093 = LINE('',#9094,#9095);
#9094 = CARTESIAN_POINT('',(-1.743237745349,7.102314680233,4.98));
#9095 = VECTOR('',#9096,1.);
#9096 = DIRECTION('',(1.962471068511E-16,4.440892098501E-16,1.));
#9097 = ORIENTED_EDGE('',*,*,#9098,.T.);
#9098 = EDGE_CURVE('',#9091,#9065,#9099,.T.);
#9099 = B_SPLINE_CURVE_WITH_KNOTS('',2,(#9100,#9101,#9102),
  .UNSPECIFIED.,.F.,.F.,(3,3),(0.,1.),.PIECEWISE_BEZIER_KNOTS.);
#9100 = CARTESIAN_POINT('',(-1.743237745349,7.102314680233,5.18));
#9101 = CARTESIAN_POINT('',(-1.804992832558,7.128695494186,5.18));
#9102 = CARTESIAN_POINT('',(-1.840149082558,7.179113372093,5.18));
#9103 = ORIENTED_EDGE('',*,*,#9064,.F.);
#9104 = SURFACE_OF_LINEAR_EXTRUSION('',#9105,#9109);
#9105 = B_SPLINE_CURVE_WITH_KNOTS('',2,(#9106,#9107,#9108),
  .UNSPECIFIED.,.F.,.F.,(3,3),(0.,1.),.PIECEWISE_BEZIER_KNOTS.);
#9106 = CARTESIAN_POINT('',(-1.743237745349,7.102314680233,4.98));
#9107 = CARTESIAN_POINT('',(-1.804992832558,7.128695494186,4.98));
#9108 = CARTESIAN_POINT('',(-1.840149082558,7.179113372093,4.98));
#9109 = VECTOR('',#9110,1.);
#9110 = DIRECTION('',(-1.962471068511E-16,-4.440892098501E-16,-1.));
#9111 = ADVANCED_FACE('',(#9112),#9130,.T.);
#9112 = FACE_BOUND('',#9113,.T.);
#9113 = EDGE_LOOP('',(#9114,#9115,#9123,#9129));
#9114 = ORIENTED_EDGE('',*,*,#7157,.T.);
#9115 = ORIENTED_EDGE('',*,*,#9116,.T.);
#9116 = EDGE_CURVE('',#7147,#9117,#9119,.T.);
#9117 = VERTEX_POINT('',#9118);
#9118 = CARTESIAN_POINT('',(-1.525378006977,7.034400436047,5.18));
#9119 = LINE('',#9120,#9121);
#9120 = CARTESIAN_POINT('',(-1.525378006977,7.034400436047,4.98));
#9121 = VECTOR('',#9122,1.);
#9122 = DIRECTION('',(1.962471068511E-16,4.440892098501E-16,1.));
#9123 = ORIENTED_EDGE('',*,*,#9124,.T.);
#9124 = EDGE_CURVE('',#9117,#9091,#9125,.T.);
#9125 = B_SPLINE_CURVE_WITH_KNOTS('',2,(#9126,#9127,#9128),
  .UNSPECIFIED.,.F.,.F.,(3,3),(0.,1.),.PIECEWISE_BEZIER_KNOTS.);
#9126 = CARTESIAN_POINT('',(-1.525378006977,7.034400436047,5.18));
#9127 = CARTESIAN_POINT('',(-1.681537163953,7.075879360465,5.18));
#9128 = CARTESIAN_POINT('',(-1.743237745349,7.102314680233,5.18));
#9129 = ORIENTED_EDGE('',*,*,#9090,.F.);
#9130 = SURFACE_OF_LINEAR_EXTRUSION('',#9131,#9135);
#9131 = B_SPLINE_CURVE_WITH_KNOTS('',2,(#9132,#9133,#9134),
  .UNSPECIFIED.,.F.,.F.,(3,3),(0.,1.),.PIECEWISE_BEZIER_KNOTS.);
#9132 = CARTESIAN_POINT('',(-1.525378006977,7.034400436047,4.98));
#9133 = CARTESIAN_POINT('',(-1.681537163953,7.075879360465,4.98));
#9134 = CARTESIAN_POINT('',(-1.743237745349,7.102314680233,4.98));
#9135 = VECTOR('',#9136,1.);
#9136 = DIRECTION('',(-1.962471068511E-16,-4.440892098501E-16,-1.));
#9137 = ADVANCED_FACE('',(#9138),#9156,.T.);
#9138 = FACE_BOUND('',#9139,.T.);
#9139 = EDGE_LOOP('',(#9140,#9141,#9149,#9155));
#9140 = ORIENTED_EDGE('',*,*,#7146,.T.);
#9141 = ORIENTED_EDGE('',*,*,#9142,.T.);
#9142 = EDGE_CURVE('',#7137,#9143,#9145,.T.);
#9143 = VERTEX_POINT('',#9144);
#9144 = CARTESIAN_POINT('',(-1.395381640698,6.99722747093,5.18));
#9145 = LINE('',#9146,#9147);
#9146 = CARTESIAN_POINT('',(-1.395381640698,6.99722747093,4.98));
#9147 = VECTOR('',#9148,1.);
#9148 = DIRECTION('',(1.962471068511E-16,4.440892098501E-16,1.));
#9149 = ORIENTED_EDGE('',*,*,#9150,.T.);
#9150 = EDGE_CURVE('',#9143,#9117,#9151,.T.);
#9151 = B_SPLINE_CURVE_WITH_KNOTS('',2,(#9152,#9153,#9154),
  .UNSPECIFIED.,.F.,.F.,(3,3),(0.,1.),.PIECEWISE_BEZIER_KNOTS.);
#9152 = CARTESIAN_POINT('',(-1.395381640698,6.99722747093,5.18));
#9153 = CARTESIAN_POINT('',(-1.417456495349,7.005294331395,5.18));
#9154 = CARTESIAN_POINT('',(-1.525378006977,7.034400436047,5.18));
#9155 = ORIENTED_EDGE('',*,*,#9116,.F.);
#9156 = SURFACE_OF_LINEAR_EXTRUSION('',#9157,#9161);
#9157 = B_SPLINE_CURVE_WITH_KNOTS('',2,(#9158,#9159,#9160),
  .UNSPECIFIED.,.F.,.F.,(3,3),(0.,1.),.PIECEWISE_BEZIER_KNOTS.);
#9158 = CARTESIAN_POINT('',(-1.395381640698,6.99722747093,4.98));
#9159 = CARTESIAN_POINT('',(-1.417456495349,7.005294331395,4.98));
#9160 = CARTESIAN_POINT('',(-1.525378006977,7.034400436047,4.98));
#9161 = VECTOR('',#9162,1.);
#9162 = DIRECTION('',(-1.962471068511E-16,-4.440892098501E-16,-1.));
#9163 = ADVANCED_FACE('',(#9164),#9182,.T.);
#9164 = FACE_BOUND('',#9165,.T.);
#9165 = EDGE_LOOP('',(#9166,#9167,#9175,#9181));
#9166 = ORIENTED_EDGE('',*,*,#7136,.T.);
#9167 = ORIENTED_EDGE('',*,*,#9168,.T.);
#9168 = EDGE_CURVE('',#7124,#9169,#9171,.T.);
#9169 = VERTEX_POINT('',#9170);
#9170 = CARTESIAN_POINT('',(-1.338968123256,6.958473837209,5.18));
#9171 = LINE('',#9172,#9173);
#9172 = CARTESIAN_POINT('',(-1.338968123256,6.958473837209,4.98));
#9173 = VECTOR('',#9174,1.);
#9174 = DIRECTION('',(1.962471068511E-16,4.440892098501E-16,1.));
#9175 = ORIENTED_EDGE('',*,*,#9176,.T.);
#9176 = EDGE_CURVE('',#9169,#9143,#9177,.T.);
#9177 = B_SPLINE_CURVE_WITH_KNOTS('',2,(#9178,#9179,#9180),
  .UNSPECIFIED.,.F.,.F.,(3,3),(0.,1.),.PIECEWISE_BEZIER_KNOTS.);
#9178 = CARTESIAN_POINT('',(-1.338968123256,6.958473837209,5.18));
#9179 = CARTESIAN_POINT('',(-1.35695504186,6.981911337209,5.18));
#9180 = CARTESIAN_POINT('',(-1.395381640698,6.99722747093,5.18));
#9181 = ORIENTED_EDGE('',*,*,#9142,.F.);
#9182 = SURFACE_OF_LINEAR_EXTRUSION('',#9183,#9187);
#9183 = B_SPLINE_CURVE_WITH_KNOTS('',2,(#9184,#9185,#9186),
  .UNSPECIFIED.,.F.,.F.,(3,3),(0.,1.),.PIECEWISE_BEZIER_KNOTS.);
#9184 = CARTESIAN_POINT('',(-1.338968123256,6.958473837209,4.98));
#9185 = CARTESIAN_POINT('',(-1.35695504186,6.981911337209,4.98));
#9186 = CARTESIAN_POINT('',(-1.395381640698,6.99722747093,4.98));
#9187 = VECTOR('',#9188,1.);
#9188 = DIRECTION('',(-1.962471068511E-16,-4.440892098501E-16,-1.));
#9189 = ADVANCED_FACE('',(#9190),#9208,.T.);
#9190 = FACE_BOUND('',#9191,.T.);
#9191 = EDGE_LOOP('',(#9192,#9193,#9201,#9207));
#9192 = ORIENTED_EDGE('',*,*,#7123,.T.);
#9193 = ORIENTED_EDGE('',*,*,#9194,.T.);
#9194 = EDGE_CURVE('',#7111,#9195,#9197,.T.);
#9195 = VERTEX_POINT('',#9196);
#9196 = CARTESIAN_POINT('',(-1.320981204651,6.907565406977,5.18));
#9197 = LINE('',#9198,#9199);
#9198 = CARTESIAN_POINT('',(-1.320981204651,6.907565406977,4.98));
#9199 = VECTOR('',#9200,1.);
#9200 = DIRECTION('',(1.962471068511E-16,4.440892098501E-16,1.));
#9201 = ORIENTED_EDGE('',*,*,#9202,.T.);
#9202 = EDGE_CURVE('',#9195,#9169,#9203,.T.);
#9203 = B_SPLINE_CURVE_WITH_KNOTS('',2,(#9204,#9205,#9206),
  .UNSPECIFIED.,.F.,.F.,(3,3),(0.,1.),.PIECEWISE_BEZIER_KNOTS.);
#9204 = CARTESIAN_POINT('',(-1.320981204651,6.907565406977,5.18));
#9205 = CARTESIAN_POINT('',(-1.320981204651,6.935853924419,5.18));
#9206 = CARTESIAN_POINT('',(-1.338968123256,6.958473837209,5.18));
#9207 = ORIENTED_EDGE('',*,*,#9168,.F.);
#9208 = SURFACE_OF_LINEAR_EXTRUSION('',#9209,#9213);
#9209 = B_SPLINE_CURVE_WITH_KNOTS('',2,(#9210,#9211,#9212),
  .UNSPECIFIED.,.F.,.F.,(3,3),(0.,1.),.PIECEWISE_BEZIER_KNOTS.);
#9210 = CARTESIAN_POINT('',(-1.320981204651,6.907565406977,4.98));
#9211 = CARTESIAN_POINT('',(-1.320981204651,6.935853924419,4.98));
#9212 = CARTESIAN_POINT('',(-1.338968123256,6.958473837209,4.98));
#9213 = VECTOR('',#9214,1.);
#9214 = DIRECTION('',(-1.962471068511E-16,-4.440892098501E-16,-1.));
#9215 = ADVANCED_FACE('',(#9216),#9234,.T.);
#9216 = FACE_BOUND('',#9217,.T.);
#9217 = EDGE_LOOP('',(#9218,#9219,#9227,#9233));
#9218 = ORIENTED_EDGE('',*,*,#7110,.T.);
#9219 = ORIENTED_EDGE('',*,*,#9220,.T.);
#9220 = EDGE_CURVE('',#7100,#9221,#9223,.T.);
#9221 = VERTEX_POINT('',#9222);
#9222 = CARTESIAN_POINT('',(-1.364313326744,6.830058139535,5.18));
#9223 = LINE('',#9224,#9225);
#9224 = CARTESIAN_POINT('',(-1.364313326744,6.830058139535,4.98));
#9225 = VECTOR('',#9226,1.);
#9226 = DIRECTION('',(1.962471068511E-16,4.440892098501E-16,1.));
#9227 = ORIENTED_EDGE('',*,*,#9228,.T.);
#9228 = EDGE_CURVE('',#9221,#9195,#9229,.T.);
#9229 = B_SPLINE_CURVE_WITH_KNOTS('',2,(#9230,#9231,#9232),
  .UNSPECIFIED.,.F.,.F.,(3,3),(0.,1.),.PIECEWISE_BEZIER_KNOTS.);
#9230 = CARTESIAN_POINT('',(-1.364313326744,6.830058139535,5.18));
#9231 = CARTESIAN_POINT('',(-1.320981204651,6.863143168605,5.18));
#9232 = CARTESIAN_POINT('',(-1.320981204651,6.907565406977,5.18));
#9233 = ORIENTED_EDGE('',*,*,#9194,.F.);
#9234 = SURFACE_OF_LINEAR_EXTRUSION('',#9235,#9239);
#9235 = B_SPLINE_CURVE_WITH_KNOTS('',2,(#9236,#9237,#9238),
  .UNSPECIFIED.,.F.,.F.,(3,3),(0.,1.),.PIECEWISE_BEZIER_KNOTS.);
#9236 = CARTESIAN_POINT('',(-1.364313326744,6.830058139535,4.98));
#9237 = CARTESIAN_POINT('',(-1.320981204651,6.863143168605,4.98));
#9238 = CARTESIAN_POINT('',(-1.320981204651,6.907565406977,4.98));
#9239 = VECTOR('',#9240,1.);
#9240 = DIRECTION('',(-1.962471068511E-16,-4.440892098501E-16,-1.));
#9241 = ADVANCED_FACE('',(#9242),#9260,.T.);
#9242 = FACE_BOUND('',#9243,.T.);
#9243 = EDGE_LOOP('',(#9244,#9245,#9253,#9259));
#9244 = ORIENTED_EDGE('',*,*,#7099,.T.);
#9245 = ORIENTED_EDGE('',*,*,#9246,.T.);
#9246 = EDGE_CURVE('',#7090,#9247,#9249,.T.);
#9247 = VERTEX_POINT('',#9248);
#9248 = CARTESIAN_POINT('',(-1.509026262791,6.796918604651,5.18));
#9249 = LINE('',#9250,#9251);
#9250 = CARTESIAN_POINT('',(-1.509026262791,6.796918604651,4.98));
#9251 = VECTOR('',#9252,1.);
#9252 = DIRECTION('',(1.962471068511E-16,4.440892098501E-16,1.));
#9253 = ORIENTED_EDGE('',*,*,#9254,.T.);
#9254 = EDGE_CURVE('',#9247,#9221,#9255,.T.);
#9255 = B_SPLINE_CURVE_WITH_KNOTS('',2,(#9256,#9257,#9258),
  .UNSPECIFIED.,.F.,.F.,(3,3),(0.,1.),.PIECEWISE_BEZIER_KNOTS.);
#9256 = CARTESIAN_POINT('',(-1.509026262791,6.796918604651,5.18));
#9257 = CARTESIAN_POINT('',(-1.407645448837,6.796918604651,5.18));
#9258 = CARTESIAN_POINT('',(-1.364313326744,6.830058139535,5.18));
#9259 = ORIENTED_EDGE('',*,*,#9220,.F.);
#9260 = SURFACE_OF_LINEAR_EXTRUSION('',#9261,#9265);
#9261 = B_SPLINE_CURVE_WITH_KNOTS('',2,(#9262,#9263,#9264),
  .UNSPECIFIED.,.F.,.F.,(3,3),(0.,1.),.PIECEWISE_BEZIER_KNOTS.);
#9262 = CARTESIAN_POINT('',(-1.509026262791,6.796918604651,4.98));
#9263 = CARTESIAN_POINT('',(-1.407645448837,6.796918604651,4.98));
#9264 = CARTESIAN_POINT('',(-1.364313326744,6.830058139535,4.98));
#9265 = VECTOR('',#9266,1.);
#9266 = DIRECTION('',(-1.962471068511E-16,-4.440892098501E-16,-1.));
#9267 = ADVANCED_FACE('',(#9268),#9286,.T.);
#9268 = FACE_BOUND('',#9269,.T.);
#9269 = EDGE_LOOP('',(#9270,#9271,#9279,#9285));
#9270 = ORIENTED_EDGE('',*,*,#7089,.T.);
#9271 = ORIENTED_EDGE('',*,*,#9272,.T.);
#9272 = EDGE_CURVE('',#7077,#9273,#9275,.T.);
#9273 = VERTEX_POINT('',#9274);
#9274 = CARTESIAN_POINT('',(-1.641856931395,6.834527616279,5.18));
#9275 = LINE('',#9276,#9277);
#9276 = CARTESIAN_POINT('',(-1.641856931395,6.834527616279,4.98));
#9277 = VECTOR('',#9278,1.);
#9278 = DIRECTION('',(1.962471068511E-16,4.440892098501E-16,1.));
#9279 = ORIENTED_EDGE('',*,*,#9280,.T.);
#9280 = EDGE_CURVE('',#9273,#9247,#9281,.T.);
#9281 = B_SPLINE_CURVE_WITH_KNOTS('',2,(#9282,#9283,#9284),
  .UNSPECIFIED.,.F.,.F.,(3,3),(0.,1.),.PIECEWISE_BEZIER_KNOTS.);
#9282 = CARTESIAN_POINT('',(-1.641856931395,6.834527616279,5.18));
#9283 = CARTESIAN_POINT('',(-1.594872919767,6.796918604651,5.18));
#9284 = CARTESIAN_POINT('',(-1.509026262791,6.796918604651,5.18));
#9285 = ORIENTED_EDGE('',*,*,#9246,.F.);
#9286 = SURFACE_OF_LINEAR_EXTRUSION('',#9287,#9291);
#9287 = B_SPLINE_CURVE_WITH_KNOTS('',2,(#9288,#9289,#9290),
  .UNSPECIFIED.,.F.,.F.,(3,3),(0.,1.),.PIECEWISE_BEZIER_KNOTS.);
#9288 = CARTESIAN_POINT('',(-1.641856931395,6.834527616279,4.98));
#9289 = CARTESIAN_POINT('',(-1.594872919767,6.796918604651,4.98));
#9290 = CARTESIAN_POINT('',(-1.509026262791,6.796918604651,4.98));
#9291 = VECTOR('',#9292,1.);
#9292 = DIRECTION('',(-1.962471068511E-16,-4.440892098501E-16,-1.));
#9293 = ADVANCED_FACE('',(#9294),#9312,.T.);
#9294 = FACE_BOUND('',#9295,.T.);
#9295 = EDGE_LOOP('',(#9296,#9297,#9305,#9311));
#9296 = ORIENTED_EDGE('',*,*,#7076,.T.);
#9297 = ORIENTED_EDGE('',*,*,#9298,.T.);
#9298 = EDGE_CURVE('',#7069,#9299,#9301,.T.);
#9299 = VERTEX_POINT('',#9300);
#9300 = CARTESIAN_POINT('',(-1.698706495349,6.939069767442,5.18));
#9301 = LINE('',#9302,#9303);
#9302 = CARTESIAN_POINT('',(-1.698706495349,6.939069767442,4.98));
#9303 = VECTOR('',#9304,1.);
#9304 = DIRECTION('',(1.962471068511E-16,4.440892098501E-16,1.));
#9305 = ORIENTED_EDGE('',*,*,#9306,.T.);
#9306 = EDGE_CURVE('',#9299,#9273,#9307,.T.);
#9307 = B_SPLINE_CURVE_WITH_KNOTS('',2,(#9308,#9309,#9310),
  .UNSPECIFIED.,.F.,.F.,(3,3),(0.,1.),.PIECEWISE_BEZIER_KNOTS.);
#9308 = CARTESIAN_POINT('',(-1.698706495349,6.939069767442,5.18));
#9309 = CARTESIAN_POINT('',(-1.688895448837,6.872082122093,5.18));
#9310 = CARTESIAN_POINT('',(-1.641856931395,6.834527616279,5.18));
#9311 = ORIENTED_EDGE('',*,*,#9272,.F.);
#9312 = SURFACE_OF_LINEAR_EXTRUSION('',#9313,#9317);
#9313 = B_SPLINE_CURVE_WITH_KNOTS('',2,(#9314,#9315,#9316),
  .UNSPECIFIED.,.F.,.F.,(3,3),(0.,1.),.PIECEWISE_BEZIER_KNOTS.);
#9314 = CARTESIAN_POINT('',(-1.698706495349,6.939069767442,4.98));
#9315 = CARTESIAN_POINT('',(-1.688895448837,6.872082122093,4.98));
#9316 = CARTESIAN_POINT('',(-1.641856931395,6.834527616279,4.98));
#9317 = VECTOR('',#9318,1.);
#9318 = DIRECTION('',(-1.962471068511E-16,-4.440892098501E-16,-1.));
#9319 = ADVANCED_FACE('',(#9320),#9338,.T.);
#9320 = FACE_BOUND('',#9321,.T.);
#9321 = EDGE_LOOP('',(#9322,#9323,#9331,#9337));
#9322 = ORIENTED_EDGE('',*,*,#7068,.T.);
#9323 = ORIENTED_EDGE('',*,*,#9324,.T.);
#9324 = EDGE_CURVE('',#7059,#9325,#9327,.T.);
#9325 = VERTEX_POINT('',#9326);
#9326 = CARTESIAN_POINT('',(-1.842601844186,6.919447674419,5.18));
#9327 = LINE('',#9328,#9329);
#9328 = CARTESIAN_POINT('',(-1.842601844186,6.919447674419,4.98));
#9329 = VECTOR('',#9330,1.);
#9330 = DIRECTION('',(1.962471068511E-16,4.440892098501E-16,1.));
#9331 = ORIENTED_EDGE('',*,*,#9332,.T.);
#9332 = EDGE_CURVE('',#9325,#9299,#9333,.T.);
#9333 = LINE('',#9334,#9335);
#9334 = CARTESIAN_POINT('',(-1.842601844186,6.919447674419,5.18));
#9335 = VECTOR('',#9336,1.);
#9336 = DIRECTION('',(0.990830168044,0.135113204733,-2.544498701898E-16)
  );
#9337 = ORIENTED_EDGE('',*,*,#9298,.F.);
#9338 = PLANE('',#9339);
#9339 = AXIS2_PLACEMENT_3D('',#9340,#9341,#9342);
#9340 = CARTESIAN_POINT('',(-1.842601844186,6.919447674419,4.98));
#9341 = DIRECTION('',(-0.135113204733,0.990830168044,-4.135014108961E-16
    ));
#9342 = DIRECTION('',(0.990830168044,0.135113204733,-2.544498701898E-16)
  );
#9343 = ADVANCED_FACE('',(#9344),#9362,.T.);
#9344 = FACE_BOUND('',#9345,.T.);
#9345 = EDGE_LOOP('',(#9346,#9347,#9355,#9361));
#9346 = ORIENTED_EDGE('',*,*,#7058,.T.);
#9347 = ORIENTED_EDGE('',*,*,#9348,.T.);
#9348 = EDGE_CURVE('',#7049,#9349,#9351,.T.);
#9349 = VERTEX_POINT('',#9350);
#9350 = CARTESIAN_POINT('',(-1.791911437209,6.78394622093,5.18));
#9351 = LINE('',#9352,#9353);
#9352 = CARTESIAN_POINT('',(-1.791911437209,6.78394622093,4.98));
#9353 = VECTOR('',#9354,1.);
#9354 = DIRECTION('',(1.962471068511E-16,4.440892098501E-16,1.));
#9355 = ORIENTED_EDGE('',*,*,#9356,.T.);
#9356 = EDGE_CURVE('',#9349,#9325,#9357,.T.);
#9357 = B_SPLINE_CURVE_WITH_KNOTS('',2,(#9358,#9359,#9360),
  .UNSPECIFIED.,.F.,.F.,(3,3),(0.,1.),.PIECEWISE_BEZIER_KNOTS.);
#9358 = CARTESIAN_POINT('',(-1.791911437209,6.78394622093,5.18));
#9359 = CARTESIAN_POINT('',(-1.828702861628,6.834582122093,5.18));
#9360 = CARTESIAN_POINT('',(-1.842601844186,6.919447674419,5.18));
#9361 = ORIENTED_EDGE('',*,*,#9324,.F.);
#9362 = SURFACE_OF_LINEAR_EXTRUSION('',#9363,#9367);
#9363 = B_SPLINE_CURVE_WITH_KNOTS('',2,(#9364,#9365,#9366),
  .UNSPECIFIED.,.F.,.F.,(3,3),(0.,1.),.PIECEWISE_BEZIER_KNOTS.);
#9364 = CARTESIAN_POINT('',(-1.791911437209,6.78394622093,4.98));
#9365 = CARTESIAN_POINT('',(-1.828702861628,6.834582122093,4.98));
#9366 = CARTESIAN_POINT('',(-1.842601844186,6.919447674419,4.98));
#9367 = VECTOR('',#9368,1.);
#9368 = DIRECTION('',(-1.962471068511E-16,-4.440892098501E-16,-1.));
#9369 = ADVANCED_FACE('',(#9370),#9388,.T.);
#9370 = FACE_BOUND('',#9371,.T.);
#9371 = EDGE_LOOP('',(#9372,#9373,#9381,#9387));
#9372 = ORIENTED_EDGE('',*,*,#7048,.T.);
#9373 = ORIENTED_EDGE('',*,*,#9374,.T.);
#9374 = EDGE_CURVE('',#7039,#9375,#9377,.T.);
#9375 = VERTEX_POINT('',#9376);
#9376 = CARTESIAN_POINT('',(-1.677830768605,6.703604651163,5.18));
#9377 = LINE('',#9378,#9379);
#9378 = CARTESIAN_POINT('',(-1.677830768605,6.703604651163,4.98));
#9379 = VECTOR('',#9380,1.);
#9380 = DIRECTION('',(1.962471068511E-16,4.440892098501E-16,1.));
#9381 = ORIENTED_EDGE('',*,*,#9382,.T.);
#9382 = EDGE_CURVE('',#9375,#9349,#9383,.T.);
#9383 = B_SPLINE_CURVE_WITH_KNOTS('',2,(#9384,#9385,#9386),
  .UNSPECIFIED.,.F.,.F.,(3,3),(0.,1.),.PIECEWISE_BEZIER_KNOTS.);
#9384 = CARTESIAN_POINT('',(-1.677830768605,6.703604651163,5.18));
#9385 = CARTESIAN_POINT('',(-1.755120012791,6.733255813953,5.18));
#9386 = CARTESIAN_POINT('',(-1.791911437209,6.78394622093,5.18));
#9387 = ORIENTED_EDGE('',*,*,#9348,.F.);
#9388 = SURFACE_OF_LINEAR_EXTRUSION('',#9389,#9393);
#9389 = B_SPLINE_CURVE_WITH_KNOTS('',2,(#9390,#9391,#9392),
  .UNSPECIFIED.,.F.,.F.,(3,3),(0.,1.),.PIECEWISE_BEZIER_KNOTS.);
#9390 = CARTESIAN_POINT('',(-1.677830768605,6.703604651163,4.98));
#9391 = CARTESIAN_POINT('',(-1.755120012791,6.733255813953,4.98));
#9392 = CARTESIAN_POINT('',(-1.791911437209,6.78394622093,4.98));
#9393 = VECTOR('',#9394,1.);
#9394 = DIRECTION('',(-1.962471068511E-16,-4.440892098501E-16,-1.));
#9395 = ADVANCED_FACE('',(#9396),#9414,.T.);
#9396 = FACE_BOUND('',#9397,.T.);
#9397 = EDGE_LOOP('',(#9398,#9399,#9407,#9413));
#9398 = ORIENTED_EDGE('',*,*,#7038,.T.);
#9399 = ORIENTED_EDGE('',*,*,#9400,.T.);
#9400 = EDGE_CURVE('',#7029,#9401,#9403,.T.);
#9401 = VERTEX_POINT('',#9402);
#9402 = CARTESIAN_POINT('',(-1.49839762907,6.673953488372,5.18));
#9403 = LINE('',#9404,#9405);
#9404 = CARTESIAN_POINT('',(-1.49839762907,6.673953488372,4.98));
#9405 = VECTOR('',#9406,1.);
#9406 = DIRECTION('',(1.962471068511E-16,4.440892098501E-16,1.));
#9407 = ORIENTED_EDGE('',*,*,#9408,.T.);
#9408 = EDGE_CURVE('',#9401,#9375,#9409,.T.);
#9409 = B_SPLINE_CURVE_WITH_KNOTS('',2,(#9410,#9411,#9412),
  .UNSPECIFIED.,.F.,.F.,(3,3),(0.,1.),.PIECEWISE_BEZIER_KNOTS.);
#9410 = CARTESIAN_POINT('',(-1.49839762907,6.673953488372,5.18));
#9411 = CARTESIAN_POINT('',(-1.600596030233,6.673953488372,5.18));
#9412 = CARTESIAN_POINT('',(-1.677830768605,6.703604651163,5.18));
#9413 = ORIENTED_EDGE('',*,*,#9374,.F.);
#9414 = SURFACE_OF_LINEAR_EXTRUSION('',#9415,#9419);
#9415 = B_SPLINE_CURVE_WITH_KNOTS('',2,(#9416,#9417,#9418),
  .UNSPECIFIED.,.F.,.F.,(3,3),(0.,1.),.PIECEWISE_BEZIER_KNOTS.);
#9416 = CARTESIAN_POINT('',(-1.49839762907,6.673953488372,4.98));
#9417 = CARTESIAN_POINT('',(-1.600596030233,6.673953488372,4.98));
#9418 = CARTESIAN_POINT('',(-1.677830768605,6.703604651163,4.98));
#9419 = VECTOR('',#9420,1.);
#9420 = DIRECTION('',(-1.962471068511E-16,-4.440892098501E-16,-1.));
#9421 = ADVANCED_FACE('',(#9422),#9440,.T.);
#9422 = FACE_BOUND('',#9423,.T.);
#9423 = EDGE_LOOP('',(#9424,#9425,#9433,#9439));
#9424 = ORIENTED_EDGE('',*,*,#7028,.T.);
#9425 = ORIENTED_EDGE('',*,*,#9426,.T.);
#9426 = EDGE_CURVE('',#7019,#9427,#9429,.T.);
#9427 = VERTEX_POINT('',#9428);
#9428 = CARTESIAN_POINT('',(-1.371235565116,6.691504360465,5.18));
#9429 = LINE('',#9430,#9431);
#9430 = CARTESIAN_POINT('',(-1.371235565116,6.691504360465,4.98));
#9431 = VECTOR('',#9432,1.);
#9432 = DIRECTION('',(1.962471068511E-16,4.440892098501E-16,1.));
#9433 = ORIENTED_EDGE('',*,*,#9434,.T.);
#9434 = EDGE_CURVE('',#9427,#9401,#9435,.T.);
#9435 = B_SPLINE_CURVE_WITH_KNOTS('',2,(#9436,#9437,#9438),
  .UNSPECIFIED.,.F.,.F.,(3,3),(0.,1.),.PIECEWISE_BEZIER_KNOTS.);
#9436 = CARTESIAN_POINT('',(-1.371235565116,6.691504360465,5.18));
#9437 = CARTESIAN_POINT('',(-1.430537890698,6.673953488372,5.18));
#9438 = CARTESIAN_POINT('',(-1.49839762907,6.673953488372,5.18));
#9439 = ORIENTED_EDGE('',*,*,#9400,.F.);
#9440 = SURFACE_OF_LINEAR_EXTRUSION('',#9441,#9445);
#9441 = B_SPLINE_CURVE_WITH_KNOTS('',2,(#9442,#9443,#9444),
  .UNSPECIFIED.,.F.,.F.,(3,3),(0.,1.),.PIECEWISE_BEZIER_KNOTS.);
#9442 = CARTESIAN_POINT('',(-1.371235565116,6.691504360465,4.98));
#9443 = CARTESIAN_POINT('',(-1.430537890698,6.673953488372,4.98));
#9444 = CARTESIAN_POINT('',(-1.49839762907,6.673953488372,4.98));
#9445 = VECTOR('',#9446,1.);
#9446 = DIRECTION('',(-1.962471068511E-16,-4.440892098501E-16,-1.));
#9447 = ADVANCED_FACE('',(#9448),#9466,.T.);
#9448 = FACE_BOUND('',#9449,.T.);
#9449 = EDGE_LOOP('',(#9450,#9451,#9459,#9465));
#9450 = ORIENTED_EDGE('',*,*,#7018,.T.);
#9451 = ORIENTED_EDGE('',*,*,#9452,.T.);
#9452 = EDGE_CURVE('',#7006,#9453,#9455,.T.);
#9453 = VERTEX_POINT('',#9454);
#9454 = CARTESIAN_POINT('',(-1.277649082558,6.734345930233,5.18));
#9455 = LINE('',#9456,#9457);
#9456 = CARTESIAN_POINT('',(-1.277649082558,6.734345930233,4.98));
#9457 = VECTOR('',#9458,1.);
#9458 = DIRECTION('',(1.962471068511E-16,4.440892098501E-16,1.));
#9459 = ORIENTED_EDGE('',*,*,#9460,.T.);
#9460 = EDGE_CURVE('',#9453,#9427,#9461,.T.);
#9461 = B_SPLINE_CURVE_WITH_KNOTS('',2,(#9462,#9463,#9464),
  .UNSPECIFIED.,.F.,.F.,(3,3),(0.,1.),.PIECEWISE_BEZIER_KNOTS.);
#9462 = CARTESIAN_POINT('',(-1.277649082558,6.734345930233,5.18));
#9463 = CARTESIAN_POINT('',(-1.311987745349,6.709055232558,5.18));
#9464 = CARTESIAN_POINT('',(-1.371235565116,6.691504360465,5.18));
#9465 = ORIENTED_EDGE('',*,*,#9426,.F.);
#9466 = SURFACE_OF_LINEAR_EXTRUSION('',#9467,#9471);
#9467 = B_SPLINE_CURVE_WITH_KNOTS('',2,(#9468,#9469,#9470),
  .UNSPECIFIED.,.F.,.F.,(3,3),(0.,1.),.PIECEWISE_BEZIER_KNOTS.);
#9468 = CARTESIAN_POINT('',(-1.277649082558,6.734345930233,4.98));
#9469 = CARTESIAN_POINT('',(-1.311987745349,6.709055232558,4.98));
#9470 = CARTESIAN_POINT('',(-1.371235565116,6.691504360465,4.98));
#9471 = VECTOR('',#9472,1.);
#9472 = DIRECTION('',(-1.962471068511E-16,-4.440892098501E-16,-1.));
#9473 = ADVANCED_FACE('',(#9474),#9492,.T.);
#9474 = FACE_BOUND('',#9475,.T.);
#9475 = EDGE_LOOP('',(#9476,#9477,#9485,#9491));
#9476 = ORIENTED_EDGE('',*,*,#7005,.T.);
#9477 = ORIENTED_EDGE('',*,*,#9478,.T.);
#9478 = EDGE_CURVE('',#6993,#9479,#9481,.T.);
#9479 = VERTEX_POINT('',#9480);
#9480 = CARTESIAN_POINT('',(-1.205265361628,6.816377180233,5.18));
#9481 = LINE('',#9482,#9483);
#9482 = CARTESIAN_POINT('',(-1.205265361628,6.816377180233,4.98));
#9483 = VECTOR('',#9484,1.);
#9484 = DIRECTION('',(1.962471068511E-16,4.440892098501E-16,1.));
#9485 = ORIENTED_EDGE('',*,*,#9486,.T.);
#9486 = EDGE_CURVE('',#9479,#9453,#9487,.T.);
#9487 = B_SPLINE_CURVE_WITH_KNOTS('',2,(#9488,#9489,#9490),
  .UNSPECIFIED.,.F.,.F.,(3,3),(0.,1.),.PIECEWISE_BEZIER_KNOTS.);
#9488 = CARTESIAN_POINT('',(-1.205265361628,6.816377180233,5.18));
#9489 = CARTESIAN_POINT('',(-1.231864198837,6.766994912791,5.18));
#9490 = CARTESIAN_POINT('',(-1.277649082558,6.734345930233,5.18));
#9491 = ORIENTED_EDGE('',*,*,#9452,.F.);
#9492 = SURFACE_OF_LINEAR_EXTRUSION('',#9493,#9497);
#9493 = B_SPLINE_CURVE_WITH_KNOTS('',2,(#9494,#9495,#9496),
  .UNSPECIFIED.,.F.,.F.,(3,3),(0.,1.),.PIECEWISE_BEZIER_KNOTS.);
#9494 = CARTESIAN_POINT('',(-1.205265361628,6.816377180233,4.98));
#9495 = CARTESIAN_POINT('',(-1.231864198837,6.766994912791,4.98));
#9496 = CARTESIAN_POINT('',(-1.277649082558,6.734345930233,4.98));
#9497 = VECTOR('',#9498,1.);
#9498 = DIRECTION('',(-1.962471068511E-16,-4.440892098501E-16,-1.));
#9499 = ADVANCED_FACE('',(#9500),#9518,.T.);
#9500 = FACE_BOUND('',#9501,.T.);
#9501 = EDGE_LOOP('',(#9502,#9503,#9511,#9517));
#9502 = ORIENTED_EDGE('',*,*,#6992,.T.);
#9503 = ORIENTED_EDGE('',*,*,#9504,.T.);
#9504 = EDGE_CURVE('',#6980,#9505,#9507,.T.);
#9505 = VERTEX_POINT('',#9506);
#9506 = CARTESIAN_POINT('',(-1.178721030233,6.923699127907,5.18));
#9507 = LINE('',#9508,#9509);
#9508 = CARTESIAN_POINT('',(-1.178721030233,6.923699127907,4.98));
#9509 = VECTOR('',#9510,1.);
#9510 = DIRECTION('',(1.962471068511E-16,4.440892098501E-16,1.));
#9511 = ORIENTED_EDGE('',*,*,#9512,.T.);
#9512 = EDGE_CURVE('',#9505,#9479,#9513,.T.);
#9513 = B_SPLINE_CURVE_WITH_KNOTS('',2,(#9514,#9515,#9516),
  .UNSPECIFIED.,.F.,.F.,(3,3),(0.,1.),.PIECEWISE_BEZIER_KNOTS.);
#9514 = CARTESIAN_POINT('',(-1.178721030233,6.923699127907,5.18));
#9515 = CARTESIAN_POINT('',(-1.178721030233,6.865759447674,5.18));
#9516 = CARTESIAN_POINT('',(-1.205265361628,6.816377180233,5.18));
#9517 = ORIENTED_EDGE('',*,*,#9478,.F.);
#9518 = SURFACE_OF_LINEAR_EXTRUSION('',#9519,#9523);
#9519 = B_SPLINE_CURVE_WITH_KNOTS('',2,(#9520,#9521,#9522),
  .UNSPECIFIED.,.F.,.F.,(3,3),(0.,1.),.PIECEWISE_BEZIER_KNOTS.);
#9520 = CARTESIAN_POINT('',(-1.178721030233,6.923699127907,4.98));
#9521 = CARTESIAN_POINT('',(-1.178721030233,6.865759447674,4.98));
#9522 = CARTESIAN_POINT('',(-1.205265361628,6.816377180233,4.98));
#9523 = VECTOR('',#9524,1.);
#9524 = DIRECTION('',(-1.962471068511E-16,-4.440892098501E-16,-1.));
#9525 = ADVANCED_FACE('',(#9526),#9544,.T.);
#9526 = FACE_BOUND('',#9527,.T.);
#9527 = EDGE_LOOP('',(#9528,#9529,#9537,#9543));
#9528 = ORIENTED_EDGE('',*,*,#6979,.T.);
#9529 = ORIENTED_EDGE('',*,*,#9530,.T.);
#9530 = EDGE_CURVE('',#6967,#9531,#9533,.T.);
#9531 = VERTEX_POINT('',#9532);
#9532 = CARTESIAN_POINT('',(-1.210988472093,7.040014534884,5.18));
#9533 = LINE('',#9534,#9535);
#9534 = CARTESIAN_POINT('',(-1.210988472093,7.040014534884,4.98));
#9535 = VECTOR('',#9536,1.);
#9536 = DIRECTION('',(1.962471068511E-16,4.440892098501E-16,1.));
#9537 = ORIENTED_EDGE('',*,*,#9538,.T.);
#9538 = EDGE_CURVE('',#9531,#9505,#9539,.T.);
#9539 = B_SPLINE_CURVE_WITH_KNOTS('',2,(#9540,#9541,#9542),
  .UNSPECIFIED.,.F.,.F.,(3,3),(0.,1.),.PIECEWISE_BEZIER_KNOTS.);
#9540 = CARTESIAN_POINT('',(-1.210988472093,7.040014534884,5.18));
#9541 = CARTESIAN_POINT('',(-1.178721030233,6.987361918605,5.18));
#9542 = CARTESIAN_POINT('',(-1.178721030233,6.923699127907,5.18));
#9543 = ORIENTED_EDGE('',*,*,#9504,.F.);
#9544 = SURFACE_OF_LINEAR_EXTRUSION('',#9545,#9549);
#9545 = B_SPLINE_CURVE_WITH_KNOTS('',2,(#9546,#9547,#9548),
  .UNSPECIFIED.,.F.,.F.,(3,3),(0.,1.),.PIECEWISE_BEZIER_KNOTS.);
#9546 = CARTESIAN_POINT('',(-1.210988472093,7.040014534884,4.98));
#9547 = CARTESIAN_POINT('',(-1.178721030233,6.987361918605,4.98));
#9548 = CARTESIAN_POINT('',(-1.178721030233,6.923699127907,4.98));
#9549 = VECTOR('',#9550,1.);
#9550 = DIRECTION('',(-1.962471068511E-16,-4.440892098501E-16,-1.));
#9551 = ADVANCED_FACE('',(#9552),#9570,.T.);
#9552 = FACE_BOUND('',#9553,.T.);
#9553 = EDGE_LOOP('',(#9554,#9555,#9563,#9569));
#9554 = ORIENTED_EDGE('',*,*,#6966,.T.);
#9555 = ORIENTED_EDGE('',*,*,#9556,.T.);
#9556 = EDGE_CURVE('',#6956,#9557,#9559,.T.);
#9557 = VERTEX_POINT('',#9558);
#9558 = CARTESIAN_POINT('',(-1.305828588372,7.122427325581,5.18));
#9559 = LINE('',#9560,#9561);
#9560 = CARTESIAN_POINT('',(-1.305828588372,7.122427325581,4.98));
#9561 = VECTOR('',#9562,1.);
#9562 = DIRECTION('',(1.962471068511E-16,4.440892098501E-16,1.));
#9563 = ORIENTED_EDGE('',*,*,#9564,.T.);
#9564 = EDGE_CURVE('',#9557,#9531,#9565,.T.);
#9565 = B_SPLINE_CURVE_WITH_KNOTS('',2,(#9566,#9567,#9568),
  .UNSPECIFIED.,.F.,.F.,(3,3),(0.,1.),.PIECEWISE_BEZIER_KNOTS.);
#9566 = CARTESIAN_POINT('',(-1.305828588372,7.122427325581,5.18));
#9567 = CARTESIAN_POINT('',(-1.243310419767,7.092612645349,5.18));
#9568 = CARTESIAN_POINT('',(-1.210988472093,7.040014534884,5.18));
#9569 = ORIENTED_EDGE('',*,*,#9530,.F.);
#9570 = SURFACE_OF_LINEAR_EXTRUSION('',#9571,#9575);
#9571 = B_SPLINE_CURVE_WITH_KNOTS('',2,(#9572,#9573,#9574),
  .UNSPECIFIED.,.F.,.F.,(3,3),(0.,1.),.PIECEWISE_BEZIER_KNOTS.);
#9572 = CARTESIAN_POINT('',(-1.305828588372,7.122427325581,4.98));
#9573 = CARTESIAN_POINT('',(-1.243310419767,7.092612645349,4.98));
#9574 = CARTESIAN_POINT('',(-1.210988472093,7.040014534884,4.98));
#9575 = VECTOR('',#9576,1.);
#9576 = DIRECTION('',(-1.962471068511E-16,-4.440892098501E-16,-1.));
#9577 = ADVANCED_FACE('',(#9578),#9596,.T.);
#9578 = FACE_BOUND('',#9579,.T.);
#9579 = EDGE_LOOP('',(#9580,#9581,#9589,#9595));
#9580 = ORIENTED_EDGE('',*,*,#6955,.T.);
#9581 = ORIENTED_EDGE('',*,*,#9582,.T.);
#9582 = EDGE_CURVE('',#6945,#9583,#9585,.T.);
#9583 = VERTEX_POINT('',#9584);
#9584 = CARTESIAN_POINT('',(-1.530283530233,7.193012354651,5.18));
#9585 = LINE('',#9586,#9587);
#9586 = CARTESIAN_POINT('',(-1.530283530233,7.193012354651,4.98));
#9587 = VECTOR('',#9588,1.);
#9588 = DIRECTION('',(1.962471068511E-16,4.440892098501E-16,1.));
#9589 = ORIENTED_EDGE('',*,*,#9590,.T.);
#9590 = EDGE_CURVE('',#9583,#9557,#9591,.T.);
#9591 = B_SPLINE_CURVE_WITH_KNOTS('',2,(#9592,#9593,#9594),
  .UNSPECIFIED.,.F.,.F.,(3,3),(0.,1.),.PIECEWISE_BEZIER_KNOTS.);
#9592 = CARTESIAN_POINT('',(-1.530283530233,7.193012354651,5.18));
#9593 = CARTESIAN_POINT('',(-1.368401262791,7.1521875,5.18));
#9594 = CARTESIAN_POINT('',(-1.305828588372,7.122427325581,5.18));
#9595 = ORIENTED_EDGE('',*,*,#9556,.F.);
#9596 = SURFACE_OF_LINEAR_EXTRUSION('',#9597,#9601);
#9597 = B_SPLINE_CURVE_WITH_KNOTS('',2,(#9598,#9599,#9600),
  .UNSPECIFIED.,.F.,.F.,(3,3),(0.,1.),.PIECEWISE_BEZIER_KNOTS.);
#9598 = CARTESIAN_POINT('',(-1.530283530233,7.193012354651,4.98));
#9599 = CARTESIAN_POINT('',(-1.368401262791,7.1521875,4.98));
#9600 = CARTESIAN_POINT('',(-1.305828588372,7.122427325581,4.98));
#9601 = VECTOR('',#9602,1.);
#9602 = DIRECTION('',(-1.962471068511E-16,-4.440892098501E-16,-1.));
#9603 = ADVANCED_FACE('',(#9604),#9622,.T.);
#9604 = FACE_BOUND('',#9605,.T.);
#9605 = EDGE_LOOP('',(#9606,#9607,#9615,#9621));
#9606 = ORIENTED_EDGE('',*,*,#6944,.T.);
#9607 = ORIENTED_EDGE('',*,*,#9608,.T.);
#9608 = EDGE_CURVE('',#6932,#9609,#9611,.T.);
#9609 = VERTEX_POINT('',#9610);
#9610 = CARTESIAN_POINT('',(-1.680719576744,7.241958575581,5.18));
#9611 = LINE('',#9612,#9613);
#9612 = CARTESIAN_POINT('',(-1.680719576744,7.241958575581,4.98));
#9613 = VECTOR('',#9614,1.);
#9614 = DIRECTION('',(1.962471068511E-16,4.440892098501E-16,1.));
#9615 = ORIENTED_EDGE('',*,*,#9616,.T.);
#9616 = EDGE_CURVE('',#9609,#9583,#9617,.T.);
#9617 = B_SPLINE_CURVE_WITH_KNOTS('',2,(#9618,#9619,#9620),
  .UNSPECIFIED.,.F.,.F.,(3,3),(0.,1.),.PIECEWISE_BEZIER_KNOTS.);
#9618 = CARTESIAN_POINT('',(-1.680719576744,7.241958575581,5.18));
#9619 = CARTESIAN_POINT('',(-1.65046885,7.222663517442,5.18));
#9620 = CARTESIAN_POINT('',(-1.530283530233,7.193012354651,5.18));
#9621 = ORIENTED_EDGE('',*,*,#9582,.F.);
#9622 = SURFACE_OF_LINEAR_EXTRUSION('',#9623,#9627);
#9623 = B_SPLINE_CURVE_WITH_KNOTS('',2,(#9624,#9625,#9626),
  .UNSPECIFIED.,.F.,.F.,(3,3),(0.,1.),.PIECEWISE_BEZIER_KNOTS.);
#9624 = CARTESIAN_POINT('',(-1.680719576744,7.241958575581,4.98));
#9625 = CARTESIAN_POINT('',(-1.65046885,7.222663517442,4.98));
#9626 = CARTESIAN_POINT('',(-1.530283530233,7.193012354651,4.98));
#9627 = VECTOR('',#9628,1.);
#9628 = DIRECTION('',(-1.962471068511E-16,-4.440892098501E-16,-1.));
#9629 = ADVANCED_FACE('',(#9630),#9648,.T.);
#9630 = FACE_BOUND('',#9631,.T.);
#9631 = EDGE_LOOP('',(#9632,#9633,#9641,#9647));
#9632 = ORIENTED_EDGE('',*,*,#6931,.T.);
#9633 = ORIENTED_EDGE('',*,*,#9634,.T.);
#9634 = EDGE_CURVE('',#6919,#9635,#9637,.T.);
#9635 = VERTEX_POINT('',#9636);
#9636 = CARTESIAN_POINT('',(-1.724051698837,7.318920784884,5.18));
#9637 = LINE('',#9638,#9639);
#9638 = CARTESIAN_POINT('',(-1.724051698837,7.318920784884,4.98));
#9639 = VECTOR('',#9640,1.);
#9640 = DIRECTION('',(1.962471068511E-16,4.440892098501E-16,1.));
#9641 = ORIENTED_EDGE('',*,*,#9642,.T.);
#9642 = EDGE_CURVE('',#9635,#9609,#9643,.T.);
#9643 = B_SPLINE_CURVE_WITH_KNOTS('',2,(#9644,#9645,#9646),
  .UNSPECIFIED.,.F.,.F.,(3,3),(0.,1.),.PIECEWISE_BEZIER_KNOTS.);
#9644 = CARTESIAN_POINT('',(-1.724051698837,7.318920784884,5.18));
#9645 = CARTESIAN_POINT('',(-1.724051698837,7.270029069767,5.18));
#9646 = CARTESIAN_POINT('',(-1.680719576744,7.241958575581,5.18));
#9647 = ORIENTED_EDGE('',*,*,#9608,.F.);
#9648 = SURFACE_OF_LINEAR_EXTRUSION('',#9649,#9653);
#9649 = B_SPLINE_CURVE_WITH_KNOTS('',2,(#9650,#9651,#9652),
  .UNSPECIFIED.,.F.,.F.,(3,3),(0.,1.),.PIECEWISE_BEZIER_KNOTS.);
#9650 = CARTESIAN_POINT('',(-1.724051698837,7.318920784884,4.98));
#9651 = CARTESIAN_POINT('',(-1.724051698837,7.270029069767,4.98));
#9652 = CARTESIAN_POINT('',(-1.680719576744,7.241958575581,4.98));
#9653 = VECTOR('',#9654,1.);
#9654 = DIRECTION('',(-1.962471068511E-16,-4.440892098501E-16,-1.));
#9655 = ADVANCED_FACE('',(#9656),#9674,.T.);
#9656 = FACE_BOUND('',#9657,.T.);
#9657 = EDGE_LOOP('',(#9658,#9659,#9667,#9673));
#9658 = ORIENTED_EDGE('',*,*,#6918,.T.);
#9659 = ORIENTED_EDGE('',*,*,#9660,.T.);
#9660 = EDGE_CURVE('',#6908,#9661,#9663,.T.);
#9661 = VERTEX_POINT('',#9662);
#9662 = CARTESIAN_POINT('',(-1.674996466279,7.413978924419,5.18));
#9663 = LINE('',#9664,#9665);
#9664 = CARTESIAN_POINT('',(-1.674996466279,7.413978924419,4.98));
#9665 = VECTOR('',#9666,1.);
#9666 = DIRECTION('',(1.962471068511E-16,4.440892098501E-16,1.));
#9667 = ORIENTED_EDGE('',*,*,#9668,.T.);
#9668 = EDGE_CURVE('',#9661,#9635,#9669,.T.);
#9669 = B_SPLINE_CURVE_WITH_KNOTS('',2,(#9670,#9671,#9672),
  .UNSPECIFIED.,.F.,.F.,(3,3),(0.,1.),.PIECEWISE_BEZIER_KNOTS.);
#9670 = CARTESIAN_POINT('',(-1.674996466279,7.413978924419,5.18));
#9671 = CARTESIAN_POINT('',(-1.724051698837,7.373481104651,5.18));
#9672 = CARTESIAN_POINT('',(-1.724051698837,7.318920784884,5.18));
#9673 = ORIENTED_EDGE('',*,*,#9634,.F.);
#9674 = SURFACE_OF_LINEAR_EXTRUSION('',#9675,#9679);
#9675 = B_SPLINE_CURVE_WITH_KNOTS('',2,(#9676,#9677,#9678),
  .UNSPECIFIED.,.F.,.F.,(3,3),(0.,1.),.PIECEWISE_BEZIER_KNOTS.);
#9676 = CARTESIAN_POINT('',(-1.674996466279,7.413978924419,4.98));
#9677 = CARTESIAN_POINT('',(-1.724051698837,7.373481104651,4.98));
#9678 = CARTESIAN_POINT('',(-1.724051698837,7.318920784884,4.98));
#9679 = VECTOR('',#9680,1.);
#9680 = DIRECTION('',(-1.962471068511E-16,-4.440892098501E-16,-1.));
#9681 = ADVANCED_FACE('',(#9682),#9700,.T.);
#9682 = FACE_BOUND('',#9683,.T.);
#9683 = EDGE_LOOP('',(#9684,#9685,#9693,#9699));
#9684 = ORIENTED_EDGE('',*,*,#6907,.T.);
#9685 = ORIENTED_EDGE('',*,*,#9686,.T.);
#9686 = EDGE_CURVE('',#6897,#9687,#9689,.T.);
#9687 = VERTEX_POINT('',#9688);
#9688 = CARTESIAN_POINT('',(-1.524560419767,7.454476744186,5.18));
#9689 = LINE('',#9690,#9691);
#9690 = CARTESIAN_POINT('',(-1.524560419767,7.454476744186,4.98));
#9691 = VECTOR('',#9692,1.);
#9692 = DIRECTION('',(1.962471068511E-16,4.440892098501E-16,1.));
#9693 = ORIENTED_EDGE('',*,*,#9694,.T.);
#9694 = EDGE_CURVE('',#9687,#9661,#9695,.T.);
#9695 = B_SPLINE_CURVE_WITH_KNOTS('',2,(#9696,#9697,#9698),
  .UNSPECIFIED.,.F.,.F.,(3,3),(0.,1.),.PIECEWISE_BEZIER_KNOTS.);
#9696 = CARTESIAN_POINT('',(-1.524560419767,7.454476744186,5.18));
#9697 = CARTESIAN_POINT('',(-1.625941233721,7.454476744186,5.18));
#9698 = CARTESIAN_POINT('',(-1.674996466279,7.413978924419,5.18));
#9699 = ORIENTED_EDGE('',*,*,#9660,.F.);
#9700 = SURFACE_OF_LINEAR_EXTRUSION('',#9701,#9705);
#9701 = B_SPLINE_CURVE_WITH_KNOTS('',2,(#9702,#9703,#9704),
  .UNSPECIFIED.,.F.,.F.,(3,3),(0.,1.),.PIECEWISE_BEZIER_KNOTS.);
#9702 = CARTESIAN_POINT('',(-1.524560419767,7.454476744186,4.98));
#9703 = CARTESIAN_POINT('',(-1.625941233721,7.454476744186,4.98));
#9704 = CARTESIAN_POINT('',(-1.674996466279,7.413978924419,4.98));
#9705 = VECTOR('',#9706,1.);
#9706 = DIRECTION('',(-1.962471068511E-16,-4.440892098501E-16,-1.));
#9707 = ADVANCED_FACE('',(#9708),#9726,.T.);
#9708 = FACE_BOUND('',#9709,.T.);
#9709 = EDGE_LOOP('',(#9710,#9711,#9719,#9725));
#9710 = ORIENTED_EDGE('',*,*,#6896,.T.);
#9711 = ORIENTED_EDGE('',*,*,#9712,.T.);
#9712 = EDGE_CURVE('',#6884,#9713,#9715,.T.);
#9713 = VERTEX_POINT('',#9714);
#9714 = CARTESIAN_POINT('',(-1.367965216279,7.408855377907,5.18));
#9715 = LINE('',#9716,#9717);
#9716 = CARTESIAN_POINT('',(-1.367965216279,7.408855377907,4.98));
#9717 = VECTOR('',#9718,1.);
#9718 = DIRECTION('',(1.962471068511E-16,4.440892098501E-16,1.));
#9719 = ORIENTED_EDGE('',*,*,#9720,.T.);
#9720 = EDGE_CURVE('',#9713,#9687,#9721,.T.);
#9721 = B_SPLINE_CURVE_WITH_KNOTS('',2,(#9722,#9723,#9724),
  .UNSPECIFIED.,.F.,.F.,(3,3),(0.,1.),.PIECEWISE_BEZIER_KNOTS.);
#9722 = CARTESIAN_POINT('',(-1.367965216279,7.408855377907,5.18));
#9723 = CARTESIAN_POINT('',(-1.423997193023,7.454476744186,5.18));
#9724 = CARTESIAN_POINT('',(-1.524560419767,7.454476744186,5.18));
#9725 = ORIENTED_EDGE('',*,*,#9686,.F.);
#9726 = SURFACE_OF_LINEAR_EXTRUSION('',#9727,#9731);
#9727 = B_SPLINE_CURVE_WITH_KNOTS('',2,(#9728,#9729,#9730),
  .UNSPECIFIED.,.F.,.F.,(3,3),(0.,1.),.PIECEWISE_BEZIER_KNOTS.);
#9728 = CARTESIAN_POINT('',(-1.367965216279,7.408855377907,4.98));
#9729 = CARTESIAN_POINT('',(-1.423997193023,7.454476744186,4.98));
#9730 = CARTESIAN_POINT('',(-1.524560419767,7.454476744186,4.98));
#9731 = VECTOR('',#9732,1.);
#9732 = DIRECTION('',(-1.962471068511E-16,-4.440892098501E-16,-1.));
#9733 = ADVANCED_FACE('',(#9734),#9745,.T.);
#9734 = FACE_BOUND('',#9735,.T.);
#9735 = EDGE_LOOP('',(#9736,#9737,#9738,#9744));
#9736 = ORIENTED_EDGE('',*,*,#6883,.T.);
#9737 = ORIENTED_EDGE('',*,*,#8919,.T.);
#9738 = ORIENTED_EDGE('',*,*,#9739,.T.);
#9739 = EDGE_CURVE('',#8912,#9713,#9740,.T.);
#9740 = B_SPLINE_CURVE_WITH_KNOTS('',2,(#9741,#9742,#9743),
  .UNSPECIFIED.,.F.,.F.,(3,3),(0.,1.),.PIECEWISE_BEZIER_KNOTS.);
#9741 = CARTESIAN_POINT('',(-1.299723937209,7.277441860465,5.18));
#9742 = CARTESIAN_POINT('',(-1.311987745349,7.363179505814,5.18));
#9743 = CARTESIAN_POINT('',(-1.367965216279,7.408855377907,5.18));
#9744 = ORIENTED_EDGE('',*,*,#9712,.F.);
#9745 = SURFACE_OF_LINEAR_EXTRUSION('',#9746,#9750);
#9746 = B_SPLINE_CURVE_WITH_KNOTS('',2,(#9747,#9748,#9749),
  .UNSPECIFIED.,.F.,.F.,(3,3),(0.,1.),.PIECEWISE_BEZIER_KNOTS.);
#9747 = CARTESIAN_POINT('',(-1.299723937209,7.277441860465,4.98));
#9748 = CARTESIAN_POINT('',(-1.311987745349,7.363179505814,4.98));
#9749 = CARTESIAN_POINT('',(-1.367965216279,7.408855377907,4.98));
#9750 = VECTOR('',#9751,1.);
#9751 = DIRECTION('',(-1.962471068511E-16,-4.440892098501E-16,-1.));
#9752 = ADVANCED_FACE('',(#9753),#9778,.T.);
#9753 = FACE_BOUND('',#9754,.T.);
#9754 = EDGE_LOOP('',(#9755,#9756,#9764,#9772));
#9755 = ORIENTED_EDGE('',*,*,#7250,.T.);
#9756 = ORIENTED_EDGE('',*,*,#9757,.T.);
#9757 = EDGE_CURVE('',#7253,#9758,#9760,.T.);
#9758 = VERTEX_POINT('',#9759);
#9759 = CARTESIAN_POINT('',(-0.316984111628,7.300334302326,5.18));
#9760 = LINE('',#9761,#9762);
#9761 = CARTESIAN_POINT('',(-0.316984111628,7.300334302326,4.98));
#9762 = VECTOR('',#9763,1.);
#9763 = DIRECTION('',(1.962471068511E-16,4.440892098501E-16,1.));
#9764 = ORIENTED_EDGE('',*,*,#9765,.T.);
#9765 = EDGE_CURVE('',#9758,#9766,#9768,.T.);
#9766 = VERTEX_POINT('',#9767);
#9767 = CARTESIAN_POINT('',(-0.462514634884,7.277441860465,5.18));
#9768 = LINE('',#9769,#9770);
#9769 = CARTESIAN_POINT('',(-0.316984111628,7.300334302326,5.18));
#9770 = VECTOR('',#9771,1.);
#9771 = DIRECTION('',(-0.987852796582,-0.155392574743,2.628714190582E-16
    ));
#9772 = ORIENTED_EDGE('',*,*,#9773,.F.);
#9773 = EDGE_CURVE('',#7251,#9766,#9774,.T.);
#9774 = LINE('',#9775,#9776);
#9775 = CARTESIAN_POINT('',(-0.462514634884,7.277441860465,4.98));
#9776 = VECTOR('',#9777,1.);
#9777 = DIRECTION('',(1.962471068511E-16,4.440892098501E-16,1.));
#9778 = PLANE('',#9779);
#9779 = AXIS2_PLACEMENT_3D('',#9780,#9781,#9782);
#9780 = CARTESIAN_POINT('',(-0.316984111628,7.300334302326,4.98));
#9781 = DIRECTION('',(0.155392574743,-0.987852796582,4.081994246627E-16)
  );
#9782 = DIRECTION('',(-0.987852796582,-0.155392574743,2.628714190582E-16
    ));
#9783 = ADVANCED_FACE('',(#9784),#9802,.T.);
#9784 = FACE_BOUND('',#9785,.T.);
#9785 = EDGE_LOOP('',(#9786,#9787,#9795,#9801));
#9786 = ORIENTED_EDGE('',*,*,#7612,.T.);
#9787 = ORIENTED_EDGE('',*,*,#9788,.T.);
#9788 = EDGE_CURVE('',#7602,#9789,#9791,.T.);
#9789 = VERTEX_POINT('',#9790);
#9790 = CARTESIAN_POINT('',(-0.430192687209,7.507565406977,5.18));
#9791 = LINE('',#9792,#9793);
#9792 = CARTESIAN_POINT('',(-0.430192687209,7.507565406977,4.98));
#9793 = VECTOR('',#9794,1.);
#9794 = DIRECTION('',(1.962471068511E-16,4.440892098501E-16,1.));
#9795 = ORIENTED_EDGE('',*,*,#9796,.T.);
#9796 = EDGE_CURVE('',#9789,#9758,#9797,.T.);
#9797 = B_SPLINE_CURVE_WITH_KNOTS('',2,(#9798,#9799,#9800),
  .UNSPECIFIED.,.F.,.F.,(3,3),(0.,1.),.PIECEWISE_BEZIER_KNOTS.);
#9798 = CARTESIAN_POINT('',(-0.430192687209,7.507565406977,5.18));
#9799 = CARTESIAN_POINT('',(-0.341511727907,7.437688953488,5.18));
#9800 = CARTESIAN_POINT('',(-0.316984111628,7.300334302326,5.18));
#9801 = ORIENTED_EDGE('',*,*,#9757,.F.);
#9802 = SURFACE_OF_LINEAR_EXTRUSION('',#9803,#9807);
#9803 = B_SPLINE_CURVE_WITH_KNOTS('',2,(#9804,#9805,#9806),
  .UNSPECIFIED.,.F.,.F.,(3,3),(0.,1.),.PIECEWISE_BEZIER_KNOTS.);
#9804 = CARTESIAN_POINT('',(-0.430192687209,7.507565406977,4.98));
#9805 = CARTESIAN_POINT('',(-0.341511727907,7.437688953488,4.98));
#9806 = CARTESIAN_POINT('',(-0.316984111628,7.300334302326,4.98));
#9807 = VECTOR('',#9808,1.);
#9808 = DIRECTION('',(-1.962471068511E-16,-4.440892098501E-16,-1.));
#9809 = ADVANCED_FACE('',(#9810),#9828,.T.);
#9810 = FACE_BOUND('',#9811,.T.);
#9811 = EDGE_LOOP('',(#9812,#9813,#9821,#9827));
#9812 = ORIENTED_EDGE('',*,*,#7601,.T.);
#9813 = ORIENTED_EDGE('',*,*,#9814,.T.);
#9814 = EDGE_CURVE('',#7592,#9815,#9817,.T.);
#9815 = VERTEX_POINT('',#9816);
#9816 = CARTESIAN_POINT('',(-0.688168704651,7.577441860465,5.18));
#9817 = LINE('',#9818,#9819);
#9818 = CARTESIAN_POINT('',(-0.688168704651,7.577441860465,4.98));
#9819 = VECTOR('',#9820,1.);
#9820 = DIRECTION('',(1.962471068511E-16,4.440892098501E-16,1.));
#9821 = ORIENTED_EDGE('',*,*,#9822,.T.);
#9822 = EDGE_CURVE('',#9815,#9789,#9823,.T.);
#9823 = B_SPLINE_CURVE_WITH_KNOTS('',2,(#9824,#9825,#9826),
  .UNSPECIFIED.,.F.,.F.,(3,3),(0.,1.),.PIECEWISE_BEZIER_KNOTS.);
#9824 = CARTESIAN_POINT('',(-0.688168704651,7.577441860465,5.18));
#9825 = CARTESIAN_POINT('',(-0.518928152326,7.577441860465,5.18));
#9826 = CARTESIAN_POINT('',(-0.430192687209,7.507565406977,5.18));
#9827 = ORIENTED_EDGE('',*,*,#9788,.F.);
#9828 = SURFACE_OF_LINEAR_EXTRUSION('',#9829,#9833);
#9829 = B_SPLINE_CURVE_WITH_KNOTS('',2,(#9830,#9831,#9832),
  .UNSPECIFIED.,.F.,.F.,(3,3),(0.,1.),.PIECEWISE_BEZIER_KNOTS.);
#9830 = CARTESIAN_POINT('',(-0.688168704651,7.577441860465,4.98));
#9831 = CARTESIAN_POINT('',(-0.518928152326,7.577441860465,4.98));
#9832 = CARTESIAN_POINT('',(-0.430192687209,7.507565406977,4.98));
#9833 = VECTOR('',#9834,1.);
#9834 = DIRECTION('',(-1.962471068511E-16,-4.440892098501E-16,-1.));
#9835 = ADVANCED_FACE('',(#9836),#9854,.T.);
#9836 = FACE_BOUND('',#9837,.T.);
#9837 = EDGE_LOOP('',(#9838,#9839,#9847,#9853));
#9838 = ORIENTED_EDGE('',*,*,#7591,.T.);
#9839 = ORIENTED_EDGE('',*,*,#9840,.T.);
#9840 = EDGE_CURVE('',#7582,#9841,#9843,.T.);
#9841 = VERTEX_POINT('',#9842);
#9842 = CARTESIAN_POINT('',(-0.871308239535,7.542067587209,5.18));
#9843 = LINE('',#9844,#9845);
#9844 = CARTESIAN_POINT('',(-0.871308239535,7.542067587209,4.98));
#9845 = VECTOR('',#9846,1.);
#9846 = DIRECTION('',(1.962471068511E-16,4.440892098501E-16,1.));
#9847 = ORIENTED_EDGE('',*,*,#9848,.T.);
#9848 = EDGE_CURVE('',#9841,#9815,#9849,.T.);
#9849 = B_SPLINE_CURVE_WITH_KNOTS('',2,(#9850,#9851,#9852),
  .UNSPECIFIED.,.F.,.F.,(3,3),(0.,1.),.PIECEWISE_BEZIER_KNOTS.);
#9850 = CARTESIAN_POINT('',(-0.871308239535,7.542067587209,5.18));
#9851 = CARTESIAN_POINT('',(-0.790367105814,7.577441860465,5.18));
#9852 = CARTESIAN_POINT('',(-0.688168704651,7.577441860465,5.18));
#9853 = ORIENTED_EDGE('',*,*,#9814,.F.);
#9854 = SURFACE_OF_LINEAR_EXTRUSION('',#9855,#9859);
#9855 = B_SPLINE_CURVE_WITH_KNOTS('',2,(#9856,#9857,#9858),
  .UNSPECIFIED.,.F.,.F.,(3,3),(0.,1.),.PIECEWISE_BEZIER_KNOTS.);
#9856 = CARTESIAN_POINT('',(-0.871308239535,7.542067587209,4.98));
#9857 = CARTESIAN_POINT('',(-0.790367105814,7.577441860465,4.98));
#9858 = CARTESIAN_POINT('',(-0.688168704651,7.577441860465,4.98));
#9859 = VECTOR('',#9860,1.);
#9860 = DIRECTION('',(-1.962471068511E-16,-4.440892098501E-16,-1.));
#9861 = ADVANCED_FACE('',(#9862),#9880,.T.);
#9862 = FACE_BOUND('',#9863,.T.);
#9863 = EDGE_LOOP('',(#9864,#9865,#9873,#9879));
#9864 = ORIENTED_EDGE('',*,*,#7581,.T.);
#9865 = ORIENTED_EDGE('',*,*,#9866,.T.);
#9866 = EDGE_CURVE('',#7569,#9867,#9869,.T.);
#9867 = VERTEX_POINT('',#9868);
#9868 = CARTESIAN_POINT('',(-0.995145448837,7.442103924419,5.18));
#9869 = LINE('',#9870,#9871);
#9870 = CARTESIAN_POINT('',(-0.995145448837,7.442103924419,4.98));
#9871 = VECTOR('',#9872,1.);
#9872 = DIRECTION('',(1.962471068511E-16,4.440892098501E-16,1.));
#9873 = ORIENTED_EDGE('',*,*,#9874,.T.);
#9874 = EDGE_CURVE('',#9867,#9841,#9875,.T.);
#9875 = B_SPLINE_CURVE_WITH_KNOTS('',2,(#9876,#9877,#9878),
  .UNSPECIFIED.,.F.,.F.,(3,3),(0.,1.),.PIECEWISE_BEZIER_KNOTS.);
#9876 = CARTESIAN_POINT('',(-0.995145448837,7.442103924419,5.18));
#9877 = CARTESIAN_POINT('',(-0.952249373256,7.506693313953,5.18));
#9878 = CARTESIAN_POINT('',(-0.871308239535,7.542067587209,5.18));
#9879 = ORIENTED_EDGE('',*,*,#9840,.F.);
#9880 = SURFACE_OF_LINEAR_EXTRUSION('',#9881,#9885);
#9881 = B_SPLINE_CURVE_WITH_KNOTS('',2,(#9882,#9883,#9884),
  .UNSPECIFIED.,.F.,.F.,(3,3),(0.,1.),.PIECEWISE_BEZIER_KNOTS.);
#9882 = CARTESIAN_POINT('',(-0.995145448837,7.442103924419,4.98));
#9883 = CARTESIAN_POINT('',(-0.952249373256,7.506693313953,4.98));
#9884 = CARTESIAN_POINT('',(-0.871308239535,7.542067587209,4.98));
#9885 = VECTOR('',#9886,1.);
#9886 = DIRECTION('',(-1.962471068511E-16,-4.440892098501E-16,-1.));
#9887 = ADVANCED_FACE('',(#9888),#9906,.T.);
#9888 = FACE_BOUND('',#9889,.T.);
#9889 = EDGE_LOOP('',(#9890,#9891,#9899,#9905));
#9890 = ORIENTED_EDGE('',*,*,#7568,.T.);
#9891 = ORIENTED_EDGE('',*,*,#9892,.T.);
#9892 = EDGE_CURVE('',#7559,#9893,#9895,.T.);
#9893 = VERTEX_POINT('',#9894);
#9894 = CARTESIAN_POINT('',(-1.038096030233,7.304313226744,5.18));
#9895 = LINE('',#9896,#9897);
#9896 = CARTESIAN_POINT('',(-1.038096030233,7.304313226744,4.98));
#9897 = VECTOR('',#9898,1.);
#9898 = DIRECTION('',(1.962471068511E-16,4.440892098501E-16,1.));
#9899 = ORIENTED_EDGE('',*,*,#9900,.T.);
#9900 = EDGE_CURVE('',#9893,#9867,#9901,.T.);
#9901 = B_SPLINE_CURVE_WITH_KNOTS('',2,(#9902,#9903,#9904),
  .UNSPECIFIED.,.F.,.F.,(3,3),(0.,1.),.PIECEWISE_BEZIER_KNOTS.);
#9902 = CARTESIAN_POINT('',(-1.038096030233,7.304313226744,5.18));
#9903 = CARTESIAN_POINT('',(-1.038096030233,7.37746002907,5.18));
#9904 = CARTESIAN_POINT('',(-0.995145448837,7.442103924419,5.18));
#9905 = ORIENTED_EDGE('',*,*,#9866,.F.);
#9906 = SURFACE_OF_LINEAR_EXTRUSION('',#9907,#9911);
#9907 = B_SPLINE_CURVE_WITH_KNOTS('',2,(#9908,#9909,#9910),
  .UNSPECIFIED.,.F.,.F.,(3,3),(0.,1.),.PIECEWISE_BEZIER_KNOTS.);
#9908 = CARTESIAN_POINT('',(-1.038096030233,7.304313226744,4.98));
#9909 = CARTESIAN_POINT('',(-1.038096030233,7.37746002907,4.98));
#9910 = CARTESIAN_POINT('',(-0.995145448837,7.442103924419,4.98));
#9911 = VECTOR('',#9912,1.);
#9912 = DIRECTION('',(-1.962471068511E-16,-4.440892098501E-16,-1.));
#9913 = ADVANCED_FACE('',(#9914),#9932,.T.);
#9914 = FACE_BOUND('',#9915,.T.);
#9915 = EDGE_LOOP('',(#9916,#9917,#9925,#9931));
#9916 = ORIENTED_EDGE('',*,*,#7558,.T.);
#9917 = ORIENTED_EDGE('',*,*,#9918,.T.);
#9918 = EDGE_CURVE('',#7546,#9919,#9921,.T.);
#9919 = VERTEX_POINT('',#9920);
#9920 = CARTESIAN_POINT('',(-1.002939780233,7.179113372093,5.18));
#9921 = LINE('',#9922,#9923);
#9922 = CARTESIAN_POINT('',(-1.002939780233,7.179113372093,4.98));
#9923 = VECTOR('',#9924,1.);
#9924 = DIRECTION('',(1.962471068511E-16,4.440892098501E-16,1.));
#9925 = ORIENTED_EDGE('',*,*,#9926,.T.);
#9926 = EDGE_CURVE('',#9919,#9893,#9927,.T.);
#9927 = B_SPLINE_CURVE_WITH_KNOTS('',2,(#9928,#9929,#9930),
  .UNSPECIFIED.,.F.,.F.,(3,3),(0.,1.),.PIECEWISE_BEZIER_KNOTS.);
#9928 = CARTESIAN_POINT('',(-1.002939780233,7.179113372093,5.18));
#9929 = CARTESIAN_POINT('',(-1.038096030233,7.22953125,5.18));
#9930 = CARTESIAN_POINT('',(-1.038096030233,7.304313226744,5.18));
#9931 = ORIENTED_EDGE('',*,*,#9892,.F.);
#9932 = SURFACE_OF_LINEAR_EXTRUSION('',#9933,#9937);
#9933 = B_SPLINE_CURVE_WITH_KNOTS('',2,(#9934,#9935,#9936),
  .UNSPECIFIED.,.F.,.F.,(3,3),(0.,1.),.PIECEWISE_BEZIER_KNOTS.);
#9934 = CARTESIAN_POINT('',(-1.002939780233,7.179113372093,4.98));
#9935 = CARTESIAN_POINT('',(-1.038096030233,7.22953125,4.98));
#9936 = CARTESIAN_POINT('',(-1.038096030233,7.304313226744,4.98));
#9937 = VECTOR('',#9938,1.);
#9938 = DIRECTION('',(-1.962471068511E-16,-4.440892098501E-16,-1.));
#9939 = ADVANCED_FACE('',(#9940),#9958,.T.);
#9940 = FACE_BOUND('',#9941,.T.);
#9941 = EDGE_LOOP('',(#9942,#9943,#9951,#9957));
#9942 = ORIENTED_EDGE('',*,*,#7545,.T.);
#9943 = ORIENTED_EDGE('',*,*,#9944,.T.);
#9944 = EDGE_CURVE('',#7535,#9945,#9947,.T.);
#9945 = VERTEX_POINT('',#9946);
#9946 = CARTESIAN_POINT('',(-0.906028443023,7.102314680233,5.18));
#9947 = LINE('',#9948,#9949);
#9948 = CARTESIAN_POINT('',(-0.906028443023,7.102314680233,4.98));
#9949 = VECTOR('',#9950,1.);
#9950 = DIRECTION('',(1.962471068511E-16,4.440892098501E-16,1.));
#9951 = ORIENTED_EDGE('',*,*,#9952,.T.);
#9952 = EDGE_CURVE('',#9945,#9919,#9953,.T.);
#9953 = B_SPLINE_CURVE_WITH_KNOTS('',2,(#9954,#9955,#9956),
  .UNSPECIFIED.,.F.,.F.,(3,3),(0.,1.),.PIECEWISE_BEZIER_KNOTS.);
#9954 = CARTESIAN_POINT('',(-0.906028443023,7.102314680233,5.18));
#9955 = CARTESIAN_POINT('',(-0.967783530233,7.128695494186,5.18));
#9956 = CARTESIAN_POINT('',(-1.002939780233,7.179113372093,5.18));
#9957 = ORIENTED_EDGE('',*,*,#9918,.F.);
#9958 = SURFACE_OF_LINEAR_EXTRUSION('',#9959,#9963);
#9959 = B_SPLINE_CURVE_WITH_KNOTS('',2,(#9960,#9961,#9962),
  .UNSPECIFIED.,.F.,.F.,(3,3),(0.,1.),.PIECEWISE_BEZIER_KNOTS.);
#9960 = CARTESIAN_POINT('',(-0.906028443023,7.102314680233,4.98));
#9961 = CARTESIAN_POINT('',(-0.967783530233,7.128695494186,4.98));
#9962 = CARTESIAN_POINT('',(-1.002939780233,7.179113372093,4.98));
#9963 = VECTOR('',#9964,1.);
#9964 = DIRECTION('',(-1.962471068511E-16,-4.440892098501E-16,-1.));
#9965 = ADVANCED_FACE('',(#9966),#9984,.T.);
#9966 = FACE_BOUND('',#9967,.T.);
#9967 = EDGE_LOOP('',(#9968,#9969,#9977,#9983));
#9968 = ORIENTED_EDGE('',*,*,#7534,.T.);
#9969 = ORIENTED_EDGE('',*,*,#9970,.T.);
#9970 = EDGE_CURVE('',#7524,#9971,#9973,.T.);
#9971 = VERTEX_POINT('',#9972);
#9972 = CARTESIAN_POINT('',(-0.688168704651,7.034400436047,5.18));
#9973 = LINE('',#9974,#9975);
#9974 = CARTESIAN_POINT('',(-0.688168704651,7.034400436047,4.98));
#9975 = VECTOR('',#9976,1.);
#9976 = DIRECTION('',(1.962471068511E-16,4.440892098501E-16,1.));
#9977 = ORIENTED_EDGE('',*,*,#9978,.T.);
#9978 = EDGE_CURVE('',#9971,#9945,#9979,.T.);
#9979 = B_SPLINE_CURVE_WITH_KNOTS('',2,(#9980,#9981,#9982),
  .UNSPECIFIED.,.F.,.F.,(3,3),(0.,1.),.PIECEWISE_BEZIER_KNOTS.);
#9980 = CARTESIAN_POINT('',(-0.688168704651,7.034400436047,5.18));
#9981 = CARTESIAN_POINT('',(-0.844327861628,7.075879360465,5.18));
#9982 = CARTESIAN_POINT('',(-0.906028443023,7.102314680233,5.18));
#9983 = ORIENTED_EDGE('',*,*,#9944,.F.);
#9984 = SURFACE_OF_LINEAR_EXTRUSION('',#9985,#9989);
#9985 = B_SPLINE_CURVE_WITH_KNOTS('',2,(#9986,#9987,#9988),
  .UNSPECIFIED.,.F.,.F.,(3,3),(0.,1.),.PIECEWISE_BEZIER_KNOTS.);
#9986 = CARTESIAN_POINT('',(-0.688168704651,7.034400436047,4.98));
#9987 = CARTESIAN_POINT('',(-0.844327861628,7.075879360465,4.98));
#9988 = CARTESIAN_POINT('',(-0.906028443023,7.102314680233,4.98));
#9989 = VECTOR('',#9990,1.);
#9990 = DIRECTION('',(-1.962471068511E-16,-4.440892098501E-16,-1.));
#9991 = ADVANCED_FACE('',(#9992),#10010,.T.);
#9992 = FACE_BOUND('',#9993,.T.);
#9993 = EDGE_LOOP('',(#9994,#9995,#10003,#10009));
#9994 = ORIENTED_EDGE('',*,*,#7523,.T.);
#9995 = ORIENTED_EDGE('',*,*,#9996,.T.);
#9996 = EDGE_CURVE('',#7514,#9997,#9999,.T.);
#9997 = VERTEX_POINT('',#9998);
#9998 = CARTESIAN_POINT('',(-0.558172338372,6.99722747093,5.18));
#9999 = LINE('',#10000,#10001);
#10000 = CARTESIAN_POINT('',(-0.558172338372,6.99722747093,4.98));
#10001 = VECTOR('',#10002,1.);
#10002 = DIRECTION('',(1.962471068511E-16,4.440892098501E-16,1.));
#10003 = ORIENTED_EDGE('',*,*,#10004,.T.);
#10004 = EDGE_CURVE('',#9997,#9971,#10005,.T.);
#10005 = B_SPLINE_CURVE_WITH_KNOTS('',2,(#10006,#10007,#10008),
  .UNSPECIFIED.,.F.,.F.,(3,3),(0.,1.),.PIECEWISE_BEZIER_KNOTS.);
#10006 = CARTESIAN_POINT('',(-0.558172338372,6.99722747093,5.18));
#10007 = CARTESIAN_POINT('',(-0.580247193023,7.005294331395,5.18));
#10008 = CARTESIAN_POINT('',(-0.688168704651,7.034400436047,5.18));
#10009 = ORIENTED_EDGE('',*,*,#9970,.F.);
#10010 = SURFACE_OF_LINEAR_EXTRUSION('',#10011,#10015);
#10011 = B_SPLINE_CURVE_WITH_KNOTS('',2,(#10012,#10013,#10014),
  .UNSPECIFIED.,.F.,.F.,(3,3),(0.,1.),.PIECEWISE_BEZIER_KNOTS.);
#10012 = CARTESIAN_POINT('',(-0.558172338372,6.99722747093,4.98));
#10013 = CARTESIAN_POINT('',(-0.580247193023,7.005294331395,4.98));
#10014 = CARTESIAN_POINT('',(-0.688168704651,7.034400436047,4.98));
#10015 = VECTOR('',#10016,1.);
#10016 = DIRECTION('',(-1.962471068511E-16,-4.440892098501E-16,-1.));
#10017 = ADVANCED_FACE('',(#10018),#10036,.T.);
#10018 = FACE_BOUND('',#10019,.T.);
#10019 = EDGE_LOOP('',(#10020,#10021,#10029,#10035));
#10020 = ORIENTED_EDGE('',*,*,#7513,.T.);
#10021 = ORIENTED_EDGE('',*,*,#10022,.T.);
#10022 = EDGE_CURVE('',#7501,#10023,#10025,.T.);
#10023 = VERTEX_POINT('',#10024);
#10024 = CARTESIAN_POINT('',(-0.50175882093,6.958473837209,5.18));
#10025 = LINE('',#10026,#10027);
#10026 = CARTESIAN_POINT('',(-0.50175882093,6.958473837209,4.98));
#10027 = VECTOR('',#10028,1.);
#10028 = DIRECTION('',(1.962471068511E-16,4.440892098501E-16,1.));
#10029 = ORIENTED_EDGE('',*,*,#10030,.T.);
#10030 = EDGE_CURVE('',#10023,#9997,#10031,.T.);
#10031 = B_SPLINE_CURVE_WITH_KNOTS('',2,(#10032,#10033,#10034),
  .UNSPECIFIED.,.F.,.F.,(3,3),(0.,1.),.PIECEWISE_BEZIER_KNOTS.);
#10032 = CARTESIAN_POINT('',(-0.50175882093,6.958473837209,5.18));
#10033 = CARTESIAN_POINT('',(-0.519745739535,6.981911337209,5.18));
#10034 = CARTESIAN_POINT('',(-0.558172338372,6.99722747093,5.18));
#10035 = ORIENTED_EDGE('',*,*,#9996,.F.);
#10036 = SURFACE_OF_LINEAR_EXTRUSION('',#10037,#10041);
#10037 = B_SPLINE_CURVE_WITH_KNOTS('',2,(#10038,#10039,#10040),
  .UNSPECIFIED.,.F.,.F.,(3,3),(0.,1.),.PIECEWISE_BEZIER_KNOTS.);
#10038 = CARTESIAN_POINT('',(-0.50175882093,6.958473837209,4.98));
#10039 = CARTESIAN_POINT('',(-0.519745739535,6.981911337209,4.98));
#10040 = CARTESIAN_POINT('',(-0.558172338372,6.99722747093,4.98));
#10041 = VECTOR('',#10042,1.);
#10042 = DIRECTION('',(-1.962471068511E-16,-4.440892098501E-16,-1.));
#10043 = ADVANCED_FACE('',(#10044),#10062,.T.);
#10044 = FACE_BOUND('',#10045,.T.);
#10045 = EDGE_LOOP('',(#10046,#10047,#10055,#10061));
#10046 = ORIENTED_EDGE('',*,*,#7500,.T.);
#10047 = ORIENTED_EDGE('',*,*,#10048,.T.);
#10048 = EDGE_CURVE('',#7488,#10049,#10051,.T.);
#10049 = VERTEX_POINT('',#10050);
#10050 = CARTESIAN_POINT('',(-0.483771902326,6.907565406977,5.18));
#10051 = LINE('',#10052,#10053);
#10052 = CARTESIAN_POINT('',(-0.483771902326,6.907565406977,4.98));
#10053 = VECTOR('',#10054,1.);
#10054 = DIRECTION('',(1.962471068511E-16,4.440892098501E-16,1.));
#10055 = ORIENTED_EDGE('',*,*,#10056,.T.);
#10056 = EDGE_CURVE('',#10049,#10023,#10057,.T.);
#10057 = B_SPLINE_CURVE_WITH_KNOTS('',2,(#10058,#10059,#10060),
  .UNSPECIFIED.,.F.,.F.,(3,3),(0.,1.),.PIECEWISE_BEZIER_KNOTS.);
#10058 = CARTESIAN_POINT('',(-0.483771902326,6.907565406977,5.18));
#10059 = CARTESIAN_POINT('',(-0.483771902326,6.935853924419,5.18));
#10060 = CARTESIAN_POINT('',(-0.50175882093,6.958473837209,5.18));
#10061 = ORIENTED_EDGE('',*,*,#10022,.F.);
#10062 = SURFACE_OF_LINEAR_EXTRUSION('',#10063,#10067);
#10063 = B_SPLINE_CURVE_WITH_KNOTS('',2,(#10064,#10065,#10066),
  .UNSPECIFIED.,.F.,.F.,(3,3),(0.,1.),.PIECEWISE_BEZIER_KNOTS.);
#10064 = CARTESIAN_POINT('',(-0.483771902326,6.907565406977,4.98));
#10065 = CARTESIAN_POINT('',(-0.483771902326,6.935853924419,4.98));
#10066 = CARTESIAN_POINT('',(-0.50175882093,6.958473837209,4.98));
#10067 = VECTOR('',#10068,1.);
#10068 = DIRECTION('',(-1.962471068511E-16,-4.440892098501E-16,-1.));
#10069 = ADVANCED_FACE('',(#10070),#10088,.T.);
#10070 = FACE_BOUND('',#10071,.T.);
#10071 = EDGE_LOOP('',(#10072,#10073,#10081,#10087));
#10072 = ORIENTED_EDGE('',*,*,#7487,.T.);
#10073 = ORIENTED_EDGE('',*,*,#10074,.T.);
#10074 = EDGE_CURVE('',#7477,#10075,#10077,.T.);
#10075 = VERTEX_POINT('',#10076);
#10076 = CARTESIAN_POINT('',(-0.527104024419,6.830058139535,5.18));
#10077 = LINE('',#10078,#10079);
#10078 = CARTESIAN_POINT('',(-0.527104024419,6.830058139535,4.98));
#10079 = VECTOR('',#10080,1.);
#10080 = DIRECTION('',(1.962471068511E-16,4.440892098501E-16,1.));
#10081 = ORIENTED_EDGE('',*,*,#10082,.T.);
#10082 = EDGE_CURVE('',#10075,#10049,#10083,.T.);
#10083 = B_SPLINE_CURVE_WITH_KNOTS('',2,(#10084,#10085,#10086),
  .UNSPECIFIED.,.F.,.F.,(3,3),(0.,1.),.PIECEWISE_BEZIER_KNOTS.);
#10084 = CARTESIAN_POINT('',(-0.527104024419,6.830058139535,5.18));
#10085 = CARTESIAN_POINT('',(-0.483771902326,6.863143168605,5.18));
#10086 = CARTESIAN_POINT('',(-0.483771902326,6.907565406977,5.18));
#10087 = ORIENTED_EDGE('',*,*,#10048,.F.);
#10088 = SURFACE_OF_LINEAR_EXTRUSION('',#10089,#10093);
#10089 = B_SPLINE_CURVE_WITH_KNOTS('',2,(#10090,#10091,#10092),
  .UNSPECIFIED.,.F.,.F.,(3,3),(0.,1.),.PIECEWISE_BEZIER_KNOTS.);
#10090 = CARTESIAN_POINT('',(-0.527104024419,6.830058139535,4.98));
#10091 = CARTESIAN_POINT('',(-0.483771902326,6.863143168605,4.98));
#10092 = CARTESIAN_POINT('',(-0.483771902326,6.907565406977,4.98));
#10093 = VECTOR('',#10094,1.);
#10094 = DIRECTION('',(-1.962471068511E-16,-4.440892098501E-16,-1.));
#10095 = ADVANCED_FACE('',(#10096),#10114,.T.);
#10096 = FACE_BOUND('',#10097,.T.);
#10097 = EDGE_LOOP('',(#10098,#10099,#10107,#10113));
#10098 = ORIENTED_EDGE('',*,*,#7476,.T.);
#10099 = ORIENTED_EDGE('',*,*,#10100,.T.);
#10100 = EDGE_CURVE('',#7467,#10101,#10103,.T.);
#10101 = VERTEX_POINT('',#10102);
#10102 = CARTESIAN_POINT('',(-0.671816960465,6.796918604651,5.18));
#10103 = LINE('',#10104,#10105);
#10104 = CARTESIAN_POINT('',(-0.671816960465,6.796918604651,4.98));
#10105 = VECTOR('',#10106,1.);
#10106 = DIRECTION('',(1.962471068511E-16,4.440892098501E-16,1.));
#10107 = ORIENTED_EDGE('',*,*,#10108,.T.);
#10108 = EDGE_CURVE('',#10101,#10075,#10109,.T.);
#10109 = B_SPLINE_CURVE_WITH_KNOTS('',2,(#10110,#10111,#10112),
  .UNSPECIFIED.,.F.,.F.,(3,3),(0.,1.),.PIECEWISE_BEZIER_KNOTS.);
#10110 = CARTESIAN_POINT('',(-0.671816960465,6.796918604651,5.18));
#10111 = CARTESIAN_POINT('',(-0.570436146512,6.796918604651,5.18));
#10112 = CARTESIAN_POINT('',(-0.527104024419,6.830058139535,5.18));
#10113 = ORIENTED_EDGE('',*,*,#10074,.F.);
#10114 = SURFACE_OF_LINEAR_EXTRUSION('',#10115,#10119);
#10115 = B_SPLINE_CURVE_WITH_KNOTS('',2,(#10116,#10117,#10118),
  .UNSPECIFIED.,.F.,.F.,(3,3),(0.,1.),.PIECEWISE_BEZIER_KNOTS.);
#10116 = CARTESIAN_POINT('',(-0.671816960465,6.796918604651,4.98));
#10117 = CARTESIAN_POINT('',(-0.570436146512,6.796918604651,4.98));
#10118 = CARTESIAN_POINT('',(-0.527104024419,6.830058139535,4.98));
#10119 = VECTOR('',#10120,1.);
#10120 = DIRECTION('',(-1.962471068511E-16,-4.440892098501E-16,-1.));
#10121 = ADVANCED_FACE('',(#10122),#10140,.T.);
#10122 = FACE_BOUND('',#10123,.T.);
#10123 = EDGE_LOOP('',(#10124,#10125,#10133,#10139));
#10124 = ORIENTED_EDGE('',*,*,#7466,.T.);
#10125 = ORIENTED_EDGE('',*,*,#10126,.T.);
#10126 = EDGE_CURVE('',#7454,#10127,#10129,.T.);
#10127 = VERTEX_POINT('',#10128);
#10128 = CARTESIAN_POINT('',(-0.80464762907,6.834527616279,5.18));
#10129 = LINE('',#10130,#10131);
#10130 = CARTESIAN_POINT('',(-0.80464762907,6.834527616279,4.98));
#10131 = VECTOR('',#10132,1.);
#10132 = DIRECTION('',(1.962471068511E-16,4.440892098501E-16,1.));
#10133 = ORIENTED_EDGE('',*,*,#10134,.T.);
#10134 = EDGE_CURVE('',#10127,#10101,#10135,.T.);
#10135 = B_SPLINE_CURVE_WITH_KNOTS('',2,(#10136,#10137,#10138),
  .UNSPECIFIED.,.F.,.F.,(3,3),(0.,1.),.PIECEWISE_BEZIER_KNOTS.);
#10136 = CARTESIAN_POINT('',(-0.80464762907,6.834527616279,5.18));
#10137 = CARTESIAN_POINT('',(-0.757663617442,6.796918604651,5.18));
#10138 = CARTESIAN_POINT('',(-0.671816960465,6.796918604651,5.18));
#10139 = ORIENTED_EDGE('',*,*,#10100,.F.);
#10140 = SURFACE_OF_LINEAR_EXTRUSION('',#10141,#10145);
#10141 = B_SPLINE_CURVE_WITH_KNOTS('',2,(#10142,#10143,#10144),
  .UNSPECIFIED.,.F.,.F.,(3,3),(0.,1.),.PIECEWISE_BEZIER_KNOTS.);
#10142 = CARTESIAN_POINT('',(-0.80464762907,6.834527616279,4.98));
#10143 = CARTESIAN_POINT('',(-0.757663617442,6.796918604651,4.98));
#10144 = CARTESIAN_POINT('',(-0.671816960465,6.796918604651,4.98));
#10145 = VECTOR('',#10146,1.);
#10146 = DIRECTION('',(-1.962471068511E-16,-4.440892098501E-16,-1.));
#10147 = ADVANCED_FACE('',(#10148),#10166,.T.);
#10148 = FACE_BOUND('',#10149,.T.);
#10149 = EDGE_LOOP('',(#10150,#10151,#10159,#10165));
#10150 = ORIENTED_EDGE('',*,*,#7453,.T.);
#10151 = ORIENTED_EDGE('',*,*,#10152,.T.);
#10152 = EDGE_CURVE('',#7446,#10153,#10155,.T.);
#10153 = VERTEX_POINT('',#10154);
#10154 = CARTESIAN_POINT('',(-0.861497193023,6.939069767442,5.18));
#10155 = LINE('',#10156,#10157);
#10156 = CARTESIAN_POINT('',(-0.861497193023,6.939069767442,4.98));
#10157 = VECTOR('',#10158,1.);
#10158 = DIRECTION('',(1.962471068511E-16,4.440892098501E-16,1.));
#10159 = ORIENTED_EDGE('',*,*,#10160,.T.);
#10160 = EDGE_CURVE('',#10153,#10127,#10161,.T.);
#10161 = B_SPLINE_CURVE_WITH_KNOTS('',2,(#10162,#10163,#10164),
  .UNSPECIFIED.,.F.,.F.,(3,3),(0.,1.),.PIECEWISE_BEZIER_KNOTS.);
#10162 = CARTESIAN_POINT('',(-0.861497193023,6.939069767442,5.18));
#10163 = CARTESIAN_POINT('',(-0.851686146512,6.872082122093,5.18));
#10164 = CARTESIAN_POINT('',(-0.80464762907,6.834527616279,5.18));
#10165 = ORIENTED_EDGE('',*,*,#10126,.F.);
#10166 = SURFACE_OF_LINEAR_EXTRUSION('',#10167,#10171);
#10167 = B_SPLINE_CURVE_WITH_KNOTS('',2,(#10168,#10169,#10170),
  .UNSPECIFIED.,.F.,.F.,(3,3),(0.,1.),.PIECEWISE_BEZIER_KNOTS.);
#10168 = CARTESIAN_POINT('',(-0.861497193023,6.939069767442,4.98));
#10169 = CARTESIAN_POINT('',(-0.851686146512,6.872082122093,4.98));
#10170 = CARTESIAN_POINT('',(-0.80464762907,6.834527616279,4.98));
#10171 = VECTOR('',#10172,1.);
#10172 = DIRECTION('',(-1.962471068511E-16,-4.440892098501E-16,-1.));
#10173 = ADVANCED_FACE('',(#10174),#10192,.T.);
#10174 = FACE_BOUND('',#10175,.T.);
#10175 = EDGE_LOOP('',(#10176,#10177,#10185,#10191));
#10176 = ORIENTED_EDGE('',*,*,#7445,.T.);
#10177 = ORIENTED_EDGE('',*,*,#10178,.T.);
#10178 = EDGE_CURVE('',#7436,#10179,#10181,.T.);
#10179 = VERTEX_POINT('',#10180);
#10180 = CARTESIAN_POINT('',(-1.00539254186,6.919447674419,5.18));
#10181 = LINE('',#10182,#10183);
#10182 = CARTESIAN_POINT('',(-1.00539254186,6.919447674419,4.98));
#10183 = VECTOR('',#10184,1.);
#10184 = DIRECTION('',(1.962471068511E-16,4.440892098501E-16,1.));
#10185 = ORIENTED_EDGE('',*,*,#10186,.T.);
#10186 = EDGE_CURVE('',#10179,#10153,#10187,.T.);
#10187 = LINE('',#10188,#10189);
#10188 = CARTESIAN_POINT('',(-1.00539254186,6.919447674419,5.18));
#10189 = VECTOR('',#10190,1.);
#10190 = DIRECTION('',(0.990830168044,0.135113204733,-2.544498701898E-16
    ));
#10191 = ORIENTED_EDGE('',*,*,#10152,.F.);
#10192 = PLANE('',#10193);
#10193 = AXIS2_PLACEMENT_3D('',#10194,#10195,#10196);
#10194 = CARTESIAN_POINT('',(-1.00539254186,6.919447674419,4.98));
#10195 = DIRECTION('',(-0.135113204733,0.990830168044,
    -4.135014108961E-16));
#10196 = DIRECTION('',(0.990830168044,0.135113204733,-2.544498701898E-16
    ));
#10197 = ADVANCED_FACE('',(#10198),#10216,.T.);
#10198 = FACE_BOUND('',#10199,.T.);
#10199 = EDGE_LOOP('',(#10200,#10201,#10209,#10215));
#10200 = ORIENTED_EDGE('',*,*,#7435,.T.);
#10201 = ORIENTED_EDGE('',*,*,#10202,.T.);
#10202 = EDGE_CURVE('',#7426,#10203,#10205,.T.);
#10203 = VERTEX_POINT('',#10204);
#10204 = CARTESIAN_POINT('',(-0.954702134884,6.78394622093,5.18));
#10205 = LINE('',#10206,#10207);
#10206 = CARTESIAN_POINT('',(-0.954702134884,6.78394622093,4.98));
#10207 = VECTOR('',#10208,1.);
#10208 = DIRECTION('',(1.962471068511E-16,4.440892098501E-16,1.));
#10209 = ORIENTED_EDGE('',*,*,#10210,.T.);
#10210 = EDGE_CURVE('',#10203,#10179,#10211,.T.);
#10211 = B_SPLINE_CURVE_WITH_KNOTS('',2,(#10212,#10213,#10214),
  .UNSPECIFIED.,.F.,.F.,(3,3),(0.,1.),.PIECEWISE_BEZIER_KNOTS.);
#10212 = CARTESIAN_POINT('',(-0.954702134884,6.78394622093,5.18));
#10213 = CARTESIAN_POINT('',(-0.991493559302,6.834582122093,5.18));
#10214 = CARTESIAN_POINT('',(-1.00539254186,6.919447674419,5.18));
#10215 = ORIENTED_EDGE('',*,*,#10178,.F.);
#10216 = SURFACE_OF_LINEAR_EXTRUSION('',#10217,#10221);
#10217 = B_SPLINE_CURVE_WITH_KNOTS('',2,(#10218,#10219,#10220),
  .UNSPECIFIED.,.F.,.F.,(3,3),(0.,1.),.PIECEWISE_BEZIER_KNOTS.);
#10218 = CARTESIAN_POINT('',(-0.954702134884,6.78394622093,4.98));
#10219 = CARTESIAN_POINT('',(-0.991493559302,6.834582122093,4.98));
#10220 = CARTESIAN_POINT('',(-1.00539254186,6.919447674419,4.98));
#10221 = VECTOR('',#10222,1.);
#10222 = DIRECTION('',(-1.962471068511E-16,-4.440892098501E-16,-1.));
#10223 = ADVANCED_FACE('',(#10224),#10242,.T.);
#10224 = FACE_BOUND('',#10225,.T.);
#10225 = EDGE_LOOP('',(#10226,#10227,#10235,#10241));
#10226 = ORIENTED_EDGE('',*,*,#7425,.T.);
#10227 = ORIENTED_EDGE('',*,*,#10228,.T.);
#10228 = EDGE_CURVE('',#7416,#10229,#10231,.T.);
#10229 = VERTEX_POINT('',#10230);
#10230 = CARTESIAN_POINT('',(-0.840621466279,6.703604651163,5.18));
#10231 = LINE('',#10232,#10233);
#10232 = CARTESIAN_POINT('',(-0.840621466279,6.703604651163,4.98));
#10233 = VECTOR('',#10234,1.);
#10234 = DIRECTION('',(1.962471068511E-16,4.440892098501E-16,1.));
#10235 = ORIENTED_EDGE('',*,*,#10236,.T.);
#10236 = EDGE_CURVE('',#10229,#10203,#10237,.T.);
#10237 = B_SPLINE_CURVE_WITH_KNOTS('',2,(#10238,#10239,#10240),
  .UNSPECIFIED.,.F.,.F.,(3,3),(0.,1.),.PIECEWISE_BEZIER_KNOTS.);
#10238 = CARTESIAN_POINT('',(-0.840621466279,6.703604651163,5.18));
#10239 = CARTESIAN_POINT('',(-0.917910710465,6.733255813953,5.18));
#10240 = CARTESIAN_POINT('',(-0.954702134884,6.78394622093,5.18));
#10241 = ORIENTED_EDGE('',*,*,#10202,.F.);
#10242 = SURFACE_OF_LINEAR_EXTRUSION('',#10243,#10247);
#10243 = B_SPLINE_CURVE_WITH_KNOTS('',2,(#10244,#10245,#10246),
  .UNSPECIFIED.,.F.,.F.,(3,3),(0.,1.),.PIECEWISE_BEZIER_KNOTS.);
#10244 = CARTESIAN_POINT('',(-0.840621466279,6.703604651163,4.98));
#10245 = CARTESIAN_POINT('',(-0.917910710465,6.733255813953,4.98));
#10246 = CARTESIAN_POINT('',(-0.954702134884,6.78394622093,4.98));
#10247 = VECTOR('',#10248,1.);
#10248 = DIRECTION('',(-1.962471068511E-16,-4.440892098501E-16,-1.));
#10249 = ADVANCED_FACE('',(#10250),#10268,.T.);
#10250 = FACE_BOUND('',#10251,.T.);
#10251 = EDGE_LOOP('',(#10252,#10253,#10261,#10267));
#10252 = ORIENTED_EDGE('',*,*,#7415,.T.);
#10253 = ORIENTED_EDGE('',*,*,#10254,.T.);
#10254 = EDGE_CURVE('',#7406,#10255,#10257,.T.);
#10255 = VERTEX_POINT('',#10256);
#10256 = CARTESIAN_POINT('',(-0.661188326744,6.673953488372,5.18));
#10257 = LINE('',#10258,#10259);
#10258 = CARTESIAN_POINT('',(-0.661188326744,6.673953488372,4.98));
#10259 = VECTOR('',#10260,1.);
#10260 = DIRECTION('',(1.962471068511E-16,4.440892098501E-16,1.));
#10261 = ORIENTED_EDGE('',*,*,#10262,.T.);
#10262 = EDGE_CURVE('',#10255,#10229,#10263,.T.);
#10263 = B_SPLINE_CURVE_WITH_KNOTS('',2,(#10264,#10265,#10266),
  .UNSPECIFIED.,.F.,.F.,(3,3),(0.,1.),.PIECEWISE_BEZIER_KNOTS.);
#10264 = CARTESIAN_POINT('',(-0.661188326744,6.673953488372,5.18));
#10265 = CARTESIAN_POINT('',(-0.763386727907,6.673953488372,5.18));
#10266 = CARTESIAN_POINT('',(-0.840621466279,6.703604651163,5.18));
#10267 = ORIENTED_EDGE('',*,*,#10228,.F.);
#10268 = SURFACE_OF_LINEAR_EXTRUSION('',#10269,#10273);
#10269 = B_SPLINE_CURVE_WITH_KNOTS('',2,(#10270,#10271,#10272),
  .UNSPECIFIED.,.F.,.F.,(3,3),(0.,1.),.PIECEWISE_BEZIER_KNOTS.);
#10270 = CARTESIAN_POINT('',(-0.661188326744,6.673953488372,4.98));
#10271 = CARTESIAN_POINT('',(-0.763386727907,6.673953488372,4.98));
#10272 = CARTESIAN_POINT('',(-0.840621466279,6.703604651163,4.98));
#10273 = VECTOR('',#10274,1.);
#10274 = DIRECTION('',(-1.962471068511E-16,-4.440892098501E-16,-1.));
#10275 = ADVANCED_FACE('',(#10276),#10294,.T.);
#10276 = FACE_BOUND('',#10277,.T.);
#10277 = EDGE_LOOP('',(#10278,#10279,#10287,#10293));
#10278 = ORIENTED_EDGE('',*,*,#7405,.T.);
#10279 = ORIENTED_EDGE('',*,*,#10280,.T.);
#10280 = EDGE_CURVE('',#7396,#10281,#10283,.T.);
#10281 = VERTEX_POINT('',#10282);
#10282 = CARTESIAN_POINT('',(-0.534026262791,6.691504360465,5.18));
#10283 = LINE('',#10284,#10285);
#10284 = CARTESIAN_POINT('',(-0.534026262791,6.691504360465,4.98));
#10285 = VECTOR('',#10286,1.);
#10286 = DIRECTION('',(1.962471068511E-16,4.440892098501E-16,1.));
#10287 = ORIENTED_EDGE('',*,*,#10288,.T.);
#10288 = EDGE_CURVE('',#10281,#10255,#10289,.T.);
#10289 = B_SPLINE_CURVE_WITH_KNOTS('',2,(#10290,#10291,#10292),
  .UNSPECIFIED.,.F.,.F.,(3,3),(0.,1.),.PIECEWISE_BEZIER_KNOTS.);
#10290 = CARTESIAN_POINT('',(-0.534026262791,6.691504360465,5.18));
#10291 = CARTESIAN_POINT('',(-0.593328588372,6.673953488372,5.18));
#10292 = CARTESIAN_POINT('',(-0.661188326744,6.673953488372,5.18));
#10293 = ORIENTED_EDGE('',*,*,#10254,.F.);
#10294 = SURFACE_OF_LINEAR_EXTRUSION('',#10295,#10299);
#10295 = B_SPLINE_CURVE_WITH_KNOTS('',2,(#10296,#10297,#10298),
  .UNSPECIFIED.,.F.,.F.,(3,3),(0.,1.),.PIECEWISE_BEZIER_KNOTS.);
#10296 = CARTESIAN_POINT('',(-0.534026262791,6.691504360465,4.98));
#10297 = CARTESIAN_POINT('',(-0.593328588372,6.673953488372,4.98));
#10298 = CARTESIAN_POINT('',(-0.661188326744,6.673953488372,4.98));
#10299 = VECTOR('',#10300,1.);
#10300 = DIRECTION('',(-1.962471068511E-16,-4.440892098501E-16,-1.));
#10301 = ADVANCED_FACE('',(#10302),#10320,.T.);
#10302 = FACE_BOUND('',#10303,.T.);
#10303 = EDGE_LOOP('',(#10304,#10305,#10313,#10319));
#10304 = ORIENTED_EDGE('',*,*,#7395,.T.);
#10305 = ORIENTED_EDGE('',*,*,#10306,.T.);
#10306 = EDGE_CURVE('',#7383,#10307,#10309,.T.);
#10307 = VERTEX_POINT('',#10308);
#10308 = CARTESIAN_POINT('',(-0.440439780233,6.734345930233,5.18));
#10309 = LINE('',#10310,#10311);
#10310 = CARTESIAN_POINT('',(-0.440439780233,6.734345930233,4.98));
#10311 = VECTOR('',#10312,1.);
#10312 = DIRECTION('',(1.962471068511E-16,4.440892098501E-16,1.));
#10313 = ORIENTED_EDGE('',*,*,#10314,.T.);
#10314 = EDGE_CURVE('',#10307,#10281,#10315,.T.);
#10315 = B_SPLINE_CURVE_WITH_KNOTS('',2,(#10316,#10317,#10318),
  .UNSPECIFIED.,.F.,.F.,(3,3),(0.,1.),.PIECEWISE_BEZIER_KNOTS.);
#10316 = CARTESIAN_POINT('',(-0.440439780233,6.734345930233,5.18));
#10317 = CARTESIAN_POINT('',(-0.474778443023,6.709055232558,5.18));
#10318 = CARTESIAN_POINT('',(-0.534026262791,6.691504360465,5.18));
#10319 = ORIENTED_EDGE('',*,*,#10280,.F.);
#10320 = SURFACE_OF_LINEAR_EXTRUSION('',#10321,#10325);
#10321 = B_SPLINE_CURVE_WITH_KNOTS('',2,(#10322,#10323,#10324),
  .UNSPECIFIED.,.F.,.F.,(3,3),(0.,1.),.PIECEWISE_BEZIER_KNOTS.);
#10322 = CARTESIAN_POINT('',(-0.440439780233,6.734345930233,4.98));
#10323 = CARTESIAN_POINT('',(-0.474778443023,6.709055232558,4.98));
#10324 = CARTESIAN_POINT('',(-0.534026262791,6.691504360465,4.98));
#10325 = VECTOR('',#10326,1.);
#10326 = DIRECTION('',(-1.962471068511E-16,-4.440892098501E-16,-1.));
#10327 = ADVANCED_FACE('',(#10328),#10346,.T.);
#10328 = FACE_BOUND('',#10329,.T.);
#10329 = EDGE_LOOP('',(#10330,#10331,#10339,#10345));
#10330 = ORIENTED_EDGE('',*,*,#7382,.T.);
#10331 = ORIENTED_EDGE('',*,*,#10332,.T.);
#10332 = EDGE_CURVE('',#7370,#10333,#10335,.T.);
#10333 = VERTEX_POINT('',#10334);
#10334 = CARTESIAN_POINT('',(-0.368056059302,6.816377180233,5.18));
#10335 = LINE('',#10336,#10337);
#10336 = CARTESIAN_POINT('',(-0.368056059302,6.816377180233,4.98));
#10337 = VECTOR('',#10338,1.);
#10338 = DIRECTION('',(1.962471068511E-16,4.440892098501E-16,1.));
#10339 = ORIENTED_EDGE('',*,*,#10340,.T.);
#10340 = EDGE_CURVE('',#10333,#10307,#10341,.T.);
#10341 = B_SPLINE_CURVE_WITH_KNOTS('',2,(#10342,#10343,#10344),
  .UNSPECIFIED.,.F.,.F.,(3,3),(0.,1.),.PIECEWISE_BEZIER_KNOTS.);
#10342 = CARTESIAN_POINT('',(-0.368056059302,6.816377180233,5.18));
#10343 = CARTESIAN_POINT('',(-0.394654896512,6.766994912791,5.18));
#10344 = CARTESIAN_POINT('',(-0.440439780233,6.734345930233,5.18));
#10345 = ORIENTED_EDGE('',*,*,#10306,.F.);
#10346 = SURFACE_OF_LINEAR_EXTRUSION('',#10347,#10351);
#10347 = B_SPLINE_CURVE_WITH_KNOTS('',2,(#10348,#10349,#10350),
  .UNSPECIFIED.,.F.,.F.,(3,3),(0.,1.),.PIECEWISE_BEZIER_KNOTS.);
#10348 = CARTESIAN_POINT('',(-0.368056059302,6.816377180233,4.98));
#10349 = CARTESIAN_POINT('',(-0.394654896512,6.766994912791,4.98));
#10350 = CARTESIAN_POINT('',(-0.440439780233,6.734345930233,4.98));
#10351 = VECTOR('',#10352,1.);
#10352 = DIRECTION('',(-1.962471068511E-16,-4.440892098501E-16,-1.));
#10353 = ADVANCED_FACE('',(#10354),#10372,.T.);
#10354 = FACE_BOUND('',#10355,.T.);
#10355 = EDGE_LOOP('',(#10356,#10357,#10365,#10371));
#10356 = ORIENTED_EDGE('',*,*,#7369,.T.);
#10357 = ORIENTED_EDGE('',*,*,#10358,.T.);
#10358 = EDGE_CURVE('',#7357,#10359,#10361,.T.);
#10359 = VERTEX_POINT('',#10360);
#10360 = CARTESIAN_POINT('',(-0.341511727907,6.923699127907,5.18));
#10361 = LINE('',#10362,#10363);
#10362 = CARTESIAN_POINT('',(-0.341511727907,6.923699127907,4.98));
#10363 = VECTOR('',#10364,1.);
#10364 = DIRECTION('',(1.962471068511E-16,4.440892098501E-16,1.));
#10365 = ORIENTED_EDGE('',*,*,#10366,.T.);
#10366 = EDGE_CURVE('',#10359,#10333,#10367,.T.);
#10367 = B_SPLINE_CURVE_WITH_KNOTS('',2,(#10368,#10369,#10370),
  .UNSPECIFIED.,.F.,.F.,(3,3),(0.,1.),.PIECEWISE_BEZIER_KNOTS.);
#10368 = CARTESIAN_POINT('',(-0.341511727907,6.923699127907,5.18));
#10369 = CARTESIAN_POINT('',(-0.341511727907,6.865759447674,5.18));
#10370 = CARTESIAN_POINT('',(-0.368056059302,6.816377180233,5.18));
#10371 = ORIENTED_EDGE('',*,*,#10332,.F.);
#10372 = SURFACE_OF_LINEAR_EXTRUSION('',#10373,#10377);
#10373 = B_SPLINE_CURVE_WITH_KNOTS('',2,(#10374,#10375,#10376),
  .UNSPECIFIED.,.F.,.F.,(3,3),(0.,1.),.PIECEWISE_BEZIER_KNOTS.);
#10374 = CARTESIAN_POINT('',(-0.341511727907,6.923699127907,4.98));
#10375 = CARTESIAN_POINT('',(-0.341511727907,6.865759447674,4.98));
#10376 = CARTESIAN_POINT('',(-0.368056059302,6.816377180233,4.98));
#10377 = VECTOR('',#10378,1.);
#10378 = DIRECTION('',(-1.962471068511E-16,-4.440892098501E-16,-1.));
#10379 = ADVANCED_FACE('',(#10380),#10398,.T.);
#10380 = FACE_BOUND('',#10381,.T.);
#10381 = EDGE_LOOP('',(#10382,#10383,#10391,#10397));
#10382 = ORIENTED_EDGE('',*,*,#7356,.T.);
#10383 = ORIENTED_EDGE('',*,*,#10384,.T.);
#10384 = EDGE_CURVE('',#7344,#10385,#10387,.T.);
#10385 = VERTEX_POINT('',#10386);
#10386 = CARTESIAN_POINT('',(-0.373779169767,7.040014534884,5.18));
#10387 = LINE('',#10388,#10389);
#10388 = CARTESIAN_POINT('',(-0.373779169767,7.040014534884,4.98));
#10389 = VECTOR('',#10390,1.);
#10390 = DIRECTION('',(1.962471068511E-16,4.440892098501E-16,1.));
#10391 = ORIENTED_EDGE('',*,*,#10392,.T.);
#10392 = EDGE_CURVE('',#10385,#10359,#10393,.T.);
#10393 = B_SPLINE_CURVE_WITH_KNOTS('',2,(#10394,#10395,#10396),
  .UNSPECIFIED.,.F.,.F.,(3,3),(0.,1.),.PIECEWISE_BEZIER_KNOTS.);
#10394 = CARTESIAN_POINT('',(-0.373779169767,7.040014534884,5.18));
#10395 = CARTESIAN_POINT('',(-0.341511727907,6.987361918605,5.18));
#10396 = CARTESIAN_POINT('',(-0.341511727907,6.923699127907,5.18));
#10397 = ORIENTED_EDGE('',*,*,#10358,.F.);
#10398 = SURFACE_OF_LINEAR_EXTRUSION('',#10399,#10403);
#10399 = B_SPLINE_CURVE_WITH_KNOTS('',2,(#10400,#10401,#10402),
  .UNSPECIFIED.,.F.,.F.,(3,3),(0.,1.),.PIECEWISE_BEZIER_KNOTS.);
#10400 = CARTESIAN_POINT('',(-0.373779169767,7.040014534884,4.98));
#10401 = CARTESIAN_POINT('',(-0.341511727907,6.987361918605,4.98));
#10402 = CARTESIAN_POINT('',(-0.341511727907,6.923699127907,4.98));
#10403 = VECTOR('',#10404,1.);
#10404 = DIRECTION('',(-1.962471068511E-16,-4.440892098501E-16,-1.));
#10405 = ADVANCED_FACE('',(#10406),#10424,.T.);
#10406 = FACE_BOUND('',#10407,.T.);
#10407 = EDGE_LOOP('',(#10408,#10409,#10417,#10423));
#10408 = ORIENTED_EDGE('',*,*,#7343,.T.);
#10409 = ORIENTED_EDGE('',*,*,#10410,.T.);
#10410 = EDGE_CURVE('',#7333,#10411,#10413,.T.);
#10411 = VERTEX_POINT('',#10412);
#10412 = CARTESIAN_POINT('',(-0.468619286047,7.122427325581,5.18));
#10413 = LINE('',#10414,#10415);
#10414 = CARTESIAN_POINT('',(-0.468619286047,7.122427325581,4.98));
#10415 = VECTOR('',#10416,1.);
#10416 = DIRECTION('',(1.962471068511E-16,4.440892098501E-16,1.));
#10417 = ORIENTED_EDGE('',*,*,#10418,.T.);
#10418 = EDGE_CURVE('',#10411,#10385,#10419,.T.);
#10419 = B_SPLINE_CURVE_WITH_KNOTS('',2,(#10420,#10421,#10422),
  .UNSPECIFIED.,.F.,.F.,(3,3),(0.,1.),.PIECEWISE_BEZIER_KNOTS.);
#10420 = CARTESIAN_POINT('',(-0.468619286047,7.122427325581,5.18));
#10421 = CARTESIAN_POINT('',(-0.406101117442,7.092612645349,5.18));
#10422 = CARTESIAN_POINT('',(-0.373779169767,7.040014534884,5.18));
#10423 = ORIENTED_EDGE('',*,*,#10384,.F.);
#10424 = SURFACE_OF_LINEAR_EXTRUSION('',#10425,#10429);
#10425 = B_SPLINE_CURVE_WITH_KNOTS('',2,(#10426,#10427,#10428),
  .UNSPECIFIED.,.F.,.F.,(3,3),(0.,1.),.PIECEWISE_BEZIER_KNOTS.);
#10426 = CARTESIAN_POINT('',(-0.468619286047,7.122427325581,4.98));
#10427 = CARTESIAN_POINT('',(-0.406101117442,7.092612645349,4.98));
#10428 = CARTESIAN_POINT('',(-0.373779169767,7.040014534884,4.98));
#10429 = VECTOR('',#10430,1.);
#10430 = DIRECTION('',(-1.962471068511E-16,-4.440892098501E-16,-1.));
#10431 = ADVANCED_FACE('',(#10432),#10450,.T.);
#10432 = FACE_BOUND('',#10433,.T.);
#10433 = EDGE_LOOP('',(#10434,#10435,#10443,#10449));
#10434 = ORIENTED_EDGE('',*,*,#7332,.T.);
#10435 = ORIENTED_EDGE('',*,*,#10436,.T.);
#10436 = EDGE_CURVE('',#7322,#10437,#10439,.T.);
#10437 = VERTEX_POINT('',#10438);
#10438 = CARTESIAN_POINT('',(-0.693074227907,7.193012354651,5.18));
#10439 = LINE('',#10440,#10441);
#10440 = CARTESIAN_POINT('',(-0.693074227907,7.193012354651,4.98));
#10441 = VECTOR('',#10442,1.);
#10442 = DIRECTION('',(1.962471068511E-16,4.440892098501E-16,1.));
#10443 = ORIENTED_EDGE('',*,*,#10444,.T.);
#10444 = EDGE_CURVE('',#10437,#10411,#10445,.T.);
#10445 = B_SPLINE_CURVE_WITH_KNOTS('',2,(#10446,#10447,#10448),
  .UNSPECIFIED.,.F.,.F.,(3,3),(0.,1.),.PIECEWISE_BEZIER_KNOTS.);
#10446 = CARTESIAN_POINT('',(-0.693074227907,7.193012354651,5.18));
#10447 = CARTESIAN_POINT('',(-0.531191960465,7.1521875,5.18));
#10448 = CARTESIAN_POINT('',(-0.468619286047,7.122427325581,5.18));
#10449 = ORIENTED_EDGE('',*,*,#10410,.F.);
#10450 = SURFACE_OF_LINEAR_EXTRUSION('',#10451,#10455);
#10451 = B_SPLINE_CURVE_WITH_KNOTS('',2,(#10452,#10453,#10454),
  .UNSPECIFIED.,.F.,.F.,(3,3),(0.,1.),.PIECEWISE_BEZIER_KNOTS.);
#10452 = CARTESIAN_POINT('',(-0.693074227907,7.193012354651,4.98));
#10453 = CARTESIAN_POINT('',(-0.531191960465,7.1521875,4.98));
#10454 = CARTESIAN_POINT('',(-0.468619286047,7.122427325581,4.98));
#10455 = VECTOR('',#10456,1.);
#10456 = DIRECTION('',(-1.962471068511E-16,-4.440892098501E-16,-1.));
#10457 = ADVANCED_FACE('',(#10458),#10476,.T.);
#10458 = FACE_BOUND('',#10459,.T.);
#10459 = EDGE_LOOP('',(#10460,#10461,#10469,#10475));
#10460 = ORIENTED_EDGE('',*,*,#7321,.T.);
#10461 = ORIENTED_EDGE('',*,*,#10462,.T.);
#10462 = EDGE_CURVE('',#7309,#10463,#10465,.T.);
#10463 = VERTEX_POINT('',#10464);
#10464 = CARTESIAN_POINT('',(-0.843510274419,7.241958575581,5.18));
#10465 = LINE('',#10466,#10467);
#10466 = CARTESIAN_POINT('',(-0.843510274419,7.241958575581,4.98));
#10467 = VECTOR('',#10468,1.);
#10468 = DIRECTION('',(1.962471068511E-16,4.440892098501E-16,1.));
#10469 = ORIENTED_EDGE('',*,*,#10470,.T.);
#10470 = EDGE_CURVE('',#10463,#10437,#10471,.T.);
#10471 = B_SPLINE_CURVE_WITH_KNOTS('',2,(#10472,#10473,#10474),
  .UNSPECIFIED.,.F.,.F.,(3,3),(0.,1.),.PIECEWISE_BEZIER_KNOTS.);
#10472 = CARTESIAN_POINT('',(-0.843510274419,7.241958575581,5.18));
#10473 = CARTESIAN_POINT('',(-0.813259547674,7.222663517442,5.18));
#10474 = CARTESIAN_POINT('',(-0.693074227907,7.193012354651,5.18));
#10475 = ORIENTED_EDGE('',*,*,#10436,.F.);
#10476 = SURFACE_OF_LINEAR_EXTRUSION('',#10477,#10481);
#10477 = B_SPLINE_CURVE_WITH_KNOTS('',2,(#10478,#10479,#10480),
  .UNSPECIFIED.,.F.,.F.,(3,3),(0.,1.),.PIECEWISE_BEZIER_KNOTS.);
#10478 = CARTESIAN_POINT('',(-0.843510274419,7.241958575581,4.98));
#10479 = CARTESIAN_POINT('',(-0.813259547674,7.222663517442,4.98));
#10480 = CARTESIAN_POINT('',(-0.693074227907,7.193012354651,4.98));
#10481 = VECTOR('',#10482,1.);
#10482 = DIRECTION('',(-1.962471068511E-16,-4.440892098501E-16,-1.));
#10483 = ADVANCED_FACE('',(#10484),#10502,.T.);
#10484 = FACE_BOUND('',#10485,.T.);
#10485 = EDGE_LOOP('',(#10486,#10487,#10495,#10501));
#10486 = ORIENTED_EDGE('',*,*,#7308,.T.);
#10487 = ORIENTED_EDGE('',*,*,#10488,.T.);
#10488 = EDGE_CURVE('',#7296,#10489,#10491,.T.);
#10489 = VERTEX_POINT('',#10490);
#10490 = CARTESIAN_POINT('',(-0.886842396512,7.318920784884,5.18));
#10491 = LINE('',#10492,#10493);
#10492 = CARTESIAN_POINT('',(-0.886842396512,7.318920784884,4.98));
#10493 = VECTOR('',#10494,1.);
#10494 = DIRECTION('',(1.962471068511E-16,4.440892098501E-16,1.));
#10495 = ORIENTED_EDGE('',*,*,#10496,.T.);
#10496 = EDGE_CURVE('',#10489,#10463,#10497,.T.);
#10497 = B_SPLINE_CURVE_WITH_KNOTS('',2,(#10498,#10499,#10500),
  .UNSPECIFIED.,.F.,.F.,(3,3),(0.,1.),.PIECEWISE_BEZIER_KNOTS.);
#10498 = CARTESIAN_POINT('',(-0.886842396512,7.318920784884,5.18));
#10499 = CARTESIAN_POINT('',(-0.886842396512,7.270029069767,5.18));
#10500 = CARTESIAN_POINT('',(-0.843510274419,7.241958575581,5.18));
#10501 = ORIENTED_EDGE('',*,*,#10462,.F.);
#10502 = SURFACE_OF_LINEAR_EXTRUSION('',#10503,#10507);
#10503 = B_SPLINE_CURVE_WITH_KNOTS('',2,(#10504,#10505,#10506),
  .UNSPECIFIED.,.F.,.F.,(3,3),(0.,1.),.PIECEWISE_BEZIER_KNOTS.);
#10504 = CARTESIAN_POINT('',(-0.886842396512,7.318920784884,4.98));
#10505 = CARTESIAN_POINT('',(-0.886842396512,7.270029069767,4.98));
#10506 = CARTESIAN_POINT('',(-0.843510274419,7.241958575581,4.98));
#10507 = VECTOR('',#10508,1.);
#10508 = DIRECTION('',(-1.962471068511E-16,-4.440892098501E-16,-1.));
#10509 = ADVANCED_FACE('',(#10510),#10528,.T.);
#10510 = FACE_BOUND('',#10511,.T.);
#10511 = EDGE_LOOP('',(#10512,#10513,#10521,#10527));
#10512 = ORIENTED_EDGE('',*,*,#7295,.T.);
#10513 = ORIENTED_EDGE('',*,*,#10514,.T.);
#10514 = EDGE_CURVE('',#7285,#10515,#10517,.T.);
#10515 = VERTEX_POINT('',#10516);
#10516 = CARTESIAN_POINT('',(-0.837787163953,7.413978924419,5.18));
#10517 = LINE('',#10518,#10519);
#10518 = CARTESIAN_POINT('',(-0.837787163953,7.413978924419,4.98));
#10519 = VECTOR('',#10520,1.);
#10520 = DIRECTION('',(1.962471068511E-16,4.440892098501E-16,1.));
#10521 = ORIENTED_EDGE('',*,*,#10522,.T.);
#10522 = EDGE_CURVE('',#10515,#10489,#10523,.T.);
#10523 = B_SPLINE_CURVE_WITH_KNOTS('',2,(#10524,#10525,#10526),
  .UNSPECIFIED.,.F.,.F.,(3,3),(0.,1.),.PIECEWISE_BEZIER_KNOTS.);
#10524 = CARTESIAN_POINT('',(-0.837787163953,7.413978924419,5.18));
#10525 = CARTESIAN_POINT('',(-0.886842396512,7.373481104651,5.18));
#10526 = CARTESIAN_POINT('',(-0.886842396512,7.318920784884,5.18));
#10527 = ORIENTED_EDGE('',*,*,#10488,.F.);
#10528 = SURFACE_OF_LINEAR_EXTRUSION('',#10529,#10533);
#10529 = B_SPLINE_CURVE_WITH_KNOTS('',2,(#10530,#10531,#10532),
  .UNSPECIFIED.,.F.,.F.,(3,3),(0.,1.),.PIECEWISE_BEZIER_KNOTS.);
#10530 = CARTESIAN_POINT('',(-0.837787163953,7.413978924419,4.98));
#10531 = CARTESIAN_POINT('',(-0.886842396512,7.373481104651,4.98));
#10532 = CARTESIAN_POINT('',(-0.886842396512,7.318920784884,4.98));
#10533 = VECTOR('',#10534,1.);
#10534 = DIRECTION('',(-1.962471068511E-16,-4.440892098501E-16,-1.));
#10535 = ADVANCED_FACE('',(#10536),#10554,.T.);
#10536 = FACE_BOUND('',#10537,.T.);
#10537 = EDGE_LOOP('',(#10538,#10539,#10547,#10553));
#10538 = ORIENTED_EDGE('',*,*,#7284,.T.);
#10539 = ORIENTED_EDGE('',*,*,#10540,.T.);
#10540 = EDGE_CURVE('',#7274,#10541,#10543,.T.);
#10541 = VERTEX_POINT('',#10542);
#10542 = CARTESIAN_POINT('',(-0.687351117442,7.454476744186,5.18));
#10543 = LINE('',#10544,#10545);
#10544 = CARTESIAN_POINT('',(-0.687351117442,7.454476744186,4.98));
#10545 = VECTOR('',#10546,1.);
#10546 = DIRECTION('',(1.962471068511E-16,4.440892098501E-16,1.));
#10547 = ORIENTED_EDGE('',*,*,#10548,.T.);
#10548 = EDGE_CURVE('',#10541,#10515,#10549,.T.);
#10549 = B_SPLINE_CURVE_WITH_KNOTS('',2,(#10550,#10551,#10552),
  .UNSPECIFIED.,.F.,.F.,(3,3),(0.,1.),.PIECEWISE_BEZIER_KNOTS.);
#10550 = CARTESIAN_POINT('',(-0.687351117442,7.454476744186,5.18));
#10551 = CARTESIAN_POINT('',(-0.788731931395,7.454476744186,5.18));
#10552 = CARTESIAN_POINT('',(-0.837787163953,7.413978924419,5.18));
#10553 = ORIENTED_EDGE('',*,*,#10514,.F.);
#10554 = SURFACE_OF_LINEAR_EXTRUSION('',#10555,#10559);
#10555 = B_SPLINE_CURVE_WITH_KNOTS('',2,(#10556,#10557,#10558),
  .UNSPECIFIED.,.F.,.F.,(3,3),(0.,1.),.PIECEWISE_BEZIER_KNOTS.);
#10556 = CARTESIAN_POINT('',(-0.687351117442,7.454476744186,4.98));
#10557 = CARTESIAN_POINT('',(-0.788731931395,7.454476744186,4.98));
#10558 = CARTESIAN_POINT('',(-0.837787163953,7.413978924419,4.98));
#10559 = VECTOR('',#10560,1.);
#10560 = DIRECTION('',(-1.962471068511E-16,-4.440892098501E-16,-1.));
#10561 = ADVANCED_FACE('',(#10562),#10580,.T.);
#10562 = FACE_BOUND('',#10563,.T.);
#10563 = EDGE_LOOP('',(#10564,#10565,#10573,#10579));
#10564 = ORIENTED_EDGE('',*,*,#7273,.T.);
#10565 = ORIENTED_EDGE('',*,*,#10566,.T.);
#10566 = EDGE_CURVE('',#7261,#10567,#10569,.T.);
#10567 = VERTEX_POINT('',#10568);
#10568 = CARTESIAN_POINT('',(-0.530755913953,7.408855377907,5.18));
#10569 = LINE('',#10570,#10571);
#10570 = CARTESIAN_POINT('',(-0.530755913953,7.408855377907,4.98));
#10571 = VECTOR('',#10572,1.);
#10572 = DIRECTION('',(1.962471068511E-16,4.440892098501E-16,1.));
#10573 = ORIENTED_EDGE('',*,*,#10574,.T.);
#10574 = EDGE_CURVE('',#10567,#10541,#10575,.T.);
#10575 = B_SPLINE_CURVE_WITH_KNOTS('',2,(#10576,#10577,#10578),
  .UNSPECIFIED.,.F.,.F.,(3,3),(0.,1.),.PIECEWISE_BEZIER_KNOTS.);
#10576 = CARTESIAN_POINT('',(-0.530755913953,7.408855377907,5.18));
#10577 = CARTESIAN_POINT('',(-0.586787890698,7.454476744186,5.18));
#10578 = CARTESIAN_POINT('',(-0.687351117442,7.454476744186,5.18));
#10579 = ORIENTED_EDGE('',*,*,#10540,.F.);
#10580 = SURFACE_OF_LINEAR_EXTRUSION('',#10581,#10585);
#10581 = B_SPLINE_CURVE_WITH_KNOTS('',2,(#10582,#10583,#10584),
  .UNSPECIFIED.,.F.,.F.,(3,3),(0.,1.),.PIECEWISE_BEZIER_KNOTS.);
#10582 = CARTESIAN_POINT('',(-0.530755913953,7.408855377907,4.98));
#10583 = CARTESIAN_POINT('',(-0.586787890698,7.454476744186,4.98));
#10584 = CARTESIAN_POINT('',(-0.687351117442,7.454476744186,4.98));
#10585 = VECTOR('',#10586,1.);
#10586 = DIRECTION('',(-1.962471068511E-16,-4.440892098501E-16,-1.));
#10587 = ADVANCED_FACE('',(#10588),#10599,.T.);
#10588 = FACE_BOUND('',#10589,.T.);
#10589 = EDGE_LOOP('',(#10590,#10591,#10592,#10598));
#10590 = ORIENTED_EDGE('',*,*,#7260,.T.);
#10591 = ORIENTED_EDGE('',*,*,#9773,.T.);
#10592 = ORIENTED_EDGE('',*,*,#10593,.T.);
#10593 = EDGE_CURVE('',#9766,#10567,#10594,.T.);
#10594 = B_SPLINE_CURVE_WITH_KNOTS('',2,(#10595,#10596,#10597),
  .UNSPECIFIED.,.F.,.F.,(3,3),(0.,1.),.PIECEWISE_BEZIER_KNOTS.);
#10595 = CARTESIAN_POINT('',(-0.462514634884,7.277441860465,5.18));
#10596 = CARTESIAN_POINT('',(-0.474778443023,7.363179505814,5.18));
#10597 = CARTESIAN_POINT('',(-0.530755913953,7.408855377907,5.18));
#10598 = ORIENTED_EDGE('',*,*,#10566,.F.);
#10599 = SURFACE_OF_LINEAR_EXTRUSION('',#10600,#10604);
#10600 = B_SPLINE_CURVE_WITH_KNOTS('',2,(#10601,#10602,#10603),
  .UNSPECIFIED.,.F.,.F.,(3,3),(0.,1.),.PIECEWISE_BEZIER_KNOTS.);
#10601 = CARTESIAN_POINT('',(-0.462514634884,7.277441860465,4.98));
#10602 = CARTESIAN_POINT('',(-0.474778443023,7.363179505814,4.98));
#10603 = CARTESIAN_POINT('',(-0.530755913953,7.408855377907,4.98));
#10604 = VECTOR('',#10605,1.);
#10605 = DIRECTION('',(-1.962471068511E-16,-4.440892098501E-16,-1.));
#10606 = ADVANCED_FACE('',(#10607),#10632,.T.);
#10607 = FACE_BOUND('',#10608,.T.);
#10608 = EDGE_LOOP('',(#10609,#10610,#10618,#10626));
#10609 = ORIENTED_EDGE('',*,*,#7627,.T.);
#10610 = ORIENTED_EDGE('',*,*,#10611,.T.);
#10611 = EDGE_CURVE('',#7630,#10612,#10614,.T.);
#10612 = VERTEX_POINT('',#10613);
#10613 = CARTESIAN_POINT('',(-1.104297790697E-02,7.451260901163,5.18));
#10614 = LINE('',#10615,#10616);
#10615 = CARTESIAN_POINT('',(-1.104297790697E-02,7.451260901163,4.98));
#10616 = VECTOR('',#10617,1.);
#10617 = DIRECTION('',(1.962471068511E-16,4.440892098501E-16,1.));
#10618 = ORIENTED_EDGE('',*,*,#10619,.T.);
#10619 = EDGE_CURVE('',#10612,#10620,#10622,.T.);
#10620 = VERTEX_POINT('',#10621);
#10621 = CARTESIAN_POINT('',(0.146369812791,7.548989825581,5.18));
#10622 = B_SPLINE_CURVE_WITH_KNOTS('',2,(#10623,#10624,#10625),
  .UNSPECIFIED.,.F.,.F.,(3,3),(0.,1.),.PIECEWISE_BEZIER_KNOTS.);
#10623 = CARTESIAN_POINT('',(-1.104297790697E-02,7.451260901163,5.18));
#10624 = CARTESIAN_POINT('',(7.071574302326E-02,7.520483284884,5.18));
#10625 = CARTESIAN_POINT('',(0.146369812791,7.548989825581,5.18));
#10626 = ORIENTED_EDGE('',*,*,#10627,.F.);
#10627 = EDGE_CURVE('',#7628,#10620,#10628,.T.);
#10628 = LINE('',#10629,#10630);
#10629 = CARTESIAN_POINT('',(0.146369812791,7.548989825581,4.98));
#10630 = VECTOR('',#10631,1.);
#10631 = DIRECTION('',(1.962471068511E-16,4.440892098501E-16,1.));
#10632 = SURFACE_OF_LINEAR_EXTRUSION('',#10633,#10637);
#10633 = B_SPLINE_CURVE_WITH_KNOTS('',2,(#10634,#10635,#10636),
  .UNSPECIFIED.,.F.,.F.,(3,3),(0.,1.),.PIECEWISE_BEZIER_KNOTS.);
#10634 = CARTESIAN_POINT('',(-1.104297790697E-02,7.451260901163,4.98));
#10635 = CARTESIAN_POINT('',(7.071574302326E-02,7.520483284884,4.98));
#10636 = CARTESIAN_POINT('',(0.146369812791,7.548989825581,4.98));
#10637 = VECTOR('',#10638,1.);
#10638 = DIRECTION('',(-1.962471068511E-16,-4.440892098501E-16,-1.));
#10639 = ADVANCED_FACE('',(#10640),#10658,.T.);
#10640 = FACE_BOUND('',#10641,.T.);
#10641 = EDGE_LOOP('',(#10642,#10643,#10651,#10657));
#10642 = ORIENTED_EDGE('',*,*,#7901,.T.);
#10643 = ORIENTED_EDGE('',*,*,#10644,.T.);
#10644 = EDGE_CURVE('',#7894,#10645,#10647,.T.);
#10645 = VERTEX_POINT('',#10646);
#10646 = CARTESIAN_POINT('',(-4.047611744185E-02,7.56,5.18));
#10647 = LINE('',#10648,#10649);
#10648 = CARTESIAN_POINT('',(-4.047611744185E-02,7.56,4.98));
#10649 = VECTOR('',#10650,1.);
#10650 = DIRECTION('',(1.962471068511E-16,4.440892098501E-16,1.));
#10651 = ORIENTED_EDGE('',*,*,#10652,.T.);
#10652 = EDGE_CURVE('',#10645,#10612,#10653,.T.);
#10653 = B_SPLINE_CURVE_WITH_KNOTS('',2,(#10654,#10655,#10656),
  .UNSPECIFIED.,.F.,.F.,(3,3),(0.,1.),.PIECEWISE_BEZIER_KNOTS.);
#10654 = CARTESIAN_POINT('',(-4.047611744185E-02,7.56,5.18));
#10655 = CARTESIAN_POINT('',(-1.758367558139E-02,7.513506540698,5.18));
#10656 = CARTESIAN_POINT('',(-1.104297790697E-02,7.451260901163,5.18));
#10657 = ORIENTED_EDGE('',*,*,#10611,.F.);
#10658 = SURFACE_OF_LINEAR_EXTRUSION('',#10659,#10663);
#10659 = B_SPLINE_CURVE_WITH_KNOTS('',2,(#10660,#10661,#10662),
  .UNSPECIFIED.,.F.,.F.,(3,3),(0.,1.),.PIECEWISE_BEZIER_KNOTS.);
#10660 = CARTESIAN_POINT('',(-4.047611744185E-02,7.56,4.98));
#10661 = CARTESIAN_POINT('',(-1.758367558139E-02,7.513506540698,4.98));
#10662 = CARTESIAN_POINT('',(-1.104297790697E-02,7.451260901163,4.98));
#10663 = VECTOR('',#10664,1.);
#10664 = DIRECTION('',(-1.962471068511E-16,-4.440892098501E-16,-1.));
#10665 = ADVANCED_FACE('',(#10666),#10684,.T.);
#10666 = FACE_BOUND('',#10667,.T.);
#10667 = EDGE_LOOP('',(#10668,#10669,#10677,#10683));
#10668 = ORIENTED_EDGE('',*,*,#7893,.T.);
#10669 = ORIENTED_EDGE('',*,*,#10670,.T.);
#10670 = EDGE_CURVE('',#7884,#10671,#10673,.T.);
#10671 = VERTEX_POINT('',#10672);
#10672 = CARTESIAN_POINT('',(-0.194182512791,7.56,5.18));
#10673 = LINE('',#10674,#10675);
#10674 = CARTESIAN_POINT('',(-0.194182512791,7.56,4.98));
#10675 = VECTOR('',#10676,1.);
#10676 = DIRECTION('',(1.962471068511E-16,4.440892098501E-16,1.));
#10677 = ORIENTED_EDGE('',*,*,#10678,.T.);
#10678 = EDGE_CURVE('',#10671,#10645,#10679,.T.);
#10679 = LINE('',#10680,#10681);
#10680 = CARTESIAN_POINT('',(-0.194182512791,7.56,5.18));
#10681 = VECTOR('',#10682,1.);
#10682 = DIRECTION('',(1.,-3.694383180982E-16,-1.962471068511E-16));
#10683 = ORIENTED_EDGE('',*,*,#10644,.F.);
#10684 = PLANE('',#10685);
#10685 = AXIS2_PLACEMENT_3D('',#10686,#10687,#10688);
#10686 = CARTESIAN_POINT('',(-0.194182512791,7.56,4.98));
#10687 = DIRECTION('',(3.694383180982E-16,1.,-4.440892098501E-16));
#10688 = DIRECTION('',(1.,-3.694383180982E-16,-1.962471068511E-16));
#10689 = ADVANCED_FACE('',(#10690),#10708,.T.);
#10690 = FACE_BOUND('',#10691,.T.);
#10691 = EDGE_LOOP('',(#10692,#10693,#10701,#10707));
#10692 = ORIENTED_EDGE('',*,*,#7883,.T.);
#10693 = ORIENTED_EDGE('',*,*,#10694,.T.);
#10694 = EDGE_CURVE('',#7872,#10695,#10697,.T.);
#10695 = VERTEX_POINT('',#10696);
#10696 = CARTESIAN_POINT('',(-0.15695504186,7.456002906977,5.18));
#10697 = LINE('',#10698,#10699);
#10698 = CARTESIAN_POINT('',(-0.15695504186,7.456002906977,4.98));
#10699 = VECTOR('',#10700,1.);
#10700 = DIRECTION('',(1.962471068511E-16,4.440892098501E-16,1.));
#10701 = ORIENTED_EDGE('',*,*,#10702,.T.);
#10702 = EDGE_CURVE('',#10695,#10671,#10703,.T.);
#10703 = B_SPLINE_CURVE_WITH_KNOTS('',2,(#10704,#10705,#10706),
  .UNSPECIFIED.,.F.,.F.,(3,3),(0.,1.),.PIECEWISE_BEZIER_KNOTS.);
#10704 = CARTESIAN_POINT('',(-0.15695504186,7.456002906977,5.18));
#10705 = CARTESIAN_POINT('',(-0.166384547674,7.51023619186,5.18));
#10706 = CARTESIAN_POINT('',(-0.194182512791,7.56,5.18));
#10707 = ORIENTED_EDGE('',*,*,#10670,.F.);
#10708 = SURFACE_OF_LINEAR_EXTRUSION('',#10709,#10713);
#10709 = B_SPLINE_CURVE_WITH_KNOTS('',2,(#10710,#10711,#10712),
  .UNSPECIFIED.,.F.,.F.,(3,3),(0.,1.),.PIECEWISE_BEZIER_KNOTS.);
#10710 = CARTESIAN_POINT('',(-0.15695504186,7.456002906977,4.98));
#10711 = CARTESIAN_POINT('',(-0.166384547674,7.51023619186,4.98));
#10712 = CARTESIAN_POINT('',(-0.194182512791,7.56,4.98));
#10713 = VECTOR('',#10714,1.);
#10714 = DIRECTION('',(-1.962471068511E-16,-4.440892098501E-16,-1.));
#10715 = ADVANCED_FACE('',(#10716),#10734,.T.);
#10716 = FACE_BOUND('',#10717,.T.);
#10717 = EDGE_LOOP('',(#10718,#10719,#10727,#10733));
#10718 = ORIENTED_EDGE('',*,*,#7871,.T.);
#10719 = ORIENTED_EDGE('',*,*,#10720,.T.);
#10720 = EDGE_CURVE('',#7864,#10721,#10723,.T.);
#10721 = VERTEX_POINT('',#10722);
#10722 = CARTESIAN_POINT('',(-0.14758004186,7.196936773256,5.18));
#10723 = LINE('',#10724,#10725);
#10724 = CARTESIAN_POINT('',(-0.14758004186,7.196936773256,4.98));
#10725 = VECTOR('',#10726,1.);
#10726 = DIRECTION('',(1.962471068511E-16,4.440892098501E-16,1.));
#10727 = ORIENTED_EDGE('',*,*,#10728,.T.);
#10728 = EDGE_CURVE('',#10721,#10695,#10729,.T.);
#10729 = B_SPLINE_CURVE_WITH_KNOTS('',2,(#10730,#10731,#10732),
  .UNSPECIFIED.,.F.,.F.,(3,3),(0.,1.),.PIECEWISE_BEZIER_KNOTS.);
#10730 = CARTESIAN_POINT('',(-0.14758004186,7.196936773256,5.18));
#10731 = CARTESIAN_POINT('',(-0.14758004186,7.401715116279,5.18));
#10732 = CARTESIAN_POINT('',(-0.15695504186,7.456002906977,5.18));
#10733 = ORIENTED_EDGE('',*,*,#10694,.F.);
#10734 = SURFACE_OF_LINEAR_EXTRUSION('',#10735,#10739);
#10735 = B_SPLINE_CURVE_WITH_KNOTS('',2,(#10736,#10737,#10738),
  .UNSPECIFIED.,.F.,.F.,(3,3),(0.,1.),.PIECEWISE_BEZIER_KNOTS.);
#10736 = CARTESIAN_POINT('',(-0.14758004186,7.196936773256,4.98));
#10737 = CARTESIAN_POINT('',(-0.14758004186,7.401715116279,4.98));
#10738 = CARTESIAN_POINT('',(-0.15695504186,7.456002906977,4.98));
#10739 = VECTOR('',#10740,1.);
#10740 = DIRECTION('',(-1.962471068511E-16,-4.440892098501E-16,-1.));
#10741 = ADVANCED_FACE('',(#10742),#10760,.T.);
#10742 = FACE_BOUND('',#10743,.T.);
#10743 = EDGE_LOOP('',(#10744,#10745,#10753,#10759));
#10744 = ORIENTED_EDGE('',*,*,#7863,.T.);
#10745 = ORIENTED_EDGE('',*,*,#10746,.T.);
#10746 = EDGE_CURVE('',#7853,#10747,#10749,.T.);
#10747 = VERTEX_POINT('',#10748);
#10748 = CARTESIAN_POINT('',(-0.14758004186,7.001097383721,5.18));
#10749 = LINE('',#10750,#10751);
#10750 = CARTESIAN_POINT('',(-0.14758004186,7.001097383721,4.98));
#10751 = VECTOR('',#10752,1.);
#10752 = DIRECTION('',(1.962471068511E-16,4.440892098501E-16,1.));
#10753 = ORIENTED_EDGE('',*,*,#10754,.T.);
#10754 = EDGE_CURVE('',#10747,#10721,#10755,.T.);
#10755 = LINE('',#10756,#10757);
#10756 = CARTESIAN_POINT('',(-0.14758004186,7.001097383721,5.18));
#10757 = VECTOR('',#10758,1.);
#10758 = DIRECTION('',(3.694383180982E-16,1.,-4.440892098501E-16));
#10759 = ORIENTED_EDGE('',*,*,#10720,.F.);
#10760 = PLANE('',#10761);
#10761 = AXIS2_PLACEMENT_3D('',#10762,#10763,#10764);
#10762 = CARTESIAN_POINT('',(-0.14758004186,7.001097383721,4.98));
#10763 = DIRECTION('',(-1.,3.694383180982E-16,1.962471068511E-16));
#10764 = DIRECTION('',(3.694383180982E-16,1.,-4.440892098501E-16));
#10765 = ADVANCED_FACE('',(#10766),#10784,.T.);
#10766 = FACE_BOUND('',#10767,.T.);
#10767 = EDGE_LOOP('',(#10768,#10769,#10777,#10783));
#10768 = ORIENTED_EDGE('',*,*,#7852,.T.);
#10769 = ORIENTED_EDGE('',*,*,#10770,.T.);
#10770 = EDGE_CURVE('',#7843,#10771,#10773,.T.);
#10771 = VERTEX_POINT('',#10772);
#10772 = CARTESIAN_POINT('',(-0.140221756977,6.86570494186,5.18));
#10773 = LINE('',#10774,#10775);
#10774 = CARTESIAN_POINT('',(-0.140221756977,6.86570494186,4.98));
#10775 = VECTOR('',#10776,1.);
#10776 = DIRECTION('',(1.962471068511E-16,4.440892098501E-16,1.));
#10777 = ORIENTED_EDGE('',*,*,#10778,.T.);
#10778 = EDGE_CURVE('',#10771,#10747,#10779,.T.);
#10779 = B_SPLINE_CURVE_WITH_KNOTS('',2,(#10780,#10781,#10782),
  .UNSPECIFIED.,.F.,.F.,(3,3),(0.,1.),.PIECEWISE_BEZIER_KNOTS.);
#10780 = CARTESIAN_POINT('',(-0.140221756977,6.86570494186,5.18));
#10781 = CARTESIAN_POINT('',(-0.14758004186,6.90320494186,5.18));
#10782 = CARTESIAN_POINT('',(-0.14758004186,7.001097383721,5.18));
#10783 = ORIENTED_EDGE('',*,*,#10746,.F.);
#10784 = SURFACE_OF_LINEAR_EXTRUSION('',#10785,#10789);
#10785 = B_SPLINE_CURVE_WITH_KNOTS('',2,(#10786,#10787,#10788),
  .UNSPECIFIED.,.F.,.F.,(3,3),(0.,1.),.PIECEWISE_BEZIER_KNOTS.);
#10786 = CARTESIAN_POINT('',(-0.140221756977,6.86570494186,4.98));
#10787 = CARTESIAN_POINT('',(-0.14758004186,6.90320494186,4.98));
#10788 = CARTESIAN_POINT('',(-0.14758004186,7.001097383721,4.98));
#10789 = VECTOR('',#10790,1.);
#10790 = DIRECTION('',(-1.962471068511E-16,-4.440892098501E-16,-1.));
#10791 = ADVANCED_FACE('',(#10792),#10810,.T.);
#10792 = FACE_BOUND('',#10793,.T.);
#10793 = EDGE_LOOP('',(#10794,#10795,#10803,#10809));
#10794 = ORIENTED_EDGE('',*,*,#7842,.T.);
#10795 = ORIENTED_EDGE('',*,*,#10796,.T.);
#10796 = EDGE_CURVE('',#7833,#10797,#10799,.T.);
#10797 = VERTEX_POINT('',#10798);
#10798 = CARTESIAN_POINT('',(-9.443687325581E-02,6.76574127907,5.18));
#10799 = LINE('',#10800,#10801);
#10800 = CARTESIAN_POINT('',(-9.443687325581E-02,6.76574127907,4.98));
#10801 = VECTOR('',#10802,1.);
#10802 = DIRECTION('',(1.962471068511E-16,4.440892098501E-16,1.));
#10803 = ORIENTED_EDGE('',*,*,#10804,.T.);
#10804 = EDGE_CURVE('',#10797,#10771,#10805,.T.);
#10805 = B_SPLINE_CURVE_WITH_KNOTS('',2,(#10806,#10807,#10808),
  .UNSPECIFIED.,.F.,.F.,(3,3),(0.,1.),.PIECEWISE_BEZIER_KNOTS.);
#10806 = CARTESIAN_POINT('',(-9.443687325581E-02,6.76574127907,5.18));
#10807 = CARTESIAN_POINT('',(-0.127140361628,6.8053125,5.18));
#10808 = CARTESIAN_POINT('',(-0.140221756977,6.86570494186,5.18));
#10809 = ORIENTED_EDGE('',*,*,#10770,.F.);
#10810 = SURFACE_OF_LINEAR_EXTRUSION('',#10811,#10815);
#10811 = B_SPLINE_CURVE_WITH_KNOTS('',2,(#10812,#10813,#10814),
  .UNSPECIFIED.,.F.,.F.,(3,3),(0.,1.),.PIECEWISE_BEZIER_KNOTS.);
#10812 = CARTESIAN_POINT('',(-9.443687325581E-02,6.76574127907,4.98));
#10813 = CARTESIAN_POINT('',(-0.127140361628,6.8053125,4.98));
#10814 = CARTESIAN_POINT('',(-0.140221756977,6.86570494186,4.98));
#10815 = VECTOR('',#10816,1.);
#10816 = DIRECTION('',(-1.962471068511E-16,-4.440892098501E-16,-1.));
#10817 = ADVANCED_FACE('',(#10818),#10836,.T.);
#10818 = FACE_BOUND('',#10819,.T.);
#10819 = EDGE_LOOP('',(#10820,#10821,#10829,#10835));
#10820 = ORIENTED_EDGE('',*,*,#7832,.T.);
#10821 = ORIENTED_EDGE('',*,*,#10822,.T.);
#10822 = EDGE_CURVE('',#7823,#10823,#10825,.T.);
#10823 = VERTEX_POINT('',#10824);
#10824 = CARTESIAN_POINT('',(7.761527906984E-03,6.700061773256,5.18));
#10825 = LINE('',#10826,#10827);
#10826 = CARTESIAN_POINT('',(7.761527906984E-03,6.700061773256,4.98));
#10827 = VECTOR('',#10828,1.);
#10828 = DIRECTION('',(1.962471068511E-16,4.440892098501E-16,1.));
#10829 = ORIENTED_EDGE('',*,*,#10830,.T.);
#10830 = EDGE_CURVE('',#10823,#10797,#10831,.T.);
#10831 = B_SPLINE_CURVE_WITH_KNOTS('',2,(#10832,#10833,#10834),
  .UNSPECIFIED.,.F.,.F.,(3,3),(0.,1.),.PIECEWISE_BEZIER_KNOTS.);
#10832 = CARTESIAN_POINT('',(7.761527906985E-03,6.700061773256,5.18));
#10833 = CARTESIAN_POINT('',(-6.173338488371E-02,6.72617005814,5.18));
#10834 = CARTESIAN_POINT('',(-9.443687325581E-02,6.76574127907,5.18));
#10835 = ORIENTED_EDGE('',*,*,#10796,.F.);
#10836 = SURFACE_OF_LINEAR_EXTRUSION('',#10837,#10841);
#10837 = B_SPLINE_CURVE_WITH_KNOTS('',2,(#10838,#10839,#10840),
  .UNSPECIFIED.,.F.,.F.,(3,3),(0.,1.),.PIECEWISE_BEZIER_KNOTS.);
#10838 = CARTESIAN_POINT('',(7.761527906985E-03,6.700061773256,4.98));
#10839 = CARTESIAN_POINT('',(-6.173338488371E-02,6.72617005814,4.98));
#10840 = CARTESIAN_POINT('',(-9.443687325581E-02,6.76574127907,4.98));
#10841 = VECTOR('',#10842,1.);
#10842 = DIRECTION('',(-1.962471068511E-16,-4.440892098501E-16,-1.));
#10843 = ADVANCED_FACE('',(#10844),#10862,.T.);
#10844 = FACE_BOUND('',#10845,.T.);
#10845 = EDGE_LOOP('',(#10846,#10847,#10855,#10861));
#10846 = ORIENTED_EDGE('',*,*,#7822,.T.);
#10847 = ORIENTED_EDGE('',*,*,#10848,.T.);
#10848 = EDGE_CURVE('',#7813,#10849,#10851,.T.);
#10849 = VERTEX_POINT('',#10850);
#10850 = CARTESIAN_POINT('',(0.188448301163,6.673953488372,5.18));
#10851 = LINE('',#10852,#10853);
#10852 = CARTESIAN_POINT('',(0.188448301163,6.673953488372,4.98));
#10853 = VECTOR('',#10854,1.);
#10854 = DIRECTION('',(1.962471068511E-16,4.440892098501E-16,1.));
#10855 = ORIENTED_EDGE('',*,*,#10856,.T.);
#10856 = EDGE_CURVE('',#10849,#10823,#10857,.T.);
#10857 = B_SPLINE_CURVE_WITH_KNOTS('',2,(#10858,#10859,#10860),
  .UNSPECIFIED.,.F.,.F.,(3,3),(0.,1.),.PIECEWISE_BEZIER_KNOTS.);
#10858 = CARTESIAN_POINT('',(0.188448301163,6.673953488372,5.18));
#10859 = CARTESIAN_POINT('',(7.725644069768E-02,6.673953488372,5.18));
#10860 = CARTESIAN_POINT('',(7.761527906985E-03,6.700061773256,5.18));
#10861 = ORIENTED_EDGE('',*,*,#10822,.F.);
#10862 = SURFACE_OF_LINEAR_EXTRUSION('',#10863,#10867);
#10863 = B_SPLINE_CURVE_WITH_KNOTS('',2,(#10864,#10865,#10866),
  .UNSPECIFIED.,.F.,.F.,(3,3),(0.,1.),.PIECEWISE_BEZIER_KNOTS.);
#10864 = CARTESIAN_POINT('',(0.188448301163,6.673953488372,4.98));
#10865 = CARTESIAN_POINT('',(7.725644069768E-02,6.673953488372,4.98));
#10866 = CARTESIAN_POINT('',(7.761527906985E-03,6.700061773256,4.98));
#10867 = VECTOR('',#10868,1.);
#10868 = DIRECTION('',(-1.962471068511E-16,-4.440892098501E-16,-1.));
#10869 = ADVANCED_FACE('',(#10870),#10888,.T.);
#10870 = FACE_BOUND('',#10871,.T.);
#10871 = EDGE_LOOP('',(#10872,#10873,#10881,#10887));
#10872 = ORIENTED_EDGE('',*,*,#7812,.T.);
#10873 = ORIENTED_EDGE('',*,*,#10874,.T.);
#10874 = EDGE_CURVE('',#7803,#10875,#10877,.T.);
#10875 = VERTEX_POINT('',#10876);
#10876 = CARTESIAN_POINT('',(0.385486818605,6.704912790698,5.18));
#10877 = LINE('',#10878,#10879);
#10878 = CARTESIAN_POINT('',(0.385486818605,6.704912790698,4.98));
#10879 = VECTOR('',#10880,1.);
#10880 = DIRECTION('',(1.962471068511E-16,4.440892098501E-16,1.));
#10881 = ORIENTED_EDGE('',*,*,#10882,.T.);
#10882 = EDGE_CURVE('',#10875,#10849,#10883,.T.);
#10883 = B_SPLINE_CURVE_WITH_KNOTS('',2,(#10884,#10885,#10886),
  .UNSPECIFIED.,.F.,.F.,(3,3),(0.,1.),.PIECEWISE_BEZIER_KNOTS.);
#10884 = CARTESIAN_POINT('',(0.385486818605,6.704912790698,5.18));
#10885 = CARTESIAN_POINT('',(0.300457748837,6.673953488372,5.18));
#10886 = CARTESIAN_POINT('',(0.188448301163,6.673953488372,5.18));
#10887 = ORIENTED_EDGE('',*,*,#10848,.F.);
#10888 = SURFACE_OF_LINEAR_EXTRUSION('',#10889,#10893);
#10889 = B_SPLINE_CURVE_WITH_KNOTS('',2,(#10890,#10891,#10892),
  .UNSPECIFIED.,.F.,.F.,(3,3),(0.,1.),.PIECEWISE_BEZIER_KNOTS.);
#10890 = CARTESIAN_POINT('',(0.385486818605,6.704912790698,4.98));
#10891 = CARTESIAN_POINT('',(0.300457748837,6.673953488372,4.98));
#10892 = CARTESIAN_POINT('',(0.188448301163,6.673953488372,4.98));
#10893 = VECTOR('',#10894,1.);
#10894 = DIRECTION('',(-1.962471068511E-16,-4.440892098501E-16,-1.));
#10895 = ADVANCED_FACE('',(#10896),#10914,.T.);
#10896 = FACE_BOUND('',#10897,.T.);
#10897 = EDGE_LOOP('',(#10898,#10899,#10907,#10913));
#10898 = ORIENTED_EDGE('',*,*,#7802,.T.);
#10899 = ORIENTED_EDGE('',*,*,#10900,.T.);
#10900 = EDGE_CURVE('',#7793,#10901,#10903,.T.);
#10901 = VERTEX_POINT('',#10902);
#10902 = CARTESIAN_POINT('',(0.515483184884,6.793266715116,5.18));
#10903 = LINE('',#10904,#10905);
#10904 = CARTESIAN_POINT('',(0.515483184884,6.793266715116,4.98));
#10905 = VECTOR('',#10906,1.);
#10906 = DIRECTION('',(1.962471068511E-16,4.440892098501E-16,1.));
#10907 = ORIENTED_EDGE('',*,*,#10908,.T.);
#10908 = EDGE_CURVE('',#10901,#10875,#10909,.T.);
#10909 = B_SPLINE_CURVE_WITH_KNOTS('',2,(#10910,#10911,#10912),
  .UNSPECIFIED.,.F.,.F.,(3,3),(0.,1.),.PIECEWISE_BEZIER_KNOTS.);
#10910 = CARTESIAN_POINT('',(0.515483184884,6.793266715116,5.18));
#10911 = CARTESIAN_POINT('',(0.470515888372,6.735872093023,5.18));
#10912 = CARTESIAN_POINT('',(0.385486818605,6.704912790698,5.18));
#10913 = ORIENTED_EDGE('',*,*,#10874,.F.);
#10914 = SURFACE_OF_LINEAR_EXTRUSION('',#10915,#10919);
#10915 = B_SPLINE_CURVE_WITH_KNOTS('',2,(#10916,#10917,#10918),
  .UNSPECIFIED.,.F.,.F.,(3,3),(0.,1.),.PIECEWISE_BEZIER_KNOTS.);
#10916 = CARTESIAN_POINT('',(0.515483184884,6.793266715116,4.98));
#10917 = CARTESIAN_POINT('',(0.470515888372,6.735872093023,4.98));
#10918 = CARTESIAN_POINT('',(0.385486818605,6.704912790698,4.98));
#10919 = VECTOR('',#10920,1.);
#10920 = DIRECTION('',(-1.962471068511E-16,-4.440892098501E-16,-1.));
#10921 = ADVANCED_FACE('',(#10922),#10940,.T.);
#10922 = FACE_BOUND('',#10923,.T.);
#10923 = EDGE_LOOP('',(#10924,#10925,#10933,#10939));
#10924 = ORIENTED_EDGE('',*,*,#7792,.T.);
#10925 = ORIENTED_EDGE('',*,*,#10926,.T.);
#10926 = EDGE_CURVE('',#7785,#10927,#10929,.T.);
#10927 = VERTEX_POINT('',#10928);
#10928 = CARTESIAN_POINT('',(0.580072574419,6.94386627907,5.18));
#10929 = LINE('',#10930,#10931);
#10930 = CARTESIAN_POINT('',(0.580072574419,6.94386627907,4.98));
#10931 = VECTOR('',#10932,1.);
#10932 = DIRECTION('',(1.962471068511E-16,4.440892098501E-16,1.));
#10933 = ORIENTED_EDGE('',*,*,#10934,.T.);
#10934 = EDGE_CURVE('',#10927,#10901,#10935,.T.);
#10935 = B_SPLINE_CURVE_WITH_KNOTS('',2,(#10936,#10937,#10938),
  .UNSPECIFIED.,.F.,.F.,(3,3),(0.,1.),.PIECEWISE_BEZIER_KNOTS.);
#10936 = CARTESIAN_POINT('',(0.580072574419,6.94386627907,5.18));
#10937 = CARTESIAN_POINT('',(0.560450481395,6.850606831395,5.18));
#10938 = CARTESIAN_POINT('',(0.515483184884,6.793266715116,5.18));
#10939 = ORIENTED_EDGE('',*,*,#10900,.F.);
#10940 = SURFACE_OF_LINEAR_EXTRUSION('',#10941,#10945);
#10941 = B_SPLINE_CURVE_WITH_KNOTS('',2,(#10942,#10943,#10944),
  .UNSPECIFIED.,.F.,.F.,(3,3),(0.,1.),.PIECEWISE_BEZIER_KNOTS.);
#10942 = CARTESIAN_POINT('',(0.580072574419,6.94386627907,4.98));
#10943 = CARTESIAN_POINT('',(0.560450481395,6.850606831395,4.98));
#10944 = CARTESIAN_POINT('',(0.515483184884,6.793266715116,4.98));
#10945 = VECTOR('',#10946,1.);
#10946 = DIRECTION('',(-1.962471068511E-16,-4.440892098501E-16,-1.));
#10947 = ADVANCED_FACE('',(#10948),#10966,.T.);
#10948 = FACE_BOUND('',#10949,.T.);
#10949 = EDGE_LOOP('',(#10950,#10951,#10959,#10965));
#10950 = ORIENTED_EDGE('',*,*,#7784,.T.);
#10951 = ORIENTED_EDGE('',*,*,#10952,.T.);
#10952 = EDGE_CURVE('',#7774,#10953,#10955,.T.);
#10953 = VERTEX_POINT('',#10954);
#10954 = CARTESIAN_POINT('',(0.436177225581,6.963488372093,5.18));
#10955 = LINE('',#10956,#10957);
#10956 = CARTESIAN_POINT('',(0.436177225581,6.963488372093,4.98));
#10957 = VECTOR('',#10958,1.);
#10958 = DIRECTION('',(1.962471068511E-16,4.440892098501E-16,1.));
#10959 = ORIENTED_EDGE('',*,*,#10960,.T.);
#10960 = EDGE_CURVE('',#10953,#10927,#10961,.T.);
#10961 = LINE('',#10962,#10963);
#10962 = CARTESIAN_POINT('',(0.436177225581,6.963488372093,5.18));
#10963 = VECTOR('',#10964,1.);
#10964 = DIRECTION('',(0.990830168044,-0.135113204733,
    -1.344452375291E-16));
#10965 = ORIENTED_EDGE('',*,*,#10926,.F.);
#10966 = PLANE('',#10967);
#10967 = AXIS2_PLACEMENT_3D('',#10968,#10969,#10970);
#10968 = CARTESIAN_POINT('',(0.436177225581,6.963488372093,4.98));
#10969 = DIRECTION('',(0.135113204733,0.990830168044,-4.665325619487E-16
    ));
#10970 = DIRECTION('',(0.990830168044,-0.135113204733,
    -1.344452375291E-16));
#10971 = ADVANCED_FACE('',(#10972),#10990,.T.);
#10972 = FACE_BOUND('',#10973,.T.);
#10973 = EDGE_LOOP('',(#10974,#10975,#10983,#10989));
#10974 = ORIENTED_EDGE('',*,*,#7773,.T.);
#10975 = ORIENTED_EDGE('',*,*,#10976,.T.);
#10976 = EDGE_CURVE('',#7763,#10977,#10979,.T.);
#10977 = VERTEX_POINT('',#10978);
#10978 = CARTESIAN_POINT('',(0.363030423256,6.833601017442,5.18));
#10979 = LINE('',#10980,#10981);
#10980 = CARTESIAN_POINT('',(0.363030423256,6.833601017442,4.98));
#10981 = VECTOR('',#10982,1.);
#10982 = DIRECTION('',(1.962471068511E-16,4.440892098501E-16,1.));
#10983 = ORIENTED_EDGE('',*,*,#10984,.T.);
#10984 = EDGE_CURVE('',#10977,#10953,#10985,.T.);
#10985 = B_SPLINE_CURVE_WITH_KNOTS('',2,(#10986,#10987,#10988),
  .UNSPECIFIED.,.F.,.F.,(3,3),(0.,1.),.PIECEWISE_BEZIER_KNOTS.);
#10986 = CARTESIAN_POINT('',(0.363030423256,6.833601017442,5.18));
#10987 = CARTESIAN_POINT('',(0.412467196512,6.870283430233,5.18));
#10988 = CARTESIAN_POINT('',(0.436177225581,6.963488372093,5.18));
#10989 = ORIENTED_EDGE('',*,*,#10952,.F.);
#10990 = SURFACE_OF_LINEAR_EXTRUSION('',#10991,#10995);
#10991 = B_SPLINE_CURVE_WITH_KNOTS('',2,(#10992,#10993,#10994),
  .UNSPECIFIED.,.F.,.F.,(3,3),(0.,1.),.PIECEWISE_BEZIER_KNOTS.);
#10992 = CARTESIAN_POINT('',(0.363030423256,6.833601017442,4.98));
#10993 = CARTESIAN_POINT('',(0.412467196512,6.870283430233,4.98));
#10994 = CARTESIAN_POINT('',(0.436177225581,6.963488372093,4.98));
#10995 = VECTOR('',#10996,1.);
#10996 = DIRECTION('',(-1.962471068511E-16,-4.440892098501E-16,-1.));
#10997 = ADVANCED_FACE('',(#10998),#11016,.T.);
#10998 = FACE_BOUND('',#10999,.T.);
#10999 = EDGE_LOOP('',(#11000,#11001,#11009,#11015));
#11000 = ORIENTED_EDGE('',*,*,#7762,.T.);
#11001 = ORIENTED_EDGE('',*,*,#11002,.T.);
#11002 = EDGE_CURVE('',#7752,#11003,#11005,.T.);
#11003 = VERTEX_POINT('',#11004);
#11004 = CARTESIAN_POINT('',(0.209705568605,6.796918604651,5.18));
#11005 = LINE('',#11006,#11007);
#11006 = CARTESIAN_POINT('',(0.209705568605,6.796918604651,4.98));
#11007 = VECTOR('',#11008,1.);
#11008 = DIRECTION('',(1.962471068511E-16,4.440892098501E-16,1.));
#11009 = ORIENTED_EDGE('',*,*,#11010,.T.);
#11010 = EDGE_CURVE('',#11003,#10977,#11011,.T.);
#11011 = B_SPLINE_CURVE_WITH_KNOTS('',2,(#11012,#11013,#11014),
  .UNSPECIFIED.,.F.,.F.,(3,3),(0.,1.),.PIECEWISE_BEZIER_KNOTS.);
#11012 = CARTESIAN_POINT('',(0.209705568605,6.796918604651,5.18));
#11013 = CARTESIAN_POINT('',(0.313539144186,6.796918604651,5.18));
#11014 = CARTESIAN_POINT('',(0.363030423256,6.833601017442,5.18));
#11015 = ORIENTED_EDGE('',*,*,#10976,.F.);
#11016 = SURFACE_OF_LINEAR_EXTRUSION('',#11017,#11021);
#11017 = B_SPLINE_CURVE_WITH_KNOTS('',2,(#11018,#11019,#11020),
  .UNSPECIFIED.,.F.,.F.,(3,3),(0.,1.),.PIECEWISE_BEZIER_KNOTS.);
#11018 = CARTESIAN_POINT('',(0.209705568605,6.796918604651,4.98));
#11019 = CARTESIAN_POINT('',(0.313539144186,6.796918604651,4.98));
#11020 = CARTESIAN_POINT('',(0.363030423256,6.833601017442,4.98));
#11021 = VECTOR('',#11022,1.);
#11022 = DIRECTION('',(-1.962471068511E-16,-4.440892098501E-16,-1.));
#11023 = ADVANCED_FACE('',(#11024),#11042,.T.);
#11024 = FACE_BOUND('',#11025,.T.);
#11025 = EDGE_LOOP('',(#11026,#11027,#11035,#11041));
#11026 = ORIENTED_EDGE('',*,*,#7751,.T.);
#11027 = ORIENTED_EDGE('',*,*,#11028,.T.);
#11028 = EDGE_CURVE('',#7741,#11029,#11031,.T.);
#11029 = VERTEX_POINT('',#11030);
#11030 = CARTESIAN_POINT('',(4.210019069768E-02,6.846082848837,5.18));
#11031 = LINE('',#11032,#11033);
#11032 = CARTESIAN_POINT('',(4.210019069768E-02,6.846082848837,4.98));
#11033 = VECTOR('',#11034,1.);
#11034 = DIRECTION('',(1.962471068511E-16,4.440892098501E-16,1.));
#11035 = ORIENTED_EDGE('',*,*,#11036,.T.);
#11036 = EDGE_CURVE('',#11029,#11003,#11037,.T.);
#11037 = B_SPLINE_CURVE_WITH_KNOTS('',2,(#11038,#11039,#11040),
  .UNSPECIFIED.,.F.,.F.,(3,3),(0.,1.),.PIECEWISE_BEZIER_KNOTS.);
#11038 = CARTESIAN_POINT('',(4.210019069768E-02,6.846082848837,5.18));
#11039 = CARTESIAN_POINT('',(9.851370813954E-02,6.796918604651,5.18));
#11040 = CARTESIAN_POINT('',(0.209705568605,6.796918604651,5.18));
#11041 = ORIENTED_EDGE('',*,*,#11002,.F.);
#11042 = SURFACE_OF_LINEAR_EXTRUSION('',#11043,#11047);
#11043 = B_SPLINE_CURVE_WITH_KNOTS('',2,(#11044,#11045,#11046),
  .UNSPECIFIED.,.F.,.F.,(3,3),(0.,1.),.PIECEWISE_BEZIER_KNOTS.);
#11044 = CARTESIAN_POINT('',(4.210019069768E-02,6.846082848837,4.98));
#11045 = CARTESIAN_POINT('',(9.851370813954E-02,6.796918604651,4.98));
#11046 = CARTESIAN_POINT('',(0.209705568605,6.796918604651,4.98));
#11047 = VECTOR('',#11048,1.);
#11048 = DIRECTION('',(-1.962471068511E-16,-4.440892098501E-16,-1.));
#11049 = ADVANCED_FACE('',(#11050),#11068,.T.);
#11050 = FACE_BOUND('',#11051,.T.);
#11051 = EDGE_LOOP('',(#11052,#11053,#11061,#11067));
#11052 = ORIENTED_EDGE('',*,*,#7740,.T.);
#11053 = ORIENTED_EDGE('',*,*,#11054,.T.);
#11054 = EDGE_CURVE('',#7731,#11055,#11057,.T.);
#11055 = VERTEX_POINT('',#11056);
#11056 = CARTESIAN_POINT('',(4.032430232641E-04,6.970955668605,5.18));
#11057 = LINE('',#11058,#11059);
#11058 = CARTESIAN_POINT('',(4.032430232641E-04,6.970955668605,4.98));
#11059 = VECTOR('',#11060,1.);
#11060 = DIRECTION('',(1.962471068511E-16,4.440892098501E-16,1.));
#11061 = ORIENTED_EDGE('',*,*,#11062,.T.);
#11062 = EDGE_CURVE('',#11055,#11029,#11063,.T.);
#11063 = B_SPLINE_CURVE_WITH_KNOTS('',2,(#11064,#11065,#11066),
  .UNSPECIFIED.,.F.,.F.,(3,3),(0.,1.),.PIECEWISE_BEZIER_KNOTS.);
#11064 = CARTESIAN_POINT('',(4.032430232641E-04,6.970955668605,5.18));
#11065 = CARTESIAN_POINT('',(4.032430232637E-04,6.882329215116,5.18));
#11066 = CARTESIAN_POINT('',(4.210019069768E-02,6.846082848837,5.18));
#11067 = ORIENTED_EDGE('',*,*,#11028,.F.);
#11068 = SURFACE_OF_LINEAR_EXTRUSION('',#11069,#11073);
#11069 = B_SPLINE_CURVE_WITH_KNOTS('',2,(#11070,#11071,#11072),
  .UNSPECIFIED.,.F.,.F.,(3,3),(0.,1.),.PIECEWISE_BEZIER_KNOTS.);
#11070 = CARTESIAN_POINT('',(4.032430232641E-04,6.970955668605,4.98));
#11071 = CARTESIAN_POINT('',(4.032430232637E-04,6.882329215116,4.98));
#11072 = CARTESIAN_POINT('',(4.210019069768E-02,6.846082848837,4.98));
#11073 = VECTOR('',#11074,1.);
#11074 = DIRECTION('',(-1.962471068511E-16,-4.440892098501E-16,-1.));
#11075 = ADVANCED_FACE('',(#11076),#11094,.T.);
#11076 = FACE_BOUND('',#11077,.T.);
#11077 = EDGE_LOOP('',(#11078,#11079,#11087,#11093));
#11078 = ORIENTED_EDGE('',*,*,#7730,.T.);
#11079 = ORIENTED_EDGE('',*,*,#11080,.T.);
#11080 = EDGE_CURVE('',#7720,#11081,#11083,.T.);
#11081 = VERTEX_POINT('',#11082);
#11082 = CARTESIAN_POINT('',(1.220830232567E-03,7.008837209302,5.18));
#11083 = LINE('',#11084,#11085);
#11084 = CARTESIAN_POINT('',(1.220830232567E-03,7.008837209302,4.98));
#11085 = VECTOR('',#11086,1.);
#11086 = DIRECTION('',(1.962471068511E-16,4.440892098501E-16,1.));
#11087 = ORIENTED_EDGE('',*,*,#11088,.T.);
#11088 = EDGE_CURVE('',#11081,#11055,#11089,.T.);
#11089 = B_SPLINE_CURVE_WITH_KNOTS('',2,(#11090,#11091,#11092),
  .UNSPECIFIED.,.F.,.F.,(3,3),(0.,1.),.PIECEWISE_BEZIER_KNOTS.);
#11090 = CARTESIAN_POINT('',(1.220830232567E-03,7.008837209302,5.18));
#11091 = CARTESIAN_POINT('',(4.032430232641E-04,6.97902252907,5.18));
#11092 = CARTESIAN_POINT('',(4.032430232641E-04,6.970955668605,5.18));
#11093 = ORIENTED_EDGE('',*,*,#11054,.F.);
#11094 = SURFACE_OF_LINEAR_EXTRUSION('',#11095,#11099);
#11095 = B_SPLINE_CURVE_WITH_KNOTS('',2,(#11096,#11097,#11098),
  .UNSPECIFIED.,.F.,.F.,(3,3),(0.,1.),.PIECEWISE_BEZIER_KNOTS.);
#11096 = CARTESIAN_POINT('',(1.220830232567E-03,7.008837209302,4.98));
#11097 = CARTESIAN_POINT('',(4.032430232641E-04,6.97902252907,4.98));
#11098 = CARTESIAN_POINT('',(4.032430232641E-04,6.970955668605,4.98));
#11099 = VECTOR('',#11100,1.);
#11100 = DIRECTION('',(-1.962471068511E-16,-4.440892098501E-16,-1.));
#11101 = ADVANCED_FACE('',(#11102),#11120,.T.);
#11102 = FACE_BOUND('',#11103,.T.);
#11103 = EDGE_LOOP('',(#11104,#11105,#11113,#11119));
#11104 = ORIENTED_EDGE('',*,*,#7719,.T.);
#11105 = ORIENTED_EDGE('',*,*,#11106,.T.);
#11106 = EDGE_CURVE('',#7710,#11107,#11109,.T.);
#11107 = VERTEX_POINT('',#11108);
#11108 = CARTESIAN_POINT('',(0.263666324419,7.059091569767,5.18));
#11109 = LINE('',#11110,#11111);
#11110 = CARTESIAN_POINT('',(0.263666324419,7.059091569767,4.98));
#11111 = VECTOR('',#11112,1.);
#11112 = DIRECTION('',(1.962471068511E-16,4.440892098501E-16,1.));
#11113 = ORIENTED_EDGE('',*,*,#11114,.T.);
#11114 = EDGE_CURVE('',#11107,#11081,#11115,.T.);
#11115 = B_SPLINE_CURVE_WITH_KNOTS('',2,(#11116,#11117,#11118),
  .UNSPECIFIED.,.F.,.F.,(3,3),(0.,1.),.PIECEWISE_BEZIER_KNOTS.);
#11116 = CARTESIAN_POINT('',(0.263666324419,7.059091569767,5.18));
#11117 = CARTESIAN_POINT('',(8.543231279071E-02,7.037997819767,5.18));
#11118 = CARTESIAN_POINT('',(1.220830232567E-03,7.008837209302,5.18));
#11119 = ORIENTED_EDGE('',*,*,#11080,.F.);
#11120 = SURFACE_OF_LINEAR_EXTRUSION('',#11121,#11125);
#11121 = B_SPLINE_CURVE_WITH_KNOTS('',2,(#11122,#11123,#11124),
  .UNSPECIFIED.,.F.,.F.,(3,3),(0.,1.),.PIECEWISE_BEZIER_KNOTS.);
#11122 = CARTESIAN_POINT('',(0.263666324419,7.059091569767,4.98));
#11123 = CARTESIAN_POINT('',(8.543231279071E-02,7.037997819767,4.98));
#11124 = CARTESIAN_POINT('',(1.220830232567E-03,7.008837209302,4.98));
#11125 = VECTOR('',#11126,1.);
#11126 = DIRECTION('',(-1.962471068511E-16,-4.440892098501E-16,-1.));
#11127 = ADVANCED_FACE('',(#11128),#11146,.T.);
#11128 = FACE_BOUND('',#11129,.T.);
#11129 = EDGE_LOOP('',(#11130,#11131,#11139,#11145));
#11130 = ORIENTED_EDGE('',*,*,#7709,.T.);
#11131 = ORIENTED_EDGE('',*,*,#11132,.T.);
#11132 = EDGE_CURVE('',#7700,#11133,#11135,.T.);
#11133 = VERTEX_POINT('',#11134);
#11134 = CARTESIAN_POINT('',(0.394480277907,7.081111918605,5.18));
#11135 = LINE('',#11136,#11137);
#11136 = CARTESIAN_POINT('',(0.394480277907,7.081111918605,4.98));
#11137 = VECTOR('',#11138,1.);
#11138 = DIRECTION('',(1.962471068511E-16,4.440892098501E-16,1.));
#11139 = ORIENTED_EDGE('',*,*,#11140,.T.);
#11140 = EDGE_CURVE('',#11133,#11107,#11141,.T.);
#11141 = B_SPLINE_CURVE_WITH_KNOTS('',2,(#11142,#11143,#11144),
  .UNSPECIFIED.,.F.,.F.,(3,3),(0.,1.),.PIECEWISE_BEZIER_KNOTS.);
#11142 = CARTESIAN_POINT('',(0.394480277907,7.081111918605,5.18));
#11143 = CARTESIAN_POINT('',(0.351148155814,7.069665697674,5.18));
#11144 = CARTESIAN_POINT('',(0.263666324419,7.059091569767,5.18));
#11145 = ORIENTED_EDGE('',*,*,#11106,.F.);
#11146 = SURFACE_OF_LINEAR_EXTRUSION('',#11147,#11151);
#11147 = B_SPLINE_CURVE_WITH_KNOTS('',2,(#11148,#11149,#11150),
  .UNSPECIFIED.,.F.,.F.,(3,3),(0.,1.),.PIECEWISE_BEZIER_KNOTS.);
#11148 = CARTESIAN_POINT('',(0.394480277907,7.081111918605,4.98));
#11149 = CARTESIAN_POINT('',(0.351148155814,7.069665697674,4.98));
#11150 = CARTESIAN_POINT('',(0.263666324419,7.059091569767,4.98));
#11151 = VECTOR('',#11152,1.);
#11152 = DIRECTION('',(-1.962471068511E-16,-4.440892098501E-16,-1.));
#11153 = ADVANCED_FACE('',(#11154),#11172,.T.);
#11154 = FACE_BOUND('',#11155,.T.);
#11155 = EDGE_LOOP('',(#11156,#11157,#11165,#11171));
#11156 = ORIENTED_EDGE('',*,*,#7699,.T.);
#11157 = ORIENTED_EDGE('',*,*,#11158,.T.);
#11158 = EDGE_CURVE('',#7687,#11159,#11161,.T.);
#11159 = VERTEX_POINT('',#11160);
#11160 = CARTESIAN_POINT('',(0.500385074419,7.129186046512,5.18));
#11161 = LINE('',#11162,#11163);
#11162 = CARTESIAN_POINT('',(0.500385074419,7.129186046512,4.98));
#11163 = VECTOR('',#11164,1.);
#11164 = DIRECTION('',(1.962471068511E-16,4.440892098501E-16,1.));
#11165 = ORIENTED_EDGE('',*,*,#11166,.T.);
#11166 = EDGE_CURVE('',#11159,#11133,#11167,.T.);
#11167 = B_SPLINE_CURVE_WITH_KNOTS('',2,(#11168,#11169,#11170),
  .UNSPECIFIED.,.F.,.F.,(3,3),(0.,1.),.PIECEWISE_BEZIER_KNOTS.);
#11168 = CARTESIAN_POINT('',(0.500385074419,7.129186046512,5.18));
#11169 = CARTESIAN_POINT('',(0.453346556977,7.097409156977,5.18));
#11170 = CARTESIAN_POINT('',(0.394480277907,7.081111918605,5.18));
#11171 = ORIENTED_EDGE('',*,*,#11132,.F.);
#11172 = SURFACE_OF_LINEAR_EXTRUSION('',#11173,#11177);
#11173 = B_SPLINE_CURVE_WITH_KNOTS('',2,(#11174,#11175,#11176),
  .UNSPECIFIED.,.F.,.F.,(3,3),(0.,1.),.PIECEWISE_BEZIER_KNOTS.);
#11174 = CARTESIAN_POINT('',(0.500385074419,7.129186046512,4.98));
#11175 = CARTESIAN_POINT('',(0.453346556977,7.097409156977,4.98));
#11176 = CARTESIAN_POINT('',(0.394480277907,7.081111918605,4.98));
#11177 = VECTOR('',#11178,1.);
#11178 = DIRECTION('',(-1.962471068511E-16,-4.440892098501E-16,-1.));
#11179 = ADVANCED_FACE('',(#11180),#11198,.T.);
#11180 = FACE_BOUND('',#11181,.T.);
#11181 = EDGE_LOOP('',(#11182,#11183,#11191,#11197));
#11182 = ORIENTED_EDGE('',*,*,#7686,.T.);
#11183 = ORIENTED_EDGE('',*,*,#11184,.T.);
#11184 = EDGE_CURVE('',#7674,#11185,#11187,.T.);
#11185 = VERTEX_POINT('',#11186);
#11186 = CARTESIAN_POINT('',(0.576420684884,7.213561046512,5.18));
#11187 = LINE('',#11188,#11189);
#11188 = CARTESIAN_POINT('',(0.576420684884,7.213561046512,4.98));
#11189 = VECTOR('',#11190,1.);
#11190 = DIRECTION('',(1.962471068511E-16,4.440892098501E-16,1.));
#11191 = ORIENTED_EDGE('',*,*,#11192,.T.);
#11192 = EDGE_CURVE('',#11185,#11159,#11193,.T.);
#11193 = B_SPLINE_CURVE_WITH_KNOTS('',2,(#11194,#11195,#11196),
  .UNSPECIFIED.,.F.,.F.,(3,3),(0.,1.),.PIECEWISE_BEZIER_KNOTS.);
#11194 = CARTESIAN_POINT('',(0.576420684884,7.213561046512,5.18));
#11195 = CARTESIAN_POINT('',(0.547369086047,7.160962936047,5.18));
#11196 = CARTESIAN_POINT('',(0.500385074419,7.129186046512,5.18));
#11197 = ORIENTED_EDGE('',*,*,#11158,.F.);
#11198 = SURFACE_OF_LINEAR_EXTRUSION('',#11199,#11203);
#11199 = B_SPLINE_CURVE_WITH_KNOTS('',2,(#11200,#11201,#11202),
  .UNSPECIFIED.,.F.,.F.,(3,3),(0.,1.),.PIECEWISE_BEZIER_KNOTS.);
#11200 = CARTESIAN_POINT('',(0.576420684884,7.213561046512,4.98));
#11201 = CARTESIAN_POINT('',(0.547369086047,7.160962936047,4.98));
#11202 = CARTESIAN_POINT('',(0.500385074419,7.129186046512,4.98));
#11203 = VECTOR('',#11204,1.);
#11204 = DIRECTION('',(-1.962471068511E-16,-4.440892098501E-16,-1.));
#11205 = ADVANCED_FACE('',(#11206),#11224,.T.);
#11206 = FACE_BOUND('',#11207,.T.);
#11207 = EDGE_LOOP('',(#11208,#11209,#11217,#11223));
#11208 = ORIENTED_EDGE('',*,*,#7673,.T.);
#11209 = ORIENTED_EDGE('',*,*,#11210,.T.);
#11210 = EDGE_CURVE('',#7661,#11211,#11213,.T.);
#11211 = VERTEX_POINT('',#11212);
#11212 = CARTESIAN_POINT('',(0.605417777907,7.329658430233,5.18));
#11213 = LINE('',#11214,#11215);
#11214 = CARTESIAN_POINT('',(0.605417777907,7.329658430233,4.98));
#11215 = VECTOR('',#11216,1.);
#11216 = DIRECTION('',(1.962471068511E-16,4.440892098501E-16,1.));
#11217 = ORIENTED_EDGE('',*,*,#11218,.T.);
#11218 = EDGE_CURVE('',#11211,#11185,#11219,.T.);
#11219 = B_SPLINE_CURVE_WITH_KNOTS('',2,(#11220,#11221,#11222),
  .UNSPECIFIED.,.F.,.F.,(3,3),(0.,1.),.PIECEWISE_BEZIER_KNOTS.);
#11220 = CARTESIAN_POINT('',(0.605417777907,7.329658430233,5.18));
#11221 = CARTESIAN_POINT('',(0.605417777907,7.266104651163,5.18));
#11222 = CARTESIAN_POINT('',(0.576420684884,7.213561046512,5.18));
#11223 = ORIENTED_EDGE('',*,*,#11184,.F.);
#11224 = SURFACE_OF_LINEAR_EXTRUSION('',#11225,#11229);
#11225 = B_SPLINE_CURVE_WITH_KNOTS('',2,(#11226,#11227,#11228),
  .UNSPECIFIED.,.F.,.F.,(3,3),(0.,1.),.PIECEWISE_BEZIER_KNOTS.);
#11226 = CARTESIAN_POINT('',(0.605417777907,7.329658430233,4.98));
#11227 = CARTESIAN_POINT('',(0.605417777907,7.266104651163,4.98));
#11228 = CARTESIAN_POINT('',(0.576420684884,7.213561046512,4.98));
#11229 = VECTOR('',#11230,1.);
#11230 = DIRECTION('',(-1.962471068511E-16,-4.440892098501E-16,-1.));
#11231 = ADVANCED_FACE('',(#11232),#11250,.T.);
#11232 = FACE_BOUND('',#11233,.T.);
#11233 = EDGE_LOOP('',(#11234,#11235,#11243,#11249));
#11234 = ORIENTED_EDGE('',*,*,#7660,.T.);
#11235 = ORIENTED_EDGE('',*,*,#11236,.T.);
#11236 = EDGE_CURVE('',#7650,#11237,#11239,.T.);
#11237 = VERTEX_POINT('',#11238);
#11238 = CARTESIAN_POINT('',(0.528564580233,7.507783430233,5.18));
#11239 = LINE('',#11240,#11241);
#11240 = CARTESIAN_POINT('',(0.528564580233,7.507783430233,4.98));
#11241 = VECTOR('',#11242,1.);
#11242 = DIRECTION('',(1.962471068511E-16,4.440892098501E-16,1.));
#11243 = ORIENTED_EDGE('',*,*,#11244,.T.);
#11244 = EDGE_CURVE('',#11237,#11211,#11245,.T.);
#11245 = B_SPLINE_CURVE_WITH_KNOTS('',2,(#11246,#11247,#11248),
  .UNSPECIFIED.,.F.,.F.,(3,3),(0.,1.),.PIECEWISE_BEZIER_KNOTS.);
#11246 = CARTESIAN_POINT('',(0.528564580233,7.507783430233,5.18));
#11247 = CARTESIAN_POINT('',(0.605417777907,7.438070494186,5.18));
#11248 = CARTESIAN_POINT('',(0.605417777907,7.329658430233,5.18));
#11249 = ORIENTED_EDGE('',*,*,#11210,.F.);
#11250 = SURFACE_OF_LINEAR_EXTRUSION('',#11251,#11255);
#11251 = B_SPLINE_CURVE_WITH_KNOTS('',2,(#11252,#11253,#11254),
  .UNSPECIFIED.,.F.,.F.,(3,3),(0.,1.),.PIECEWISE_BEZIER_KNOTS.);
#11252 = CARTESIAN_POINT('',(0.528564580233,7.507783430233,4.98));
#11253 = CARTESIAN_POINT('',(0.605417777907,7.438070494186,4.98));
#11254 = CARTESIAN_POINT('',(0.605417777907,7.329658430233,4.98));
#11255 = VECTOR('',#11256,1.);
#11256 = DIRECTION('',(-1.962471068511E-16,-4.440892098501E-16,-1.));
#11257 = ADVANCED_FACE('',(#11258),#11276,.T.);
#11258 = FACE_BOUND('',#11259,.T.);
#11259 = EDGE_LOOP('',(#11260,#11261,#11269,#11275));
#11260 = ORIENTED_EDGE('',*,*,#7649,.T.);
#11261 = ORIENTED_EDGE('',*,*,#11262,.T.);
#11262 = EDGE_CURVE('',#7640,#11263,#11265,.T.);
#11263 = VERTEX_POINT('',#11264);
#11264 = CARTESIAN_POINT('',(0.30863362093,7.577441860465,5.18));
#11265 = LINE('',#11266,#11267);
#11266 = CARTESIAN_POINT('',(0.30863362093,7.577441860465,4.98));
#11267 = VECTOR('',#11268,1.);
#11268 = DIRECTION('',(1.962471068511E-16,4.440892098501E-16,1.));
#11269 = ORIENTED_EDGE('',*,*,#11270,.T.);
#11270 = EDGE_CURVE('',#11263,#11237,#11271,.T.);
#11271 = B_SPLINE_CURVE_WITH_KNOTS('',2,(#11272,#11273,#11274),
  .UNSPECIFIED.,.F.,.F.,(3,3),(0.,1.),.PIECEWISE_BEZIER_KNOTS.);
#11272 = CARTESIAN_POINT('',(0.30863362093,7.577441860465,5.18));
#11273 = CARTESIAN_POINT('',(0.451711382558,7.577441860465,5.18));
#11274 = CARTESIAN_POINT('',(0.528564580233,7.507783430233,5.18));
#11275 = ORIENTED_EDGE('',*,*,#11236,.F.);
#11276 = SURFACE_OF_LINEAR_EXTRUSION('',#11277,#11281);
#11277 = B_SPLINE_CURVE_WITH_KNOTS('',2,(#11278,#11279,#11280),
  .UNSPECIFIED.,.F.,.F.,(3,3),(0.,1.),.PIECEWISE_BEZIER_KNOTS.);
#11278 = CARTESIAN_POINT('',(0.30863362093,7.577441860465,4.98));
#11279 = CARTESIAN_POINT('',(0.451711382558,7.577441860465,4.98));
#11280 = CARTESIAN_POINT('',(0.528564580233,7.507783430233,4.98));
#11281 = VECTOR('',#11282,1.);
#11282 = DIRECTION('',(-1.962471068511E-16,-4.440892098501E-16,-1.));
#11283 = ADVANCED_FACE('',(#11284),#11295,.T.);
#11284 = FACE_BOUND('',#11285,.T.);
#11285 = EDGE_LOOP('',(#11286,#11287,#11288,#11294));
#11286 = ORIENTED_EDGE('',*,*,#7639,.T.);
#11287 = ORIENTED_EDGE('',*,*,#10627,.T.);
#11288 = ORIENTED_EDGE('',*,*,#11289,.T.);
#11289 = EDGE_CURVE('',#10620,#11263,#11290,.T.);
#11290 = B_SPLINE_CURVE_WITH_KNOTS('',2,(#11291,#11292,#11293),
  .UNSPECIFIED.,.F.,.F.,(3,3),(0.,1.),.PIECEWISE_BEZIER_KNOTS.);
#11291 = CARTESIAN_POINT('',(0.146369812791,7.548989825581,5.18));
#11292 = CARTESIAN_POINT('',(0.221969376744,7.577441860465,5.18));
#11293 = CARTESIAN_POINT('',(0.30863362093,7.577441860465,5.18));
#11294 = ORIENTED_EDGE('',*,*,#11262,.F.);
#11295 = SURFACE_OF_LINEAR_EXTRUSION('',#11296,#11300);
#11296 = B_SPLINE_CURVE_WITH_KNOTS('',2,(#11297,#11298,#11299),
  .UNSPECIFIED.,.F.,.F.,(3,3),(0.,1.),.PIECEWISE_BEZIER_KNOTS.);
#11297 = CARTESIAN_POINT('',(0.146369812791,7.548989825581,4.98));
#11298 = CARTESIAN_POINT('',(0.221969376744,7.577441860465,4.98));
#11299 = CARTESIAN_POINT('',(0.30863362093,7.577441860465,4.98));
#11300 = VECTOR('',#11301,1.);
#11301 = DIRECTION('',(-1.962471068511E-16,-4.440892098501E-16,-1.));
#11302 = ADVANCED_FACE('',(#11303),#11328,.T.);
#11303 = FACE_BOUND('',#11304,.T.);
#11304 = EDGE_LOOP('',(#11305,#11306,#11314,#11322));
#11305 = ORIENTED_EDGE('',*,*,#7911,.T.);
#11306 = ORIENTED_EDGE('',*,*,#11307,.T.);
#11307 = EDGE_CURVE('',#7914,#11308,#11310,.T.);
#11308 = VERTEX_POINT('',#11309);
#11309 = CARTESIAN_POINT('',(1.950893795349,7.56,5.18));
#11310 = LINE('',#11311,#11312);
#11311 = CARTESIAN_POINT('',(1.950893795349,7.56,4.98));
#11312 = VECTOR('',#11313,1.);
#11313 = DIRECTION('',(1.962471068511E-16,4.440892098501E-16,1.));
#11314 = ORIENTED_EDGE('',*,*,#11315,.T.);
#11315 = EDGE_CURVE('',#11308,#11316,#11318,.T.);
#11316 = VERTEX_POINT('',#11317);
#11317 = CARTESIAN_POINT('',(1.950893795349,6.691395348837,5.18));
#11318 = LINE('',#11319,#11320);
#11319 = CARTESIAN_POINT('',(1.950893795349,7.56,5.18));
#11320 = VECTOR('',#11321,1.);
#11321 = DIRECTION('',(-3.694383180982E-16,-1.,4.440892098501E-16));
#11322 = ORIENTED_EDGE('',*,*,#11323,.F.);
#11323 = EDGE_CURVE('',#7912,#11316,#11324,.T.);
#11324 = LINE('',#11325,#11326);
#11325 = CARTESIAN_POINT('',(1.950893795349,6.691395348837,4.98));
#11326 = VECTOR('',#11327,1.);
#11327 = DIRECTION('',(1.962471068511E-16,4.440892098501E-16,1.));
#11328 = PLANE('',#11329);
#11329 = AXIS2_PLACEMENT_3D('',#11330,#11331,#11332);
#11330 = CARTESIAN_POINT('',(1.950893795349,7.56,4.98));
#11331 = DIRECTION('',(1.,-3.694383180982E-16,-1.962471068511E-16));
#11332 = DIRECTION('',(-3.694383180982E-16,-1.,4.440892098501E-16));
#11333 = ADVANCED_FACE('',(#11334),#11352,.T.);
#11334 = FACE_BOUND('',#11335,.T.);
#11335 = EDGE_LOOP('',(#11336,#11337,#11345,#11351));
#11336 = ORIENTED_EDGE('',*,*,#8199,.T.);
#11337 = ORIENTED_EDGE('',*,*,#11338,.T.);
#11338 = EDGE_CURVE('',#8192,#11339,#11341,.T.);
#11339 = VERTEX_POINT('',#11340);
#11340 = CARTESIAN_POINT('',(1.803728097674,7.56,5.18));
#11341 = LINE('',#11342,#11343);
#11342 = CARTESIAN_POINT('',(1.803728097674,7.56,4.98));
#11343 = VECTOR('',#11344,1.);
#11344 = DIRECTION('',(1.962471068511E-16,4.440892098501E-16,1.));
#11345 = ORIENTED_EDGE('',*,*,#11346,.T.);
#11346 = EDGE_CURVE('',#11339,#11308,#11347,.T.);
#11347 = LINE('',#11348,#11349);
#11348 = CARTESIAN_POINT('',(1.803728097674,7.56,5.18));
#11349 = VECTOR('',#11350,1.);
#11350 = DIRECTION('',(1.,-3.694383180982E-16,-1.962471068511E-16));
#11351 = ORIENTED_EDGE('',*,*,#11307,.F.);
#11352 = PLANE('',#11353);
#11353 = AXIS2_PLACEMENT_3D('',#11354,#11355,#11356);
#11354 = CARTESIAN_POINT('',(1.803728097674,7.56,4.98));
#11355 = DIRECTION('',(3.694383180982E-16,1.,-4.440892098501E-16));
#11356 = DIRECTION('',(1.,-3.694383180982E-16,-1.962471068511E-16));
#11357 = ADVANCED_FACE('',(#11358),#11376,.T.);
#11358 = FACE_BOUND('',#11359,.T.);
#11359 = EDGE_LOOP('',(#11360,#11361,#11369,#11375));
#11360 = ORIENTED_EDGE('',*,*,#8191,.T.);
#11361 = ORIENTED_EDGE('',*,*,#11362,.T.);
#11362 = EDGE_CURVE('',#8181,#11363,#11365,.T.);
#11363 = VERTEX_POINT('',#11364);
#11364 = CARTESIAN_POINT('',(1.803728097674,7.109945494186,5.18));
#11365 = LINE('',#11366,#11367);
#11366 = CARTESIAN_POINT('',(1.803728097674,7.109945494186,4.98));
#11367 = VECTOR('',#11368,1.);
#11368 = DIRECTION('',(1.962471068511E-16,4.440892098501E-16,1.));
#11369 = ORIENTED_EDGE('',*,*,#11370,.T.);
#11370 = EDGE_CURVE('',#11363,#11339,#11371,.T.);
#11371 = LINE('',#11372,#11373);
#11372 = CARTESIAN_POINT('',(1.803728097674,7.109945494186,5.18));
#11373 = VECTOR('',#11374,1.);
#11374 = DIRECTION('',(3.694383180982E-16,1.,-4.440892098501E-16));
#11375 = ORIENTED_EDGE('',*,*,#11338,.F.);
#11376 = PLANE('',#11377);
#11377 = AXIS2_PLACEMENT_3D('',#11378,#11379,#11380);
#11378 = CARTESIAN_POINT('',(1.803728097674,7.109945494186,4.98));
#11379 = DIRECTION('',(-1.,3.694383180982E-16,1.962471068511E-16));
#11380 = DIRECTION('',(3.694383180982E-16,1.,-4.440892098501E-16));
#11381 = ADVANCED_FACE('',(#11382),#11400,.T.);
#11382 = FACE_BOUND('',#11383,.T.);
#11383 = EDGE_LOOP('',(#11384,#11385,#11393,#11399));
#11384 = ORIENTED_EDGE('',*,*,#8180,.T.);
#11385 = ORIENTED_EDGE('',*,*,#11386,.T.);
#11386 = EDGE_CURVE('',#8168,#11387,#11389,.T.);
#11387 = VERTEX_POINT('',#11388);
#11388 = CARTESIAN_POINT('',(1.780018068605,6.928659156977,5.18));
#11389 = LINE('',#11390,#11391);
#11390 = CARTESIAN_POINT('',(1.780018068605,6.928659156977,4.98));
#11391 = VECTOR('',#11392,1.);
#11392 = DIRECTION('',(1.962471068511E-16,4.440892098501E-16,1.));
#11393 = ORIENTED_EDGE('',*,*,#11394,.T.);
#11394 = EDGE_CURVE('',#11387,#11363,#11395,.T.);
#11395 = B_SPLINE_CURVE_WITH_KNOTS('',2,(#11396,#11397,#11398),
  .UNSPECIFIED.,.F.,.F.,(3,3),(0.,1.),.PIECEWISE_BEZIER_KNOTS.);
#11396 = CARTESIAN_POINT('',(1.780018068605,6.928659156977,5.18));
#11397 = CARTESIAN_POINT('',(1.803728097674,6.991504360465,5.18));
#11398 = CARTESIAN_POINT('',(1.803728097674,7.109945494186,5.18));
#11399 = ORIENTED_EDGE('',*,*,#11362,.F.);
#11400 = SURFACE_OF_LINEAR_EXTRUSION('',#11401,#11405);
#11401 = B_SPLINE_CURVE_WITH_KNOTS('',2,(#11402,#11403,#11404),
  .UNSPECIFIED.,.F.,.F.,(3,3),(0.,1.),.PIECEWISE_BEZIER_KNOTS.);
#11402 = CARTESIAN_POINT('',(1.780018068605,6.928659156977,4.98));
#11403 = CARTESIAN_POINT('',(1.803728097674,6.991504360465,4.98));
#11404 = CARTESIAN_POINT('',(1.803728097674,7.109945494186,4.98));
#11405 = VECTOR('',#11406,1.);
#11406 = DIRECTION('',(-1.962471068511E-16,-4.440892098501E-16,-1.));
#11407 = ADVANCED_FACE('',(#11408),#11426,.T.);
#11408 = FACE_BOUND('',#11409,.T.);
#11409 = EDGE_LOOP('',(#11410,#11411,#11419,#11425));
#11410 = ORIENTED_EDGE('',*,*,#8167,.T.);
#11411 = ORIENTED_EDGE('',*,*,#11412,.T.);
#11412 = EDGE_CURVE('',#8155,#11413,#11415,.T.);
#11413 = VERTEX_POINT('',#11414);
#11414 = CARTESIAN_POINT('',(1.703600917442,6.833110465116,5.18));
#11415 = LINE('',#11416,#11417);
#11416 = CARTESIAN_POINT('',(1.703600917442,6.833110465116,4.98));
#11417 = VECTOR('',#11418,1.);
#11418 = DIRECTION('',(1.962471068511E-16,4.440892098501E-16,1.));
#11419 = ORIENTED_EDGE('',*,*,#11420,.T.);
#11420 = EDGE_CURVE('',#11413,#11387,#11421,.T.);
#11421 = B_SPLINE_CURVE_WITH_KNOTS('',2,(#11422,#11423,#11424),
  .UNSPECIFIED.,.F.,.F.,(3,3),(0.,1.),.PIECEWISE_BEZIER_KNOTS.);
#11422 = CARTESIAN_POINT('',(1.703600917442,6.833110465116,5.18));
#11423 = CARTESIAN_POINT('',(1.756308039535,6.865759447674,5.18));
#11424 = CARTESIAN_POINT('',(1.780018068605,6.928659156977,5.18));
#11425 = ORIENTED_EDGE('',*,*,#11386,.F.);
#11426 = SURFACE_OF_LINEAR_EXTRUSION('',#11427,#11431);
#11427 = B_SPLINE_CURVE_WITH_KNOTS('',2,(#11428,#11429,#11430),
  .UNSPECIFIED.,.F.,.F.,(3,3),(0.,1.),.PIECEWISE_BEZIER_KNOTS.);
#11428 = CARTESIAN_POINT('',(1.703600917442,6.833110465116,4.98));
#11429 = CARTESIAN_POINT('',(1.756308039535,6.865759447674,4.98));
#11430 = CARTESIAN_POINT('',(1.780018068605,6.928659156977,4.98));
#11431 = VECTOR('',#11432,1.);
#11432 = DIRECTION('',(-1.962471068511E-16,-4.440892098501E-16,-1.));
#11433 = ADVANCED_FACE('',(#11434),#11452,.T.);
#11434 = FACE_BOUND('',#11435,.T.);
#11435 = EDGE_LOOP('',(#11436,#11437,#11445,#11451));
#11436 = ORIENTED_EDGE('',*,*,#8154,.T.);
#11437 = ORIENTED_EDGE('',*,*,#11438,.T.);
#11438 = EDGE_CURVE('',#8142,#11439,#11441,.T.);
#11439 = VERTEX_POINT('',#11440);
#11440 = CARTESIAN_POINT('',(1.588702661628,6.800406976744,5.18));
#11441 = LINE('',#11442,#11443);
#11442 = CARTESIAN_POINT('',(1.588702661628,6.800406976744,4.98));
#11443 = VECTOR('',#11444,1.);
#11444 = DIRECTION('',(1.962471068511E-16,4.440892098501E-16,1.));
#11445 = ORIENTED_EDGE('',*,*,#11446,.T.);
#11446 = EDGE_CURVE('',#11439,#11413,#11447,.T.);
#11447 = B_SPLINE_CURVE_WITH_KNOTS('',2,(#11448,#11449,#11450),
  .UNSPECIFIED.,.F.,.F.,(3,3),(0.,1.),.PIECEWISE_BEZIER_KNOTS.);
#11448 = CARTESIAN_POINT('',(1.588702661628,6.800406976744,5.18));
#11449 = CARTESIAN_POINT('',(1.650839289535,6.800406976744,5.18));
#11450 = CARTESIAN_POINT('',(1.703600917442,6.833110465116,5.18));
#11451 = ORIENTED_EDGE('',*,*,#11412,.F.);
#11452 = SURFACE_OF_LINEAR_EXTRUSION('',#11453,#11457);
#11453 = B_SPLINE_CURVE_WITH_KNOTS('',2,(#11454,#11455,#11456),
  .UNSPECIFIED.,.F.,.F.,(3,3),(0.,1.),.PIECEWISE_BEZIER_KNOTS.);
#11454 = CARTESIAN_POINT('',(1.588702661628,6.800406976744,4.98));
#11455 = CARTESIAN_POINT('',(1.650839289535,6.800406976744,4.98));
#11456 = CARTESIAN_POINT('',(1.703600917442,6.833110465116,4.98));
#11457 = VECTOR('',#11458,1.);
#11458 = DIRECTION('',(-1.962471068511E-16,-4.440892098501E-16,-1.));
#11459 = ADVANCED_FACE('',(#11460),#11478,.T.);
#11460 = FACE_BOUND('',#11461,.T.);
#11461 = EDGE_LOOP('',(#11462,#11463,#11471,#11477));
#11462 = ORIENTED_EDGE('',*,*,#8141,.T.);
#11463 = ORIENTED_EDGE('',*,*,#11464,.T.);
#11464 = EDGE_CURVE('',#8131,#11465,#11467,.T.);
#11465 = VERTEX_POINT('',#11466);
#11466 = CARTESIAN_POINT('',(1.470970103488,6.849407703488,5.18));
#11467 = LINE('',#11468,#11469);
#11468 = CARTESIAN_POINT('',(1.470970103488,6.849407703488,4.98));
#11469 = VECTOR('',#11470,1.);
#11470 = DIRECTION('',(1.962471068511E-16,4.440892098501E-16,1.));
#11471 = ORIENTED_EDGE('',*,*,#11472,.T.);
#11472 = EDGE_CURVE('',#11465,#11439,#11473,.T.);
#11473 = B_SPLINE_CURVE_WITH_KNOTS('',2,(#11474,#11475,#11476),
  .UNSPECIFIED.,.F.,.F.,(3,3),(0.,1.),.PIECEWISE_BEZIER_KNOTS.);
#11474 = CARTESIAN_POINT('',(1.470970103488,6.849407703488,5.18));
#11475 = CARTESIAN_POINT('',(1.506943940698,6.800406976744,5.18));
#11476 = CARTESIAN_POINT('',(1.588702661628,6.800406976744,5.18));
#11477 = ORIENTED_EDGE('',*,*,#11438,.F.);
#11478 = SURFACE_OF_LINEAR_EXTRUSION('',#11479,#11483);
#11479 = B_SPLINE_CURVE_WITH_KNOTS('',2,(#11480,#11481,#11482),
  .UNSPECIFIED.,.F.,.F.,(3,3),(0.,1.),.PIECEWISE_BEZIER_KNOTS.);
#11480 = CARTESIAN_POINT('',(1.470970103488,6.849407703488,4.98));
#11481 = CARTESIAN_POINT('',(1.506943940698,6.800406976744,4.98));
#11482 = CARTESIAN_POINT('',(1.588702661628,6.800406976744,4.98));
#11483 = VECTOR('',#11484,1.);
#11484 = DIRECTION('',(-1.962471068511E-16,-4.440892098501E-16,-1.));
#11485 = ADVANCED_FACE('',(#11486),#11504,.T.);
#11486 = FACE_BOUND('',#11487,.T.);
#11487 = EDGE_LOOP('',(#11488,#11489,#11497,#11503));
#11488 = ORIENTED_EDGE('',*,*,#8130,.T.);
#11489 = ORIENTED_EDGE('',*,*,#11490,.T.);
#11490 = EDGE_CURVE('',#8123,#11491,#11493,.T.);
#11491 = VERTEX_POINT('',#11492);
#11492 = CARTESIAN_POINT('',(1.434996266279,6.996409883721,5.18));
#11493 = LINE('',#11494,#11495);
#11494 = CARTESIAN_POINT('',(1.434996266279,6.996409883721,4.98));
#11495 = VECTOR('',#11496,1.);
#11496 = DIRECTION('',(1.962471068511E-16,4.440892098501E-16,1.));
#11497 = ORIENTED_EDGE('',*,*,#11498,.T.);
#11498 = EDGE_CURVE('',#11491,#11465,#11499,.T.);
#11499 = B_SPLINE_CURVE_WITH_KNOTS('',2,(#11500,#11501,#11502),
  .UNSPECIFIED.,.F.,.F.,(3,3),(0.,1.),.PIECEWISE_BEZIER_KNOTS.);
#11500 = CARTESIAN_POINT('',(1.434996266279,6.996409883721,5.18));
#11501 = CARTESIAN_POINT('',(1.434996266279,6.898408430233,5.18));
#11502 = CARTESIAN_POINT('',(1.470970103488,6.849407703488,5.18));
#11503 = ORIENTED_EDGE('',*,*,#11464,.F.);
#11504 = SURFACE_OF_LINEAR_EXTRUSION('',#11505,#11509);
#11505 = B_SPLINE_CURVE_WITH_KNOTS('',2,(#11506,#11507,#11508),
  .UNSPECIFIED.,.F.,.F.,(3,3),(0.,1.),.PIECEWISE_BEZIER_KNOTS.);
#11506 = CARTESIAN_POINT('',(1.434996266279,6.996409883721,4.98));
#11507 = CARTESIAN_POINT('',(1.434996266279,6.898408430233,4.98));
#11508 = CARTESIAN_POINT('',(1.470970103488,6.849407703488,4.98));
#11509 = VECTOR('',#11510,1.);
#11510 = DIRECTION('',(-1.962471068511E-16,-4.440892098501E-16,-1.));
#11511 = ADVANCED_FACE('',(#11512),#11530,.T.);
#11512 = FACE_BOUND('',#11513,.T.);
#11513 = EDGE_LOOP('',(#11514,#11515,#11523,#11529));
#11514 = ORIENTED_EDGE('',*,*,#8122,.T.);
#11515 = ORIENTED_EDGE('',*,*,#11516,.T.);
#11516 = EDGE_CURVE('',#8115,#11517,#11519,.T.);
#11517 = VERTEX_POINT('',#11518);
#11518 = CARTESIAN_POINT('',(1.434996266279,7.56,5.18));
#11519 = LINE('',#11520,#11521);
#11520 = CARTESIAN_POINT('',(1.434996266279,7.56,4.98));
#11521 = VECTOR('',#11522,1.);
#11522 = DIRECTION('',(1.962471068511E-16,4.440892098501E-16,1.));
#11523 = ORIENTED_EDGE('',*,*,#11524,.T.);
#11524 = EDGE_CURVE('',#11517,#11491,#11525,.T.);
#11525 = LINE('',#11526,#11527);
#11526 = CARTESIAN_POINT('',(1.434996266279,7.56,5.18));
#11527 = VECTOR('',#11528,1.);
#11528 = DIRECTION('',(-3.694383180982E-16,-1.,4.440892098501E-16));
#11529 = ORIENTED_EDGE('',*,*,#11490,.F.);
#11530 = PLANE('',#11531);
#11531 = AXIS2_PLACEMENT_3D('',#11532,#11533,#11534);
#11532 = CARTESIAN_POINT('',(1.434996266279,7.56,4.98));
#11533 = DIRECTION('',(1.,-3.694383180982E-16,-1.962471068511E-16));
#11534 = DIRECTION('',(-3.694383180982E-16,-1.,4.440892098501E-16));
#11535 = ADVANCED_FACE('',(#11536),#11554,.T.);
#11536 = FACE_BOUND('',#11537,.T.);
#11537 = EDGE_LOOP('',(#11538,#11539,#11547,#11553));
#11538 = ORIENTED_EDGE('',*,*,#8114,.T.);
#11539 = ORIENTED_EDGE('',*,*,#11540,.T.);
#11540 = EDGE_CURVE('',#8107,#11541,#11543,.T.);
#11541 = VERTEX_POINT('',#11542);
#11542 = CARTESIAN_POINT('',(1.287830568605,7.56,5.18));
#11543 = LINE('',#11544,#11545);
#11544 = CARTESIAN_POINT('',(1.287830568605,7.56,4.98));
#11545 = VECTOR('',#11546,1.);
#11546 = DIRECTION('',(1.962471068511E-16,4.440892098501E-16,1.));
#11547 = ORIENTED_EDGE('',*,*,#11548,.T.);
#11548 = EDGE_CURVE('',#11541,#11517,#11549,.T.);
#11549 = LINE('',#11550,#11551);
#11550 = CARTESIAN_POINT('',(1.287830568605,7.56,5.18));
#11551 = VECTOR('',#11552,1.);
#11552 = DIRECTION('',(1.,-3.694383180982E-16,-1.962471068511E-16));
#11553 = ORIENTED_EDGE('',*,*,#11516,.F.);
#11554 = PLANE('',#11555);
#11555 = AXIS2_PLACEMENT_3D('',#11556,#11557,#11558);
#11556 = CARTESIAN_POINT('',(1.287830568605,7.56,4.98));
#11557 = DIRECTION('',(3.694383180982E-16,1.,-4.440892098501E-16));
#11558 = DIRECTION('',(1.,-3.694383180982E-16,-1.962471068511E-16));
#11559 = ADVANCED_FACE('',(#11560),#11578,.T.);
#11560 = FACE_BOUND('',#11561,.T.);
#11561 = EDGE_LOOP('',(#11562,#11563,#11571,#11577));
#11562 = ORIENTED_EDGE('',*,*,#8106,.T.);
#11563 = ORIENTED_EDGE('',*,*,#11564,.T.);
#11564 = EDGE_CURVE('',#8096,#11565,#11567,.T.);
#11565 = VERTEX_POINT('',#11566);
#11566 = CARTESIAN_POINT('',(1.287830568605,7.056039244186,5.18));
#11567 = LINE('',#11568,#11569);
#11568 = CARTESIAN_POINT('',(1.287830568605,7.056039244186,4.98));
#11569 = VECTOR('',#11570,1.);
#11570 = DIRECTION('',(1.962471068511E-16,4.440892098501E-16,1.));
#11571 = ORIENTED_EDGE('',*,*,#11572,.T.);
#11572 = EDGE_CURVE('',#11565,#11541,#11573,.T.);
#11573 = LINE('',#11574,#11575);
#11574 = CARTESIAN_POINT('',(1.287830568605,7.056039244186,5.18));
#11575 = VECTOR('',#11576,1.);
#11576 = DIRECTION('',(3.694383180982E-16,1.,-4.440892098501E-16));
#11577 = ORIENTED_EDGE('',*,*,#11540,.F.);
#11578 = PLANE('',#11579);
#11579 = AXIS2_PLACEMENT_3D('',#11580,#11581,#11582);
#11580 = CARTESIAN_POINT('',(1.287830568605,7.056039244186,4.98));
#11581 = DIRECTION('',(-1.,3.694383180982E-16,1.962471068511E-16));
#11582 = DIRECTION('',(3.694383180982E-16,1.,-4.440892098501E-16));
#11583 = ADVANCED_FACE('',(#11584),#11602,.T.);
#11584 = FACE_BOUND('',#11585,.T.);
#11585 = EDGE_LOOP('',(#11586,#11587,#11595,#11601));
#11586 = ORIENTED_EDGE('',*,*,#8095,.T.);
#11587 = ORIENTED_EDGE('',*,*,#11588,.T.);
#11588 = EDGE_CURVE('',#8083,#11589,#11591,.T.);
#11589 = VERTEX_POINT('',#11590);
#11590 = CARTESIAN_POINT('',(1.227329115116,6.86128997093,5.18));
#11591 = LINE('',#11592,#11593);
#11592 = CARTESIAN_POINT('',(1.227329115116,6.86128997093,4.98));
#11593 = VECTOR('',#11594,1.);
#11594 = DIRECTION('',(1.962471068511E-16,4.440892098501E-16,1.));
#11595 = ORIENTED_EDGE('',*,*,#11596,.T.);
#11596 = EDGE_CURVE('',#11589,#11565,#11597,.T.);
#11597 = B_SPLINE_CURVE_WITH_KNOTS('',2,(#11598,#11599,#11600),
  .UNSPECIFIED.,.F.,.F.,(3,3),(0.,1.),.PIECEWISE_BEZIER_KNOTS.);
#11598 = CARTESIAN_POINT('',(1.227329115116,6.86128997093,5.18));
#11599 = CARTESIAN_POINT('',(1.287830568605,6.922118459302,5.18));
#11600 = CARTESIAN_POINT('',(1.287830568605,7.056039244186,5.18));
#11601 = ORIENTED_EDGE('',*,*,#11564,.F.);
#11602 = SURFACE_OF_LINEAR_EXTRUSION('',#11603,#11607);
#11603 = B_SPLINE_CURVE_WITH_KNOTS('',2,(#11604,#11605,#11606),
  .UNSPECIFIED.,.F.,.F.,(3,3),(0.,1.),.PIECEWISE_BEZIER_KNOTS.);
#11604 = CARTESIAN_POINT('',(1.227329115116,6.86128997093,4.98));
#11605 = CARTESIAN_POINT('',(1.287830568605,6.922118459302,4.98));
#11606 = CARTESIAN_POINT('',(1.287830568605,7.056039244186,4.98));
#11607 = VECTOR('',#11608,1.);
#11608 = DIRECTION('',(-1.962471068511E-16,-4.440892098501E-16,-1.));
#11609 = ADVANCED_FACE('',(#11610),#11628,.T.);
#11610 = FACE_BOUND('',#11611,.T.);
#11611 = EDGE_LOOP('',(#11612,#11613,#11621,#11627));
#11612 = ORIENTED_EDGE('',*,*,#8082,.T.);
#11613 = ORIENTED_EDGE('',*,*,#11614,.T.);
#11614 = EDGE_CURVE('',#8073,#11615,#11617,.T.);
#11615 = VERTEX_POINT('',#11616);
#11616 = CARTESIAN_POINT('',(1.075257894186,6.800406976744,5.18));
#11617 = LINE('',#11618,#11619);
#11618 = CARTESIAN_POINT('',(1.075257894186,6.800406976744,4.98));
#11619 = VECTOR('',#11620,1.);
#11620 = DIRECTION('',(1.962471068511E-16,4.440892098501E-16,1.));
#11621 = ORIENTED_EDGE('',*,*,#11622,.T.);
#11622 = EDGE_CURVE('',#11615,#11589,#11623,.T.);
#11623 = B_SPLINE_CURVE_WITH_KNOTS('',2,(#11624,#11625,#11626),
  .UNSPECIFIED.,.F.,.F.,(3,3),(0.,1.),.PIECEWISE_BEZIER_KNOTS.);
#11624 = CARTESIAN_POINT('',(1.075257894186,6.800406976744,5.18));
#11625 = CARTESIAN_POINT('',(1.166827661628,6.800406976744,5.18));
#11626 = CARTESIAN_POINT('',(1.227329115116,6.86128997093,5.18));
#11627 = ORIENTED_EDGE('',*,*,#11588,.F.);
#11628 = SURFACE_OF_LINEAR_EXTRUSION('',#11629,#11633);
#11629 = B_SPLINE_CURVE_WITH_KNOTS('',2,(#11630,#11631,#11632),
  .UNSPECIFIED.,.F.,.F.,(3,3),(0.,1.),.PIECEWISE_BEZIER_KNOTS.);
#11630 = CARTESIAN_POINT('',(1.075257894186,6.800406976744,4.98));
#11631 = CARTESIAN_POINT('',(1.166827661628,6.800406976744,4.98));
#11632 = CARTESIAN_POINT('',(1.227329115116,6.86128997093,4.98));
#11633 = VECTOR('',#11634,1.);
#11634 = DIRECTION('',(-1.962471068511E-16,-4.440892098501E-16,-1.));
#11635 = ADVANCED_FACE('',(#11636),#11654,.T.);
#11636 = FACE_BOUND('',#11637,.T.);
#11637 = EDGE_LOOP('',(#11638,#11639,#11647,#11653));
#11638 = ORIENTED_EDGE('',*,*,#8072,.T.);
#11639 = ORIENTED_EDGE('',*,*,#11640,.T.);
#11640 = EDGE_CURVE('',#8060,#11641,#11643,.T.);
#11641 = VERTEX_POINT('',#11642);
#11642 = CARTESIAN_POINT('',(0.986958475581,6.824117005814,5.18));
#11643 = LINE('',#11644,#11645);
#11644 = CARTESIAN_POINT('',(0.986958475581,6.824117005814,4.98));
#11645 = VECTOR('',#11646,1.);
#11646 = DIRECTION('',(1.962471068511E-16,4.440892098501E-16,1.));
#11647 = ORIENTED_EDGE('',*,*,#11648,.T.);
#11648 = EDGE_CURVE('',#11641,#11615,#11649,.T.);
#11649 = B_SPLINE_CURVE_WITH_KNOTS('',2,(#11650,#11651,#11652),
  .UNSPECIFIED.,.F.,.F.,(3,3),(0.,1.),.PIECEWISE_BEZIER_KNOTS.);
#11650 = CARTESIAN_POINT('',(0.986958475581,6.824117005814,5.18));
#11651 = CARTESIAN_POINT('',(1.024567487209,6.800406976744,5.18));
#11652 = CARTESIAN_POINT('',(1.075257894186,6.800406976744,5.18));
#11653 = ORIENTED_EDGE('',*,*,#11614,.F.);
#11654 = SURFACE_OF_LINEAR_EXTRUSION('',#11655,#11659);
#11655 = B_SPLINE_CURVE_WITH_KNOTS('',2,(#11656,#11657,#11658),
  .UNSPECIFIED.,.F.,.F.,(3,3),(0.,1.),.PIECEWISE_BEZIER_KNOTS.);
#11656 = CARTESIAN_POINT('',(0.986958475581,6.824117005814,4.98));
#11657 = CARTESIAN_POINT('',(1.024567487209,6.800406976744,4.98));
#11658 = CARTESIAN_POINT('',(1.075257894186,6.800406976744,4.98));
#11659 = VECTOR('',#11660,1.);
#11660 = DIRECTION('',(-1.962471068511E-16,-4.440892098501E-16,-1.));
#11661 = ADVANCED_FACE('',(#11662),#11680,.T.);
#11662 = FACE_BOUND('',#11663,.T.);
#11663 = EDGE_LOOP('',(#11664,#11665,#11673,#11679));
#11664 = ORIENTED_EDGE('',*,*,#8059,.T.);
#11665 = ORIENTED_EDGE('',*,*,#11666,.T.);
#11666 = EDGE_CURVE('',#8049,#11667,#11669,.T.);
#11667 = VERTEX_POINT('',#11668);
#11668 = CARTESIAN_POINT('',(0.935068940698,6.886580668605,5.18));
#11669 = LINE('',#11670,#11671);
#11670 = CARTESIAN_POINT('',(0.935068940698,6.886580668605,4.98));
#11671 = VECTOR('',#11672,1.);
#11672 = DIRECTION('',(1.962471068511E-16,4.440892098501E-16,1.));
#11673 = ORIENTED_EDGE('',*,*,#11674,.T.);
#11674 = EDGE_CURVE('',#11667,#11641,#11675,.T.);
#11675 = B_SPLINE_CURVE_WITH_KNOTS('',2,(#11676,#11677,#11678),
  .UNSPECIFIED.,.F.,.F.,(3,3),(0.,1.),.PIECEWISE_BEZIER_KNOTS.);
#11676 = CARTESIAN_POINT('',(0.935068940698,6.886580668605,5.18));
#11677 = CARTESIAN_POINT('',(0.949349463953,6.84777252907,5.18));
#11678 = CARTESIAN_POINT('',(0.986958475581,6.824117005814,5.18));
#11679 = ORIENTED_EDGE('',*,*,#11640,.F.);
#11680 = SURFACE_OF_LINEAR_EXTRUSION('',#11681,#11685);
#11681 = B_SPLINE_CURVE_WITH_KNOTS('',2,(#11682,#11683,#11684),
  .UNSPECIFIED.,.F.,.F.,(3,3),(0.,1.),.PIECEWISE_BEZIER_KNOTS.);
#11682 = CARTESIAN_POINT('',(0.935068940698,6.886580668605,4.98));
#11683 = CARTESIAN_POINT('',(0.949349463953,6.84777252907,4.98));
#11684 = CARTESIAN_POINT('',(0.986958475581,6.824117005814,4.98));
#11685 = VECTOR('',#11686,1.);
#11686 = DIRECTION('',(-1.962471068511E-16,-4.440892098501E-16,-1.));
#11687 = ADVANCED_FACE('',(#11688),#11706,.T.);
#11688 = FACE_BOUND('',#11689,.T.);
#11689 = EDGE_LOOP('',(#11690,#11691,#11699,#11705));
#11690 = ORIENTED_EDGE('',*,*,#8048,.T.);
#11691 = ORIENTED_EDGE('',*,*,#11692,.T.);
#11692 = EDGE_CURVE('',#8041,#11693,#11695,.T.);
#11693 = VERTEX_POINT('',#11694);
#11694 = CARTESIAN_POINT('',(0.920733911628,7.013579215116,5.18));
#11695 = LINE('',#11696,#11697);
#11696 = CARTESIAN_POINT('',(0.920733911628,7.013579215116,4.98));
#11697 = VECTOR('',#11698,1.);
#11698 = DIRECTION('',(1.962471068511E-16,4.440892098501E-16,1.));
#11699 = ORIENTED_EDGE('',*,*,#11700,.T.);
#11700 = EDGE_CURVE('',#11693,#11667,#11701,.T.);
#11701 = B_SPLINE_CURVE_WITH_KNOTS('',2,(#11702,#11703,#11704),
  .UNSPECIFIED.,.F.,.F.,(3,3),(0.,1.),.PIECEWISE_BEZIER_KNOTS.);
#11702 = CARTESIAN_POINT('',(0.920733911628,7.013579215116,5.18));
#11703 = CARTESIAN_POINT('',(0.920733911628,6.92538880814,5.18));
#11704 = CARTESIAN_POINT('',(0.935068940698,6.886580668605,5.18));
#11705 = ORIENTED_EDGE('',*,*,#11666,.F.);
#11706 = SURFACE_OF_LINEAR_EXTRUSION('',#11707,#11711);
#11707 = B_SPLINE_CURVE_WITH_KNOTS('',2,(#11708,#11709,#11710),
  .UNSPECIFIED.,.F.,.F.,(3,3),(0.,1.),.PIECEWISE_BEZIER_KNOTS.);
#11708 = CARTESIAN_POINT('',(0.920733911628,7.013579215116,4.98));
#11709 = CARTESIAN_POINT('',(0.920733911628,6.92538880814,4.98));
#11710 = CARTESIAN_POINT('',(0.935068940698,6.886580668605,4.98));
#11711 = VECTOR('',#11712,1.);
#11712 = DIRECTION('',(-1.962471068511E-16,-4.440892098501E-16,-1.));
#11713 = ADVANCED_FACE('',(#11714),#11732,.T.);
#11714 = FACE_BOUND('',#11715,.T.);
#11715 = EDGE_LOOP('',(#11716,#11717,#11725,#11731));
#11716 = ORIENTED_EDGE('',*,*,#8040,.T.);
#11717 = ORIENTED_EDGE('',*,*,#11718,.T.);
#11718 = EDGE_CURVE('',#8033,#11719,#11721,.T.);
#11719 = VERTEX_POINT('',#11720);
#11720 = CARTESIAN_POINT('',(0.920733911628,7.56,5.18));
#11721 = LINE('',#11722,#11723);
#11722 = CARTESIAN_POINT('',(0.920733911628,7.56,4.98));
#11723 = VECTOR('',#11724,1.);
#11724 = DIRECTION('',(1.962471068511E-16,4.440892098501E-16,1.));
#11725 = ORIENTED_EDGE('',*,*,#11726,.T.);
#11726 = EDGE_CURVE('',#11719,#11693,#11727,.T.);
#11727 = LINE('',#11728,#11729);
#11728 = CARTESIAN_POINT('',(0.920733911628,7.56,5.18));
#11729 = VECTOR('',#11730,1.);
#11730 = DIRECTION('',(-3.694383180982E-16,-1.,4.440892098501E-16));
#11731 = ORIENTED_EDGE('',*,*,#11692,.F.);
#11732 = PLANE('',#11733);
#11733 = AXIS2_PLACEMENT_3D('',#11734,#11735,#11736);
#11734 = CARTESIAN_POINT('',(0.920733911628,7.56,4.98));
#11735 = DIRECTION('',(1.,-3.694383180982E-16,-1.962471068511E-16));
#11736 = DIRECTION('',(-3.694383180982E-16,-1.,4.440892098501E-16));
#11737 = ADVANCED_FACE('',(#11738),#11756,.T.);
#11738 = FACE_BOUND('',#11739,.T.);
#11739 = EDGE_LOOP('',(#11740,#11741,#11749,#11755));
#11740 = ORIENTED_EDGE('',*,*,#8032,.T.);
#11741 = ORIENTED_EDGE('',*,*,#11742,.T.);
#11742 = EDGE_CURVE('',#8025,#11743,#11745,.T.);
#11743 = VERTEX_POINT('',#11744);
#11744 = CARTESIAN_POINT('',(0.774385801163,7.56,5.18));
#11745 = LINE('',#11746,#11747);
#11746 = CARTESIAN_POINT('',(0.774385801163,7.56,4.98));
#11747 = VECTOR('',#11748,1.);
#11748 = DIRECTION('',(1.962471068511E-16,4.440892098501E-16,1.));
#11749 = ORIENTED_EDGE('',*,*,#11750,.T.);
#11750 = EDGE_CURVE('',#11743,#11719,#11751,.T.);
#11751 = LINE('',#11752,#11753);
#11752 = CARTESIAN_POINT('',(0.774385801163,7.56,5.18));
#11753 = VECTOR('',#11754,1.);
#11754 = DIRECTION('',(1.,-3.694383180982E-16,-1.962471068511E-16));
#11755 = ORIENTED_EDGE('',*,*,#11718,.F.);
#11756 = PLANE('',#11757);
#11757 = AXIS2_PLACEMENT_3D('',#11758,#11759,#11760);
#11758 = CARTESIAN_POINT('',(0.774385801163,7.56,4.98));
#11759 = DIRECTION('',(3.694383180982E-16,1.,-4.440892098501E-16));
#11760 = DIRECTION('',(1.,-3.694383180982E-16,-1.962471068511E-16));
#11761 = ADVANCED_FACE('',(#11762),#11780,.T.);
#11762 = FACE_BOUND('',#11763,.T.);
#11763 = EDGE_LOOP('',(#11764,#11765,#11773,#11779));
#11764 = ORIENTED_EDGE('',*,*,#8024,.T.);
#11765 = ORIENTED_EDGE('',*,*,#11766,.T.);
#11766 = EDGE_CURVE('',#8014,#11767,#11769,.T.);
#11767 = VERTEX_POINT('',#11768);
#11768 = CARTESIAN_POINT('',(0.774385801163,6.96523255814,5.18));
#11769 = LINE('',#11770,#11771);
#11770 = CARTESIAN_POINT('',(0.774385801163,6.96523255814,4.98));
#11771 = VECTOR('',#11772,1.);
#11772 = DIRECTION('',(1.962471068511E-16,4.440892098501E-16,1.));
#11773 = ORIENTED_EDGE('',*,*,#11774,.T.);
#11774 = EDGE_CURVE('',#11767,#11743,#11775,.T.);
#11775 = LINE('',#11776,#11777);
#11776 = CARTESIAN_POINT('',(0.774385801163,6.96523255814,5.18));
#11777 = VECTOR('',#11778,1.);
#11778 = DIRECTION('',(3.694383180982E-16,1.,-4.440892098501E-16));
#11779 = ORIENTED_EDGE('',*,*,#11742,.F.);
#11780 = PLANE('',#11781);
#11781 = AXIS2_PLACEMENT_3D('',#11782,#11783,#11784);
#11782 = CARTESIAN_POINT('',(0.774385801163,6.96523255814,4.98));
#11783 = DIRECTION('',(-1.,3.694383180982E-16,1.962471068511E-16));
#11784 = DIRECTION('',(3.694383180982E-16,1.,-4.440892098501E-16));
#11785 = ADVANCED_FACE('',(#11786),#11804,.T.);
#11786 = FACE_BOUND('',#11787,.T.);
#11787 = EDGE_LOOP('',(#11788,#11789,#11797,#11803));
#11788 = ORIENTED_EDGE('',*,*,#8013,.T.);
#11789 = ORIENTED_EDGE('',*,*,#11790,.T.);
#11790 = EDGE_CURVE('',#7999,#11791,#11793,.T.);
#11791 = VERTEX_POINT('',#11792);
#11792 = CARTESIAN_POINT('',(0.843880713953,6.745356104651,5.18));
#11793 = LINE('',#11794,#11795);
#11794 = CARTESIAN_POINT('',(0.843880713953,6.745356104651,4.98));
#11795 = VECTOR('',#11796,1.);
#11796 = DIRECTION('',(1.962471068511E-16,4.440892098501E-16,1.));
#11797 = ORIENTED_EDGE('',*,*,#11798,.T.);
#11798 = EDGE_CURVE('',#11791,#11767,#11799,.T.);
#11799 = B_SPLINE_CURVE_WITH_KNOTS('',2,(#11800,#11801,#11802),
  .UNSPECIFIED.,.F.,.F.,(3,3),(0.,1.),.PIECEWISE_BEZIER_KNOTS.);
#11800 = CARTESIAN_POINT('',(0.843880713953,6.745356104651,5.18));
#11801 = CARTESIAN_POINT('',(0.774385801163,6.81675872093,5.18));
#11802 = CARTESIAN_POINT('',(0.774385801163,6.96523255814,5.18));
#11803 = ORIENTED_EDGE('',*,*,#11766,.F.);
#11804 = SURFACE_OF_LINEAR_EXTRUSION('',#11805,#11809);
#11805 = B_SPLINE_CURVE_WITH_KNOTS('',2,(#11806,#11807,#11808),
  .UNSPECIFIED.,.F.,.F.,(3,3),(0.,1.),.PIECEWISE_BEZIER_KNOTS.);
#11806 = CARTESIAN_POINT('',(0.843880713953,6.745356104651,4.98));
#11807 = CARTESIAN_POINT('',(0.774385801163,6.81675872093,4.98));
#11808 = CARTESIAN_POINT('',(0.774385801163,6.96523255814,4.98));
#11809 = VECTOR('',#11810,1.);
#11810 = DIRECTION('',(-1.962471068511E-16,-4.440892098501E-16,-1.));
#11811 = ADVANCED_FACE('',(#11812),#11830,.T.);
#11812 = FACE_BOUND('',#11813,.T.);
#11813 = EDGE_LOOP('',(#11814,#11815,#11823,#11829));
#11814 = ORIENTED_EDGE('',*,*,#7998,.T.);
#11815 = ORIENTED_EDGE('',*,*,#11816,.T.);
#11816 = EDGE_CURVE('',#7984,#11817,#11819,.T.);
#11817 = VERTEX_POINT('',#11818);
#11818 = CARTESIAN_POINT('',(1.042554405814,6.673953488372,5.18));
#11819 = LINE('',#11820,#11821);
#11820 = CARTESIAN_POINT('',(1.042554405814,6.673953488372,4.98));
#11821 = VECTOR('',#11822,1.);
#11822 = DIRECTION('',(1.962471068511E-16,4.440892098501E-16,1.));
#11823 = ORIENTED_EDGE('',*,*,#11824,.T.);
#11824 = EDGE_CURVE('',#11817,#11791,#11825,.T.);
#11825 = B_SPLINE_CURVE_WITH_KNOTS('',2,(#11826,#11827,#11828),
  .UNSPECIFIED.,.F.,.F.,(3,3),(0.,1.),.PIECEWISE_BEZIER_KNOTS.);
#11826 = CARTESIAN_POINT('',(1.042554405814,6.673953488372,5.18));
#11827 = CARTESIAN_POINT('',(0.913375626744,6.673953488372,5.18));
#11828 = CARTESIAN_POINT('',(0.843880713953,6.745356104651,5.18));
#11829 = ORIENTED_EDGE('',*,*,#11790,.F.);
#11830 = SURFACE_OF_LINEAR_EXTRUSION('',#11831,#11835);
#11831 = B_SPLINE_CURVE_WITH_KNOTS('',2,(#11832,#11833,#11834),
  .UNSPECIFIED.,.F.,.F.,(3,3),(0.,1.),.PIECEWISE_BEZIER_KNOTS.);
#11832 = CARTESIAN_POINT('',(1.042554405814,6.673953488372,4.98));
#11833 = CARTESIAN_POINT('',(0.913375626744,6.673953488372,4.98));
#11834 = CARTESIAN_POINT('',(0.843880713953,6.745356104651,4.98));
#11835 = VECTOR('',#11836,1.);
#11836 = DIRECTION('',(-1.962471068511E-16,-4.440892098501E-16,-1.));
#11837 = ADVANCED_FACE('',(#11838),#11856,.T.);
#11838 = FACE_BOUND('',#11839,.T.);
#11839 = EDGE_LOOP('',(#11840,#11841,#11849,#11855));
#11840 = ORIENTED_EDGE('',*,*,#7983,.T.);
#11841 = ORIENTED_EDGE('',*,*,#11842,.T.);
#11842 = EDGE_CURVE('',#7971,#11843,#11845,.T.);
#11843 = VERTEX_POINT('',#11844);
#11844 = CARTESIAN_POINT('',(1.310723010465,6.824934593023,5.18));
#11845 = LINE('',#11846,#11847);
#11846 = CARTESIAN_POINT('',(1.310723010465,6.824934593023,4.98));
#11847 = VECTOR('',#11848,1.);
#11848 = DIRECTION('',(1.962471068511E-16,4.440892098501E-16,1.));
#11849 = ORIENTED_EDGE('',*,*,#11850,.T.);
#11850 = EDGE_CURVE('',#11843,#11817,#11851,.T.);
#11851 = B_SPLINE_CURVE_WITH_KNOTS('',2,(#11852,#11853,#11854),
  .UNSPECIFIED.,.F.,.F.,(3,3),(0.,1.),.PIECEWISE_BEZIER_KNOTS.);
#11852 = CARTESIAN_POINT('',(1.310723010465,6.824934593023,5.18));
#11853 = CARTESIAN_POINT('',(1.207707022093,6.673953488372,5.18));
#11854 = CARTESIAN_POINT('',(1.042554405814,6.673953488372,5.18));
#11855 = ORIENTED_EDGE('',*,*,#11816,.F.);
#11856 = SURFACE_OF_LINEAR_EXTRUSION('',#11857,#11861);
#11857 = B_SPLINE_CURVE_WITH_KNOTS('',2,(#11858,#11859,#11860),
  .UNSPECIFIED.,.F.,.F.,(3,3),(0.,1.),.PIECEWISE_BEZIER_KNOTS.);
#11858 = CARTESIAN_POINT('',(1.310723010465,6.824934593023,4.98));
#11859 = CARTESIAN_POINT('',(1.207707022093,6.673953488372,4.98));
#11860 = CARTESIAN_POINT('',(1.042554405814,6.673953488372,4.98));
#11861 = VECTOR('',#11862,1.);
#11862 = DIRECTION('',(-1.962471068511E-16,-4.440892098501E-16,-1.));
#11863 = ADVANCED_FACE('',(#11864),#11882,.T.);
#11864 = FACE_BOUND('',#11865,.T.);
#11865 = EDGE_LOOP('',(#11866,#11867,#11875,#11881));
#11866 = ORIENTED_EDGE('',*,*,#7970,.T.);
#11867 = ORIENTED_EDGE('',*,*,#11868,.T.);
#11868 = EDGE_CURVE('',#7961,#11869,#11871,.T.);
#11869 = VERTEX_POINT('',#11870);
#11870 = CARTESIAN_POINT('',(1.397823301163,6.713742732558,5.18));
#11871 = LINE('',#11872,#11873);
#11872 = CARTESIAN_POINT('',(1.397823301163,6.713742732558,4.98));
#11873 = VECTOR('',#11874,1.);
#11874 = DIRECTION('',(1.962471068511E-16,4.440892098501E-16,1.));
#11875 = ORIENTED_EDGE('',*,*,#11876,.T.);
#11876 = EDGE_CURVE('',#11869,#11843,#11877,.T.);
#11877 = B_SPLINE_CURVE_WITH_KNOTS('',2,(#11878,#11879,#11880),
  .UNSPECIFIED.,.F.,.F.,(3,3),(0.,1.),.PIECEWISE_BEZIER_KNOTS.);
#11878 = CARTESIAN_POINT('',(1.397823301163,6.713742732558,5.18));
#11879 = CARTESIAN_POINT('',(1.336068213953,6.75347747093,5.18));
#11880 = CARTESIAN_POINT('',(1.310723010465,6.824934593023,5.18));
#11881 = ORIENTED_EDGE('',*,*,#11842,.F.);
#11882 = SURFACE_OF_LINEAR_EXTRUSION('',#11883,#11887);
#11883 = B_SPLINE_CURVE_WITH_KNOTS('',2,(#11884,#11885,#11886),
  .UNSPECIFIED.,.F.,.F.,(3,3),(0.,1.),.PIECEWISE_BEZIER_KNOTS.);
#11884 = CARTESIAN_POINT('',(1.397823301163,6.713742732558,4.98));
#11885 = CARTESIAN_POINT('',(1.336068213953,6.75347747093,4.98));
#11886 = CARTESIAN_POINT('',(1.310723010465,6.824934593023,4.98));
#11887 = VECTOR('',#11888,1.);
#11888 = DIRECTION('',(-1.962471068511E-16,-4.440892098501E-16,-1.));
#11889 = ADVANCED_FACE('',(#11890),#11908,.T.);
#11890 = FACE_BOUND('',#11891,.T.);
#11891 = EDGE_LOOP('',(#11892,#11893,#11901,#11907));
#11892 = ORIENTED_EDGE('',*,*,#7960,.T.);
#11893 = ORIENTED_EDGE('',*,*,#11894,.T.);
#11894 = EDGE_CURVE('',#7951,#11895,#11897,.T.);
#11895 = VERTEX_POINT('',#11896);
#11896 = CARTESIAN_POINT('',(1.555999173256,6.673953488372,5.18));
#11897 = LINE('',#11898,#11899);
#11898 = CARTESIAN_POINT('',(1.555999173256,6.673953488372,4.98));
#11899 = VECTOR('',#11900,1.);
#11900 = DIRECTION('',(1.962471068511E-16,4.440892098501E-16,1.));
#11901 = ORIENTED_EDGE('',*,*,#11902,.T.);
#11902 = EDGE_CURVE('',#11895,#11869,#11903,.T.);
#11903 = B_SPLINE_CURVE_WITH_KNOTS('',2,(#11904,#11905,#11906),
  .UNSPECIFIED.,.F.,.F.,(3,3),(0.,1.),.PIECEWISE_BEZIER_KNOTS.);
#11904 = CARTESIAN_POINT('',(1.555999173256,6.673953488372,5.18));
#11905 = CARTESIAN_POINT('',(1.459523882558,6.673953488372,5.18));
#11906 = CARTESIAN_POINT('',(1.397823301163,6.713742732558,5.18));
#11907 = ORIENTED_EDGE('',*,*,#11868,.F.);
#11908 = SURFACE_OF_LINEAR_EXTRUSION('',#11909,#11913);
#11909 = B_SPLINE_CURVE_WITH_KNOTS('',2,(#11910,#11911,#11912),
  .UNSPECIFIED.,.F.,.F.,(3,3),(0.,1.),.PIECEWISE_BEZIER_KNOTS.);
#11910 = CARTESIAN_POINT('',(1.555999173256,6.673953488372,4.98));
#11911 = CARTESIAN_POINT('',(1.459523882558,6.673953488372,4.98));
#11912 = CARTESIAN_POINT('',(1.397823301163,6.713742732558,4.98));
#11913 = VECTOR('',#11914,1.);
#11914 = DIRECTION('',(-1.962471068511E-16,-4.440892098501E-16,-1.));
#11915 = ADVANCED_FACE('',(#11916),#11934,.T.);
#11916 = FACE_BOUND('',#11917,.T.);
#11917 = EDGE_LOOP('',(#11918,#11919,#11927,#11933));
#11918 = ORIENTED_EDGE('',*,*,#7950,.T.);
#11919 = ORIENTED_EDGE('',*,*,#11920,.T.);
#11920 = EDGE_CURVE('',#7938,#11921,#11923,.T.);
#11921 = VERTEX_POINT('',#11922);
#11922 = CARTESIAN_POINT('',(1.710523155814,6.712489098837,5.18));
#11923 = LINE('',#11924,#11925);
#11924 = CARTESIAN_POINT('',(1.710523155814,6.712489098837,4.98));
#11925 = VECTOR('',#11926,1.);
#11926 = DIRECTION('',(1.962471068511E-16,4.440892098501E-16,1.));
#11927 = ORIENTED_EDGE('',*,*,#11928,.T.);
#11928 = EDGE_CURVE('',#11921,#11895,#11929,.T.);
#11929 = B_SPLINE_CURVE_WITH_KNOTS('',2,(#11930,#11931,#11932),
  .UNSPECIFIED.,.F.,.F.,(3,3),(0.,1.),.PIECEWISE_BEZIER_KNOTS.);
#11930 = CARTESIAN_POINT('',(1.710523155814,6.712489098837,5.18));
#11931 = CARTESIAN_POINT('',(1.642663417442,6.673953488372,5.18));
#11932 = CARTESIAN_POINT('',(1.555999173256,6.673953488372,5.18));
#11933 = ORIENTED_EDGE('',*,*,#11894,.F.);
#11934 = SURFACE_OF_LINEAR_EXTRUSION('',#11935,#11939);
#11935 = B_SPLINE_CURVE_WITH_KNOTS('',2,(#11936,#11937,#11938),
  .UNSPECIFIED.,.F.,.F.,(3,3),(0.,1.),.PIECEWISE_BEZIER_KNOTS.);
#11936 = CARTESIAN_POINT('',(1.710523155814,6.712489098837,4.98));
#11937 = CARTESIAN_POINT('',(1.642663417442,6.673953488372,4.98));
#11938 = CARTESIAN_POINT('',(1.555999173256,6.673953488372,4.98));
#11939 = VECTOR('',#11940,1.);
#11940 = DIRECTION('',(-1.962471068511E-16,-4.440892098501E-16,-1.));
#11941 = ADVANCED_FACE('',(#11942),#11960,.T.);
#11942 = FACE_BOUND('',#11943,.T.);
#11943 = EDGE_LOOP('',(#11944,#11945,#11953,#11959));
#11944 = ORIENTED_EDGE('',*,*,#7937,.T.);
#11945 = ORIENTED_EDGE('',*,*,#11946,.T.);
#11946 = EDGE_CURVE('',#7930,#11947,#11949,.T.);
#11947 = VERTEX_POINT('',#11948);
#11948 = CARTESIAN_POINT('',(1.819262254651,6.814305959302,5.18));
#11949 = LINE('',#11950,#11951);
#11950 = CARTESIAN_POINT('',(1.819262254651,6.814305959302,4.98));
#11951 = VECTOR('',#11952,1.);
#11952 = DIRECTION('',(1.962471068511E-16,4.440892098501E-16,1.));
#11953 = ORIENTED_EDGE('',*,*,#11954,.T.);
#11954 = EDGE_CURVE('',#11947,#11921,#11955,.T.);
#11955 = B_SPLINE_CURVE_WITH_KNOTS('',2,(#11956,#11957,#11958),
  .UNSPECIFIED.,.F.,.F.,(3,3),(0.,1.),.PIECEWISE_BEZIER_KNOTS.);
#11956 = CARTESIAN_POINT('',(1.819262254651,6.814305959302,5.18));
#11957 = CARTESIAN_POINT('',(1.778382894186,6.751024709302,5.18));
#11958 = CARTESIAN_POINT('',(1.710523155814,6.712489098837,5.18));
#11959 = ORIENTED_EDGE('',*,*,#11920,.F.);
#11960 = SURFACE_OF_LINEAR_EXTRUSION('',#11961,#11965);
#11961 = B_SPLINE_CURVE_WITH_KNOTS('',2,(#11962,#11963,#11964),
  .UNSPECIFIED.,.F.,.F.,(3,3),(0.,1.),.PIECEWISE_BEZIER_KNOTS.);
#11962 = CARTESIAN_POINT('',(1.819262254651,6.814305959302,4.98));
#11963 = CARTESIAN_POINT('',(1.778382894186,6.751024709302,4.98));
#11964 = CARTESIAN_POINT('',(1.710523155814,6.712489098837,4.98));
#11965 = VECTOR('',#11966,1.);
#11966 = DIRECTION('',(-1.962471068511E-16,-4.440892098501E-16,-1.));
#11967 = ADVANCED_FACE('',(#11968),#11986,.T.);
#11968 = FACE_BOUND('',#11969,.T.);
#11969 = EDGE_LOOP('',(#11970,#11971,#11979,#11985));
#11970 = ORIENTED_EDGE('',*,*,#7929,.T.);
#11971 = ORIENTED_EDGE('',*,*,#11972,.T.);
#11972 = EDGE_CURVE('',#7922,#11973,#11975,.T.);
#11973 = VERTEX_POINT('',#11974);
#11974 = CARTESIAN_POINT('',(1.819262254651,6.691395348837,5.18));
#11975 = LINE('',#11976,#11977);
#11976 = CARTESIAN_POINT('',(1.819262254651,6.691395348837,4.98));
#11977 = VECTOR('',#11978,1.);
#11978 = DIRECTION('',(1.962471068511E-16,4.440892098501E-16,1.));
#11979 = ORIENTED_EDGE('',*,*,#11980,.T.);
#11980 = EDGE_CURVE('',#11973,#11947,#11981,.T.);
#11981 = LINE('',#11982,#11983);
#11982 = CARTESIAN_POINT('',(1.819262254651,6.691395348837,5.18));
#11983 = VECTOR('',#11984,1.);
#11984 = DIRECTION('',(3.694383180982E-16,1.,-4.440892098501E-16));
#11985 = ORIENTED_EDGE('',*,*,#11946,.F.);
#11986 = PLANE('',#11987);
#11987 = AXIS2_PLACEMENT_3D('',#11988,#11989,#11990);
#11988 = CARTESIAN_POINT('',(1.819262254651,6.691395348837,4.98));
#11989 = DIRECTION('',(-1.,3.694383180982E-16,1.962471068511E-16));
#11990 = DIRECTION('',(3.694383180982E-16,1.,-4.440892098501E-16));
#11991 = ADVANCED_FACE('',(#11992),#12003,.T.);
#11992 = FACE_BOUND('',#11993,.T.);
#11993 = EDGE_LOOP('',(#11994,#11995,#11996,#12002));
#11994 = ORIENTED_EDGE('',*,*,#7921,.T.);
#11995 = ORIENTED_EDGE('',*,*,#11323,.T.);
#11996 = ORIENTED_EDGE('',*,*,#11997,.T.);
#11997 = EDGE_CURVE('',#11316,#11973,#11998,.T.);
#11998 = LINE('',#11999,#12000);
#11999 = CARTESIAN_POINT('',(1.950893795349,6.691395348837,5.18));
#12000 = VECTOR('',#12001,1.);
#12001 = DIRECTION('',(-1.,3.694383180982E-16,1.962471068511E-16));
#12002 = ORIENTED_EDGE('',*,*,#11972,.F.);
#12003 = PLANE('',#12004);
#12004 = AXIS2_PLACEMENT_3D('',#12005,#12006,#12007);
#12005 = CARTESIAN_POINT('',(1.950893795349,6.691395348837,4.98));
#12006 = DIRECTION('',(-3.694383180982E-16,-1.,4.440892098501E-16));
#12007 = DIRECTION('',(-1.,3.694383180982E-16,1.962471068511E-16));
#12008 = ADVANCED_FACE('',(#12009),#12034,.T.);
#12009 = FACE_BOUND('',#12010,.T.);
#12010 = EDGE_LOOP('',(#12011,#12012,#12020,#12028));
#12011 = ORIENTED_EDGE('',*,*,#8207,.T.);
#12012 = ORIENTED_EDGE('',*,*,#12013,.T.);
#12013 = EDGE_CURVE('',#8210,#12014,#12016,.T.);
#12014 = VERTEX_POINT('',#12015);
#12015 = CARTESIAN_POINT('',(3.1799999,7.56,5.18));
#12016 = LINE('',#12017,#12018);
#12017 = CARTESIAN_POINT('',(3.1799999,7.56,4.98));
#12018 = VECTOR('',#12019,1.);
#12019 = DIRECTION('',(1.962471068511E-16,4.440892098501E-16,1.));
#12020 = ORIENTED_EDGE('',*,*,#12021,.T.);
#12021 = EDGE_CURVE('',#12014,#12022,#12024,.T.);
#12022 = VERTEX_POINT('',#12023);
#12023 = CARTESIAN_POINT('',(2.719698301163,6.36,5.18));
#12024 = LINE('',#12025,#12026);
#12025 = CARTESIAN_POINT('',(3.1799999,7.56,5.18));
#12026 = VECTOR('',#12027,1.);
#12027 = DIRECTION('',(-0.358140599612,-0.933667666201,
    4.849157926656E-16));
#12028 = ORIENTED_EDGE('',*,*,#12029,.F.);
#12029 = EDGE_CURVE('',#8208,#12022,#12030,.T.);
#12030 = LINE('',#12031,#12032);
#12031 = CARTESIAN_POINT('',(2.719698301163,6.36,4.98));
#12032 = VECTOR('',#12033,1.);
#12033 = DIRECTION('',(1.962471068511E-16,4.440892098501E-16,1.));
#12034 = PLANE('',#12035);
#12035 = AXIS2_PLACEMENT_3D('',#12036,#12037,#12038);
#12036 = CARTESIAN_POINT('',(3.1799999,7.56,4.98));
#12037 = DIRECTION('',(0.933667666201,-0.358140599612,
    -2.418320235522E-17));
#12038 = DIRECTION('',(-0.358140599612,-0.933667666201,
    4.849157926656E-16));
#12039 = ADVANCED_FACE('',(#12040),#12058,.T.);
#12040 = FACE_BOUND('',#12041,.T.);
#12041 = EDGE_LOOP('',(#12042,#12043,#12051,#12057));
#12042 = ORIENTED_EDGE('',*,*,#8265,.T.);
#12043 = ORIENTED_EDGE('',*,*,#12044,.T.);
#12044 = EDGE_CURVE('',#8258,#12045,#12047,.T.);
#12045 = VERTEX_POINT('',#12046);
#12046 = CARTESIAN_POINT('',(3.011576934884,7.56,5.18));
#12047 = LINE('',#12048,#12049);
#12048 = CARTESIAN_POINT('',(3.011576934884,7.56,4.98));
#12049 = VECTOR('',#12050,1.);
#12050 = DIRECTION('',(1.962471068511E-16,4.440892098501E-16,1.));
#12051 = ORIENTED_EDGE('',*,*,#12052,.T.);
#12052 = EDGE_CURVE('',#12045,#12014,#12053,.T.);
#12053 = LINE('',#12054,#12055);
#12054 = CARTESIAN_POINT('',(3.011576934884,7.56,5.18));
#12055 = VECTOR('',#12056,1.);
#12056 = DIRECTION('',(1.,-3.694383180982E-16,-1.962471068511E-16));
#12057 = ORIENTED_EDGE('',*,*,#12013,.F.);
#12058 = PLANE('',#12059);
#12059 = AXIS2_PLACEMENT_3D('',#12060,#12061,#12062);
#12060 = CARTESIAN_POINT('',(3.011576934884,7.56,4.98));
#12061 = DIRECTION('',(3.694383180982E-16,1.,-4.440892098501E-16));
#12062 = DIRECTION('',(1.,-3.694383180982E-16,-1.962471068511E-16));
#12063 = ADVANCED_FACE('',(#12064),#12082,.T.);
#12064 = FACE_BOUND('',#12065,.T.);
#12065 = EDGE_LOOP('',(#12066,#12067,#12075,#12081));
#12066 = ORIENTED_EDGE('',*,*,#8257,.T.);
#12067 = ORIENTED_EDGE('',*,*,#12068,.T.);
#12068 = EDGE_CURVE('',#8250,#12069,#12071,.T.);
#12069 = VERTEX_POINT('',#12070);
#12070 = CARTESIAN_POINT('',(2.879945394186,7.198953488372,5.18));
#12071 = LINE('',#12072,#12073);
#12072 = CARTESIAN_POINT('',(2.879945394186,7.198953488372,4.98));
#12073 = VECTOR('',#12074,1.);
#12074 = DIRECTION('',(1.962471068511E-16,4.440892098501E-16,1.));
#12075 = ORIENTED_EDGE('',*,*,#12076,.T.);
#12076 = EDGE_CURVE('',#12069,#12045,#12077,.T.);
#12077 = LINE('',#12078,#12079);
#12078 = CARTESIAN_POINT('',(2.879945394186,7.198953488372,5.18));
#12079 = VECTOR('',#12080,1.);
#12080 = DIRECTION('',(0.342528723811,0.939507356738,-4.844453507633E-16
    ));
#12081 = ORIENTED_EDGE('',*,*,#12044,.F.);
#12082 = PLANE('',#12083);
#12083 = AXIS2_PLACEMENT_3D('',#12084,#12085,#12086);
#12084 = CARTESIAN_POINT('',(2.879945394186,7.198953488372,4.98));
#12085 = DIRECTION('',(-0.939507356738,0.342528723811,3.226229031707E-17
    ));
#12086 = DIRECTION('',(0.342528723811,0.939507356738,-4.844453507633E-16
    ));
#12087 = ADVANCED_FACE('',(#12088),#12106,.T.);
#12088 = FACE_BOUND('',#12089,.T.);
#12089 = EDGE_LOOP('',(#12090,#12091,#12099,#12105));
#12090 = ORIENTED_EDGE('',*,*,#8249,.T.);
#12091 = ORIENTED_EDGE('',*,*,#12092,.T.);
#12092 = EDGE_CURVE('',#8242,#12093,#12095,.T.);
#12093 = VERTEX_POINT('',#12094);
#12094 = CARTESIAN_POINT('',(2.378764434884,7.198953488372,5.18));
#12095 = LINE('',#12096,#12097);
#12096 = CARTESIAN_POINT('',(2.378764434884,7.198953488372,4.98));
#12097 = VECTOR('',#12098,1.);
#12098 = DIRECTION('',(1.962471068511E-16,4.440892098501E-16,1.));
#12099 = ORIENTED_EDGE('',*,*,#12100,.T.);
#12100 = EDGE_CURVE('',#12093,#12069,#12101,.T.);
#12101 = LINE('',#12102,#12103);
#12102 = CARTESIAN_POINT('',(2.378764434884,7.198953488372,5.18));
#12103 = VECTOR('',#12104,1.);
#12104 = DIRECTION('',(1.,-3.694383180982E-16,-1.962471068511E-16));
#12105 = ORIENTED_EDGE('',*,*,#12068,.F.);
#12106 = PLANE('',#12107);
#12107 = AXIS2_PLACEMENT_3D('',#12108,#12109,#12110);
#12108 = CARTESIAN_POINT('',(2.378764434884,7.198953488372,4.98));
#12109 = DIRECTION('',(3.694383180982E-16,1.,-4.440892098501E-16));
#12110 = DIRECTION('',(1.,-3.694383180982E-16,-1.962471068511E-16));
#12111 = ADVANCED_FACE('',(#12112),#12130,.T.);
#12112 = FACE_BOUND('',#12113,.T.);
#12113 = EDGE_LOOP('',(#12114,#12115,#12123,#12129));
#12114 = ORIENTED_EDGE('',*,*,#8241,.T.);
#12115 = ORIENTED_EDGE('',*,*,#12116,.T.);
#12116 = EDGE_CURVE('',#8234,#12117,#12119,.T.);
#12117 = VERTEX_POINT('',#12118);
#12118 = CARTESIAN_POINT('',(2.238957022093,7.56,5.18));
#12119 = LINE('',#12120,#12121);
#12120 = CARTESIAN_POINT('',(2.238957022093,7.56,4.98));
#12121 = VECTOR('',#12122,1.);
#12122 = DIRECTION('',(1.962471068511E-16,4.440892098501E-16,1.));
#12123 = ORIENTED_EDGE('',*,*,#12124,.T.);
#12124 = EDGE_CURVE('',#12117,#12093,#12125,.T.);
#12125 = LINE('',#12126,#12127);
#12126 = CARTESIAN_POINT('',(2.238957022093,7.56,5.18));
#12127 = VECTOR('',#12128,1.);
#12128 = DIRECTION('',(0.361100736281,-0.932526813694,3.432601210803E-16
    ));
#12129 = ORIENTED_EDGE('',*,*,#12092,.F.);
#12130 = PLANE('',#12131);
#12131 = AXIS2_PLACEMENT_3D('',#12132,#12133,#12134);
#12132 = CARTESIAN_POINT('',(2.238957022093,7.56,4.98));
#12133 = DIRECTION('',(0.932526813694,0.361100736281,-3.433666298996E-16
    ));
#12134 = DIRECTION('',(0.361100736281,-0.932526813694,3.432601210803E-16
    ));
#12135 = ADVANCED_FACE('',(#12136),#12154,.T.);
#12136 = FACE_BOUND('',#12137,.T.);
#12137 = EDGE_LOOP('',(#12138,#12139,#12147,#12153));
#12138 = ORIENTED_EDGE('',*,*,#8233,.T.);
#12139 = ORIENTED_EDGE('',*,*,#12140,.T.);
#12140 = EDGE_CURVE('',#8226,#12141,#12143,.T.);
#12141 = VERTEX_POINT('',#12142);
#12142 = CARTESIAN_POINT('',(2.058270248837,7.56,5.18));
#12143 = LINE('',#12144,#12145);
#12144 = CARTESIAN_POINT('',(2.058270248837,7.56,4.98));
#12145 = VECTOR('',#12146,1.);
#12146 = DIRECTION('',(1.962471068511E-16,4.440892098501E-16,1.));
#12147 = ORIENTED_EDGE('',*,*,#12148,.T.);
#12148 = EDGE_CURVE('',#12141,#12117,#12149,.T.);
#12149 = LINE('',#12150,#12151);
#12150 = CARTESIAN_POINT('',(2.058270248837,7.56,5.18));
#12151 = VECTOR('',#12152,1.);
#12152 = DIRECTION('',(1.,-3.694383180982E-16,-1.962471068511E-16));
#12153 = ORIENTED_EDGE('',*,*,#12116,.F.);
#12154 = PLANE('',#12155);
#12155 = AXIS2_PLACEMENT_3D('',#12156,#12157,#12158);
#12156 = CARTESIAN_POINT('',(2.058270248837,7.56,4.98));
#12157 = DIRECTION('',(3.694383180982E-16,1.,-4.440892098501E-16));
#12158 = DIRECTION('',(1.,-3.694383180982E-16,-1.962471068511E-16));
#12159 = ADVANCED_FACE('',(#12160),#12178,.T.);
#12160 = FACE_BOUND('',#12161,.T.);
#12161 = EDGE_LOOP('',(#12162,#12163,#12171,#12177));
#12162 = ORIENTED_EDGE('',*,*,#8225,.T.);
#12163 = ORIENTED_EDGE('',*,*,#12164,.T.);
#12164 = EDGE_CURVE('',#8218,#12165,#12167,.T.);
#12165 = VERTEX_POINT('',#12166);
#12166 = CARTESIAN_POINT('',(2.548822574419,6.36,5.18));
#12167 = LINE('',#12168,#12169);
#12168 = CARTESIAN_POINT('',(2.548822574419,6.36,4.98));
#12169 = VECTOR('',#12170,1.);
#12170 = DIRECTION('',(1.962471068511E-16,4.440892098501E-16,1.));
#12171 = ORIENTED_EDGE('',*,*,#12172,.T.);
#12172 = EDGE_CURVE('',#12165,#12141,#12173,.T.);
#12173 = LINE('',#12174,#12175);
#12174 = CARTESIAN_POINT('',(2.548822574419,6.36,5.18));
#12175 = VECTOR('',#12176,1.);
#12176 = DIRECTION('',(-0.378397088703,0.92564336721,-3.368088976485E-16
    ));
#12177 = ORIENTED_EDGE('',*,*,#12140,.F.);
#12178 = PLANE('',#12179);
#12179 = AXIS2_PLACEMENT_3D('',#12180,#12181,#12182);
#12180 = CARTESIAN_POINT('',(2.548822574419,6.36,4.98));
#12181 = DIRECTION('',(-0.92564336721,-0.378397088703,3.496968969228E-16
    ));
#12182 = DIRECTION('',(-0.378397088703,0.92564336721,-3.368088976485E-16
    ));
#12183 = ADVANCED_FACE('',(#12184),#12195,.T.);
#12184 = FACE_BOUND('',#12185,.T.);
#12185 = EDGE_LOOP('',(#12186,#12187,#12188,#12194));
#12186 = ORIENTED_EDGE('',*,*,#8217,.T.);
#12187 = ORIENTED_EDGE('',*,*,#12029,.T.);
#12188 = ORIENTED_EDGE('',*,*,#12189,.T.);
#12189 = EDGE_CURVE('',#12022,#12165,#12190,.T.);
#12190 = LINE('',#12191,#12192);
#12191 = CARTESIAN_POINT('',(2.719698301163,6.36,5.18));
#12192 = VECTOR('',#12193,1.);
#12193 = DIRECTION('',(-1.,3.694383180982E-16,1.962471068511E-16));
#12194 = ORIENTED_EDGE('',*,*,#12164,.F.);
#12195 = PLANE('',#12196);
#12196 = AXIS2_PLACEMENT_3D('',#12197,#12198,#12199);
#12197 = CARTESIAN_POINT('',(2.719698301163,6.36,4.98));
#12198 = DIRECTION('',(-3.694383180982E-16,-1.,4.440892098501E-16));
#12199 = DIRECTION('',(-1.,3.694383180982E-16,1.962471068511E-16));
#12200 = ADVANCED_FACE('',(#12201),#12226,.T.);
#12201 = FACE_BOUND('',#12202,.T.);
#12202 = EDGE_LOOP('',(#12203,#12213,#12219,#12220));
#12203 = ORIENTED_EDGE('',*,*,#12204,.F.);
#12204 = EDGE_CURVE('',#12205,#12207,#12209,.T.);
#12205 = VERTEX_POINT('',#12206);
#12206 = CARTESIAN_POINT('',(6.799610290698E-02,7.496744186047,0.4));
#12207 = VERTEX_POINT('',#12208);
#12208 = CARTESIAN_POINT('',(0.326217396512,7.496744186047,0.4));
#12209 = LINE('',#12210,#12211);
#12210 = CARTESIAN_POINT('',(3.399805145349E-02,7.496744186047,0.4));
#12211 = VECTOR('',#12212,1.);
#12212 = DIRECTION('',(1.,2.E-16,-0.));
#12213 = ORIENTED_EDGE('',*,*,#12214,.T.);
#12214 = EDGE_CURVE('',#12205,#8371,#12215,.T.);
#12215 = LINE('',#12216,#12217);
#12216 = CARTESIAN_POINT('',(6.799610290698E-02,7.496744186047,0.43));
#12217 = VECTOR('',#12218,1.);
#12218 = DIRECTION('',(-4.E-16,-7.771561172376E-16,-1.));
#12219 = ORIENTED_EDGE('',*,*,#8370,.T.);
#12220 = ORIENTED_EDGE('',*,*,#12221,.F.);
#12221 = EDGE_CURVE('',#12207,#8373,#12222,.T.);
#12222 = LINE('',#12223,#12224);
#12223 = CARTESIAN_POINT('',(0.326217396512,7.496744186047,0.43));
#12224 = VECTOR('',#12225,1.);
#12225 = DIRECTION('',(-4.E-16,-7.771561172376E-16,-1.));
#12226 = PLANE('',#12227);
#12227 = AXIS2_PLACEMENT_3D('',#12228,#12229,#12230);
#12228 = CARTESIAN_POINT('',(6.799610290698E-02,7.496744186047,0.43));
#12229 = DIRECTION('',(2.E-16,-1.,7.771561172376E-16));
#12230 = DIRECTION('',(1.,2.E-16,-4.E-16));
#12231 = ADVANCED_FACE('',(#12232),#12250,.T.);
#12232 = FACE_BOUND('',#12233,.T.);
#12233 = EDGE_LOOP('',(#12234,#12242,#12248,#12249));
#12234 = ORIENTED_EDGE('',*,*,#12235,.F.);
#12235 = EDGE_CURVE('',#12236,#12205,#12238,.T.);
#12236 = VERTEX_POINT('',#12237);
#12237 = CARTESIAN_POINT('',(6.799610290698E-02,7.135552325581,0.4));
#12238 = LINE('',#12239,#12240);
#12239 = CARTESIAN_POINT('',(6.799610290698E-02,7.186939049543,0.4));
#12240 = VECTOR('',#12241,1.);
#12241 = DIRECTION('',(-2.E-16,1.,0.));
#12242 = ORIENTED_EDGE('',*,*,#12243,.T.);
#12243 = EDGE_CURVE('',#12236,#8381,#12244,.T.);
#12244 = LINE('',#12245,#12246);
#12245 = CARTESIAN_POINT('',(6.799610290698E-02,7.135552325581,0.43));
#12246 = VECTOR('',#12247,1.);
#12247 = DIRECTION('',(-4.E-16,-7.771561172376E-16,-1.));
#12248 = ORIENTED_EDGE('',*,*,#8380,.T.);
#12249 = ORIENTED_EDGE('',*,*,#12214,.F.);
#12250 = PLANE('',#12251);
#12251 = AXIS2_PLACEMENT_3D('',#12252,#12253,#12254);
#12252 = CARTESIAN_POINT('',(6.799610290698E-02,7.135552325581,0.43));
#12253 = DIRECTION('',(1.,2.E-16,-4.E-16));
#12254 = DIRECTION('',(-2.E-16,1.,-7.771561172376E-16));
#12255 = ADVANCED_FACE('',(#12256),#12274,.T.);
#12256 = FACE_BOUND('',#12257,.T.);
#12257 = EDGE_LOOP('',(#12258,#12266,#12272,#12273));
#12258 = ORIENTED_EDGE('',*,*,#12259,.F.);
#12259 = EDGE_CURVE('',#12260,#12236,#12262,.T.);
#12260 = VERTEX_POINT('',#12261);
#12261 = CARTESIAN_POINT('',(0.323492105814,7.135552325581,0.4));
#12262 = LINE('',#12263,#12264);
#12263 = CARTESIAN_POINT('',(0.161746052907,7.135552325581,0.4));
#12264 = VECTOR('',#12265,1.);
#12265 = DIRECTION('',(-1.,-2.E-16,0.));
#12266 = ORIENTED_EDGE('',*,*,#12267,.T.);
#12267 = EDGE_CURVE('',#12260,#8389,#12268,.T.);
#12268 = LINE('',#12269,#12270);
#12269 = CARTESIAN_POINT('',(0.323492105814,7.135552325581,0.43));
#12270 = VECTOR('',#12271,1.);
#12271 = DIRECTION('',(-4.E-16,-7.771561172376E-16,-1.));
#12272 = ORIENTED_EDGE('',*,*,#8388,.T.);
#12273 = ORIENTED_EDGE('',*,*,#12243,.F.);
#12274 = PLANE('',#12275);
#12275 = AXIS2_PLACEMENT_3D('',#12276,#12277,#12278);
#12276 = CARTESIAN_POINT('',(0.323492105814,7.135552325581,0.43));
#12277 = DIRECTION('',(-2.E-16,1.,-7.771561172376E-16));
#12278 = DIRECTION('',(-1.,-2.E-16,4.E-16));
#12279 = ADVANCED_FACE('',(#12280),#12301,.T.);
#12280 = FACE_BOUND('',#12281,.T.);
#12281 = EDGE_LOOP('',(#12282,#12293,#12299,#12300));
#12282 = ORIENTED_EDGE('',*,*,#12283,.T.);
#12283 = EDGE_CURVE('',#12260,#12284,#12286,.T.);
#12284 = VERTEX_POINT('',#12285);
#12285 = CARTESIAN_POINT('',(0.446811509884,7.144500363372,0.4));
#12286 = B_SPLINE_CURVE_WITH_KNOTS('',5,(#12287,#12288,#12289,#12290,
    #12291,#12292),.UNSPECIFIED.,.F.,.F.,(6,6),(0.,1.),
  .PIECEWISE_BEZIER_KNOTS.);
#12287 = CARTESIAN_POINT('',(0.323492105814,7.135552325581,0.4));
#12288 = CARTESIAN_POINT('',(0.359186232978,7.135552325581,0.4));
#12289 = CARTESIAN_POINT('',(0.389487685039,7.136433268602,0.4));
#12290 = CARTESIAN_POINT('',(0.414254205719,7.138212401677,0.4));
#12291 = CARTESIAN_POINT('',(0.433380828796,7.14090057538,0.4));
#12292 = CARTESIAN_POINT('',(0.446811509884,7.144500363372,0.4));
#12293 = ORIENTED_EDGE('',*,*,#12294,.T.);
#12294 = EDGE_CURVE('',#12284,#8397,#12295,.T.);
#12295 = LINE('',#12296,#12297);
#12296 = CARTESIAN_POINT('',(0.446811509884,7.144500363372,0.43));
#12297 = VECTOR('',#12298,1.);
#12298 = DIRECTION('',(-4.E-16,-7.771561172376E-16,-1.));
#12299 = ORIENTED_EDGE('',*,*,#8396,.T.);
#12300 = ORIENTED_EDGE('',*,*,#12267,.F.);
#12301 = SURFACE_OF_LINEAR_EXTRUSION('',#12302,#12306);
#12302 = B_SPLINE_CURVE_WITH_KNOTS('',2,(#12303,#12304,#12305),
  .UNSPECIFIED.,.F.,.F.,(3,3),(0.,1.),.PIECEWISE_BEZIER_KNOTS.);
#12303 = CARTESIAN_POINT('',(0.446811509884,7.144500363372,0.43));
#12304 = CARTESIAN_POINT('',(0.413426698837,7.135552325581,0.43));
#12305 = CARTESIAN_POINT('',(0.323492105814,7.135552325581,0.43));
#12306 = VECTOR('',#12307,1.);
#12307 = DIRECTION('',(4.E-16,7.771561172376E-16,1.));
#12308 = ADVANCED_FACE('',(#12309),#12332,.T.);
#12309 = FACE_BOUND('',#12310,.T.);
#12310 = EDGE_LOOP('',(#12311,#12324,#12330,#12331));
#12311 = ORIENTED_EDGE('',*,*,#12312,.T.);
#12312 = EDGE_CURVE('',#12284,#12313,#12315,.T.);
#12313 = VERTEX_POINT('',#12314);
#12314 = CARTESIAN_POINT('',(0.530250826744,7.20413880814,0.4));
#12315 = B_SPLINE_CURVE_WITH_KNOTS('',4,(#12316,#12317,#12318,#12319,
    #12320,#12321,#12322,#12323),.UNSPECIFIED.,.F.,.F.,(5,3,5),(0.,
    0.444975521873,1.),.UNSPECIFIED.);
#12316 = CARTESIAN_POINT('',(0.446811509884,7.144500363372,0.4));
#12317 = CARTESIAN_POINT('',(0.45832863913,7.147723139012,0.4));
#12318 = CARTESIAN_POINT('',(0.469186169819,7.15195822677,0.4));
#12319 = CARTESIAN_POINT('',(0.479381039245,7.157206659989,0.4));
#12320 = CARTESIAN_POINT('',(0.500799140587,7.171276369352,0.4));
#12321 = CARTESIAN_POINT('',(0.511653139328,7.180660246353,0.4));
#12322 = CARTESIAN_POINT('',(0.521470315267,7.191616816162,0.4));
#12323 = CARTESIAN_POINT('',(0.530250826744,7.20413880814,0.4));
#12324 = ORIENTED_EDGE('',*,*,#12325,.T.);
#12325 = EDGE_CURVE('',#12313,#8405,#12326,.T.);
#12326 = LINE('',#12327,#12328);
#12327 = CARTESIAN_POINT('',(0.530250826744,7.20413880814,0.43));
#12328 = VECTOR('',#12329,1.);
#12329 = DIRECTION('',(-4.E-16,-7.771561172376E-16,-1.));
#12330 = ORIENTED_EDGE('',*,*,#8404,.T.);
#12331 = ORIENTED_EDGE('',*,*,#12294,.F.);
#12332 = SURFACE_OF_LINEAR_EXTRUSION('',#12333,#12337);
#12333 = B_SPLINE_CURVE_WITH_KNOTS('',2,(#12334,#12335,#12336),
  .UNSPECIFIED.,.F.,.F.,(3,3),(0.,1.),.PIECEWISE_BEZIER_KNOTS.);
#12334 = CARTESIAN_POINT('',(0.530250826744,7.20413880814,0.43));
#12335 = CARTESIAN_POINT('',(0.49859203314,7.158989825581,0.43));
#12336 = CARTESIAN_POINT('',(0.446811509884,7.144500363372,0.43));
#12337 = VECTOR('',#12338,1.);
#12338 = DIRECTION('',(4.E-16,7.771561172376E-16,1.));
#12339 = ADVANCED_FACE('',(#12340),#12363,.T.);
#12340 = FACE_BOUND('',#12341,.T.);
#12341 = EDGE_LOOP('',(#12342,#12355,#12361,#12362));
#12342 = ORIENTED_EDGE('',*,*,#12343,.T.);
#12343 = EDGE_CURVE('',#12313,#12344,#12346,.T.);
#12344 = VERTEX_POINT('',#12345);
#12345 = CARTESIAN_POINT('',(0.56195504186,7.31269622093,0.4));
#12346 = B_SPLINE_CURVE_WITH_KNOTS('',4,(#12347,#12348,#12349,#12350,
    #12351,#12352,#12353,#12354),.UNSPECIFIED.,.F.,.F.,(5,3,5),(0.,
    0.134924953259,1.),.UNSPECIFIED.);
#12347 = CARTESIAN_POINT('',(0.530250826744,7.20413880814,0.4));
#12348 = CARTESIAN_POINT('',(0.532390792459,7.207186266479,0.4));
#12349 = CARTESIAN_POINT('',(0.534434531604,7.210289282285,0.4));
#12350 = CARTESIAN_POINT('',(0.536381995871,7.213447814631,0.4));
#12351 = CARTESIAN_POINT('',(0.550101916382,7.23726844347,0.4));
#12352 = CARTESIAN_POINT('',(0.55801180769,7.260155135557,0.4));
#12353 = CARTESIAN_POINT('',(0.56195504186,7.285308147264,0.4));
#12354 = CARTESIAN_POINT('',(0.56195504186,7.31269622093,0.4));
#12355 = ORIENTED_EDGE('',*,*,#12356,.T.);
#12356 = EDGE_CURVE('',#12344,#8413,#12357,.T.);
#12357 = LINE('',#12358,#12359);
#12358 = CARTESIAN_POINT('',(0.56195504186,7.31269622093,0.43));
#12359 = VECTOR('',#12360,1.);
#12360 = DIRECTION('',(-4.E-16,-7.771561172376E-16,-1.));
#12361 = ORIENTED_EDGE('',*,*,#8412,.T.);
#12362 = ORIENTED_EDGE('',*,*,#12325,.F.);
#12363 = SURFACE_OF_LINEAR_EXTRUSION('',#12364,#12368);
#12364 = B_SPLINE_CURVE_WITH_KNOTS('',2,(#12365,#12366,#12367),
  .UNSPECIFIED.,.F.,.F.,(3,3),(0.,1.),.PIECEWISE_BEZIER_KNOTS.);
#12365 = CARTESIAN_POINT('',(0.56195504186,7.31269622093,0.43));
#12366 = CARTESIAN_POINT('',(0.56195504186,7.249287790698,0.43));
#12367 = CARTESIAN_POINT('',(0.530250826744,7.20413880814,0.43));
#12368 = VECTOR('',#12369,1.);
#12369 = DIRECTION('',(4.E-16,7.771561172376E-16,1.));
#12370 = ADVANCED_FACE('',(#12371),#12394,.T.);
#12371 = FACE_BOUND('',#12372,.T.);
#12372 = EDGE_LOOP('',(#12373,#12386,#12392,#12393));
#12373 = ORIENTED_EDGE('',*,*,#12374,.T.);
#12374 = EDGE_CURVE('',#12344,#12375,#12377,.T.);
#12375 = VERTEX_POINT('',#12376);
#12376 = CARTESIAN_POINT('',(0.508130550581,7.448506540698,0.4));
#12377 = B_SPLINE_CURVE_WITH_KNOTS('',4,(#12378,#12379,#12380,#12381,
    #12382,#12383,#12384,#12385),.UNSPECIFIED.,.F.,.F.,(5,3,5),(0.,
    0.776274438586,1.),.UNSPECIFIED.);
#12378 = CARTESIAN_POINT('',(0.56195504186,7.31269622093,0.4));
#12379 = CARTESIAN_POINT('',(0.56195504186,7.346539550636,0.4));
#12380 = CARTESIAN_POINT('',(0.556590490051,7.376588015133,0.4));
#12381 = CARTESIAN_POINT('',(0.545777171992,7.402723676434,0.4));
#12382 = CARTESIAN_POINT('',(0.52486453313,7.431299825446,0.4));
#12383 = CARTESIAN_POINT('',(0.519735601807,7.437364741092,0.4));
#12384 = CARTESIAN_POINT('',(0.514157118371,7.443100429677,0.4));
#12385 = CARTESIAN_POINT('',(0.508130550581,7.448506540698,0.4));
#12386 = ORIENTED_EDGE('',*,*,#12387,.T.);
#12387 = EDGE_CURVE('',#12375,#8421,#12388,.T.);
#12388 = LINE('',#12389,#12390);
#12389 = CARTESIAN_POINT('',(0.508130550581,7.448506540698,0.43));
#12390 = VECTOR('',#12391,1.);
#12391 = DIRECTION('',(-4.E-16,-7.771561172376E-16,-1.));
#12392 = ORIENTED_EDGE('',*,*,#8420,.T.);
#12393 = ORIENTED_EDGE('',*,*,#12356,.F.);
#12394 = SURFACE_OF_LINEAR_EXTRUSION('',#12395,#12399);
#12395 = B_SPLINE_CURVE_WITH_KNOTS('',2,(#12396,#12397,#12398),
  .UNSPECIFIED.,.F.,.F.,(3,3),(0.,1.),.PIECEWISE_BEZIER_KNOTS.);
#12396 = CARTESIAN_POINT('',(0.508130550581,7.448506540698,0.43));
#12397 = CARTESIAN_POINT('',(0.56195504186,7.400223473837,0.43));
#12398 = CARTESIAN_POINT('',(0.56195504186,7.31269622093,0.43));
#12399 = VECTOR('',#12400,1.);
#12400 = DIRECTION('',(4.E-16,7.771561172376E-16,1.));
#12401 = ADVANCED_FACE('',(#12402),#12416,.T.);
#12402 = FACE_BOUND('',#12403,.T.);
#12403 = EDGE_LOOP('',(#12404,#12413,#12414,#12415));
#12404 = ORIENTED_EDGE('',*,*,#12405,.T.);
#12405 = EDGE_CURVE('',#12375,#12207,#12406,.T.);
#12406 = B_SPLINE_CURVE_WITH_KNOTS('',5,(#12407,#12408,#12409,#12410,
    #12411,#12412),.UNSPECIFIED.,.F.,.F.,(6,6),(0.,1.),
  .PIECEWISE_BEZIER_KNOTS.);
#12407 = CARTESIAN_POINT('',(0.508130550581,7.448506540698,0.4));
#12408 = CARTESIAN_POINT('',(0.486421356044,7.467962375802,0.4));
#12409 = CARTESIAN_POINT('',(0.457196646564,7.48248219515,0.4));
#12410 = CARTESIAN_POINT('',(0.420563593041,7.492045593632,0.4));
#12411 = CARTESIAN_POINT('',(0.376783722368,7.496744186047,0.4));
#12412 = CARTESIAN_POINT('',(0.326217396512,7.496744186047,0.4));
#12413 = ORIENTED_EDGE('',*,*,#12221,.T.);
#12414 = ORIENTED_EDGE('',*,*,#8428,.T.);
#12415 = ORIENTED_EDGE('',*,*,#12387,.F.);
#12416 = SURFACE_OF_LINEAR_EXTRUSION('',#12417,#12421);
#12417 = B_SPLINE_CURVE_WITH_KNOTS('',2,(#12418,#12419,#12420),
  .UNSPECIFIED.,.F.,.F.,(3,3),(0.,1.),.PIECEWISE_BEZIER_KNOTS.);
#12418 = CARTESIAN_POINT('',(0.326217396512,7.496744186047,0.43));
#12419 = CARTESIAN_POINT('',(0.454306059302,7.496744186047,0.43));
#12420 = CARTESIAN_POINT('',(0.508130550581,7.448506540698,0.43));
#12421 = VECTOR('',#12422,1.);
#12422 = DIRECTION('',(4.E-16,7.771561172376E-16,1.));
#12423 = ADVANCED_FACE('',(#12424),#12453,.T.);
#12424 = FACE_BOUND('',#12425,.T.);
#12425 = EDGE_LOOP('',(#12426,#12440,#12446,#12447));
#12426 = ORIENTED_EDGE('',*,*,#12427,.T.);
#12427 = EDGE_CURVE('',#12428,#12430,#12432,.T.);
#12428 = VERTEX_POINT('',#12429);
#12429 = CARTESIAN_POINT('',(-0.70648609186,7.853484738372,0.4));
#12430 = VERTEX_POINT('',#12431);
#12431 = CARTESIAN_POINT('',(-0.764035147093,7.525813953488,0.4));
#12432 = B_SPLINE_CURVE_WITH_KNOTS('',6,(#12433,#12434,#12435,#12436,
    #12437,#12438,#12439),.UNSPECIFIED.,.F.,.F.,(7,7),(0.,1.),
  .PIECEWISE_BEZIER_KNOTS.);
#12433 = CARTESIAN_POINT('',(-0.70648609186,7.853484738372,0.4));
#12434 = CARTESIAN_POINT('',(-0.726395738913,7.825293809555,0.4));
#12435 = CARTESIAN_POINT('',(-0.74201328277,7.78550102161,0.4));
#12436 = CARTESIAN_POINT('',(-0.753336438829,7.734640314173,0.4));
#12437 = CARTESIAN_POINT('',(-0.76057712545,7.673682895331,0.4));
#12438 = CARTESIAN_POINT('',(-0.764035147093,7.603721739905,0.4));
#12439 = CARTESIAN_POINT('',(-0.764035147093,7.525813953488,0.4));
#12440 = ORIENTED_EDGE('',*,*,#12441,.T.);
#12441 = EDGE_CURVE('',#12430,#8507,#12442,.T.);
#12442 = LINE('',#12443,#12444);
#12443 = CARTESIAN_POINT('',(-0.764035147093,7.525813953488,0.43));
#12444 = VECTOR('',#12445,1.);
#12445 = DIRECTION('',(-4.E-16,-7.771561172376E-16,-1.));
#12446 = ORIENTED_EDGE('',*,*,#8506,.T.);
#12447 = ORIENTED_EDGE('',*,*,#12448,.F.);
#12448 = EDGE_CURVE('',#12428,#8509,#12449,.T.);
#12449 = LINE('',#12450,#12451);
#12450 = CARTESIAN_POINT('',(-0.70648609186,7.853484738372,0.43));
#12451 = VECTOR('',#12452,1.);
#12452 = DIRECTION('',(-4.E-16,-7.771561172376E-16,-1.));
#12453 = SURFACE_OF_LINEAR_EXTRUSION('',#12454,#12458);
#12454 = B_SPLINE_CURVE_WITH_KNOTS('',2,(#12455,#12456,#12457),
  .UNSPECIFIED.,.F.,.F.,(3,3),(0.,1.),.PIECEWISE_BEZIER_KNOTS.);
#12455 = CARTESIAN_POINT('',(-0.764035147093,7.525813953488,0.43));
#12456 = CARTESIAN_POINT('',(-0.764035147093,7.771998546512,0.43));
#12457 = CARTESIAN_POINT('',(-0.70648609186,7.853484738372,0.43));
#12458 = VECTOR('',#12459,1.);
#12459 = DIRECTION('',(4.E-16,7.771561172376E-16,1.));
#12460 = ADVANCED_FACE('',(#12461),#12483,.T.);
#12461 = FACE_BOUND('',#12462,.T.);
#12462 = EDGE_LOOP('',(#12463,#12475,#12481,#12482));
#12463 = ORIENTED_EDGE('',*,*,#12464,.T.);
#12464 = EDGE_CURVE('',#12430,#12465,#12467,.T.);
#12465 = VERTEX_POINT('',#12466);
#12466 = CARTESIAN_POINT('',(-0.700672138372,7.18824127907,0.4));
#12467 = B_SPLINE_CURVE_WITH_KNOTS('',6,(#12468,#12469,#12470,#12471,
    #12472,#12473,#12474),.UNSPECIFIED.,.F.,.F.,(7,7),(0.,1.),
  .PIECEWISE_BEZIER_KNOTS.);
#12468 = CARTESIAN_POINT('',(-0.764035147093,7.525813953488,0.4));
#12469 = CARTESIAN_POINT('',(-0.764035147093,7.447677485122,0.4));
#12470 = CARTESIAN_POINT('',(-0.760205386392,7.377055940834,0.4));
#12471 = CARTESIAN_POINT('',(-0.752207365276,7.314901899533,0.4));
#12472 = CARTESIAN_POINT('',(-0.739730732806,7.262193978945,0.4));
#12473 = CARTESIAN_POINT('',(-0.722555639399,7.21980371926,0.4));
#12474 = CARTESIAN_POINT('',(-0.700672138372,7.18824127907,0.4));
#12475 = ORIENTED_EDGE('',*,*,#12476,.T.);
#12476 = EDGE_CURVE('',#12465,#8517,#12477,.T.);
#12477 = LINE('',#12478,#12479);
#12478 = CARTESIAN_POINT('',(-0.700672138372,7.18824127907,0.43));
#12479 = VECTOR('',#12480,1.);
#12480 = DIRECTION('',(-4.E-16,-7.771561172376E-16,-1.));
#12481 = ORIENTED_EDGE('',*,*,#8516,.T.);
#12482 = ORIENTED_EDGE('',*,*,#12441,.F.);
#12483 = SURFACE_OF_LINEAR_EXTRUSION('',#12484,#12488);
#12484 = B_SPLINE_CURVE_WITH_KNOTS('',2,(#12485,#12486,#12487),
  .UNSPECIFIED.,.F.,.F.,(3,3),(0.,1.),.PIECEWISE_BEZIER_KNOTS.);
#12485 = CARTESIAN_POINT('',(-0.700672138372,7.18824127907,0.43));
#12486 = CARTESIAN_POINT('',(-0.764035147093,7.279629360465,0.43));
#12487 = CARTESIAN_POINT('',(-0.764035147093,7.525813953488,0.43));
#12488 = VECTOR('',#12489,1.);
#12489 = DIRECTION('',(4.E-16,7.771561172376E-16,1.));
#12490 = ADVANCED_FACE('',(#12491),#12514,.T.);
#12491 = FACE_BOUND('',#12492,.T.);
#12492 = EDGE_LOOP('',(#12493,#12506,#12512,#12513));
#12493 = ORIENTED_EDGE('',*,*,#12494,.T.);
#12494 = EDGE_CURVE('',#12465,#12495,#12497,.T.);
#12495 = VERTEX_POINT('',#12496);
#12496 = CARTESIAN_POINT('',(-0.565770248837,7.116656976744,0.4));
#12497 = B_SPLINE_CURVE_WITH_KNOTS('',4,(#12498,#12499,#12500,#12501,
    #12502,#12503,#12504,#12505),.UNSPECIFIED.,.F.,.F.,(5,3,5),(0.,
    0.544083186652,1.),.UNSPECIFIED.);
#12498 = CARTESIAN_POINT('',(-0.700672138372,7.18824127907,0.4));
#12499 = CARTESIAN_POINT('',(-0.686991349784,7.168817024282,0.4));
#12500 = CARTESIAN_POINT('',(-0.671605641307,7.152860018343,0.4));
#12501 = CARTESIAN_POINT('',(-0.654512902413,7.140431302805,0.4));
#12502 = CARTESIAN_POINT('',(-0.620001983838,7.124093042792,0.4));
#12503 = CARTESIAN_POINT('',(-0.603085328419,7.119129320155,0.4));
#12504 = CARTESIAN_POINT('',(-0.584999725207,7.116656976744,0.4));
#12505 = CARTESIAN_POINT('',(-0.565770248837,7.116656976744,0.4));
#12506 = ORIENTED_EDGE('',*,*,#12507,.T.);
#12507 = EDGE_CURVE('',#12495,#8525,#12508,.T.);
#12508 = LINE('',#12509,#12510);
#12509 = CARTESIAN_POINT('',(-0.565770248837,7.116656976744,0.43));
#12510 = VECTOR('',#12511,1.);
#12511 = DIRECTION('',(-4.E-16,-7.771561172376E-16,-1.));
#12512 = ORIENTED_EDGE('',*,*,#8524,.T.);
#12513 = ORIENTED_EDGE('',*,*,#12476,.F.);
#12514 = SURFACE_OF_LINEAR_EXTRUSION('',#12515,#12519);
#12515 = B_SPLINE_CURVE_WITH_KNOTS('',2,(#12516,#12517,#12518),
  .UNSPECIFIED.,.F.,.F.,(3,3),(0.,1.),.PIECEWISE_BEZIER_KNOTS.);
#12516 = CARTESIAN_POINT('',(-0.565770248837,7.116656976744,0.43));
#12517 = CARTESIAN_POINT('',(-0.650254260465,7.116656976744,0.43));
#12518 = CARTESIAN_POINT('',(-0.700672138372,7.18824127907,0.43));
#12519 = VECTOR('',#12520,1.);
#12520 = DIRECTION('',(4.E-16,7.771561172376E-16,1.));
#12521 = ADVANCED_FACE('',(#12522),#12545,.T.);
#12522 = FACE_BOUND('',#12523,.T.);
#12523 = EDGE_LOOP('',(#12524,#12537,#12543,#12544));
#12524 = ORIENTED_EDGE('',*,*,#12525,.T.);
#12525 = EDGE_CURVE('',#12495,#12526,#12528,.T.);
#12526 = VERTEX_POINT('',#12527);
#12527 = CARTESIAN_POINT('',(-0.422374536628,7.197825218023,0.4));
#12528 = B_SPLINE_CURVE_WITH_KNOTS('',4,(#12529,#12530,#12531,#12532,
    #12533,#12534,#12535,#12536),.UNSPECIFIED.,.F.,.F.,(5,3,5),(0.,
    0.328638573197,1.),.UNSPECIFIED.);
#12529 = CARTESIAN_POINT('',(-0.565770248837,7.116656976744,0.4));
#12530 = CARTESIAN_POINT('',(-0.551663096541,7.116656976744,0.4));
#12531 = CARTESIAN_POINT('',(-0.538050784486,7.118118229925,0.4));
#12532 = CARTESIAN_POINT('',(-0.524942927038,7.121047566592,0.4));
#12533 = CARTESIAN_POINT('',(-0.486612618887,7.134421352006,0.4));
#12534 = CARTESIAN_POINT('',(-0.463011700061,7.149517540017,0.4));
#12535 = CARTESIAN_POINT('',(-0.441599573407,7.170709874121,0.4));
#12536 = CARTESIAN_POINT('',(-0.422374536628,7.197825218023,0.4));
#12537 = ORIENTED_EDGE('',*,*,#12538,.T.);
#12538 = EDGE_CURVE('',#12526,#8533,#12539,.T.);
#12539 = LINE('',#12540,#12541);
#12540 = CARTESIAN_POINT('',(-0.422374536628,7.197825218023,0.43));
#12541 = VECTOR('',#12542,1.);
#12542 = DIRECTION('',(-4.E-16,-7.771561172376E-16,-1.));
#12543 = ORIENTED_EDGE('',*,*,#8532,.T.);
#12544 = ORIENTED_EDGE('',*,*,#12507,.F.);
#12545 = SURFACE_OF_LINEAR_EXTRUSION('',#12546,#12550);
#12546 = B_SPLINE_CURVE_WITH_KNOTS('',2,(#12547,#12548,#12549),
  .UNSPECIFIED.,.F.,.F.,(3,3),(0.,1.),.PIECEWISE_BEZIER_KNOTS.);
#12547 = CARTESIAN_POINT('',(-0.422374536628,7.197825218023,0.43));
#12548 = CARTESIAN_POINT('',(-0.47992359186,7.116656976744,0.43));
#12549 = CARTESIAN_POINT('',(-0.565770248837,7.116656976744,0.43));
#12550 = VECTOR('',#12551,1.);
#12551 = DIRECTION('',(4.E-16,7.771561172376E-16,1.));
#12552 = ADVANCED_FACE('',(#12553),#12575,.T.);
#12553 = FACE_BOUND('',#12554,.T.);
#12554 = EDGE_LOOP('',(#12555,#12567,#12573,#12574));
#12555 = ORIENTED_EDGE('',*,*,#12556,.T.);
#12556 = EDGE_CURVE('',#12526,#12557,#12559,.T.);
#12557 = VERTEX_POINT('',#12558);
#12558 = CARTESIAN_POINT('',(-0.364780059884,7.525813953488,0.4));
#12559 = B_SPLINE_CURVE_WITH_KNOTS('',6,(#12560,#12561,#12562,#12563,
    #12564,#12565,#12566),.UNSPECIFIED.,.F.,.F.,(7,7),(0.,1.),
  .PIECEWISE_BEZIER_KNOTS.);
#12560 = CARTESIAN_POINT('',(-0.422374536628,7.197825218023,0.4));
#12561 = CARTESIAN_POINT('',(-0.402444263371,7.225897353699,0.4));
#12562 = CARTESIAN_POINT('',(-0.386811935664,7.265652663295,0.4));
#12563 = CARTESIAN_POINT('',(-0.375481161721,7.316552365848,0.4));
#12564 = CARTESIAN_POINT('',(-0.368238039812,7.377611362244,0.4));
#12565 = CARTESIAN_POINT('',(-0.364780059884,7.447721830267,0.4));
#12566 = CARTESIAN_POINT('',(-0.364780059884,7.525813953488,0.4));
#12567 = ORIENTED_EDGE('',*,*,#12568,.T.);
#12568 = EDGE_CURVE('',#12557,#8541,#12569,.T.);
#12569 = LINE('',#12570,#12571);
#12570 = CARTESIAN_POINT('',(-0.364780059884,7.525813953488,0.43));
#12571 = VECTOR('',#12572,1.);
#12572 = DIRECTION('',(-4.E-16,-7.771561172376E-16,-1.));
#12573 = ORIENTED_EDGE('',*,*,#8540,.T.);
#12574 = ORIENTED_EDGE('',*,*,#12538,.F.);
#12575 = SURFACE_OF_LINEAR_EXTRUSION('',#12576,#12580);
#12576 = B_SPLINE_CURVE_WITH_KNOTS('',2,(#12577,#12578,#12579),
  .UNSPECIFIED.,.F.,.F.,(3,3),(0.,1.),.PIECEWISE_BEZIER_KNOTS.);
#12577 = CARTESIAN_POINT('',(-0.364780059884,7.525813953488,0.43));
#12578 = CARTESIAN_POINT('',(-0.364780059884,7.278948037791,0.43));
#12579 = CARTESIAN_POINT('',(-0.422374536628,7.197825218023,0.43));
#12580 = VECTOR('',#12581,1.);
#12581 = DIRECTION('',(4.E-16,7.771561172376E-16,1.));
#12582 = ADVANCED_FACE('',(#12583),#12605,.T.);
#12583 = FACE_BOUND('',#12584,.T.);
#12584 = EDGE_LOOP('',(#12585,#12597,#12603,#12604));
#12585 = ORIENTED_EDGE('',*,*,#12586,.T.);
#12586 = EDGE_CURVE('',#12557,#12587,#12589,.T.);
#12587 = VERTEX_POINT('',#12588);
#12588 = CARTESIAN_POINT('',(-0.422374536628,7.853166787791,0.4));
#12589 = B_SPLINE_CURVE_WITH_KNOTS('',6,(#12590,#12591,#12592,#12593,
    #12594,#12595,#12596),.UNSPECIFIED.,.F.,.F.,(7,7),(0.,1.),
  .PIECEWISE_BEZIER_KNOTS.);
#12590 = CARTESIAN_POINT('',(-0.364780059884,7.525813953488,0.4));
#12591 = CARTESIAN_POINT('',(-0.364780059884,7.603537677925,0.4));
#12592 = CARTESIAN_POINT('',(-0.368243622854,7.673349924833,0.4));
#12593 = CARTESIAN_POINT('',(-0.375493396667,7.734206032661,0.4));
#12594 = CARTESIAN_POINT('',(-0.386826921177,7.785027679601,0.4));
#12595 = CARTESIAN_POINT('',(-0.402454363281,7.824857519359,0.4));
#12596 = CARTESIAN_POINT('',(-0.422374536628,7.853166787791,0.4));
#12597 = ORIENTED_EDGE('',*,*,#12598,.T.);
#12598 = EDGE_CURVE('',#12587,#8549,#12599,.T.);
#12599 = LINE('',#12600,#12601);
#12600 = CARTESIAN_POINT('',(-0.422374536628,7.853166787791,0.43));
#12601 = VECTOR('',#12602,1.);
#12602 = DIRECTION('',(-4.E-16,-7.771561172376E-16,-1.));
#12603 = ORIENTED_EDGE('',*,*,#8548,.T.);
#12604 = ORIENTED_EDGE('',*,*,#12568,.F.);
#12605 = SURFACE_OF_LINEAR_EXTRUSION('',#12606,#12610);
#12606 = B_SPLINE_CURVE_WITH_KNOTS('',2,(#12607,#12608,#12609),
  .UNSPECIFIED.,.F.,.F.,(3,3),(0.,1.),.PIECEWISE_BEZIER_KNOTS.);
#12607 = CARTESIAN_POINT('',(-0.422374536628,7.853166787791,0.43));
#12608 = CARTESIAN_POINT('',(-0.364780059884,7.771317223837,0.43));
#12609 = CARTESIAN_POINT('',(-0.364780059884,7.525813953488,0.43));
#12610 = VECTOR('',#12611,1.);
#12611 = DIRECTION('',(4.E-16,7.771561172376E-16,1.));
#12612 = ADVANCED_FACE('',(#12613),#12636,.T.);
#12613 = FACE_BOUND('',#12614,.T.);
#12614 = EDGE_LOOP('',(#12615,#12628,#12634,#12635));
#12615 = ORIENTED_EDGE('',*,*,#12616,.T.);
#12616 = EDGE_CURVE('',#12587,#12617,#12619,.T.);
#12617 = VERTEX_POINT('',#12618);
#12618 = CARTESIAN_POINT('',(-0.564407603488,7.934970930233,0.4));
#12619 = B_SPLINE_CURVE_WITH_KNOTS('',4,(#12620,#12621,#12622,#12623,
    #12624,#12625,#12626,#12627),.UNSPECIFIED.,.F.,.F.,(5,3,5),(0.,
    0.692396330399,1.),.UNSPECIFIED.);
#12620 = CARTESIAN_POINT('',(-0.422374536628,7.853166787791,0.4));
#12621 = CARTESIAN_POINT('',(-0.442195309148,7.881341382351,0.4));
#12622 = CARTESIAN_POINT('',(-0.464236219268,7.903175436,0.4));
#12623 = CARTESIAN_POINT('',(-0.488498535737,7.918472781742,0.4));
#12624 = CARTESIAN_POINT('',(-0.526658868384,7.931092548685,0.4));
#12625 = CARTESIAN_POINT('',(-0.538823418955,7.933679901232,0.4));
#12626 = CARTESIAN_POINT('',(-0.551408870493,7.934970930233,0.4));
#12627 = CARTESIAN_POINT('',(-0.564407603488,7.934970930233,0.4));
#12628 = ORIENTED_EDGE('',*,*,#12629,.T.);
#12629 = EDGE_CURVE('',#12617,#8557,#12630,.T.);
#12630 = LINE('',#12631,#12632);
#12631 = CARTESIAN_POINT('',(-0.564407603488,7.934970930233,0.43));
#12632 = VECTOR('',#12633,1.);
#12633 = DIRECTION('',(-4.E-16,-7.771561172376E-16,-1.));
#12634 = ORIENTED_EDGE('',*,*,#8556,.T.);
#12635 = ORIENTED_EDGE('',*,*,#12598,.F.);
#12636 = SURFACE_OF_LINEAR_EXTRUSION('',#12637,#12641);
#12637 = B_SPLINE_CURVE_WITH_KNOTS('',2,(#12638,#12639,#12640),
  .UNSPECIFIED.,.F.,.F.,(3,3),(0.,1.),.PIECEWISE_BEZIER_KNOTS.);
#12638 = CARTESIAN_POINT('',(-0.564407603488,7.934970930233,0.43));
#12639 = CARTESIAN_POINT('',(-0.47992359186,7.934970930233,0.43));
#12640 = CARTESIAN_POINT('',(-0.422374536628,7.853166787791,0.43));
#12641 = VECTOR('',#12642,1.);
#12642 = DIRECTION('',(4.E-16,7.771561172376E-16,1.));
#12643 = ADVANCED_FACE('',(#12644),#12660,.T.);
#12644 = FACE_BOUND('',#12645,.T.);
#12645 = EDGE_LOOP('',(#12646,#12657,#12658,#12659));
#12646 = ORIENTED_EDGE('',*,*,#12647,.T.);
#12647 = EDGE_CURVE('',#12617,#12428,#12648,.T.);
#12648 = B_SPLINE_CURVE_WITH_KNOTS('',4,(#12649,#12650,#12651,#12652,
    #12653,#12654,#12655,#12656),.UNSPECIFIED.,.F.,.F.,(5,3,5),(0.,
    0.307611866369,1.),.UNSPECIFIED.);
#12649 = CARTESIAN_POINT('',(-0.564407603488,7.934970930233,0.4));
#12650 = CARTESIAN_POINT('',(-0.577406322897,7.934970930233,0.4));
#12651 = CARTESIAN_POINT('',(-0.589992458599,7.933684921799,0.4));
#12652 = CARTESIAN_POINT('',(-0.602158440387,7.931107639922,0.4));
#12653 = CARTESIAN_POINT('',(-0.640324931055,7.918537202247,0.4));
#12654 = CARTESIAN_POINT('',(-0.664595294321,7.903299960909,0.4));
#12655 = CARTESIAN_POINT('',(-0.686648678094,7.881551237029,0.4));
#12656 = CARTESIAN_POINT('',(-0.70648609186,7.853484738372,0.4));
#12657 = ORIENTED_EDGE('',*,*,#12448,.T.);
#12658 = ORIENTED_EDGE('',*,*,#8564,.T.);
#12659 = ORIENTED_EDGE('',*,*,#12629,.F.);
#12660 = SURFACE_OF_LINEAR_EXTRUSION('',#12661,#12665);
#12661 = B_SPLINE_CURVE_WITH_KNOTS('',2,(#12662,#12663,#12664),
  .UNSPECIFIED.,.F.,.F.,(3,3),(0.,1.),.PIECEWISE_BEZIER_KNOTS.);
#12662 = CARTESIAN_POINT('',(-0.70648609186,7.853484738372,0.43));
#12663 = CARTESIAN_POINT('',(-0.648891615116,7.934970930233,0.43));
#12664 = CARTESIAN_POINT('',(-0.564407603488,7.934970930233,0.43));
#12665 = VECTOR('',#12666,1.);
#12666 = DIRECTION('',(4.E-16,7.771561172376E-16,1.));
#12667 = ADVANCED_FACE('',(#12668,#12682),#12780,.T.);
#12668 = FACE_BOUND('',#12669,.T.);
#12669 = EDGE_LOOP('',(#12670,#12671,#12672,#12673,#12674,#12675,#12676,
    #12677,#12678,#12679,#12680,#12681));
#12670 = ORIENTED_EDGE('',*,*,#8599,.F.);
#12671 = ORIENTED_EDGE('',*,*,#8632,.F.);
#12672 = ORIENTED_EDGE('',*,*,#8658,.F.);
#12673 = ORIENTED_EDGE('',*,*,#8684,.F.);
#12674 = ORIENTED_EDGE('',*,*,#8710,.F.);
#12675 = ORIENTED_EDGE('',*,*,#8736,.F.);
#12676 = ORIENTED_EDGE('',*,*,#8762,.F.);
#12677 = ORIENTED_EDGE('',*,*,#8788,.F.);
#12678 = ORIENTED_EDGE('',*,*,#8814,.F.);
#12679 = ORIENTED_EDGE('',*,*,#8840,.F.);
#12680 = ORIENTED_EDGE('',*,*,#8866,.F.);
#12681 = ORIENTED_EDGE('',*,*,#8885,.F.);
#12682 = FACE_BOUND('',#12683,.T.);
#12683 = EDGE_LOOP('',(#12684,#12694,#12702,#12710,#12718,#12726,#12734,
    #12742,#12750,#12758,#12766,#12774));
#12684 = ORIENTED_EDGE('',*,*,#12685,.F.);
#12685 = EDGE_CURVE('',#12686,#12688,#12690,.T.);
#12686 = VERTEX_POINT('',#12687);
#12687 = CARTESIAN_POINT('',(-3.023579315116,6.441268168605,5.18));
#12688 = VERTEX_POINT('',#12689);
#12689 = CARTESIAN_POINT('',(-2.77050882093,6.507983284884,5.18));
#12690 = B_SPLINE_CURVE_WITH_KNOTS('',2,(#12691,#12692,#12693),
  .UNSPECIFIED.,.F.,.F.,(3,3),(0.,1.),.PIECEWISE_BEZIER_KNOTS.);
#12691 = CARTESIAN_POINT('',(-3.023579315116,6.441268168605,5.18));
#12692 = CARTESIAN_POINT('',(-2.893582948837,6.441268168605,5.18));
#12693 = CARTESIAN_POINT('',(-2.77050882093,6.507983284884,5.18));
#12694 = ORIENTED_EDGE('',*,*,#12695,.F.);
#12695 = EDGE_CURVE('',#12696,#12686,#12698,.T.);
#12696 = VERTEX_POINT('',#12697);
#12697 = CARTESIAN_POINT('',(-3.276213762791,6.507983284884,5.18));
#12698 = B_SPLINE_CURVE_WITH_KNOTS('',2,(#12699,#12700,#12701),
  .UNSPECIFIED.,.F.,.F.,(3,3),(0.,1.),.PIECEWISE_BEZIER_KNOTS.);
#12699 = CARTESIAN_POINT('',(-3.276213762791,6.507983284884,5.18));
#12700 = CARTESIAN_POINT('',(-3.152758094186,6.441268168605,5.18));
#12701 = CARTESIAN_POINT('',(-3.023579315116,6.441268168605,5.18));
#12702 = ORIENTED_EDGE('',*,*,#12703,.F.);
#12703 = EDGE_CURVE('',#12704,#12696,#12706,.T.);
#12704 = VERTEX_POINT('',#12705);
#12705 = CARTESIAN_POINT('',(-3.468728297674,6.698699127907,5.18));
#12706 = B_SPLINE_CURVE_WITH_KNOTS('',2,(#12707,#12708,#12709),
  .UNSPECIFIED.,.F.,.F.,(3,3),(0.,1.),.PIECEWISE_BEZIER_KNOTS.);
#12707 = CARTESIAN_POINT('',(-3.468728297674,6.698699127907,5.18));
#12708 = CARTESIAN_POINT('',(-3.399669431395,6.574698401163,5.18));
#12709 = CARTESIAN_POINT('',(-3.276213762791,6.507983284884,5.18));
#12710 = ORIENTED_EDGE('',*,*,#12711,.F.);
#12711 = EDGE_CURVE('',#12712,#12704,#12714,.T.);
#12712 = VERTEX_POINT('',#12713);
#12713 = CARTESIAN_POINT('',(-3.537841669767,6.956947674419,5.18));
#12714 = B_SPLINE_CURVE_WITH_KNOTS('',2,(#12715,#12716,#12717),
  .UNSPECIFIED.,.F.,.F.,(3,3),(0.,1.),.PIECEWISE_BEZIER_KNOTS.);
#12715 = CARTESIAN_POINT('',(-3.537841669767,6.956947674419,5.18));
#12716 = CARTESIAN_POINT('',(-3.537841669767,6.822699854651,5.18));
#12717 = CARTESIAN_POINT('',(-3.468728297674,6.698699127907,5.18));
#12718 = ORIENTED_EDGE('',*,*,#12719,.F.);
#12719 = EDGE_CURVE('',#12720,#12712,#12722,.T.);
#12720 = VERTEX_POINT('',#12721);
#12721 = CARTESIAN_POINT('',(-3.469981931395,7.212688953488,5.18));
#12722 = B_SPLINE_CURVE_WITH_KNOTS('',2,(#12723,#12724,#12725),
  .UNSPECIFIED.,.F.,.F.,(3,3),(0.,1.),.PIECEWISE_BEZIER_KNOTS.);
#12723 = CARTESIAN_POINT('',(-3.469981931395,7.212688953488,5.18));
#12724 = CARTESIAN_POINT('',(-3.537841669767,7.090323401163,5.18));
#12725 = CARTESIAN_POINT('',(-3.537841669767,6.956947674419,5.18));
#12726 = ORIENTED_EDGE('',*,*,#12727,.F.);
#12727 = EDGE_CURVE('',#12728,#12720,#12730,.T.);
#12728 = VERTEX_POINT('',#12729);
#12729 = CARTESIAN_POINT('',(-3.279484111628,7.403404796512,5.18));
#12730 = B_SPLINE_CURVE_WITH_KNOTS('',2,(#12731,#12732,#12733),
  .UNSPECIFIED.,.F.,.F.,(3,3),(0.,1.),.PIECEWISE_BEZIER_KNOTS.);
#12731 = CARTESIAN_POINT('',(-3.279484111628,7.403404796512,5.18));
#12732 = CARTESIAN_POINT('',(-3.402122193023,7.335054505814,5.18));
#12733 = CARTESIAN_POINT('',(-3.469981931395,7.212688953488,5.18));
#12734 = ORIENTED_EDGE('',*,*,#12735,.F.);
#12735 = EDGE_CURVE('',#12736,#12728,#12738,.T.);
#12736 = VERTEX_POINT('',#12737);
#12737 = CARTESIAN_POINT('',(-3.023579315116,7.471755087209,5.18));
#12738 = B_SPLINE_CURVE_WITH_KNOTS('',2,(#12739,#12740,#12741),
  .UNSPECIFIED.,.F.,.F.,(3,3),(0.,1.),.PIECEWISE_BEZIER_KNOTS.);
#12739 = CARTESIAN_POINT('',(-3.023579315116,7.471755087209,5.18));
#12740 = CARTESIAN_POINT('',(-3.156846030233,7.471755087209,5.18));
#12741 = CARTESIAN_POINT('',(-3.279484111628,7.403404796512,5.18));
#12742 = ORIENTED_EDGE('',*,*,#12743,.F.);
#12743 = EDGE_CURVE('',#12744,#12736,#12746,.T.);
#12744 = VERTEX_POINT('',#12745);
#12745 = CARTESIAN_POINT('',(-2.767674518605,7.403404796512,5.18));
#12746 = B_SPLINE_CURVE_WITH_KNOTS('',2,(#12747,#12748,#12749),
  .UNSPECIFIED.,.F.,.F.,(3,3),(0.,1.),.PIECEWISE_BEZIER_KNOTS.);
#12747 = CARTESIAN_POINT('',(-2.767674518605,7.403404796512,5.18));
#12748 = CARTESIAN_POINT('',(-2.8903126,7.471755087209,5.18));
#12749 = CARTESIAN_POINT('',(-3.023579315116,7.471755087209,5.18));
#12750 = ORIENTED_EDGE('',*,*,#12751,.F.);
#12751 = EDGE_CURVE('',#12752,#12744,#12754,.T.);
#12752 = VERTEX_POINT('',#12753);
#12753 = CARTESIAN_POINT('',(-2.576740652326,7.212688953488,5.18));
#12754 = B_SPLINE_CURVE_WITH_KNOTS('',2,(#12755,#12756,#12757),
  .UNSPECIFIED.,.F.,.F.,(3,3),(0.,1.),.PIECEWISE_BEZIER_KNOTS.);
#12755 = CARTESIAN_POINT('',(-2.576740652326,7.212688953488,5.18));
#12756 = CARTESIAN_POINT('',(-2.645036437209,7.335054505814,5.18));
#12757 = CARTESIAN_POINT('',(-2.767674518605,7.403404796512,5.18));
#12758 = ORIENTED_EDGE('',*,*,#12759,.F.);
#12759 = EDGE_CURVE('',#12760,#12752,#12762,.T.);
#12760 = VERTEX_POINT('',#12761);
#12761 = CARTESIAN_POINT('',(-2.508499373256,6.956947674419,5.18));
#12762 = B_SPLINE_CURVE_WITH_KNOTS('',2,(#12763,#12764,#12765),
  .UNSPECIFIED.,.F.,.F.,(3,3),(0.,1.),.PIECEWISE_BEZIER_KNOTS.);
#12763 = CARTESIAN_POINT('',(-2.508499373256,6.956947674419,5.18));
#12764 = CARTESIAN_POINT('',(-2.508499373256,7.090323401163,5.18));
#12765 = CARTESIAN_POINT('',(-2.576740652326,7.212688953488,5.18));
#12766 = ORIENTED_EDGE('',*,*,#12767,.F.);
#12767 = EDGE_CURVE('',#12768,#12760,#12770,.T.);
#12768 = VERTEX_POINT('',#12769);
#12769 = CARTESIAN_POINT('',(-2.577994286047,6.698699127907,5.18));
#12770 = B_SPLINE_CURVE_WITH_KNOTS('',2,(#12771,#12772,#12773),
  .UNSPECIFIED.,.F.,.F.,(3,3),(0.,1.),.PIECEWISE_BEZIER_KNOTS.);
#12771 = CARTESIAN_POINT('',(-2.577994286047,6.698699127907,5.18));
#12772 = CARTESIAN_POINT('',(-2.508499373256,6.822699854651,5.18));
#12773 = CARTESIAN_POINT('',(-2.508499373256,6.956947674419,5.18));
#12774 = ORIENTED_EDGE('',*,*,#12775,.F.);
#12775 = EDGE_CURVE('',#12688,#12768,#12776,.T.);
#12776 = B_SPLINE_CURVE_WITH_KNOTS('',2,(#12777,#12778,#12779),
  .UNSPECIFIED.,.F.,.F.,(3,3),(0.,1.),.PIECEWISE_BEZIER_KNOTS.);
#12777 = CARTESIAN_POINT('',(-2.77050882093,6.507983284884,5.18));
#12778 = CARTESIAN_POINT('',(-2.647489198837,6.574698401163,5.18));
#12779 = CARTESIAN_POINT('',(-2.577994286047,6.698699127907,5.18));
#12780 = PLANE('',#12781);
#12781 = AXIS2_PLACEMENT_3D('',#12782,#12783,#12784);
#12782 = CARTESIAN_POINT('',(-3.013471060347,6.955121652991,5.18));
#12783 = DIRECTION('',(1.962471068511E-16,4.440892098501E-16,1.));
#12784 = DIRECTION('',(-1.,3.694383180982E-16,1.962471068511E-16));
#12785 = ADVANCED_FACE('',(#12786),#12821,.T.);
#12786 = FACE_BOUND('',#12787,.T.);
#12787 = EDGE_LOOP('',(#12788,#12789,#12790,#12791,#12792,#12793,#12794,
    #12795,#12796,#12797,#12798,#12799,#12800,#12801,#12802,#12803,
    #12804,#12805,#12806,#12807,#12808,#12809,#12810,#12811,#12812,
    #12813,#12814,#12815,#12816,#12817,#12818,#12819,#12820));
#12788 = ORIENTED_EDGE('',*,*,#8911,.F.);
#12789 = ORIENTED_EDGE('',*,*,#8942,.F.);
#12790 = ORIENTED_EDGE('',*,*,#8968,.F.);
#12791 = ORIENTED_EDGE('',*,*,#8994,.F.);
#12792 = ORIENTED_EDGE('',*,*,#9020,.F.);
#12793 = ORIENTED_EDGE('',*,*,#9046,.F.);
#12794 = ORIENTED_EDGE('',*,*,#9072,.F.);
#12795 = ORIENTED_EDGE('',*,*,#9098,.F.);
#12796 = ORIENTED_EDGE('',*,*,#9124,.F.);
#12797 = ORIENTED_EDGE('',*,*,#9150,.F.);
#12798 = ORIENTED_EDGE('',*,*,#9176,.F.);
#12799 = ORIENTED_EDGE('',*,*,#9202,.F.);
#12800 = ORIENTED_EDGE('',*,*,#9228,.F.);
#12801 = ORIENTED_EDGE('',*,*,#9254,.F.);
#12802 = ORIENTED_EDGE('',*,*,#9280,.F.);
#12803 = ORIENTED_EDGE('',*,*,#9306,.F.);
#12804 = ORIENTED_EDGE('',*,*,#9332,.F.);
#12805 = ORIENTED_EDGE('',*,*,#9356,.F.);
#12806 = ORIENTED_EDGE('',*,*,#9382,.F.);
#12807 = ORIENTED_EDGE('',*,*,#9408,.F.);
#12808 = ORIENTED_EDGE('',*,*,#9434,.F.);
#12809 = ORIENTED_EDGE('',*,*,#9460,.F.);
#12810 = ORIENTED_EDGE('',*,*,#9486,.F.);
#12811 = ORIENTED_EDGE('',*,*,#9512,.F.);
#12812 = ORIENTED_EDGE('',*,*,#9538,.F.);
#12813 = ORIENTED_EDGE('',*,*,#9564,.F.);
#12814 = ORIENTED_EDGE('',*,*,#9590,.F.);
#12815 = ORIENTED_EDGE('',*,*,#9616,.F.);
#12816 = ORIENTED_EDGE('',*,*,#9642,.F.);
#12817 = ORIENTED_EDGE('',*,*,#9668,.F.);
#12818 = ORIENTED_EDGE('',*,*,#9694,.F.);
#12819 = ORIENTED_EDGE('',*,*,#9720,.F.);
#12820 = ORIENTED_EDGE('',*,*,#9739,.F.);
#12821 = PLANE('',#12822);
#12822 = AXIS2_PLACEMENT_3D('',#12823,#12824,#12825);
#12823 = CARTESIAN_POINT('',(-1.51526673799,7.128418971452,5.18));
#12824 = DIRECTION('',(1.962471068511E-16,4.440892098501E-16,1.));
#12825 = DIRECTION('',(-1.,3.694383180982E-16,1.962471068511E-16));
#12826 = ADVANCED_FACE('',(#12827),#12862,.T.);
#12827 = FACE_BOUND('',#12828,.T.);
#12828 = EDGE_LOOP('',(#12829,#12830,#12831,#12832,#12833,#12834,#12835,
    #12836,#12837,#12838,#12839,#12840,#12841,#12842,#12843,#12844,
    #12845,#12846,#12847,#12848,#12849,#12850,#12851,#12852,#12853,
    #12854,#12855,#12856,#12857,#12858,#12859,#12860,#12861));
#12829 = ORIENTED_EDGE('',*,*,#9765,.F.);
#12830 = ORIENTED_EDGE('',*,*,#9796,.F.);
#12831 = ORIENTED_EDGE('',*,*,#9822,.F.);
#12832 = ORIENTED_EDGE('',*,*,#9848,.F.);
#12833 = ORIENTED_EDGE('',*,*,#9874,.F.);
#12834 = ORIENTED_EDGE('',*,*,#9900,.F.);
#12835 = ORIENTED_EDGE('',*,*,#9926,.F.);
#12836 = ORIENTED_EDGE('',*,*,#9952,.F.);
#12837 = ORIENTED_EDGE('',*,*,#9978,.F.);
#12838 = ORIENTED_EDGE('',*,*,#10004,.F.);
#12839 = ORIENTED_EDGE('',*,*,#10030,.F.);
#12840 = ORIENTED_EDGE('',*,*,#10056,.F.);
#12841 = ORIENTED_EDGE('',*,*,#10082,.F.);
#12842 = ORIENTED_EDGE('',*,*,#10108,.F.);
#12843 = ORIENTED_EDGE('',*,*,#10134,.F.);
#12844 = ORIENTED_EDGE('',*,*,#10160,.F.);
#12845 = ORIENTED_EDGE('',*,*,#10186,.F.);
#12846 = ORIENTED_EDGE('',*,*,#10210,.F.);
#12847 = ORIENTED_EDGE('',*,*,#10236,.F.);
#12848 = ORIENTED_EDGE('',*,*,#10262,.F.);
#12849 = ORIENTED_EDGE('',*,*,#10288,.F.);
#12850 = ORIENTED_EDGE('',*,*,#10314,.F.);
#12851 = ORIENTED_EDGE('',*,*,#10340,.F.);
#12852 = ORIENTED_EDGE('',*,*,#10366,.F.);
#12853 = ORIENTED_EDGE('',*,*,#10392,.F.);
#12854 = ORIENTED_EDGE('',*,*,#10418,.F.);
#12855 = ORIENTED_EDGE('',*,*,#10444,.F.);
#12856 = ORIENTED_EDGE('',*,*,#10470,.F.);
#12857 = ORIENTED_EDGE('',*,*,#10496,.F.);
#12858 = ORIENTED_EDGE('',*,*,#10522,.F.);
#12859 = ORIENTED_EDGE('',*,*,#10548,.F.);
#12860 = ORIENTED_EDGE('',*,*,#10574,.F.);
#12861 = ORIENTED_EDGE('',*,*,#10593,.F.);
#12862 = PLANE('',#12863);
#12863 = AXIS2_PLACEMENT_3D('',#12864,#12865,#12866);
#12864 = CARTESIAN_POINT('',(-0.678057435664,7.128418971452,5.18));
#12865 = DIRECTION('',(1.962471068511E-16,4.440892098501E-16,1.));
#12866 = DIRECTION('',(-1.,3.694383180982E-16,1.962471068511E-16));
#12867 = ADVANCED_FACE('',(#12868,#12897),#12979,.T.);
#12868 = FACE_BOUND('',#12869,.T.);
#12869 = EDGE_LOOP('',(#12870,#12871,#12872,#12873,#12874,#12875,#12876,
    #12877,#12878,#12879,#12880,#12881,#12882,#12883,#12884,#12885,
    #12886,#12887,#12888,#12889,#12890,#12891,#12892,#12893,#12894,
    #12895,#12896));
#12870 = ORIENTED_EDGE('',*,*,#10619,.F.);
#12871 = ORIENTED_EDGE('',*,*,#10652,.F.);
#12872 = ORIENTED_EDGE('',*,*,#10678,.F.);
#12873 = ORIENTED_EDGE('',*,*,#10702,.F.);
#12874 = ORIENTED_EDGE('',*,*,#10728,.F.);
#12875 = ORIENTED_EDGE('',*,*,#10754,.F.);
#12876 = ORIENTED_EDGE('',*,*,#10778,.F.);
#12877 = ORIENTED_EDGE('',*,*,#10804,.F.);
#12878 = ORIENTED_EDGE('',*,*,#10830,.F.);
#12879 = ORIENTED_EDGE('',*,*,#10856,.F.);
#12880 = ORIENTED_EDGE('',*,*,#10882,.F.);
#12881 = ORIENTED_EDGE('',*,*,#10908,.F.);
#12882 = ORIENTED_EDGE('',*,*,#10934,.F.);
#12883 = ORIENTED_EDGE('',*,*,#10960,.F.);
#12884 = ORIENTED_EDGE('',*,*,#10984,.F.);
#12885 = ORIENTED_EDGE('',*,*,#11010,.F.);
#12886 = ORIENTED_EDGE('',*,*,#11036,.F.);
#12887 = ORIENTED_EDGE('',*,*,#11062,.F.);
#12888 = ORIENTED_EDGE('',*,*,#11088,.F.);
#12889 = ORIENTED_EDGE('',*,*,#11114,.F.);
#12890 = ORIENTED_EDGE('',*,*,#11140,.F.);
#12891 = ORIENTED_EDGE('',*,*,#11166,.F.);
#12892 = ORIENTED_EDGE('',*,*,#11192,.F.);
#12893 = ORIENTED_EDGE('',*,*,#11218,.F.);
#12894 = ORIENTED_EDGE('',*,*,#11244,.F.);
#12895 = ORIENTED_EDGE('',*,*,#11270,.F.);
#12896 = ORIENTED_EDGE('',*,*,#11289,.F.);
#12897 = FACE_BOUND('',#12898,.T.);
#12898 = EDGE_LOOP('',(#12899,#12909,#12917,#12925,#12933,#12941,#12949,
    #12957,#12965,#12973));
#12899 = ORIENTED_EDGE('',*,*,#12900,.F.);
#12900 = EDGE_CURVE('',#12901,#12903,#12905,.T.);
#12901 = VERTEX_POINT('',#12902);
#12902 = CARTESIAN_POINT('',(1.220830232567E-03,7.123081395349,5.18));
#12903 = VERTEX_POINT('',#12904);
#12904 = CARTESIAN_POINT('',(0.241591469767,7.179276889535,5.18));
#12905 = B_SPLINE_CURVE_WITH_KNOTS('',2,(#12906,#12907,#12908),
  .UNSPECIFIED.,.F.,.F.,(3,3),(0.,1.),.PIECEWISE_BEZIER_KNOTS.);
#12906 = CARTESIAN_POINT('',(1.220830232567E-03,7.123081395349,5.18));
#12907 = CARTESIAN_POINT('',(8.134437674419E-02,7.156111918605,5.18));
#12908 = CARTESIAN_POINT('',(0.241591469767,7.179276889535,5.18));
#12909 = ORIENTED_EDGE('',*,*,#12910,.F.);
#12910 = EDGE_CURVE('',#12911,#12901,#12913,.T.);
#12911 = VERTEX_POINT('',#12912);
#12912 = CARTESIAN_POINT('',(1.220830232567E-03,7.177042151163,5.18));
#12913 = LINE('',#12914,#12915);
#12914 = CARTESIAN_POINT('',(1.220830232567E-03,7.177042151163,5.18));
#12915 = VECTOR('',#12916,1.);
#12916 = DIRECTION('',(-3.694383180982E-16,-1.,4.440892098501E-16));
#12917 = ORIENTED_EDGE('',*,*,#12918,.F.);
#12918 = EDGE_CURVE('',#12919,#12911,#12921,.T.);
#12919 = VERTEX_POINT('',#12920);
#12920 = CARTESIAN_POINT('',(2.493085930233E-02,7.324207848837,5.18));
#12921 = B_SPLINE_CURVE_WITH_KNOTS('',2,(#12922,#12923,#12924),
  .UNSPECIFIED.,.F.,.F.,(3,3),(0.,1.),.PIECEWISE_BEZIER_KNOTS.);
#12922 = CARTESIAN_POINT('',(2.493085930233E-02,7.324207848837,5.18));
#12923 = CARTESIAN_POINT('',(1.220830232567E-03,7.27433502907,5.18));
#12924 = CARTESIAN_POINT('',(1.220830232567E-03,7.177042151163,5.18));
#12925 = ORIENTED_EDGE('',*,*,#12926,.F.);
#12926 = EDGE_CURVE('',#12927,#12919,#12929,.T.);
#12927 = VERTEX_POINT('',#12928);
#12928 = CARTESIAN_POINT('',(0.122223737209,7.426024709302,5.18));
#12929 = B_SPLINE_CURVE_WITH_KNOTS('',2,(#12930,#12931,#12932),
  .UNSPECIFIED.,.F.,.F.,(3,3),(0.,1.),.PIECEWISE_BEZIER_KNOTS.);
#12930 = CARTESIAN_POINT('',(0.122223737209,7.426024709302,5.18));
#12931 = CARTESIAN_POINT('',(5.599917325582E-02,7.388797238372,5.18));
#12932 = CARTESIAN_POINT('',(2.493085930233E-02,7.324207848837,5.18));
#12933 = ORIENTED_EDGE('',*,*,#12934,.F.);
#12934 = EDGE_CURVE('',#12935,#12927,#12937,.T.);
#12935 = VERTEX_POINT('',#12936);
#12936 = CARTESIAN_POINT('',(0.27347737093,7.463197674419,5.18));
#12937 = B_SPLINE_CURVE_WITH_KNOTS('',2,(#12938,#12939,#12940),
  .UNSPECIFIED.,.F.,.F.,(3,3),(0.,1.),.PIECEWISE_BEZIER_KNOTS.);
#12938 = CARTESIAN_POINT('',(0.27347737093,7.463197674419,5.18));
#12939 = CARTESIAN_POINT('',(0.188448301163,7.463197674419,5.18));
#12940 = CARTESIAN_POINT('',(0.122223737209,7.426024709302,5.18));
#12941 = ORIENTED_EDGE('',*,*,#12942,.F.);
#12942 = EDGE_CURVE('',#12943,#12935,#12945,.T.);
#12943 = VERTEX_POINT('',#12944);
#12944 = CARTESIAN_POINT('',(0.403909783721,7.4240625,5.18));
#12945 = B_SPLINE_CURVE_WITH_KNOTS('',2,(#12946,#12947,#12948),
  .UNSPECIFIED.,.F.,.F.,(3,3),(0.,1.),.PIECEWISE_BEZIER_KNOTS.);
#12946 = CARTESIAN_POINT('',(0.403909783721,7.4240625,5.18));
#12947 = CARTESIAN_POINT('',(0.359324027907,7.463197674419,5.18));
#12948 = CARTESIAN_POINT('',(0.27347737093,7.463197674419,5.18));
#12949 = ORIENTED_EDGE('',*,*,#12950,.F.);
#12950 = EDGE_CURVE('',#12951,#12943,#12953,.T.);
#12951 = VERTEX_POINT('',#12952);
#12952 = CARTESIAN_POINT('',(0.448441033721,7.326115552326,5.18));
#12953 = B_SPLINE_CURVE_WITH_KNOTS('',2,(#12954,#12955,#12956),
  .UNSPECIFIED.,.F.,.F.,(3,3),(0.,1.),.PIECEWISE_BEZIER_KNOTS.);
#12954 = CARTESIAN_POINT('',(0.448441033721,7.326115552326,5.18));
#12955 = CARTESIAN_POINT('',(0.448441033721,7.384872819767,5.18));
#12956 = CARTESIAN_POINT('',(0.403909783721,7.4240625,5.18));
#12957 = ORIENTED_EDGE('',*,*,#12958,.F.);
#12958 = EDGE_CURVE('',#12959,#12951,#12961,.T.);
#12959 = VERTEX_POINT('',#12960);
#12960 = CARTESIAN_POINT('',(0.428001353488,7.256402616279,5.18));
#12961 = B_SPLINE_CURVE_WITH_KNOTS('',2,(#12962,#12963,#12964),
  .UNSPECIFIED.,.F.,.F.,(3,3),(0.,1.),.PIECEWISE_BEZIER_KNOTS.);
#12962 = CARTESIAN_POINT('',(0.428001353488,7.256402616279,5.18));
#12963 = CARTESIAN_POINT('',(0.448441033721,7.287797965116,5.18));
#12964 = CARTESIAN_POINT('',(0.448441033721,7.326115552326,5.18));
#12965 = ORIENTED_EDGE('',*,*,#12966,.F.);
#12966 = EDGE_CURVE('',#12967,#12959,#12969,.T.);
#12967 = VERTEX_POINT('',#12968);
#12968 = CARTESIAN_POINT('',(0.369952661628,7.208655523256,5.18));
#12969 = B_SPLINE_CURVE_WITH_KNOTS('',2,(#12970,#12971,#12972),
  .UNSPECIFIED.,.F.,.F.,(3,3),(0.,1.),.PIECEWISE_BEZIER_KNOTS.);
#12970 = CARTESIAN_POINT('',(0.369952661628,7.208655523256,5.18));
#12971 = CARTESIAN_POINT('',(0.407561673256,7.224952761628,5.18));
#12972 = CARTESIAN_POINT('',(0.428001353488,7.256402616279,5.18));
#12973 = ORIENTED_EDGE('',*,*,#12974,.F.);
#12974 = EDGE_CURVE('',#12903,#12967,#12975,.T.);
#12975 = B_SPLINE_CURVE_WITH_KNOTS('',2,(#12976,#12977,#12978),
  .UNSPECIFIED.,.F.,.F.,(3,3),(0.,1.),.PIECEWISE_BEZIER_KNOTS.);
#12976 = CARTESIAN_POINT('',(0.241591469767,7.179276889535,5.18));
#12977 = CARTESIAN_POINT('',(0.33234365,7.19230377907,5.18));
#12978 = CARTESIAN_POINT('',(0.369952661628,7.208655523256,5.18));
#12979 = PLANE('',#12980);
#12980 = AXIS2_PLACEMENT_3D('',#12981,#12982,#12983);
#12981 = CARTESIAN_POINT('',(0.197990572218,7.148114459958,5.18));
#12982 = DIRECTION('',(1.962471068511E-16,4.440892098501E-16,1.));
#12983 = DIRECTION('',(-1.,3.694383180982E-16,1.962471068511E-16));
#12984 = ADVANCED_FACE('',(#12985),#13015,.T.);
#12985 = FACE_BOUND('',#12986,.T.);
#12986 = EDGE_LOOP('',(#12987,#12988,#12989,#12990,#12991,#12992,#12993,
    #12994,#12995,#12996,#12997,#12998,#12999,#13000,#13001,#13002,
    #13003,#13004,#13005,#13006,#13007,#13008,#13009,#13010,#13011,
    #13012,#13013,#13014));
#12987 = ORIENTED_EDGE('',*,*,#11315,.F.);
#12988 = ORIENTED_EDGE('',*,*,#11346,.F.);
#12989 = ORIENTED_EDGE('',*,*,#11370,.F.);
#12990 = ORIENTED_EDGE('',*,*,#11394,.F.);
#12991 = ORIENTED_EDGE('',*,*,#11420,.F.);
#12992 = ORIENTED_EDGE('',*,*,#11446,.F.);
#12993 = ORIENTED_EDGE('',*,*,#11472,.F.);
#12994 = ORIENTED_EDGE('',*,*,#11498,.F.);
#12995 = ORIENTED_EDGE('',*,*,#11524,.F.);
#12996 = ORIENTED_EDGE('',*,*,#11548,.F.);
#12997 = ORIENTED_EDGE('',*,*,#11572,.F.);
#12998 = ORIENTED_EDGE('',*,*,#11596,.F.);
#12999 = ORIENTED_EDGE('',*,*,#11622,.F.);
#13000 = ORIENTED_EDGE('',*,*,#11648,.F.);
#13001 = ORIENTED_EDGE('',*,*,#11674,.F.);
#13002 = ORIENTED_EDGE('',*,*,#11700,.F.);
#13003 = ORIENTED_EDGE('',*,*,#11726,.F.);
#13004 = ORIENTED_EDGE('',*,*,#11750,.F.);
#13005 = ORIENTED_EDGE('',*,*,#11774,.F.);
#13006 = ORIENTED_EDGE('',*,*,#11798,.F.);
#13007 = ORIENTED_EDGE('',*,*,#11824,.F.);
#13008 = ORIENTED_EDGE('',*,*,#11850,.F.);
#13009 = ORIENTED_EDGE('',*,*,#11876,.F.);
#13010 = ORIENTED_EDGE('',*,*,#11902,.F.);
#13011 = ORIENTED_EDGE('',*,*,#11928,.F.);
#13012 = ORIENTED_EDGE('',*,*,#11954,.F.);
#13013 = ORIENTED_EDGE('',*,*,#11980,.F.);
#13014 = ORIENTED_EDGE('',*,*,#11997,.F.);
#13015 = PLANE('',#13016);
#13016 = AXIS2_PLACEMENT_3D('',#13017,#13018,#13019);
#13017 = CARTESIAN_POINT('',(1.378174705171,7.079867944088,5.18));
#13018 = DIRECTION('',(1.962471068511E-16,4.440892098501E-16,1.));
#13019 = DIRECTION('',(-1.,3.694383180982E-16,1.962471068511E-16));
#13020 = ADVANCED_FACE('',(#13021,#13031),#13073,.T.);
#13021 = FACE_BOUND('',#13022,.T.);
#13022 = EDGE_LOOP('',(#13023,#13024,#13025,#13026,#13027,#13028,#13029,
    #13030));
#13023 = ORIENTED_EDGE('',*,*,#12021,.F.);
#13024 = ORIENTED_EDGE('',*,*,#12052,.F.);
#13025 = ORIENTED_EDGE('',*,*,#12076,.F.);
#13026 = ORIENTED_EDGE('',*,*,#12100,.F.);
#13027 = ORIENTED_EDGE('',*,*,#12124,.F.);
#13028 = ORIENTED_EDGE('',*,*,#12148,.F.);
#13029 = ORIENTED_EDGE('',*,*,#12172,.F.);
#13030 = ORIENTED_EDGE('',*,*,#12189,.F.);
#13031 = FACE_BOUND('',#13032,.T.);
#13032 = EDGE_LOOP('',(#13033,#13043,#13051,#13059,#13067));
#13033 = ORIENTED_EDGE('',*,*,#13034,.F.);
#13034 = EDGE_CURVE('',#13035,#13037,#13039,.T.);
#13035 = VERTEX_POINT('',#13036);
#13036 = CARTESIAN_POINT('',(2.834160510465,7.068139534884,5.18));
#13037 = VERTEX_POINT('',#13038);
#13038 = CARTESIAN_POINT('',(2.427819667442,7.068139534884,5.18));
#13039 = LINE('',#13040,#13041);
#13040 = CARTESIAN_POINT('',(2.834160510465,7.068139534884,5.18));
#13041 = VECTOR('',#13042,1.);
#13042 = DIRECTION('',(-1.,3.694383180982E-16,1.962471068511E-16));
#13043 = ORIENTED_EDGE('',*,*,#13044,.F.);
#13044 = EDGE_CURVE('',#13045,#13035,#13047,.T.);
#13045 = VERTEX_POINT('',#13046);
#13046 = CARTESIAN_POINT('',(2.702528969767,6.715541424419,5.18));
#13047 = LINE('',#13048,#13049);
#13048 = CARTESIAN_POINT('',(2.702528969767,6.715541424419,5.18));
#13049 = VECTOR('',#13050,1.);
#13050 = DIRECTION('',(0.349742302319,0.936845943562,-4.846790898012E-16
    ));
#13051 = ORIENTED_EDGE('',*,*,#13052,.F.);
#13052 = EDGE_CURVE('',#13053,#13045,#13055,.T.);
#13053 = VERTEX_POINT('',#13054);
#13054 = CARTESIAN_POINT('',(2.637939580233,6.485908430233,5.18));
#13055 = B_SPLINE_CURVE_WITH_KNOTS('',2,(#13056,#13057,#13058),
  .UNSPECIFIED.,.F.,.F.,(3,3),(0.,1.),.PIECEWISE_BEZIER_KNOTS.);
#13056 = CARTESIAN_POINT('',(2.637939580233,6.485908430233,5.18));
#13057 = CARTESIAN_POINT('',(2.660832022093,6.601515261628,5.18));
#13058 = CARTESIAN_POINT('',(2.702528969767,6.715541424419,5.18));
#13059 = ORIENTED_EDGE('',*,*,#13060,.F.);
#13060 = EDGE_CURVE('',#13061,#13053,#13063,.T.);
#13061 = VERTEX_POINT('',#13062);
#13062 = CARTESIAN_POINT('',(2.552910510465,6.735218023256,5.18));
#13063 = B_SPLINE_CURVE_WITH_KNOTS('',2,(#13064,#13065,#13066),
  .UNSPECIFIED.,.F.,.F.,(3,3),(0.,1.),.PIECEWISE_BEZIER_KNOTS.);
#13064 = CARTESIAN_POINT('',(2.552910510465,6.735218023256,5.18));
#13065 = CARTESIAN_POINT('',(2.610141615116,6.583473837209,5.18));
#13066 = CARTESIAN_POINT('',(2.637939580233,6.485908430233,5.18));
#13067 = ORIENTED_EDGE('',*,*,#13068,.F.);
#13068 = EDGE_CURVE('',#13037,#13061,#13069,.T.);
#13069 = LINE('',#13070,#13071);
#13070 = CARTESIAN_POINT('',(2.427819667442,7.068139534884,5.18));
#13071 = VECTOR('',#13072,1.);
#13072 = DIRECTION('',(0.351728004219,-0.936102243907,3.466873026093E-16
    ));
#13073 = PLANE('',#13074);
#13074 = AXIS2_PLACEMENT_3D('',#13075,#13076,#13077);
#13075 = CARTESIAN_POINT('',(2.626650702515,7.021562153193,5.18));
#13076 = DIRECTION('',(1.962471068511E-16,4.440892098501E-16,1.));
#13077 = DIRECTION('',(-1.,3.694383180982E-16,1.962471068511E-16));
#13078 = ADVANCED_FACE('',(#13079),#13089,.F.);
#13079 = FACE_BOUND('',#13080,.F.);
#13080 = EDGE_LOOP('',(#13081,#13082,#13083,#13084,#13085,#13086,#13087,
    #13088));
#13081 = ORIENTED_EDGE('',*,*,#12204,.F.);
#13082 = ORIENTED_EDGE('',*,*,#12235,.F.);
#13083 = ORIENTED_EDGE('',*,*,#12259,.F.);
#13084 = ORIENTED_EDGE('',*,*,#12283,.T.);
#13085 = ORIENTED_EDGE('',*,*,#12312,.T.);
#13086 = ORIENTED_EDGE('',*,*,#12343,.T.);
#13087 = ORIENTED_EDGE('',*,*,#12374,.T.);
#13088 = ORIENTED_EDGE('',*,*,#12405,.T.);
#13089 = PLANE('',#13090);
#13090 = AXIS2_PLACEMENT_3D('',#13091,#13092,#13093);
#13091 = CARTESIAN_POINT('',(1.703307510469E-16,7.238325773505,0.4));
#13092 = DIRECTION('',(0.,0.,1.));
#13093 = DIRECTION('',(1.,0.,0.));
#13094 = ADVANCED_FACE('',(#13095),#13105,.F.);
#13095 = FACE_BOUND('',#13096,.F.);
#13096 = EDGE_LOOP('',(#13097,#13098,#13099,#13100,#13101,#13102,#13103,
    #13104));
#13097 = ORIENTED_EDGE('',*,*,#12647,.T.);
#13098 = ORIENTED_EDGE('',*,*,#12427,.T.);
#13099 = ORIENTED_EDGE('',*,*,#12464,.T.);
#13100 = ORIENTED_EDGE('',*,*,#12494,.T.);
#13101 = ORIENTED_EDGE('',*,*,#12525,.T.);
#13102 = ORIENTED_EDGE('',*,*,#12556,.T.);
#13103 = ORIENTED_EDGE('',*,*,#12586,.T.);
#13104 = ORIENTED_EDGE('',*,*,#12616,.T.);
#13105 = PLANE('',#13106);
#13106 = AXIS2_PLACEMENT_3D('',#13107,#13108,#13109);
#13107 = CARTESIAN_POINT('',(1.703307510469E-16,7.238325773505,0.4));
#13108 = DIRECTION('',(0.,0.,1.));
#13109 = DIRECTION('',(1.,0.,0.));
#13110 = ADVANCED_FACE('',(#13111),#13141,.T.);
#13111 = FACE_BOUND('',#13112,.T.);
#13112 = EDGE_LOOP('',(#13113,#13128,#13134,#13135));
#13113 = ORIENTED_EDGE('',*,*,#13114,.T.);
#13114 = EDGE_CURVE('',#13115,#13117,#13119,.T.);
#13115 = VERTEX_POINT('',#13116);
#13116 = CARTESIAN_POINT('',(-2.77050882093,6.507983284884,5.));
#13117 = VERTEX_POINT('',#13118);
#13118 = CARTESIAN_POINT('',(-3.023579315116,6.441268168605,5.));
#13119 = B_SPLINE_CURVE_WITH_KNOTS('',4,(#13120,#13121,#13122,#13123,
    #13124,#13125,#13126,#13127),.UNSPECIFIED.,.F.,.F.,(5,3,5),(0.,
    0.800268845669,1.),.UNSPECIFIED.);
#13120 = CARTESIAN_POINT('',(-2.77050882093,6.507983284884,5.));
#13121 = CARTESIAN_POINT('',(-2.819562794388,6.481392468448,5.));
#13122 = CARTESIAN_POINT('',(-2.8695241668,6.461772484889,5.));
#13123 = CARTESIAN_POINT('',(-2.920320536674,6.449283563955,5.));
#13124 = CARTESIAN_POINT('',(-2.98472029651,6.44260232086,5.));
#13125 = CARTESIAN_POINT('',(-2.997629093515,6.441712736021,5.));
#13126 = CARTESIAN_POINT('',(-3.010582601036,6.441268168605,5.));
#13127 = CARTESIAN_POINT('',(-3.023579315116,6.441268168605,5.));
#13128 = ORIENTED_EDGE('',*,*,#13129,.T.);
#13129 = EDGE_CURVE('',#13117,#12686,#13130,.T.);
#13130 = LINE('',#13131,#13132);
#13131 = CARTESIAN_POINT('',(-3.023579315116,6.441268168605,4.98));
#13132 = VECTOR('',#13133,1.);
#13133 = DIRECTION('',(1.962471068511E-16,4.440892098501E-16,1.));
#13134 = ORIENTED_EDGE('',*,*,#12685,.T.);
#13135 = ORIENTED_EDGE('',*,*,#13136,.F.);
#13136 = EDGE_CURVE('',#13115,#12688,#13137,.T.);
#13137 = LINE('',#13138,#13139);
#13138 = CARTESIAN_POINT('',(-2.77050882093,6.507983284884,4.98));
#13139 = VECTOR('',#13140,1.);
#13140 = DIRECTION('',(1.962471068511E-16,4.440892098501E-16,1.));
#13141 = SURFACE_OF_LINEAR_EXTRUSION('',#13142,#13146);
#13142 = B_SPLINE_CURVE_WITH_KNOTS('',2,(#13143,#13144,#13145),
  .UNSPECIFIED.,.F.,.F.,(3,3),(0.,1.),.PIECEWISE_BEZIER_KNOTS.);
#13143 = CARTESIAN_POINT('',(-3.023579315116,6.441268168605,4.98));
#13144 = CARTESIAN_POINT('',(-2.893582948837,6.441268168605,4.98));
#13145 = CARTESIAN_POINT('',(-2.77050882093,6.507983284884,4.98));
#13146 = VECTOR('',#13147,1.);
#13147 = DIRECTION('',(-1.962471068511E-16,-4.440892098501E-16,-1.));
#13148 = ADVANCED_FACE('',(#13149),#13172,.T.);
#13149 = FACE_BOUND('',#13150,.T.);
#13150 = EDGE_LOOP('',(#13151,#13164,#13170,#13171));
#13151 = ORIENTED_EDGE('',*,*,#13152,.T.);
#13152 = EDGE_CURVE('',#13117,#13153,#13155,.T.);
#13153 = VERTEX_POINT('',#13154);
#13154 = CARTESIAN_POINT('',(-3.276213762791,6.507983284884,5.));
#13155 = B_SPLINE_CURVE_WITH_KNOTS('',4,(#13156,#13157,#13158,#13159,
    #13160,#13161,#13162,#13163),.UNSPECIFIED.,.F.,.F.,(5,3,5),(0.,
    0.163743776488,1.),.UNSPECIFIED.);
#13156 = CARTESIAN_POINT('',(-3.023579315116,6.441268168605,5.));
#13157 = CARTESIAN_POINT('',(-3.034170365235,6.441268168605,5.));
#13158 = CARTESIAN_POINT('',(-3.044737373259,6.441567139323,5.));
#13159 = CARTESIAN_POINT('',(-3.055279524692,6.442165284748,5.));
#13160 = CARTESIAN_POINT('',(-3.119504873624,6.447644904451,5.));
#13161 = CARTESIAN_POINT('',(-3.17254503515,6.460029107024,5.));
#13162 = CARTESIAN_POINT('',(-3.224809376721,6.480204490822,5.));
#13163 = CARTESIAN_POINT('',(-3.276213762791,6.507983284884,5.));
#13164 = ORIENTED_EDGE('',*,*,#13165,.T.);
#13165 = EDGE_CURVE('',#13153,#12696,#13166,.T.);
#13166 = LINE('',#13167,#13168);
#13167 = CARTESIAN_POINT('',(-3.276213762791,6.507983284884,4.98));
#13168 = VECTOR('',#13169,1.);
#13169 = DIRECTION('',(1.962471068511E-16,4.440892098501E-16,1.));
#13170 = ORIENTED_EDGE('',*,*,#12695,.T.);
#13171 = ORIENTED_EDGE('',*,*,#13129,.F.);
#13172 = SURFACE_OF_LINEAR_EXTRUSION('',#13173,#13177);
#13173 = B_SPLINE_CURVE_WITH_KNOTS('',2,(#13174,#13175,#13176),
  .UNSPECIFIED.,.F.,.F.,(3,3),(0.,1.),.PIECEWISE_BEZIER_KNOTS.);
#13174 = CARTESIAN_POINT('',(-3.276213762791,6.507983284884,4.98));
#13175 = CARTESIAN_POINT('',(-3.152758094186,6.441268168605,4.98));
#13176 = CARTESIAN_POINT('',(-3.023579315116,6.441268168605,4.98));
#13177 = VECTOR('',#13178,1.);
#13178 = DIRECTION('',(-1.962471068511E-16,-4.440892098501E-16,-1.));
#13179 = ADVANCED_FACE('',(#13180),#13203,.T.);
#13180 = FACE_BOUND('',#13181,.T.);
#13181 = EDGE_LOOP('',(#13182,#13195,#13201,#13202));
#13182 = ORIENTED_EDGE('',*,*,#13183,.T.);
#13183 = EDGE_CURVE('',#13153,#13184,#13186,.T.);
#13184 = VERTEX_POINT('',#13185);
#13185 = CARTESIAN_POINT('',(-3.468728297674,6.698699127907,5.));
#13186 = B_SPLINE_CURVE_WITH_KNOTS('',4,(#13187,#13188,#13189,#13190,
    #13191,#13192,#13193,#13194),.UNSPECIFIED.,.F.,.F.,(5,3,5),(0.,
    0.463929951691,1.),.UNSPECIFIED.);
#13187 = CARTESIAN_POINT('',(-3.276213762791,6.507983284884,5.));
#13188 = CARTESIAN_POINT('',(-3.304807906611,6.523435484458,5.));
#13189 = CARTESIAN_POINT('',(-3.331504055954,6.540962028186,5.));
#13190 = CARTESIAN_POINT('',(-3.356264243039,6.560565678755,5.));
#13191 = CARTESIAN_POINT('',(-3.405420298129,6.607259359013,5.));
#13192 = CARTESIAN_POINT('',(-3.429160908685,6.635039607,5.));
#13193 = CARTESIAN_POINT('',(-3.450261562968,6.665540626362,5.));
#13194 = CARTESIAN_POINT('',(-3.468728297674,6.698699127907,5.));
#13195 = ORIENTED_EDGE('',*,*,#13196,.T.);
#13196 = EDGE_CURVE('',#13184,#12704,#13197,.T.);
#13197 = LINE('',#13198,#13199);
#13198 = CARTESIAN_POINT('',(-3.468728297674,6.698699127907,4.98));
#13199 = VECTOR('',#13200,1.);
#13200 = DIRECTION('',(1.962471068511E-16,4.440892098501E-16,1.));
#13201 = ORIENTED_EDGE('',*,*,#12703,.T.);
#13202 = ORIENTED_EDGE('',*,*,#13165,.F.);
#13203 = SURFACE_OF_LINEAR_EXTRUSION('',#13204,#13208);
#13204 = B_SPLINE_CURVE_WITH_KNOTS('',2,(#13205,#13206,#13207),
  .UNSPECIFIED.,.F.,.F.,(3,3),(0.,1.),.PIECEWISE_BEZIER_KNOTS.);
#13205 = CARTESIAN_POINT('',(-3.468728297674,6.698699127907,4.98));
#13206 = CARTESIAN_POINT('',(-3.399669431395,6.574698401163,4.98));
#13207 = CARTESIAN_POINT('',(-3.276213762791,6.507983284884,4.98));
#13208 = VECTOR('',#13209,1.);
#13209 = DIRECTION('',(-1.962471068511E-16,-4.440892098501E-16,-1.));
#13210 = ADVANCED_FACE('',(#13211),#13234,.T.);
#13211 = FACE_BOUND('',#13212,.T.);
#13212 = EDGE_LOOP('',(#13213,#13226,#13232,#13233));
#13213 = ORIENTED_EDGE('',*,*,#13214,.T.);
#13214 = EDGE_CURVE('',#13184,#13215,#13217,.T.);
#13215 = VERTEX_POINT('',#13216);
#13216 = CARTESIAN_POINT('',(-3.537841669767,6.956947674419,5.));
#13217 = B_SPLINE_CURVE_WITH_KNOTS('',4,(#13218,#13219,#13220,#13221,
    #13222,#13223,#13224,#13225),.UNSPECIFIED.,.F.,.F.,(5,3,5),(0.,
    0.720265461663,1.),.UNSPECIFIED.);
#13218 = CARTESIAN_POINT('',(-3.468728297674,6.698699127907,5.));
#13219 = CARTESIAN_POINT('',(-3.493531546418,6.743200224826,5.));
#13220 = CARTESIAN_POINT('',(-3.512477873212,6.788719527606,5.));
#13221 = CARTESIAN_POINT('',(-3.525445677159,6.835202120101,5.));
#13222 = CARTESIAN_POINT('',(-3.53513308355,6.900969743099,5.));
#13223 = CARTESIAN_POINT('',(-3.536939457032,6.919501124869,5.));
#13224 = CARTESIAN_POINT('',(-3.537841669767,6.938162014803,5.));
#13225 = CARTESIAN_POINT('',(-3.537841669767,6.956947674419,5.));
#13226 = ORIENTED_EDGE('',*,*,#13227,.T.);
#13227 = EDGE_CURVE('',#13215,#12712,#13228,.T.);
#13228 = LINE('',#13229,#13230);
#13229 = CARTESIAN_POINT('',(-3.537841669767,6.956947674419,4.98));
#13230 = VECTOR('',#13231,1.);
#13231 = DIRECTION('',(1.962471068511E-16,4.440892098501E-16,1.));
#13232 = ORIENTED_EDGE('',*,*,#12711,.T.);
#13233 = ORIENTED_EDGE('',*,*,#13196,.F.);
#13234 = SURFACE_OF_LINEAR_EXTRUSION('',#13235,#13239);
#13235 = B_SPLINE_CURVE_WITH_KNOTS('',2,(#13236,#13237,#13238),
  .UNSPECIFIED.,.F.,.F.,(3,3),(0.,1.),.PIECEWISE_BEZIER_KNOTS.);
#13236 = CARTESIAN_POINT('',(-3.537841669767,6.956947674419,4.98));
#13237 = CARTESIAN_POINT('',(-3.537841669767,6.822699854651,4.98));
#13238 = CARTESIAN_POINT('',(-3.468728297674,6.698699127907,4.98));
#13239 = VECTOR('',#13240,1.);
#13240 = DIRECTION('',(-1.962471068511E-16,-4.440892098501E-16,-1.));
#13241 = ADVANCED_FACE('',(#13242),#13265,.T.);
#13242 = FACE_BOUND('',#13243,.T.);
#13243 = EDGE_LOOP('',(#13244,#13257,#13263,#13264));
#13244 = ORIENTED_EDGE('',*,*,#13245,.T.);
#13245 = EDGE_CURVE('',#13215,#13246,#13248,.T.);
#13246 = VERTEX_POINT('',#13247);
#13247 = CARTESIAN_POINT('',(-3.469981931395,7.212688953488,5.));
#13248 = B_SPLINE_CURVE_WITH_KNOTS('',4,(#13249,#13250,#13251,#13252,
    #13253,#13254,#13255,#13256),.UNSPECIFIED.,.F.,.F.,(5,3,5),(0.,
    0.311760478569,1.),.UNSPECIFIED.);
#13249 = CARTESIAN_POINT('',(-3.537841669767,6.956947674419,5.));
#13250 = CARTESIAN_POINT('',(-3.537841669767,6.977742441493,5.));
#13251 = CARTESIAN_POINT('',(-3.536741967706,6.99837063908,5.));
#13252 = CARTESIAN_POINT('',(-3.534539735889,7.018825887056,5.));
#13253 = CARTESIAN_POINT('',(-3.523942483445,7.083864491453,5.));
#13254 = CARTESIAN_POINT('',(-3.511280432907,7.127755500547,5.));
#13255 = CARTESIAN_POINT('',(-3.493260803809,7.170712191586,5.));
#13256 = CARTESIAN_POINT('',(-3.469981931395,7.212688953488,5.));
#13257 = ORIENTED_EDGE('',*,*,#13258,.T.);
#13258 = EDGE_CURVE('',#13246,#12720,#13259,.T.);
#13259 = LINE('',#13260,#13261);
#13260 = CARTESIAN_POINT('',(-3.469981931395,7.212688953488,4.98));
#13261 = VECTOR('',#13262,1.);
#13262 = DIRECTION('',(1.962471068511E-16,4.440892098501E-16,1.));
#13263 = ORIENTED_EDGE('',*,*,#12719,.T.);
#13264 = ORIENTED_EDGE('',*,*,#13227,.F.);
#13265 = SURFACE_OF_LINEAR_EXTRUSION('',#13266,#13270);
#13266 = B_SPLINE_CURVE_WITH_KNOTS('',2,(#13267,#13268,#13269),
  .UNSPECIFIED.,.F.,.F.,(3,3),(0.,1.),.PIECEWISE_BEZIER_KNOTS.);
#13267 = CARTESIAN_POINT('',(-3.469981931395,7.212688953488,4.98));
#13268 = CARTESIAN_POINT('',(-3.537841669767,7.090323401163,4.98));
#13269 = CARTESIAN_POINT('',(-3.537841669767,6.956947674419,4.98));
#13270 = VECTOR('',#13271,1.);
#13271 = DIRECTION('',(-1.962471068511E-16,-4.440892098501E-16,-1.));
#13272 = ADVANCED_FACE('',(#13273),#13296,.T.);
#13273 = FACE_BOUND('',#13274,.T.);
#13274 = EDGE_LOOP('',(#13275,#13288,#13294,#13295));
#13275 = ORIENTED_EDGE('',*,*,#13276,.T.);
#13276 = EDGE_CURVE('',#13246,#13277,#13279,.T.);
#13277 = VERTEX_POINT('',#13278);
#13278 = CARTESIAN_POINT('',(-3.279484111628,7.403404796512,5.));
#13279 = B_SPLINE_CURVE_WITH_KNOTS('',4,(#13280,#13281,#13282,#13283,
    #13284,#13285,#13286,#13287),.UNSPECIFIED.,.F.,.F.,(5,3,5),(0.,
    0.487979975501,1.),.UNSPECIFIED.);
#13280 = CARTESIAN_POINT('',(-3.469981931395,7.212688953488,5.));
#13281 = CARTESIAN_POINT('',(-3.453453109036,7.242493938385,5.));
#13282 = CARTESIAN_POINT('',(-3.434728891843,7.270214503654,5.));
#13283 = CARTESIAN_POINT('',(-3.413806320855,7.295808244408,5.));
#13284 = CARTESIAN_POINT('',(-3.366467026229,7.343855457126,5.));
#13285 = CARTESIAN_POINT('',(-3.339830333082,7.366092185111,5.));
#13286 = CARTESIAN_POINT('',(-3.310819309428,7.385940646271,5.));
#13287 = CARTESIAN_POINT('',(-3.279484111628,7.403404796512,5.));
#13288 = ORIENTED_EDGE('',*,*,#13289,.T.);
#13289 = EDGE_CURVE('',#13277,#12728,#13290,.T.);
#13290 = LINE('',#13291,#13292);
#13291 = CARTESIAN_POINT('',(-3.279484111628,7.403404796512,4.98));
#13292 = VECTOR('',#13293,1.);
#13293 = DIRECTION('',(1.962471068511E-16,4.440892098501E-16,1.));
#13294 = ORIENTED_EDGE('',*,*,#12727,.T.);
#13295 = ORIENTED_EDGE('',*,*,#13258,.F.);
#13296 = SURFACE_OF_LINEAR_EXTRUSION('',#13297,#13301);
#13297 = B_SPLINE_CURVE_WITH_KNOTS('',2,(#13298,#13299,#13300),
  .UNSPECIFIED.,.F.,.F.,(3,3),(0.,1.),.PIECEWISE_BEZIER_KNOTS.);
#13298 = CARTESIAN_POINT('',(-3.279484111628,7.403404796512,4.98));
#13299 = CARTESIAN_POINT('',(-3.402122193023,7.335054505814,4.98));
#13300 = CARTESIAN_POINT('',(-3.469981931395,7.212688953488,4.98));
#13301 = VECTOR('',#13302,1.);
#13302 = DIRECTION('',(-1.962471068511E-16,-4.440892098501E-16,-1.));
#13303 = ADVANCED_FACE('',(#13304),#13327,.T.);
#13304 = FACE_BOUND('',#13305,.T.);
#13305 = EDGE_LOOP('',(#13306,#13319,#13325,#13326));
#13306 = ORIENTED_EDGE('',*,*,#13307,.T.);
#13307 = EDGE_CURVE('',#13277,#13308,#13310,.T.);
#13308 = VERTEX_POINT('',#13309);
#13309 = CARTESIAN_POINT('',(-3.023579315116,7.471755087209,5.));
#13310 = B_SPLINE_CURVE_WITH_KNOTS('',4,(#13311,#13312,#13313,#13314,
    #13315,#13316,#13317,#13318),.UNSPECIFIED.,.F.,.F.,(5,3,5),(0.,
    0.70425274062,1.),.UNSPECIFIED.);
#13311 = CARTESIAN_POINT('',(-3.279484111628,7.403404796512,5.));
#13312 = CARTESIAN_POINT('',(-3.236442270587,7.427393449252,5.));
#13313 = CARTESIAN_POINT('',(-3.192401691665,7.445839632072,5.));
#13314 = CARTESIAN_POINT('',(-3.147412022043,7.458634446286,5.));
#13315 = CARTESIAN_POINT('',(-3.082279084243,7.468761580257,5.));
#13316 = CARTESIAN_POINT('',(-3.062860907372,7.470758033537,5.));
#13317 = CARTESIAN_POINT('',(-3.043292490144,7.471755087209,5.));
#13318 = CARTESIAN_POINT('',(-3.023579315116,7.471755087209,5.));
#13319 = ORIENTED_EDGE('',*,*,#13320,.T.);
#13320 = EDGE_CURVE('',#13308,#12736,#13321,.T.);
#13321 = LINE('',#13322,#13323);
#13322 = CARTESIAN_POINT('',(-3.023579315116,7.471755087209,4.98));
#13323 = VECTOR('',#13324,1.);
#13324 = DIRECTION('',(1.962471068511E-16,4.440892098501E-16,1.));
#13325 = ORIENTED_EDGE('',*,*,#12735,.T.);
#13326 = ORIENTED_EDGE('',*,*,#13289,.F.);
#13327 = SURFACE_OF_LINEAR_EXTRUSION('',#13328,#13332);
#13328 = B_SPLINE_CURVE_WITH_KNOTS('',2,(#13329,#13330,#13331),
  .UNSPECIFIED.,.F.,.F.,(3,3),(0.,1.),.PIECEWISE_BEZIER_KNOTS.);
#13329 = CARTESIAN_POINT('',(-3.023579315116,7.471755087209,4.98));
#13330 = CARTESIAN_POINT('',(-3.156846030233,7.471755087209,4.98));
#13331 = CARTESIAN_POINT('',(-3.279484111628,7.403404796512,4.98));
#13332 = VECTOR('',#13333,1.);
#13333 = DIRECTION('',(-1.962471068511E-16,-4.440892098501E-16,-1.));
#13334 = ADVANCED_FACE('',(#13335),#13358,.T.);
#13335 = FACE_BOUND('',#13336,.T.);
#13336 = EDGE_LOOP('',(#13337,#13350,#13356,#13357));
#13337 = ORIENTED_EDGE('',*,*,#13338,.T.);
#13338 = EDGE_CURVE('',#13308,#13339,#13341,.T.);
#13339 = VERTEX_POINT('',#13340);
#13340 = CARTESIAN_POINT('',(-2.767674518605,7.403404796512,5.));
#13341 = B_SPLINE_CURVE_WITH_KNOTS('',4,(#13342,#13343,#13344,#13345,
    #13346,#13347,#13348,#13349),.UNSPECIFIED.,.F.,.F.,(5,3,5),(0.,
    0.29574725938,1.),.UNSPECIFIED.);
#13342 = CARTESIAN_POINT('',(-3.023579315116,7.471755087209,5.));
#13343 = CARTESIAN_POINT('',(-3.003866140088,7.471755087209,5.));
#13344 = CARTESIAN_POINT('',(-2.984297722861,7.470758033537,5.));
#13345 = CARTESIAN_POINT('',(-2.964879545989,7.468761580257,5.));
#13346 = CARTESIAN_POINT('',(-2.899746608189,7.458634446286,5.));
#13347 = CARTESIAN_POINT('',(-2.854756938568,7.445839632072,5.));
#13348 = CARTESIAN_POINT('',(-2.810716359645,7.427393449252,5.));
#13349 = CARTESIAN_POINT('',(-2.767674518605,7.403404796512,5.));
#13350 = ORIENTED_EDGE('',*,*,#13351,.T.);
#13351 = EDGE_CURVE('',#13339,#12744,#13352,.T.);
#13352 = LINE('',#13353,#13354);
#13353 = CARTESIAN_POINT('',(-2.767674518605,7.403404796512,4.98));
#13354 = VECTOR('',#13355,1.);
#13355 = DIRECTION('',(1.962471068511E-16,4.440892098501E-16,1.));
#13356 = ORIENTED_EDGE('',*,*,#12743,.T.);
#13357 = ORIENTED_EDGE('',*,*,#13320,.F.);
#13358 = SURFACE_OF_LINEAR_EXTRUSION('',#13359,#13363);
#13359 = B_SPLINE_CURVE_WITH_KNOTS('',2,(#13360,#13361,#13362),
  .UNSPECIFIED.,.F.,.F.,(3,3),(0.,1.),.PIECEWISE_BEZIER_KNOTS.);
#13360 = CARTESIAN_POINT('',(-2.767674518605,7.403404796512,4.98));
#13361 = CARTESIAN_POINT('',(-2.8903126,7.471755087209,4.98));
#13362 = CARTESIAN_POINT('',(-3.023579315116,7.471755087209,4.98));
#13363 = VECTOR('',#13364,1.);
#13364 = DIRECTION('',(-1.962471068511E-16,-4.440892098501E-16,-1.));
#13365 = ADVANCED_FACE('',(#13366),#13389,.T.);
#13366 = FACE_BOUND('',#13367,.T.);
#13367 = EDGE_LOOP('',(#13368,#13381,#13387,#13388));
#13368 = ORIENTED_EDGE('',*,*,#13369,.T.);
#13369 = EDGE_CURVE('',#13339,#13370,#13372,.T.);
#13370 = VERTEX_POINT('',#13371);
#13371 = CARTESIAN_POINT('',(-2.576740652326,7.212688953488,5.));
#13372 = B_SPLINE_CURVE_WITH_KNOTS('',4,(#13373,#13374,#13375,#13376,
    #13377,#13378,#13379,#13380),.UNSPECIFIED.,.F.,.F.,(5,3,5),(0.,
    0.508009961705,1.),.UNSPECIFIED.);
#13373 = CARTESIAN_POINT('',(-2.767674518605,7.403404796512,5.));
#13374 = CARTESIAN_POINT('',(-2.736582556459,7.386076209609,5.));
#13375 = CARTESIAN_POINT('',(-2.707761187086,7.366400764687,5.));
#13376 = CARTESIAN_POINT('',(-2.681258670052,7.344374831253,5.));
#13377 = CARTESIAN_POINT('',(-2.633699264609,7.296436156025,5.));
#13378 = CARTESIAN_POINT('',(-2.612496931829,7.270667817367,5.));
#13379 = CARTESIAN_POINT('',(-2.593511712932,7.242737661438,5.));
#13380 = CARTESIAN_POINT('',(-2.576740652326,7.212688953488,5.));
#13381 = ORIENTED_EDGE('',*,*,#13382,.T.);
#13382 = EDGE_CURVE('',#13370,#12752,#13383,.T.);
#13383 = LINE('',#13384,#13385);
#13384 = CARTESIAN_POINT('',(-2.576740652326,7.212688953488,4.98));
#13385 = VECTOR('',#13386,1.);
#13386 = DIRECTION('',(1.962471068511E-16,4.440892098501E-16,1.));
#13387 = ORIENTED_EDGE('',*,*,#12751,.T.);
#13388 = ORIENTED_EDGE('',*,*,#13351,.F.);
#13389 = SURFACE_OF_LINEAR_EXTRUSION('',#13390,#13394);
#13390 = B_SPLINE_CURVE_WITH_KNOTS('',2,(#13391,#13392,#13393),
  .UNSPECIFIED.,.F.,.F.,(3,3),(0.,1.),.PIECEWISE_BEZIER_KNOTS.);
#13391 = CARTESIAN_POINT('',(-2.576740652326,7.212688953488,4.98));
#13392 = CARTESIAN_POINT('',(-2.645036437209,7.335054505814,4.98));
#13393 = CARTESIAN_POINT('',(-2.767674518605,7.403404796512,4.98));
#13394 = VECTOR('',#13395,1.);
#13395 = DIRECTION('',(-1.962471068511E-16,-4.440892098501E-16,-1.));
#13396 = ADVANCED_FACE('',(#13397),#13420,.T.);
#13397 = FACE_BOUND('',#13398,.T.);
#13398 = EDGE_LOOP('',(#13399,#13412,#13418,#13419));
#13399 = ORIENTED_EDGE('',*,*,#13400,.T.);
#13400 = EDGE_CURVE('',#13370,#13401,#13403,.T.);
#13401 = VERTEX_POINT('',#13402);
#13402 = CARTESIAN_POINT('',(-2.508499373256,6.956947674419,5.));
#13403 = B_SPLINE_CURVE_WITH_KNOTS('',4,(#13404,#13405,#13406,#13407,
    #13408,#13409,#13410,#13411),.UNSPECIFIED.,.F.,.F.,(5,3,5),(0.,
    0.692244300468,1.),.UNSPECIFIED.);
#13404 = CARTESIAN_POINT('',(-2.576740652326,7.212688953488,5.));
#13405 = CARTESIAN_POINT('',(-2.553196184491,7.170470638561,5.));
#13406 = CARTESIAN_POINT('',(-2.535000534286,7.127259230851,5.));
#13407 = CARTESIAN_POINT('',(-2.522255736306,7.083101551042,5.));
#13408 = CARTESIAN_POINT('',(-2.511735285148,7.018039407368,5.));
#13409 = CARTESIAN_POINT('',(-2.509577098691,6.997841958346,5.));
#13410 = CARTESIAN_POINT('',(-2.508499373256,6.977475980434,5.));
#13411 = CARTESIAN_POINT('',(-2.508499373256,6.956947674419,5.));
#13412 = ORIENTED_EDGE('',*,*,#13413,.T.);
#13413 = EDGE_CURVE('',#13401,#12760,#13414,.T.);
#13414 = LINE('',#13415,#13416);
#13415 = CARTESIAN_POINT('',(-2.508499373256,6.956947674419,4.98));
#13416 = VECTOR('',#13417,1.);
#13417 = DIRECTION('',(1.962471068511E-16,4.440892098501E-16,1.));
#13418 = ORIENTED_EDGE('',*,*,#12759,.T.);
#13419 = ORIENTED_EDGE('',*,*,#13382,.F.);
#13420 = SURFACE_OF_LINEAR_EXTRUSION('',#13421,#13425);
#13421 = B_SPLINE_CURVE_WITH_KNOTS('',2,(#13422,#13423,#13424),
  .UNSPECIFIED.,.F.,.F.,(3,3),(0.,1.),.PIECEWISE_BEZIER_KNOTS.);
#13422 = CARTESIAN_POINT('',(-2.508499373256,6.956947674419,4.98));
#13423 = CARTESIAN_POINT('',(-2.508499373256,7.090323401163,4.98));
#13424 = CARTESIAN_POINT('',(-2.576740652326,7.212688953488,4.98));
#13425 = VECTOR('',#13426,1.);
#13426 = DIRECTION('',(-1.962471068511E-16,-4.440892098501E-16,-1.));
#13427 = ADVANCED_FACE('',(#13428),#13451,.T.);
#13428 = FACE_BOUND('',#13429,.T.);
#13429 = EDGE_LOOP('',(#13430,#13443,#13449,#13450));
#13430 = ORIENTED_EDGE('',*,*,#13431,.T.);
#13431 = EDGE_CURVE('',#13401,#13432,#13434,.T.);
#13432 = VERTEX_POINT('',#13433);
#13433 = CARTESIAN_POINT('',(-2.577994286047,6.698699127907,5.));
#13434 = B_SPLINE_CURVE_WITH_KNOTS('',4,(#13435,#13436,#13437,#13438,
    #13439,#13440,#13441,#13442),.UNSPECIFIED.,.F.,.F.,(5,3,5),(0.,
    0.279726083397,1.),.UNSPECIFIED.);
#13435 = CARTESIAN_POINT('',(-2.508499373256,6.956947674419,5.));
#13436 = CARTESIAN_POINT('',(-2.508499373256,6.938161966322,5.));
#13437 = CARTESIAN_POINT('',(-2.509406571343,6.919501028505,5.));
#13438 = CARTESIAN_POINT('',(-2.511222926311,6.900969648074,5.));
#13439 = CARTESIAN_POINT('',(-2.520964056186,6.835200376905,5.));
#13440 = CARTESIAN_POINT('',(-2.534004062551,6.788716733147,5.));
#13441 = CARTESIAN_POINT('',(-2.553055440894,6.74319785161,5.));
#13442 = CARTESIAN_POINT('',(-2.577994286047,6.698699127907,5.));
#13443 = ORIENTED_EDGE('',*,*,#13444,.T.);
#13444 = EDGE_CURVE('',#13432,#12768,#13445,.T.);
#13445 = LINE('',#13446,#13447);
#13446 = CARTESIAN_POINT('',(-2.577994286047,6.698699127907,4.98));
#13447 = VECTOR('',#13448,1.);
#13448 = DIRECTION('',(1.962471068511E-16,4.440892098501E-16,1.));
#13449 = ORIENTED_EDGE('',*,*,#12767,.T.);
#13450 = ORIENTED_EDGE('',*,*,#13413,.F.);
#13451 = SURFACE_OF_LINEAR_EXTRUSION('',#13452,#13456);
#13452 = B_SPLINE_CURVE_WITH_KNOTS('',2,(#13453,#13454,#13455),
  .UNSPECIFIED.,.F.,.F.,(3,3),(0.,1.),.PIECEWISE_BEZIER_KNOTS.);
#13453 = CARTESIAN_POINT('',(-2.577994286047,6.698699127907,4.98));
#13454 = CARTESIAN_POINT('',(-2.508499373256,6.822699854651,4.98));
#13455 = CARTESIAN_POINT('',(-2.508499373256,6.956947674419,4.98));
#13456 = VECTOR('',#13457,1.);
#13457 = DIRECTION('',(-1.962471068511E-16,-4.440892098501E-16,-1.));
#13458 = ADVANCED_FACE('',(#13459),#13475,.T.);
#13459 = FACE_BOUND('',#13460,.T.);
#13460 = EDGE_LOOP('',(#13461,#13472,#13473,#13474));
#13461 = ORIENTED_EDGE('',*,*,#13462,.T.);
#13462 = EDGE_CURVE('',#13432,#13115,#13463,.T.);
#13463 = B_SPLINE_CURVE_WITH_KNOTS('',4,(#13464,#13465,#13466,#13467,
    #13468,#13469,#13470,#13471),.UNSPECIFIED.,.F.,.F.,(5,3,5),(0.,
    0.552093668019,1.),.UNSPECIFIED.);
#13464 = CARTESIAN_POINT('',(-2.577994286047,6.698699127907,5.));
#13465 = CARTESIAN_POINT('',(-2.597130675442,6.664553805652,5.));
#13466 = CARTESIAN_POINT('',(-2.619016751024,6.633225649558,5.));
#13467 = CARTESIAN_POINT('',(-2.643659173449,6.604783481902,5.));
#13468 = CARTESIAN_POINT('',(-2.693228097939,6.558548570785,5.));
#13469 = CARTESIAN_POINT('',(-2.71722346281,6.539758962117,5.));
#13470 = CARTESIAN_POINT('',(-2.742994712065,6.522904538429,5.));
#13471 = CARTESIAN_POINT('',(-2.77050882093,6.507983284884,5.));
#13472 = ORIENTED_EDGE('',*,*,#13136,.T.);
#13473 = ORIENTED_EDGE('',*,*,#12775,.T.);
#13474 = ORIENTED_EDGE('',*,*,#13444,.F.);
#13475 = SURFACE_OF_LINEAR_EXTRUSION('',#13476,#13480);
#13476 = B_SPLINE_CURVE_WITH_KNOTS('',2,(#13477,#13478,#13479),
  .UNSPECIFIED.,.F.,.F.,(3,3),(0.,1.),.PIECEWISE_BEZIER_KNOTS.);
#13477 = CARTESIAN_POINT('',(-2.77050882093,6.507983284884,4.98));
#13478 = CARTESIAN_POINT('',(-2.647489198837,6.574698401163,4.98));
#13479 = CARTESIAN_POINT('',(-2.577994286047,6.698699127907,4.98));
#13480 = VECTOR('',#13481,1.);
#13481 = DIRECTION('',(-1.962471068511E-16,-4.440892098501E-16,-1.));
#13482 = ADVANCED_FACE('',(#13483),#13511,.T.);
#13483 = FACE_BOUND('',#13484,.T.);
#13484 = EDGE_LOOP('',(#13485,#13498,#13504,#13505));
#13485 = ORIENTED_EDGE('',*,*,#13486,.T.);
#13486 = EDGE_CURVE('',#13487,#13489,#13491,.T.);
#13487 = VERTEX_POINT('',#13488);
#13488 = CARTESIAN_POINT('',(0.241591469767,7.179276889535,5.));
#13489 = VERTEX_POINT('',#13490);
#13490 = CARTESIAN_POINT('',(1.220830232567E-03,7.123081395349,5.));
#13491 = B_SPLINE_CURVE_WITH_KNOTS('',5,(#13492,#13493,#13494,#13495,
    #13496,#13497),.UNSPECIFIED.,.F.,.F.,(6,6),(0.,1.),
  .PIECEWISE_BEZIER_KNOTS.);
#13492 = CARTESIAN_POINT('',(0.241591469767,7.179276889535,5.));
#13493 = CARTESIAN_POINT('',(0.178719048745,7.170188189217,5.));
#13494 = CARTESIAN_POINT('',(0.12285040323,7.16004840602,5.));
#13495 = CARTESIAN_POINT('',(7.441027397985E-02,7.148826505808,5.));
#13496 = CARTESIAN_POINT('',(3.37788417159E-02,7.136503269471,5.));
#13497 = CARTESIAN_POINT('',(1.220830232567E-03,7.123081395349,5.));
#13498 = ORIENTED_EDGE('',*,*,#13499,.T.);
#13499 = EDGE_CURVE('',#13489,#12901,#13500,.T.);
#13500 = LINE('',#13501,#13502);
#13501 = CARTESIAN_POINT('',(1.220830232567E-03,7.123081395349,4.98));
#13502 = VECTOR('',#13503,1.);
#13503 = DIRECTION('',(1.962471068511E-16,4.440892098501E-16,1.));
#13504 = ORIENTED_EDGE('',*,*,#12900,.T.);
#13505 = ORIENTED_EDGE('',*,*,#13506,.F.);
#13506 = EDGE_CURVE('',#13487,#12903,#13507,.T.);
#13507 = LINE('',#13508,#13509);
#13508 = CARTESIAN_POINT('',(0.241591469767,7.179276889535,4.98));
#13509 = VECTOR('',#13510,1.);
#13510 = DIRECTION('',(1.962471068511E-16,4.440892098501E-16,1.));
#13511 = SURFACE_OF_LINEAR_EXTRUSION('',#13512,#13516);
#13512 = B_SPLINE_CURVE_WITH_KNOTS('',2,(#13513,#13514,#13515),
  .UNSPECIFIED.,.F.,.F.,(3,3),(0.,1.),.PIECEWISE_BEZIER_KNOTS.);
#13513 = CARTESIAN_POINT('',(1.220830232567E-03,7.123081395349,4.98));
#13514 = CARTESIAN_POINT('',(8.134437674419E-02,7.156111918605,4.98));
#13515 = CARTESIAN_POINT('',(0.241591469767,7.179276889535,4.98));
#13516 = VECTOR('',#13517,1.);
#13517 = DIRECTION('',(-1.962471068511E-16,-4.440892098501E-16,-1.));
#13518 = ADVANCED_FACE('',(#13519),#13537,.T.);
#13519 = FACE_BOUND('',#13520,.T.);
#13520 = EDGE_LOOP('',(#13521,#13529,#13535,#13536));
#13521 = ORIENTED_EDGE('',*,*,#13522,.T.);
#13522 = EDGE_CURVE('',#13489,#13523,#13525,.T.);
#13523 = VERTEX_POINT('',#13524);
#13524 = CARTESIAN_POINT('',(1.220830232567E-03,7.177042151163,5.));
#13525 = LINE('',#13526,#13527);
#13526 = CARTESIAN_POINT('',(1.220830232567E-03,7.076471294587,5.));
#13527 = VECTOR('',#13528,1.);
#13528 = DIRECTION('',(3.694383180982E-16,1.,-0.));
#13529 = ORIENTED_EDGE('',*,*,#13530,.T.);
#13530 = EDGE_CURVE('',#13523,#12911,#13531,.T.);
#13531 = LINE('',#13532,#13533);
#13532 = CARTESIAN_POINT('',(1.220830232567E-03,7.177042151163,4.98));
#13533 = VECTOR('',#13534,1.);
#13534 = DIRECTION('',(1.962471068511E-16,4.440892098501E-16,1.));
#13535 = ORIENTED_EDGE('',*,*,#12910,.T.);
#13536 = ORIENTED_EDGE('',*,*,#13499,.F.);
#13537 = PLANE('',#13538);
#13538 = AXIS2_PLACEMENT_3D('',#13539,#13540,#13541);
#13539 = CARTESIAN_POINT('',(1.220830232567E-03,7.177042151163,4.98));
#13540 = DIRECTION('',(1.,-3.694383180982E-16,-1.962471068511E-16));
#13541 = DIRECTION('',(-3.694383180982E-16,-1.,4.440892098501E-16));
#13542 = ADVANCED_FACE('',(#13543),#13564,.T.);
#13543 = FACE_BOUND('',#13544,.T.);
#13544 = EDGE_LOOP('',(#13545,#13556,#13562,#13563));
#13545 = ORIENTED_EDGE('',*,*,#13546,.T.);
#13546 = EDGE_CURVE('',#13523,#13547,#13549,.T.);
#13547 = VERTEX_POINT('',#13548);
#13548 = CARTESIAN_POINT('',(2.493085930233E-02,7.324207848837,5.));
#13549 = B_SPLINE_CURVE_WITH_KNOTS('',5,(#13550,#13551,#13552,#13553,
    #13554,#13555),.UNSPECIFIED.,.F.,.F.,(6,6),(0.,1.),
  .PIECEWISE_BEZIER_KNOTS.);
#13550 = CARTESIAN_POINT('',(1.220830232567E-03,7.177042151163,5.));
#13551 = CARTESIAN_POINT('',(1.220830232567E-03,7.215682287895,5.));
#13552 = CARTESIAN_POINT('',(3.558199452596E-03,7.249818408434,5.));
#13553 = CARTESIAN_POINT('',(8.274245919925E-03,7.279337045109,5.));
#13554 = CARTESIAN_POINT('',(1.539571570267E-02,7.304151167472,5.));
#13555 = CARTESIAN_POINT('',(2.493085930233E-02,7.324207848837,5.));
#13556 = ORIENTED_EDGE('',*,*,#13557,.T.);
#13557 = EDGE_CURVE('',#13547,#12919,#13558,.T.);
#13558 = LINE('',#13559,#13560);
#13559 = CARTESIAN_POINT('',(2.493085930233E-02,7.324207848837,4.98));
#13560 = VECTOR('',#13561,1.);
#13561 = DIRECTION('',(1.962471068511E-16,4.440892098501E-16,1.));
#13562 = ORIENTED_EDGE('',*,*,#12918,.T.);
#13563 = ORIENTED_EDGE('',*,*,#13530,.F.);
#13564 = SURFACE_OF_LINEAR_EXTRUSION('',#13565,#13569);
#13565 = B_SPLINE_CURVE_WITH_KNOTS('',2,(#13566,#13567,#13568),
  .UNSPECIFIED.,.F.,.F.,(3,3),(0.,1.),.PIECEWISE_BEZIER_KNOTS.);
#13566 = CARTESIAN_POINT('',(2.493085930233E-02,7.324207848837,4.98));
#13567 = CARTESIAN_POINT('',(1.220830232567E-03,7.27433502907,4.98));
#13568 = CARTESIAN_POINT('',(1.220830232567E-03,7.177042151163,4.98));
#13569 = VECTOR('',#13570,1.);
#13570 = DIRECTION('',(-1.962471068511E-16,-4.440892098501E-16,-1.));
#13571 = ADVANCED_FACE('',(#13572),#13595,.T.);
#13572 = FACE_BOUND('',#13573,.T.);
#13573 = EDGE_LOOP('',(#13574,#13587,#13593,#13594));
#13574 = ORIENTED_EDGE('',*,*,#13575,.T.);
#13575 = EDGE_CURVE('',#13547,#13576,#13578,.T.);
#13576 = VERTEX_POINT('',#13577);
#13577 = CARTESIAN_POINT('',(0.122223737209,7.426024709302,5.));
#13578 = B_SPLINE_CURVE_WITH_KNOTS('',4,(#13579,#13580,#13581,#13582,
    #13583,#13584,#13585,#13586),.UNSPECIFIED.,.F.,.F.,(5,3,5),(0.,
    0.33990705835,1.),.UNSPECIFIED.);
#13579 = CARTESIAN_POINT('',(2.493085930233E-02,7.324207848837,5.));
#13580 = CARTESIAN_POINT('',(3.021088829949E-02,7.335184751226,5.));
#13581 = CARTESIAN_POINT('',(3.616943757337E-02,7.345638088033,5.));
#13582 = CARTESIAN_POINT('',(4.280663248205E-02,7.355565507338,5.));
#13583 = CARTESIAN_POINT('',(6.432646453312E-02,7.383220386403,5.));
#13584 = CARTESIAN_POINT('',(8.108680075479E-02,7.399486466501,5.));
#13585 = CARTESIAN_POINT('',(0.100394264816,7.413753491488,5.));
#13586 = CARTESIAN_POINT('',(0.122223737209,7.426024709302,5.));
#13587 = ORIENTED_EDGE('',*,*,#13588,.T.);
#13588 = EDGE_CURVE('',#13576,#12927,#13589,.T.);
#13589 = LINE('',#13590,#13591);
#13590 = CARTESIAN_POINT('',(0.122223737209,7.426024709302,4.98));
#13591 = VECTOR('',#13592,1.);
#13592 = DIRECTION('',(1.962471068511E-16,4.440892098501E-16,1.));
#13593 = ORIENTED_EDGE('',*,*,#12926,.T.);
#13594 = ORIENTED_EDGE('',*,*,#13557,.F.);
#13595 = SURFACE_OF_LINEAR_EXTRUSION('',#13596,#13600);
#13596 = B_SPLINE_CURVE_WITH_KNOTS('',2,(#13597,#13598,#13599),
  .UNSPECIFIED.,.F.,.F.,(3,3),(0.,1.),.PIECEWISE_BEZIER_KNOTS.);
#13597 = CARTESIAN_POINT('',(0.122223737209,7.426024709302,4.98));
#13598 = CARTESIAN_POINT('',(5.599917325582E-02,7.388797238372,4.98));
#13599 = CARTESIAN_POINT('',(2.493085930233E-02,7.324207848837,4.98));
#13600 = VECTOR('',#13601,1.);
#13601 = DIRECTION('',(-1.962471068511E-16,-4.440892098501E-16,-1.));
#13602 = ADVANCED_FACE('',(#13603),#13626,.T.);
#13603 = FACE_BOUND('',#13604,.T.);
#13604 = EDGE_LOOP('',(#13605,#13618,#13624,#13625));
#13605 = ORIENTED_EDGE('',*,*,#13606,.T.);
#13606 = EDGE_CURVE('',#13576,#13607,#13609,.T.);
#13607 = VERTEX_POINT('',#13608);
#13608 = CARTESIAN_POINT('',(0.27347737093,7.463197674419,5.));
#13609 = B_SPLINE_CURVE_WITH_KNOTS('',4,(#13610,#13611,#13612,#13613,
    #13614,#13615,#13616,#13617),.UNSPECIFIED.,.F.,.F.,(5,3,5),(0.,
    7.992989084979E-02,1.),.UNSPECIFIED.);
#13610 = CARTESIAN_POINT('',(0.122223737209,7.426024709302,5.));
#13611 = CARTESIAN_POINT('',(0.124872682386,7.427511606924,5.));
#13612 = CARTESIAN_POINT('',(0.127541722838,7.428958875665,5.));
#13613 = CARTESIAN_POINT('',(0.130230840679,7.430366502224,5.));
#13614 = CARTESIAN_POINT('',(0.164125239518,7.447481182417,5.));
#13615 = CARTESIAN_POINT('',(0.19796824109,7.457973876164,5.));
#13616 = CARTESIAN_POINT('',(0.234438709689,7.463197674419,5.));
#13617 = CARTESIAN_POINT('',(0.27347737093,7.463197674419,5.));
#13618 = ORIENTED_EDGE('',*,*,#13619,.T.);
#13619 = EDGE_CURVE('',#13607,#12935,#13620,.T.);
#13620 = LINE('',#13621,#13622);
#13621 = CARTESIAN_POINT('',(0.27347737093,7.463197674419,4.98));
#13622 = VECTOR('',#13623,1.);
#13623 = DIRECTION('',(1.962471068511E-16,4.440892098501E-16,1.));
#13624 = ORIENTED_EDGE('',*,*,#12934,.T.);
#13625 = ORIENTED_EDGE('',*,*,#13588,.F.);
#13626 = SURFACE_OF_LINEAR_EXTRUSION('',#13627,#13631);
#13627 = B_SPLINE_CURVE_WITH_KNOTS('',2,(#13628,#13629,#13630),
  .UNSPECIFIED.,.F.,.F.,(3,3),(0.,1.),.PIECEWISE_BEZIER_KNOTS.);
#13628 = CARTESIAN_POINT('',(0.27347737093,7.463197674419,4.98));
#13629 = CARTESIAN_POINT('',(0.188448301163,7.463197674419,4.98));
#13630 = CARTESIAN_POINT('',(0.122223737209,7.426024709302,4.98));
#13631 = VECTOR('',#13632,1.);
#13632 = DIRECTION('',(-1.962471068511E-16,-4.440892098501E-16,-1.));
#13633 = ADVANCED_FACE('',(#13634),#13654,.T.);
#13634 = FACE_BOUND('',#13635,.T.);
#13635 = EDGE_LOOP('',(#13636,#13646,#13652,#13653));
#13636 = ORIENTED_EDGE('',*,*,#13637,.T.);
#13637 = EDGE_CURVE('',#13607,#13638,#13640,.T.);
#13638 = VERTEX_POINT('',#13639);
#13639 = CARTESIAN_POINT('',(0.403909783721,7.4240625,5.));
#13640 = B_SPLINE_CURVE_WITH_KNOTS('',4,(#13641,#13642,#13643,#13644,
    #13645),.UNSPECIFIED.,.F.,.F.,(5,5),(0.,1.),
  .PIECEWISE_BEZIER_KNOTS.);
#13641 = CARTESIAN_POINT('',(0.27347737093,7.463197674419,5.));
#13642 = CARTESIAN_POINT('',(0.316194550127,7.463197674419,5.));
#13643 = CARTESIAN_POINT('',(0.35229664185,7.456738040593,5.));
#13644 = CARTESIAN_POINT('',(0.381556127815,7.443683435135,5.));
#13645 = CARTESIAN_POINT('',(0.403909783721,7.4240625,5.));
#13646 = ORIENTED_EDGE('',*,*,#13647,.T.);
#13647 = EDGE_CURVE('',#13638,#12943,#13648,.T.);
#13648 = LINE('',#13649,#13650);
#13649 = CARTESIAN_POINT('',(0.403909783721,7.4240625,4.98));
#13650 = VECTOR('',#13651,1.);
#13651 = DIRECTION('',(1.962471068511E-16,4.440892098501E-16,1.));
#13652 = ORIENTED_EDGE('',*,*,#12942,.T.);
#13653 = ORIENTED_EDGE('',*,*,#13619,.F.);
#13654 = SURFACE_OF_LINEAR_EXTRUSION('',#13655,#13659);
#13655 = B_SPLINE_CURVE_WITH_KNOTS('',2,(#13656,#13657,#13658),
  .UNSPECIFIED.,.F.,.F.,(3,3),(0.,1.),.PIECEWISE_BEZIER_KNOTS.);
#13656 = CARTESIAN_POINT('',(0.403909783721,7.4240625,4.98));
#13657 = CARTESIAN_POINT('',(0.359324027907,7.463197674419,4.98));
#13658 = CARTESIAN_POINT('',(0.27347737093,7.463197674419,4.98));
#13659 = VECTOR('',#13660,1.);
#13660 = DIRECTION('',(-1.962471068511E-16,-4.440892098501E-16,-1.));
#13661 = ADVANCED_FACE('',(#13662),#13685,.T.);
#13662 = FACE_BOUND('',#13663,.T.);
#13663 = EDGE_LOOP('',(#13664,#13677,#13683,#13684));
#13664 = ORIENTED_EDGE('',*,*,#13665,.T.);
#13665 = EDGE_CURVE('',#13638,#13666,#13668,.T.);
#13666 = VERTEX_POINT('',#13667);
#13667 = CARTESIAN_POINT('',(0.448441033721,7.326115552326,5.));
#13668 = B_SPLINE_CURVE_WITH_KNOTS('',4,(#13669,#13670,#13671,#13672,
    #13673,#13674,#13675,#13676),.UNSPECIFIED.,.F.,.F.,(5,3,5),(0.,
    0.515010550477,1.),.UNSPECIFIED.);
#13669 = CARTESIAN_POINT('',(0.403909783721,7.4240625,5.));
#13670 = CARTESIAN_POINT('',(0.415367140922,7.413979464715,5.));
#13671 = CARTESIAN_POINT('',(0.424868706222,7.403024585615,5.));
#13672 = CARTESIAN_POINT('',(0.432402488027,7.391198779853,5.));
#13673 = CARTESIAN_POINT('',(0.443205533532,7.366555665652,5.));
#13674 = CARTESIAN_POINT('',(0.446697789378,7.353836331512,5.));
#13675 = CARTESIAN_POINT('',(0.448441033721,7.340353724623,5.));
#13676 = CARTESIAN_POINT('',(0.448441033721,7.326115552326,5.));
#13677 = ORIENTED_EDGE('',*,*,#13678,.T.);
#13678 = EDGE_CURVE('',#13666,#12951,#13679,.T.);
#13679 = LINE('',#13680,#13681);
#13680 = CARTESIAN_POINT('',(0.448441033721,7.326115552326,4.98));
#13681 = VECTOR('',#13682,1.);
#13682 = DIRECTION('',(1.962471068511E-16,4.440892098501E-16,1.));
#13683 = ORIENTED_EDGE('',*,*,#12950,.T.);
#13684 = ORIENTED_EDGE('',*,*,#13647,.F.);
#13685 = SURFACE_OF_LINEAR_EXTRUSION('',#13686,#13690);
#13686 = B_SPLINE_CURVE_WITH_KNOTS('',2,(#13687,#13688,#13689),
  .UNSPECIFIED.,.F.,.F.,(3,3),(0.,1.),.PIECEWISE_BEZIER_KNOTS.);
#13687 = CARTESIAN_POINT('',(0.448441033721,7.326115552326,4.98));
#13688 = CARTESIAN_POINT('',(0.448441033721,7.384872819767,4.98));
#13689 = CARTESIAN_POINT('',(0.403909783721,7.4240625,4.98));
#13690 = VECTOR('',#13691,1.);
#13691 = DIRECTION('',(-1.962471068511E-16,-4.440892098501E-16,-1.));
#13692 = ADVANCED_FACE('',(#13693),#13716,.T.);
#13693 = FACE_BOUND('',#13694,.T.);
#13694 = EDGE_LOOP('',(#13695,#13708,#13714,#13715));
#13695 = ORIENTED_EDGE('',*,*,#13696,.T.);
#13696 = EDGE_CURVE('',#13666,#13697,#13699,.T.);
#13697 = VERTEX_POINT('',#13698);
#13698 = CARTESIAN_POINT('',(0.428001353488,7.256402616279,5.));
#13699 = B_SPLINE_CURVE_WITH_KNOTS('',4,(#13700,#13701,#13702,#13703,
    #13704,#13705,#13706,#13707),.UNSPECIFIED.,.F.,.F.,(5,3,5),(0.,
    0.567010739991,1.),.UNSPECIFIED.);
#13700 = CARTESIAN_POINT('',(0.448441033721,7.326115552326,5.));
#13701 = CARTESIAN_POINT('',(0.448441033721,7.315254687098,5.));
#13702 = CARTESIAN_POINT('',(0.447346282776,7.304762412599,5.));
#13703 = CARTESIAN_POINT('',(0.44515579814,7.29464013724,5.));
#13704 = CARTESIAN_POINT('',(0.439360675499,7.277442393652,5.));
#13705 = CARTESIAN_POINT('',(0.436212672691,7.270212282104,5.));
#13706 = CARTESIAN_POINT('',(0.432426036469,7.263198929338,5.));
#13707 = CARTESIAN_POINT('',(0.428001353488,7.256402616279,5.));
#13708 = ORIENTED_EDGE('',*,*,#13709,.T.);
#13709 = EDGE_CURVE('',#13697,#12959,#13710,.T.);
#13710 = LINE('',#13711,#13712);
#13711 = CARTESIAN_POINT('',(0.428001353488,7.256402616279,4.98));
#13712 = VECTOR('',#13713,1.);
#13713 = DIRECTION('',(1.962471068511E-16,4.440892098501E-16,1.));
#13714 = ORIENTED_EDGE('',*,*,#12958,.T.);
#13715 = ORIENTED_EDGE('',*,*,#13678,.F.);
#13716 = SURFACE_OF_LINEAR_EXTRUSION('',#13717,#13721);
#13717 = B_SPLINE_CURVE_WITH_KNOTS('',2,(#13718,#13719,#13720),
  .UNSPECIFIED.,.F.,.F.,(3,3),(0.,1.),.PIECEWISE_BEZIER_KNOTS.);
#13718 = CARTESIAN_POINT('',(0.428001353488,7.256402616279,4.98));
#13719 = CARTESIAN_POINT('',(0.448441033721,7.287797965116,4.98));
#13720 = CARTESIAN_POINT('',(0.448441033721,7.326115552326,4.98));
#13721 = VECTOR('',#13722,1.);
#13722 = DIRECTION('',(-1.962471068511E-16,-4.440892098501E-16,-1.));
#13723 = ADVANCED_FACE('',(#13724),#13747,.T.);
#13724 = FACE_BOUND('',#13725,.T.);
#13725 = EDGE_LOOP('',(#13726,#13739,#13745,#13746));
#13726 = ORIENTED_EDGE('',*,*,#13727,.T.);
#13727 = EDGE_CURVE('',#13697,#13728,#13730,.T.);
#13728 = VERTEX_POINT('',#13729);
#13729 = CARTESIAN_POINT('',(0.369952661628,7.208655523256,5.));
#13730 = B_SPLINE_CURVE_WITH_KNOTS('',4,(#13731,#13732,#13733,#13734,
    #13735,#13736,#13737,#13738),.UNSPECIFIED.,.F.,.F.,(5,3,5),(0.,
    0.237967265413,1.),.UNSPECIFIED.);
#13731 = CARTESIAN_POINT('',(0.428001353488,7.256402616279,5.));
#13732 = CARTESIAN_POINT('',(0.425569128265,7.252660232402,5.));
#13733 = CARTESIAN_POINT('',(0.422974729593,7.24906073961,5.));
#13734 = CARTESIAN_POINT('',(0.420218176434,7.245604237085,5.));
#13735 = CARTESIAN_POINT('',(0.407953252773,7.231680276503,5.));
#13736 = CARTESIAN_POINT('',(0.396944758787,7.222536721571,5.));
#13737 = CARTESIAN_POINT('',(0.384275932572,7.214862273998,5.));
#13738 = CARTESIAN_POINT('',(0.369952661628,7.208655523256,5.));
#13739 = ORIENTED_EDGE('',*,*,#13740,.T.);
#13740 = EDGE_CURVE('',#13728,#12967,#13741,.T.);
#13741 = LINE('',#13742,#13743);
#13742 = CARTESIAN_POINT('',(0.369952661628,7.208655523256,4.98));
#13743 = VECTOR('',#13744,1.);
#13744 = DIRECTION('',(1.962471068511E-16,4.440892098501E-16,1.));
#13745 = ORIENTED_EDGE('',*,*,#12966,.T.);
#13746 = ORIENTED_EDGE('',*,*,#13709,.F.);
#13747 = SURFACE_OF_LINEAR_EXTRUSION('',#13748,#13752);
#13748 = B_SPLINE_CURVE_WITH_KNOTS('',2,(#13749,#13750,#13751),
  .UNSPECIFIED.,.F.,.F.,(3,3),(0.,1.),.PIECEWISE_BEZIER_KNOTS.);
#13749 = CARTESIAN_POINT('',(0.369952661628,7.208655523256,4.98));
#13750 = CARTESIAN_POINT('',(0.407561673256,7.224952761628,4.98));
#13751 = CARTESIAN_POINT('',(0.428001353488,7.256402616279,4.98));
#13752 = VECTOR('',#13753,1.);
#13753 = DIRECTION('',(-1.962471068511E-16,-4.440892098501E-16,-1.));
#13754 = ADVANCED_FACE('',(#13755),#13769,.T.);
#13755 = FACE_BOUND('',#13756,.T.);
#13756 = EDGE_LOOP('',(#13757,#13766,#13767,#13768));
#13757 = ORIENTED_EDGE('',*,*,#13758,.T.);
#13758 = EDGE_CURVE('',#13728,#13487,#13759,.T.);
#13759 = B_SPLINE_CURVE_WITH_KNOTS('',5,(#13760,#13761,#13762,#13763,
    #13764,#13765),.UNSPECIFIED.,.F.,.F.,(6,6),(0.,1.),
  .PIECEWISE_BEZIER_KNOTS.);
#13760 = CARTESIAN_POINT('',(0.369952661628,7.208655523256,5.));
#13761 = CARTESIAN_POINT('',(0.354823074765,7.202077442011,5.));
#13762 = CARTESIAN_POINT('',(0.334347574517,7.195848408017,5.));
#13763 = CARTESIAN_POINT('',(0.308582088319,7.189972010109,5.));
#13764 = CARTESIAN_POINT('',(0.27762169772,7.18444879613,5.));
#13765 = CARTESIAN_POINT('',(0.241591469767,7.179276889535,5.));
#13766 = ORIENTED_EDGE('',*,*,#13506,.T.);
#13767 = ORIENTED_EDGE('',*,*,#12974,.T.);
#13768 = ORIENTED_EDGE('',*,*,#13740,.F.);
#13769 = SURFACE_OF_LINEAR_EXTRUSION('',#13770,#13774);
#13770 = B_SPLINE_CURVE_WITH_KNOTS('',2,(#13771,#13772,#13773),
  .UNSPECIFIED.,.F.,.F.,(3,3),(0.,1.),.PIECEWISE_BEZIER_KNOTS.);
#13771 = CARTESIAN_POINT('',(0.241591469767,7.179276889535,4.98));
#13772 = CARTESIAN_POINT('',(0.33234365,7.19230377907,4.98));
#13773 = CARTESIAN_POINT('',(0.369952661628,7.208655523256,4.98));
#13774 = VECTOR('',#13775,1.);
#13775 = DIRECTION('',(-1.962471068511E-16,-4.440892098501E-16,-1.));
#13776 = ADVANCED_FACE('',(#13777),#13802,.T.);
#13777 = FACE_BOUND('',#13778,.T.);
#13778 = EDGE_LOOP('',(#13779,#13789,#13795,#13796));
#13779 = ORIENTED_EDGE('',*,*,#13780,.T.);
#13780 = EDGE_CURVE('',#13781,#13783,#13785,.T.);
#13781 = VERTEX_POINT('',#13782);
#13782 = CARTESIAN_POINT('',(2.427819667442,7.068139534884,5.));
#13783 = VERTEX_POINT('',#13784);
#13784 = CARTESIAN_POINT('',(2.834160510465,7.068139534884,5.));
#13785 = LINE('',#13786,#13787);
#13786 = CARTESIAN_POINT('',(1.417080255233,7.068139534884,5.));
#13787 = VECTOR('',#13788,1.);
#13788 = DIRECTION('',(1.,-3.694383180982E-16,0.));
#13789 = ORIENTED_EDGE('',*,*,#13790,.T.);
#13790 = EDGE_CURVE('',#13783,#13035,#13791,.T.);
#13791 = LINE('',#13792,#13793);
#13792 = CARTESIAN_POINT('',(2.834160510465,7.068139534884,4.98));
#13793 = VECTOR('',#13794,1.);
#13794 = DIRECTION('',(1.962471068511E-16,4.440892098501E-16,1.));
#13795 = ORIENTED_EDGE('',*,*,#13034,.T.);
#13796 = ORIENTED_EDGE('',*,*,#13797,.F.);
#13797 = EDGE_CURVE('',#13781,#13037,#13798,.T.);
#13798 = LINE('',#13799,#13800);
#13799 = CARTESIAN_POINT('',(2.427819667442,7.068139534884,4.98));
#13800 = VECTOR('',#13801,1.);
#13801 = DIRECTION('',(1.962471068511E-16,4.440892098501E-16,1.));
#13802 = PLANE('',#13803);
#13803 = AXIS2_PLACEMENT_3D('',#13804,#13805,#13806);
#13804 = CARTESIAN_POINT('',(2.834160510465,7.068139534884,4.98));
#13805 = DIRECTION('',(-3.694383180982E-16,-1.,4.440892098501E-16));
#13806 = DIRECTION('',(-1.,3.694383180982E-16,1.962471068511E-16));
#13807 = ADVANCED_FACE('',(#13808),#13826,.T.);
#13808 = FACE_BOUND('',#13809,.T.);
#13809 = EDGE_LOOP('',(#13810,#13818,#13824,#13825));
#13810 = ORIENTED_EDGE('',*,*,#13811,.T.);
#13811 = EDGE_CURVE('',#13783,#13812,#13814,.T.);
#13812 = VERTEX_POINT('',#13813);
#13813 = CARTESIAN_POINT('',(2.702528969767,6.715541424419,5.));
#13814 = LINE('',#13815,#13816);
#13815 = CARTESIAN_POINT('',(2.579896654718,6.38704931425,5.));
#13816 = VECTOR('',#13817,1.);
#13817 = DIRECTION('',(-0.349742302319,-0.936845943562,0.));
#13818 = ORIENTED_EDGE('',*,*,#13819,.T.);
#13819 = EDGE_CURVE('',#13812,#13045,#13820,.T.);
#13820 = LINE('',#13821,#13822);
#13821 = CARTESIAN_POINT('',(2.702528969767,6.715541424419,4.98));
#13822 = VECTOR('',#13823,1.);
#13823 = DIRECTION('',(1.962471068511E-16,4.440892098501E-16,1.));
#13824 = ORIENTED_EDGE('',*,*,#13044,.T.);
#13825 = ORIENTED_EDGE('',*,*,#13790,.F.);
#13826 = PLANE('',#13827);
#13827 = AXIS2_PLACEMENT_3D('',#13828,#13829,#13830);
#13828 = CARTESIAN_POINT('',(2.702528969767,6.715541424419,4.98));
#13829 = DIRECTION('',(-0.936845943562,0.349742302319,2.853652330117E-17
    ));
#13830 = DIRECTION('',(0.349742302319,0.936845943562,-4.846790898012E-16
    ));
#13831 = ADVANCED_FACE('',(#13832),#13852,.T.);
#13832 = FACE_BOUND('',#13833,.T.);
#13833 = EDGE_LOOP('',(#13834,#13844,#13850,#13851));
#13834 = ORIENTED_EDGE('',*,*,#13835,.T.);
#13835 = EDGE_CURVE('',#13812,#13836,#13838,.T.);
#13836 = VERTEX_POINT('',#13837);
#13837 = CARTESIAN_POINT('',(2.637939580233,6.485908430233,5.));
#13838 = B_SPLINE_CURVE_WITH_KNOTS('',4,(#13839,#13840,#13841,#13842,
    #13843),.UNSPECIFIED.,.F.,.F.,(5,5),(0.,1.),
  .PIECEWISE_BEZIER_KNOTS.);
#13839 = CARTESIAN_POINT('',(2.702528969767,6.715541424419,5.));
#13840 = CARTESIAN_POINT('',(2.681699610246,6.658580613806,5.));
#13841 = CARTESIAN_POINT('',(2.663982762379,6.601313568034,5.));
#13842 = CARTESIAN_POINT('',(2.64939374433,6.543751958926,5.));
#13843 = CARTESIAN_POINT('',(2.637939580233,6.485908430233,5.));
#13844 = ORIENTED_EDGE('',*,*,#13845,.T.);
#13845 = EDGE_CURVE('',#13836,#13053,#13846,.T.);
#13846 = LINE('',#13847,#13848);
#13847 = CARTESIAN_POINT('',(2.637939580233,6.485908430233,4.98));
#13848 = VECTOR('',#13849,1.);
#13849 = DIRECTION('',(1.962471068511E-16,4.440892098501E-16,1.));
#13850 = ORIENTED_EDGE('',*,*,#13052,.T.);
#13851 = ORIENTED_EDGE('',*,*,#13819,.F.);
#13852 = SURFACE_OF_LINEAR_EXTRUSION('',#13853,#13857);
#13853 = B_SPLINE_CURVE_WITH_KNOTS('',2,(#13854,#13855,#13856),
  .UNSPECIFIED.,.F.,.F.,(3,3),(0.,1.),.PIECEWISE_BEZIER_KNOTS.);
#13854 = CARTESIAN_POINT('',(2.637939580233,6.485908430233,4.98));
#13855 = CARTESIAN_POINT('',(2.660832022093,6.601515261628,4.98));
#13856 = CARTESIAN_POINT('',(2.702528969767,6.715541424419,4.98));
#13857 = VECTOR('',#13858,1.);
#13858 = DIRECTION('',(-1.962471068511E-16,-4.440892098501E-16,-1.));
#13859 = ADVANCED_FACE('',(#13860),#13881,.T.);
#13860 = FACE_BOUND('',#13861,.T.);
#13861 = EDGE_LOOP('',(#13862,#13873,#13879,#13880));
#13862 = ORIENTED_EDGE('',*,*,#13863,.T.);
#13863 = EDGE_CURVE('',#13836,#13864,#13866,.T.);
#13864 = VERTEX_POINT('',#13865);
#13865 = CARTESIAN_POINT('',(2.552910510465,6.735218023256,5.));
#13866 = B_SPLINE_CURVE_WITH_KNOTS('',5,(#13867,#13868,#13869,#13870,
    #13871,#13872),.UNSPECIFIED.,.F.,.F.,(6,6),(0.,1.),
  .PIECEWISE_BEZIER_KNOTS.);
#13867 = CARTESIAN_POINT('',(2.637939580233,6.485908430233,5.));
#13868 = CARTESIAN_POINT('',(2.626664474804,6.525481839483,5.));
#13869 = CARTESIAN_POINT('',(2.612429915916,6.570391016349,5.));
#13870 = CARTESIAN_POINT('',(2.59532001361,6.620460917507,5.));
#13871 = CARTESIAN_POINT('',(2.575441373779,6.675479048527,5.));
#13872 = CARTESIAN_POINT('',(2.552910510465,6.735218023256,5.));
#13873 = ORIENTED_EDGE('',*,*,#13874,.T.);
#13874 = EDGE_CURVE('',#13864,#13061,#13875,.T.);
#13875 = LINE('',#13876,#13877);
#13876 = CARTESIAN_POINT('',(2.552910510465,6.735218023256,4.98));
#13877 = VECTOR('',#13878,1.);
#13878 = DIRECTION('',(1.962471068511E-16,4.440892098501E-16,1.));
#13879 = ORIENTED_EDGE('',*,*,#13060,.T.);
#13880 = ORIENTED_EDGE('',*,*,#13845,.F.);
#13881 = SURFACE_OF_LINEAR_EXTRUSION('',#13882,#13886);
#13882 = B_SPLINE_CURVE_WITH_KNOTS('',2,(#13883,#13884,#13885),
  .UNSPECIFIED.,.F.,.F.,(3,3),(0.,1.),.PIECEWISE_BEZIER_KNOTS.);
#13883 = CARTESIAN_POINT('',(2.552910510465,6.735218023256,4.98));
#13884 = CARTESIAN_POINT('',(2.610141615116,6.583473837209,4.98));
#13885 = CARTESIAN_POINT('',(2.637939580233,6.485908430233,4.98));
#13886 = VECTOR('',#13887,1.);
#13887 = DIRECTION('',(-1.962471068511E-16,-4.440892098501E-16,-1.));
#13888 = ADVANCED_FACE('',(#13889),#13900,.T.);
#13889 = FACE_BOUND('',#13890,.T.);
#13890 = EDGE_LOOP('',(#13891,#13897,#13898,#13899));
#13891 = ORIENTED_EDGE('',*,*,#13892,.T.);
#13892 = EDGE_CURVE('',#13864,#13781,#13893,.T.);
#13893 = LINE('',#13894,#13895);
#13894 = CARTESIAN_POINT('',(2.292828756088,7.427409463663,5.));
#13895 = VECTOR('',#13896,1.);
#13896 = DIRECTION('',(-0.351728004219,0.936102243907,0.));
#13897 = ORIENTED_EDGE('',*,*,#13797,.T.);
#13898 = ORIENTED_EDGE('',*,*,#13068,.T.);
#13899 = ORIENTED_EDGE('',*,*,#13874,.F.);
#13900 = PLANE('',#13901);
#13901 = AXIS2_PLACEMENT_3D('',#13902,#13903,#13904);
#13902 = CARTESIAN_POINT('',(2.427819667442,7.068139534884,4.98));
#13903 = DIRECTION('',(0.936102243907,0.351728004219,-3.399059685592E-16
    ));
#13904 = DIRECTION('',(0.351728004219,-0.936102243907,3.466873026093E-16
    ));
#13905 = ADVANCED_FACE('',(#13906,#13920),#14091,.T.);
#13906 = FACE_BOUND('',#13907,.T.);
#13907 = EDGE_LOOP('',(#13908,#13909,#13910,#13911,#13912,#13913,#13914,
    #13915,#13916,#13917,#13918,#13919));
#13908 = ORIENTED_EDGE('',*,*,#13114,.F.);
#13909 = ORIENTED_EDGE('',*,*,#13462,.F.);
#13910 = ORIENTED_EDGE('',*,*,#13431,.F.);
#13911 = ORIENTED_EDGE('',*,*,#13400,.F.);
#13912 = ORIENTED_EDGE('',*,*,#13369,.F.);
#13913 = ORIENTED_EDGE('',*,*,#13338,.F.);
#13914 = ORIENTED_EDGE('',*,*,#13307,.F.);
#13915 = ORIENTED_EDGE('',*,*,#13276,.F.);
#13916 = ORIENTED_EDGE('',*,*,#13245,.F.);
#13917 = ORIENTED_EDGE('',*,*,#13214,.F.);
#13918 = ORIENTED_EDGE('',*,*,#13183,.F.);
#13919 = ORIENTED_EDGE('',*,*,#13152,.F.);
#13920 = FACE_BOUND('',#13921,.T.);
#13921 = EDGE_LOOP('',(#13922,#13932,#13940,#13951,#13964,#13977,#13990,
    #14003,#14013,#14024,#14032,#14040,#14048,#14059,#14069,#14077,
    #14085));
#13922 = ORIENTED_EDGE('',*,*,#13923,.F.);
#13923 = EDGE_CURVE('',#13924,#13926,#13928,.T.);
#13924 = VERTEX_POINT('',#13925);
#13925 = CARTESIAN_POINT('',(-2.752957948837,6.632093023256,5.));
#13926 = VERTEX_POINT('',#13927);
#13927 = CARTESIAN_POINT('',(-2.752957948837,7.298372093023,5.));
#13928 = LINE('',#13929,#13930);
#13929 = CARTESIAN_POINT('',(-2.752957948837,7.137136265517,5.));
#13930 = VECTOR('',#13931,1.);
#13931 = DIRECTION('',(3.694383180982E-16,1.,-0.));
#13932 = ORIENTED_EDGE('',*,*,#13933,.F.);
#13933 = EDGE_CURVE('',#13934,#13924,#13936,.T.);
#13934 = VERTEX_POINT('',#13935);
#13935 = CARTESIAN_POINT('',(-2.981064780233,6.632093023256,5.));
#13936 = LINE('',#13937,#13938);
#13937 = CARTESIAN_POINT('',(-1.376478974419,6.632093023256,5.));
#13938 = VECTOR('',#13939,1.);
#13939 = DIRECTION('',(1.,-3.694383180982E-16,0.));
#13940 = ORIENTED_EDGE('',*,*,#13941,.F.);
#13941 = EDGE_CURVE('',#13942,#13934,#13944,.T.);
#13942 = VERTEX_POINT('',#13943);
#13943 = CARTESIAN_POINT('',(-3.150305332558,6.650625,5.));
#13944 = B_SPLINE_CURVE_WITH_KNOTS('',5,(#13945,#13946,#13947,#13948,
    #13949,#13950),.UNSPECIFIED.,.F.,.F.,(6,6),(0.,1.),
  .PIECEWISE_BEZIER_KNOTS.);
#13945 = CARTESIAN_POINT('',(-3.150305332558,6.650625,5.));
#13946 = CARTESIAN_POINT('',(-3.12918855944,6.643146142854,5.));
#13947 = CARTESIAN_POINT('',(-3.101560909782,6.637576230773,5.));
#13948 = CARTESIAN_POINT('',(-3.067533303289,6.633903652186,5.));
#13949 = CARTESIAN_POINT('',(-3.027290499768,6.632093023256,5.));
#13950 = CARTESIAN_POINT('',(-2.981064780233,6.632093023256,5.));
#13951 = ORIENTED_EDGE('',*,*,#13952,.F.);
#13952 = EDGE_CURVE('',#13953,#13942,#13955,.T.);
#13953 = VERTEX_POINT('',#13954);
#13954 = CARTESIAN_POINT('',(-3.233699227907,6.715323401163,5.));
#13955 = B_SPLINE_CURVE_WITH_KNOTS('',4,(#13956,#13957,#13958,#13959,
    #13960,#13961,#13962,#13963),.UNSPECIFIED.,.F.,.F.,(5,3,5),(0.,
    0.507002348047,1.),.UNSPECIFIED.);
#13956 = CARTESIAN_POINT('',(-3.233699227907,6.715323401163,5.));
#13957 = CARTESIAN_POINT('',(-3.225826644901,6.703625019047,5.));
#13958 = CARTESIAN_POINT('',(-3.217040882928,6.693104759575,5.));
#13959 = CARTESIAN_POINT('',(-3.207341870436,6.683767210279,5.));
#13960 = CARTESIAN_POINT('',(-3.18641480322,6.667686108549,5.));
#13961 = CARTESIAN_POINT('',(-3.175236383377,6.660878026633,5.));
#13962 = CARTESIAN_POINT('',(-3.163198556569,6.655191350171,5.));
#13963 = CARTESIAN_POINT('',(-3.150305332558,6.650625,5.));
#13964 = ORIENTED_EDGE('',*,*,#13965,.F.);
#13965 = EDGE_CURVE('',#13966,#13953,#13968,.T.);
#13966 = VERTEX_POINT('',#13967);
#13967 = CARTESIAN_POINT('',(-3.26476754186,6.813324854651,5.));
#13968 = B_SPLINE_CURVE_WITH_KNOTS('',4,(#13969,#13970,#13971,#13972,
    #13973,#13974,#13975,#13976),.UNSPECIFIED.,.F.,.F.,(5,3,5),(0.,
    0.299944780443,1.),.UNSPECIFIED.);
#13969 = CARTESIAN_POINT('',(-3.26476754186,6.813324854651,5.));
#13970 = CARTESIAN_POINT('',(-3.26476754186,6.805542348256,5.));
#13971 = CARTESIAN_POINT('',(-3.264301627791,6.797845562259,5.));
#13972 = CARTESIAN_POINT('',(-3.263369550808,6.790235003738,5.));
#13973 = CARTESIAN_POINT('',(-3.258708168799,6.765150771431,5.));
#13974 = CARTESIAN_POINT('',(-3.252906057707,6.748062560266,5.));
#13975 = CARTESIAN_POINT('',(-3.244566130056,6.731452171721,5.));
#13976 = CARTESIAN_POINT('',(-3.233699227907,6.715323401163,5.));
#13977 = ORIENTED_EDGE('',*,*,#13978,.F.);
#13978 = EDGE_CURVE('',#13979,#13966,#13981,.T.);
#13979 = VERTEX_POINT('',#13980);
#13980 = CARTESIAN_POINT('',(-3.212823501163,6.941031976744,5.));
#13981 = B_SPLINE_CURVE_WITH_KNOTS('',4,(#13982,#13983,#13984,#13985,
    #13986,#13987,#13988,#13989),.UNSPECIFIED.,.F.,.F.,(5,3,5),(0.,
    0.548044892189,1.),.UNSPECIFIED.);
#13982 = CARTESIAN_POINT('',(-3.212823501163,6.941031976744,5.));
#13983 = CARTESIAN_POINT('',(-3.227039205398,6.9261450168,5.));
#13984 = CARTESIAN_POINT('',(-3.238678225343,6.910295935938,5.));
#13985 = CARTESIAN_POINT('',(-3.247718177876,6.893488448147,5.));
#13986 = CARTESIAN_POINT('',(-3.259463545428,6.861091153789,5.));
#13987 = CARTESIAN_POINT('',(-3.263001715786,6.8458045212,5.));
#13988 = CARTESIAN_POINT('',(-3.26476754186,6.829879399998,5.));
#13989 = CARTESIAN_POINT('',(-3.26476754186,6.813324854651,5.));
#13990 = ORIENTED_EDGE('',*,*,#13991,.F.);
#13991 = EDGE_CURVE('',#13992,#13979,#13994,.T.);
#13992 = VERTEX_POINT('',#13993);
#13993 = CARTESIAN_POINT('',(-3.075087309302,7.001969476744,5.));
#13994 = B_SPLINE_CURVE_WITH_KNOTS('',4,(#13995,#13996,#13997,#13998,
    #13999,#14000,#14001,#14002),.UNSPECIFIED.,.F.,.F.,(5,3,5),(0.,
    0.756212755895,1.),.UNSPECIFIED.);
#13995 = CARTESIAN_POINT('',(-3.075087309302,7.001969476744,5.));
#13996 = CARTESIAN_POINT('',(-3.10745451967,6.999482852964,5.));
#13997 = CARTESIAN_POINT('',(-3.136685946883,6.992464982675,5.));
#13998 = CARTESIAN_POINT('',(-3.162704319379,6.980866669465,5.));
#13999 = CARTESIAN_POINT('',(-3.192822057227,6.959499239694,5.));
#14000 = CARTESIAN_POINT('',(-3.199827355841,6.953816221799,5.));
#14001 = CARTESIAN_POINT('',(-3.206494650253,6.947659985523,5.));
#14002 = CARTESIAN_POINT('',(-3.212823501163,6.941031976744,5.));
#14003 = ORIENTED_EDGE('',*,*,#14004,.F.);
#14004 = EDGE_CURVE('',#14005,#13992,#14007,.T.);
#14005 = VERTEX_POINT('',#14006);
#14006 = CARTESIAN_POINT('',(-3.131500826744,7.03707122093,5.));
#14007 = B_SPLINE_CURVE_WITH_KNOTS('',4,(#14008,#14009,#14010,#14011,
    #14012),.UNSPECIFIED.,.F.,.F.,(5,5),(0.,1.),
  .PIECEWISE_BEZIER_KNOTS.);
#14008 = CARTESIAN_POINT('',(-3.131500826744,7.03707122093,5.));
#14009 = CARTESIAN_POINT('',(-3.120866793137,7.026873455368,5.));
#14010 = CARTESIAN_POINT('',(-3.107916449303,7.017623856519,5.));
#14011 = CARTESIAN_POINT('',(-3.092653891045,7.009322929567,5.));
#14012 = CARTESIAN_POINT('',(-3.075087309302,7.001969476744,5.));
#14013 = ORIENTED_EDGE('',*,*,#14014,.F.);
#14014 = EDGE_CURVE('',#14015,#14005,#14017,.T.);
#14015 = VERTEX_POINT('',#14016);
#14016 = CARTESIAN_POINT('',(-3.22961129186,7.168539244186,5.));
#14017 = B_SPLINE_CURVE_WITH_KNOTS('',5,(#14018,#14019,#14020,#14021,
    #14022,#14023),.UNSPECIFIED.,.F.,.F.,(6,6),(0.,1.),
  .PIECEWISE_BEZIER_KNOTS.);
#14018 = CARTESIAN_POINT('',(-3.22961129186,7.168539244186,5.));
#14019 = CARTESIAN_POINT('',(-3.206610183308,7.131975040637,5.));
#14020 = CARTESIAN_POINT('',(-3.185244706956,7.100414636754,5.));
#14021 = CARTESIAN_POINT('',(-3.165573582942,7.074005454272,5.));
#14022 = CARTESIAN_POINT('',(-3.147646675766,7.052865595687,5.));
#14023 = CARTESIAN_POINT('',(-3.131500826744,7.03707122093,5.));
#14024 = ORIENTED_EDGE('',*,*,#14025,.F.);
#14025 = EDGE_CURVE('',#14026,#14015,#14028,.T.);
#14026 = VERTEX_POINT('',#14027);
#14027 = CARTESIAN_POINT('',(-3.310552425581,7.298372093023,5.));
#14028 = LINE('',#14029,#14030);
#14029 = CARTESIAN_POINT('',(-2.734415996594,6.374225982688,5.));
#14030 = VECTOR('',#14031,1.);
#14031 = DIRECTION('',(0.529037913636,-0.848598188742,0.));
#14032 = ORIENTED_EDGE('',*,*,#14033,.F.);
#14033 = EDGE_CURVE('',#14034,#14026,#14036,.T.);
#14034 = VERTEX_POINT('',#14035);
#14035 = CARTESIAN_POINT('',(-3.179738472093,7.298372093023,5.));
#14036 = LINE('',#14037,#14038);
#14037 = CARTESIAN_POINT('',(-1.655276212791,7.298372093023,5.));
#14038 = VECTOR('',#14039,1.);
#14039 = DIRECTION('',(-1.,3.694383180982E-16,0.));
#14040 = ORIENTED_EDGE('',*,*,#14041,.F.);
#14041 = EDGE_CURVE('',#14042,#14034,#14044,.T.);
#14042 = VERTEX_POINT('',#14043);
#14043 = CARTESIAN_POINT('',(-3.120872193023,7.193884447674,5.));
#14044 = LINE('',#14045,#14046);
#14045 = CARTESIAN_POINT('',(-2.72774321117,6.496080504885,5.));
#14046 = VECTOR('',#14047,1.);
#14047 = DIRECTION('',(-0.490843733941,0.871247627745,0.));
#14048 = ORIENTED_EDGE('',*,*,#14049,.F.);
#14049 = EDGE_CURVE('',#14050,#14042,#14052,.T.);
#14050 = VERTEX_POINT('',#14051);
#14051 = CARTESIAN_POINT('',(-3.008862745349,7.039523982558,5.));
#14052 = B_SPLINE_CURVE_WITH_KNOTS('',5,(#14053,#14054,#14055,#14056,
    #14057,#14058),.UNSPECIFIED.,.F.,.F.,(6,6),(0.,1.),
  .PIECEWISE_BEZIER_KNOTS.);
#14053 = CARTESIAN_POINT('',(-3.008862745349,7.039523982558,5.));
#14054 = CARTESIAN_POINT('',(-3.026104511591,7.052123734812,5.));
#14055 = CARTESIAN_POINT('',(-3.04605088728,7.074153325973,5.));
#14056 = CARTESIAN_POINT('',(-3.068603131051,7.105421246517,5.));
#14057 = CARTESIAN_POINT('',(-3.093604192146,7.145507806117,5.));
#14058 = CARTESIAN_POINT('',(-3.120872193023,7.193884447674,5.));
#14059 = ORIENTED_EDGE('',*,*,#14060,.F.);
#14060 = EDGE_CURVE('',#14061,#14050,#14063,.T.);
#14061 = VERTEX_POINT('',#14062);
#14062 = CARTESIAN_POINT('',(-2.923016088372,7.016686046512,5.));
#14063 = B_SPLINE_CURVE_WITH_KNOTS('',4,(#14064,#14065,#14066,#14067,
    #14068),.UNSPECIFIED.,.F.,.F.,(5,5),(0.,1.),
  .PIECEWISE_BEZIER_KNOTS.);
#14064 = CARTESIAN_POINT('',(-2.923016088372,7.016686046512,5.));
#14065 = CARTESIAN_POINT('',(-2.951161173526,7.016686046512,5.));
#14066 = CARTESIAN_POINT('',(-2.974885535867,7.020475700555,5.));
#14067 = CARTESIAN_POINT('',(-2.994126031374,7.028089384122,5.));
#14068 = CARTESIAN_POINT('',(-3.008862745349,7.039523982558,5.));
#14069 = ORIENTED_EDGE('',*,*,#14070,.F.);
#14070 = EDGE_CURVE('',#14071,#14061,#14073,.T.);
#14071 = VERTEX_POINT('',#14072);
#14072 = CARTESIAN_POINT('',(-2.860061873256,7.016686046512,5.));
#14073 = LINE('',#14074,#14075);
#14074 = CARTESIAN_POINT('',(-1.461508044186,7.016686046512,5.));
#14075 = VECTOR('',#14076,1.);
#14076 = DIRECTION('',(-1.,3.694383180982E-16,0.));
#14077 = ORIENTED_EDGE('',*,*,#14078,.F.);
#14078 = EDGE_CURVE('',#14079,#14071,#14081,.T.);
#14079 = VERTEX_POINT('',#14080);
#14080 = CARTESIAN_POINT('',(-2.860061873256,7.298372093023,5.));
#14081 = LINE('',#14082,#14083);
#14082 = CARTESIAN_POINT('',(-2.860061873256,6.996293242262,5.));
#14083 = VECTOR('',#14084,1.);
#14084 = DIRECTION('',(-3.694383180982E-16,-1.,0.));
#14085 = ORIENTED_EDGE('',*,*,#14086,.F.);
#14086 = EDGE_CURVE('',#13926,#14079,#14087,.T.);
#14087 = LINE('',#14088,#14089);
#14088 = CARTESIAN_POINT('',(-1.430030936628,7.298372093023,5.));
#14089 = VECTOR('',#14090,1.);
#14090 = DIRECTION('',(-1.,3.694383180982E-16,0.));
#14091 = PLANE('',#14092);
#14092 = AXIS2_PLACEMENT_3D('',#14093,#14094,#14095);
#14093 = CARTESIAN_POINT('',(1.09442178452E-16,6.975900438011,5.));
#14094 = DIRECTION('',(0.,0.,1.));
#14095 = DIRECTION('',(1.,0.,0.));
#14096 = ADVANCED_FACE('',(#14097),#14109,.T.);
#14097 = FACE_BOUND('',#14098,.T.);
#14098 = EDGE_LOOP('',(#14099,#14100,#14101,#14102,#14103,#14104,#14105,
    #14106,#14107,#14108));
#14099 = ORIENTED_EDGE('',*,*,#13486,.F.);
#14100 = ORIENTED_EDGE('',*,*,#13758,.F.);
#14101 = ORIENTED_EDGE('',*,*,#13727,.F.);
#14102 = ORIENTED_EDGE('',*,*,#13696,.F.);
#14103 = ORIENTED_EDGE('',*,*,#13665,.F.);
#14104 = ORIENTED_EDGE('',*,*,#13637,.F.);
#14105 = ORIENTED_EDGE('',*,*,#13606,.F.);
#14106 = ORIENTED_EDGE('',*,*,#13575,.F.);
#14107 = ORIENTED_EDGE('',*,*,#13546,.F.);
#14108 = ORIENTED_EDGE('',*,*,#13522,.F.);
#14109 = PLANE('',#14110);
#14110 = AXIS2_PLACEMENT_3D('',#14111,#14112,#14113);
#14111 = CARTESIAN_POINT('',(1.09442178452E-16,6.975900438011,5.));
#14112 = DIRECTION('',(0.,0.,1.));
#14113 = DIRECTION('',(1.,0.,0.));
#14114 = ADVANCED_FACE('',(#14115),#14122,.T.);
#14115 = FACE_BOUND('',#14116,.T.);
#14116 = EDGE_LOOP('',(#14117,#14118,#14119,#14120,#14121));
#14117 = ORIENTED_EDGE('',*,*,#13780,.F.);
#14118 = ORIENTED_EDGE('',*,*,#13892,.F.);
#14119 = ORIENTED_EDGE('',*,*,#13863,.F.);
#14120 = ORIENTED_EDGE('',*,*,#13835,.F.);
#14121 = ORIENTED_EDGE('',*,*,#13811,.F.);
#14122 = PLANE('',#14123);
#14123 = AXIS2_PLACEMENT_3D('',#14124,#14125,#14126);
#14124 = CARTESIAN_POINT('',(1.09442178452E-16,6.975900438011,5.));
#14125 = DIRECTION('',(0.,0.,1.));
#14126 = DIRECTION('',(1.,0.,0.));
#14127 = ADVANCED_FACE('',(#14128),#14153,.T.);
#14128 = FACE_BOUND('',#14129,.T.);
#14129 = EDGE_LOOP('',(#14130,#14131,#14139,#14147));
#14130 = ORIENTED_EDGE('',*,*,#13923,.T.);
#14131 = ORIENTED_EDGE('',*,*,#14132,.T.);
#14132 = EDGE_CURVE('',#13926,#14133,#14135,.T.);
#14133 = VERTEX_POINT('',#14134);
#14134 = CARTESIAN_POINT('',(-2.752957948837,7.298372093023,5.18));
#14135 = LINE('',#14136,#14137);
#14136 = CARTESIAN_POINT('',(-2.752957948837,7.298372093023,4.98));
#14137 = VECTOR('',#14138,1.);
#14138 = DIRECTION('',(1.962471068511E-16,4.440892098501E-16,1.));
#14139 = ORIENTED_EDGE('',*,*,#14140,.T.);
#14140 = EDGE_CURVE('',#14133,#14141,#14143,.T.);
#14141 = VERTEX_POINT('',#14142);
#14142 = CARTESIAN_POINT('',(-2.752957948837,6.632093023256,5.18));
#14143 = LINE('',#14144,#14145);
#14144 = CARTESIAN_POINT('',(-2.752957948837,7.298372093023,5.18));
#14145 = VECTOR('',#14146,1.);
#14146 = DIRECTION('',(-3.694383180982E-16,-1.,4.440892098501E-16));
#14147 = ORIENTED_EDGE('',*,*,#14148,.F.);
#14148 = EDGE_CURVE('',#13924,#14141,#14149,.T.);
#14149 = LINE('',#14150,#14151);
#14150 = CARTESIAN_POINT('',(-2.752957948837,6.632093023256,4.98));
#14151 = VECTOR('',#14152,1.);
#14152 = DIRECTION('',(1.962471068511E-16,4.440892098501E-16,1.));
#14153 = PLANE('',#14154);
#14154 = AXIS2_PLACEMENT_3D('',#14155,#14156,#14157);
#14155 = CARTESIAN_POINT('',(-2.752957948837,7.298372093023,4.98));
#14156 = DIRECTION('',(1.,-3.694383180982E-16,-1.962471068511E-16));
#14157 = DIRECTION('',(-3.694383180982E-16,-1.,4.440892098501E-16));
#14158 = ADVANCED_FACE('',(#14159),#14177,.T.);
#14159 = FACE_BOUND('',#14160,.T.);
#14160 = EDGE_LOOP('',(#14161,#14162,#14170,#14176));
#14161 = ORIENTED_EDGE('',*,*,#14086,.T.);
#14162 = ORIENTED_EDGE('',*,*,#14163,.T.);
#14163 = EDGE_CURVE('',#14079,#14164,#14166,.T.);
#14164 = VERTEX_POINT('',#14165);
#14165 = CARTESIAN_POINT('',(-2.860061873256,7.298372093023,5.18));
#14166 = LINE('',#14167,#14168);
#14167 = CARTESIAN_POINT('',(-2.860061873256,7.298372093023,4.98));
#14168 = VECTOR('',#14169,1.);
#14169 = DIRECTION('',(1.962471068511E-16,4.440892098501E-16,1.));
#14170 = ORIENTED_EDGE('',*,*,#14171,.T.);
#14171 = EDGE_CURVE('',#14164,#14133,#14172,.T.);
#14172 = LINE('',#14173,#14174);
#14173 = CARTESIAN_POINT('',(-2.860061873256,7.298372093023,5.18));
#14174 = VECTOR('',#14175,1.);
#14175 = DIRECTION('',(1.,-3.694383180982E-16,-1.962471068511E-16));
#14176 = ORIENTED_EDGE('',*,*,#14132,.F.);
#14177 = PLANE('',#14178);
#14178 = AXIS2_PLACEMENT_3D('',#14179,#14180,#14181);
#14179 = CARTESIAN_POINT('',(-2.860061873256,7.298372093023,4.98));
#14180 = DIRECTION('',(3.694383180982E-16,1.,-4.440892098501E-16));
#14181 = DIRECTION('',(1.,-3.694383180982E-16,-1.962471068511E-16));
#14182 = ADVANCED_FACE('',(#14183),#14201,.T.);
#14183 = FACE_BOUND('',#14184,.T.);
#14184 = EDGE_LOOP('',(#14185,#14186,#14194,#14200));
#14185 = ORIENTED_EDGE('',*,*,#14078,.T.);
#14186 = ORIENTED_EDGE('',*,*,#14187,.T.);
#14187 = EDGE_CURVE('',#14071,#14188,#14190,.T.);
#14188 = VERTEX_POINT('',#14189);
#14189 = CARTESIAN_POINT('',(-2.860061873256,7.016686046512,5.18));
#14190 = LINE('',#14191,#14192);
#14191 = CARTESIAN_POINT('',(-2.860061873256,7.016686046512,4.98));
#14192 = VECTOR('',#14193,1.);
#14193 = DIRECTION('',(1.962471068511E-16,4.440892098501E-16,1.));
#14194 = ORIENTED_EDGE('',*,*,#14195,.T.);
#14195 = EDGE_CURVE('',#14188,#14164,#14196,.T.);
#14196 = LINE('',#14197,#14198);
#14197 = CARTESIAN_POINT('',(-2.860061873256,7.016686046512,5.18));
#14198 = VECTOR('',#14199,1.);
#14199 = DIRECTION('',(3.694383180982E-16,1.,-4.440892098501E-16));
#14200 = ORIENTED_EDGE('',*,*,#14163,.F.);
#14201 = PLANE('',#14202);
#14202 = AXIS2_PLACEMENT_3D('',#14203,#14204,#14205);
#14203 = CARTESIAN_POINT('',(-2.860061873256,7.016686046512,4.98));
#14204 = DIRECTION('',(-1.,3.694383180982E-16,1.962471068511E-16));
#14205 = DIRECTION('',(3.694383180982E-16,1.,-4.440892098501E-16));
#14206 = ADVANCED_FACE('',(#14207),#14225,.T.);
#14207 = FACE_BOUND('',#14208,.T.);
#14208 = EDGE_LOOP('',(#14209,#14210,#14218,#14224));
#14209 = ORIENTED_EDGE('',*,*,#14070,.T.);
#14210 = ORIENTED_EDGE('',*,*,#14211,.T.);
#14211 = EDGE_CURVE('',#14061,#14212,#14214,.T.);
#14212 = VERTEX_POINT('',#14213);
#14213 = CARTESIAN_POINT('',(-2.923016088372,7.016686046512,5.18));
#14214 = LINE('',#14215,#14216);
#14215 = CARTESIAN_POINT('',(-2.923016088372,7.016686046512,4.98));
#14216 = VECTOR('',#14217,1.);
#14217 = DIRECTION('',(1.962471068511E-16,4.440892098501E-16,1.));
#14218 = ORIENTED_EDGE('',*,*,#14219,.T.);
#14219 = EDGE_CURVE('',#14212,#14188,#14220,.T.);
#14220 = LINE('',#14221,#14222);
#14221 = CARTESIAN_POINT('',(-2.923016088372,7.016686046512,5.18));
#14222 = VECTOR('',#14223,1.);
#14223 = DIRECTION('',(1.,-3.694383180982E-16,-1.962471068511E-16));
#14224 = ORIENTED_EDGE('',*,*,#14187,.F.);
#14225 = PLANE('',#14226);
#14226 = AXIS2_PLACEMENT_3D('',#14227,#14228,#14229);
#14227 = CARTESIAN_POINT('',(-2.923016088372,7.016686046512,4.98));
#14228 = DIRECTION('',(3.694383180982E-16,1.,-4.440892098501E-16));
#14229 = DIRECTION('',(1.,-3.694383180982E-16,-1.962471068511E-16));
#14230 = ADVANCED_FACE('',(#14231),#14249,.T.);
#14231 = FACE_BOUND('',#14232,.T.);
#14232 = EDGE_LOOP('',(#14233,#14234,#14242,#14248));
#14233 = ORIENTED_EDGE('',*,*,#14060,.T.);
#14234 = ORIENTED_EDGE('',*,*,#14235,.T.);
#14235 = EDGE_CURVE('',#14050,#14236,#14238,.T.);
#14236 = VERTEX_POINT('',#14237);
#14237 = CARTESIAN_POINT('',(-3.008862745349,7.039523982558,5.18));
#14238 = LINE('',#14239,#14240);
#14239 = CARTESIAN_POINT('',(-3.008862745349,7.039523982558,4.98));
#14240 = VECTOR('',#14241,1.);
#14241 = DIRECTION('',(1.962471068511E-16,4.440892098501E-16,1.));
#14242 = ORIENTED_EDGE('',*,*,#14243,.T.);
#14243 = EDGE_CURVE('',#14236,#14212,#14244,.T.);
#14244 = B_SPLINE_CURVE_WITH_KNOTS('',2,(#14245,#14246,#14247),
  .UNSPECIFIED.,.F.,.F.,(3,3),(0.,1.),.PIECEWISE_BEZIER_KNOTS.);
#14245 = CARTESIAN_POINT('',(-3.008862745349,7.039523982558,5.18));
#14246 = CARTESIAN_POINT('',(-2.979429605814,7.016686046512,5.18));
#14247 = CARTESIAN_POINT('',(-2.923016088372,7.016686046512,5.18));
#14248 = ORIENTED_EDGE('',*,*,#14211,.F.);
#14249 = SURFACE_OF_LINEAR_EXTRUSION('',#14250,#14254);
#14250 = B_SPLINE_CURVE_WITH_KNOTS('',2,(#14251,#14252,#14253),
  .UNSPECIFIED.,.F.,.F.,(3,3),(0.,1.),.PIECEWISE_BEZIER_KNOTS.);
#14251 = CARTESIAN_POINT('',(-3.008862745349,7.039523982558,4.98));
#14252 = CARTESIAN_POINT('',(-2.979429605814,7.016686046512,4.98));
#14253 = CARTESIAN_POINT('',(-2.923016088372,7.016686046512,4.98));
#14254 = VECTOR('',#14255,1.);
#14255 = DIRECTION('',(-1.962471068511E-16,-4.440892098501E-16,-1.));
#14256 = ADVANCED_FACE('',(#14257),#14275,.T.);
#14257 = FACE_BOUND('',#14258,.T.);
#14258 = EDGE_LOOP('',(#14259,#14260,#14268,#14274));
#14259 = ORIENTED_EDGE('',*,*,#14049,.T.);
#14260 = ORIENTED_EDGE('',*,*,#14261,.T.);
#14261 = EDGE_CURVE('',#14042,#14262,#14264,.T.);
#14262 = VERTEX_POINT('',#14263);
#14263 = CARTESIAN_POINT('',(-3.120872193023,7.193884447674,5.18));
#14264 = LINE('',#14265,#14266);
#14265 = CARTESIAN_POINT('',(-3.120872193023,7.193884447674,4.98));
#14266 = VECTOR('',#14267,1.);
#14267 = DIRECTION('',(1.962471068511E-16,4.440892098501E-16,1.));
#14268 = ORIENTED_EDGE('',*,*,#14269,.T.);
#14269 = EDGE_CURVE('',#14262,#14236,#14270,.T.);
#14270 = B_SPLINE_CURVE_WITH_KNOTS('',2,(#14271,#14272,#14273),
  .UNSPECIFIED.,.F.,.F.,(3,3),(0.,1.),.PIECEWISE_BEZIER_KNOTS.);
#14271 = CARTESIAN_POINT('',(-3.120872193023,7.193884447674,5.18));
#14272 = CARTESIAN_POINT('',(-3.051377280233,7.070592296512,5.18));
#14273 = CARTESIAN_POINT('',(-3.008862745349,7.039523982558,5.18));
#14274 = ORIENTED_EDGE('',*,*,#14235,.F.);
#14275 = SURFACE_OF_LINEAR_EXTRUSION('',#14276,#14280);
#14276 = B_SPLINE_CURVE_WITH_KNOTS('',2,(#14277,#14278,#14279),
  .UNSPECIFIED.,.F.,.F.,(3,3),(0.,1.),.PIECEWISE_BEZIER_KNOTS.);
#14277 = CARTESIAN_POINT('',(-3.120872193023,7.193884447674,4.98));
#14278 = CARTESIAN_POINT('',(-3.051377280233,7.070592296512,4.98));
#14279 = CARTESIAN_POINT('',(-3.008862745349,7.039523982558,4.98));
#14280 = VECTOR('',#14281,1.);
#14281 = DIRECTION('',(-1.962471068511E-16,-4.440892098501E-16,-1.));
#14282 = ADVANCED_FACE('',(#14283),#14301,.T.);
#14283 = FACE_BOUND('',#14284,.T.);
#14284 = EDGE_LOOP('',(#14285,#14286,#14294,#14300));
#14285 = ORIENTED_EDGE('',*,*,#14041,.T.);
#14286 = ORIENTED_EDGE('',*,*,#14287,.T.);
#14287 = EDGE_CURVE('',#14034,#14288,#14290,.T.);
#14288 = VERTEX_POINT('',#14289);
#14289 = CARTESIAN_POINT('',(-3.179738472093,7.298372093023,5.18));
#14290 = LINE('',#14291,#14292);
#14291 = CARTESIAN_POINT('',(-3.179738472093,7.298372093023,4.98));
#14292 = VECTOR('',#14293,1.);
#14293 = DIRECTION('',(1.962471068511E-16,4.440892098501E-16,1.));
#14294 = ORIENTED_EDGE('',*,*,#14295,.T.);
#14295 = EDGE_CURVE('',#14288,#14262,#14296,.T.);
#14296 = LINE('',#14297,#14298);
#14297 = CARTESIAN_POINT('',(-3.179738472093,7.298372093023,5.18));
#14298 = VECTOR('',#14299,1.);
#14299 = DIRECTION('',(0.490843733941,-0.871247627745,2.905850078871E-16
    ));
#14300 = ORIENTED_EDGE('',*,*,#14261,.F.);
#14301 = PLANE('',#14302);
#14302 = AXIS2_PLACEMENT_3D('',#14303,#14304,#14305);
#14303 = CARTESIAN_POINT('',(-3.179738472093,7.298372093023,4.98));
#14304 = DIRECTION('',(0.871247627745,0.490843733941,-3.889582322614E-16
    ));
#14305 = DIRECTION('',(0.490843733941,-0.871247627745,2.905850078871E-16
    ));
#14306 = ADVANCED_FACE('',(#14307),#14325,.T.);
#14307 = FACE_BOUND('',#14308,.T.);
#14308 = EDGE_LOOP('',(#14309,#14310,#14318,#14324));
#14309 = ORIENTED_EDGE('',*,*,#14033,.T.);
#14310 = ORIENTED_EDGE('',*,*,#14311,.T.);
#14311 = EDGE_CURVE('',#14026,#14312,#14314,.T.);
#14312 = VERTEX_POINT('',#14313);
#14313 = CARTESIAN_POINT('',(-3.310552425581,7.298372093023,5.18));
#14314 = LINE('',#14315,#14316);
#14315 = CARTESIAN_POINT('',(-3.310552425581,7.298372093023,4.98));
#14316 = VECTOR('',#14317,1.);
#14317 = DIRECTION('',(1.962471068511E-16,4.440892098501E-16,1.));
#14318 = ORIENTED_EDGE('',*,*,#14319,.T.);
#14319 = EDGE_CURVE('',#14312,#14288,#14320,.T.);
#14320 = LINE('',#14321,#14322);
#14321 = CARTESIAN_POINT('',(-3.310552425581,7.298372093023,5.18));
#14322 = VECTOR('',#14323,1.);
#14323 = DIRECTION('',(1.,-3.694383180982E-16,-1.962471068511E-16));
#14324 = ORIENTED_EDGE('',*,*,#14287,.F.);
#14325 = PLANE('',#14326);
#14326 = AXIS2_PLACEMENT_3D('',#14327,#14328,#14329);
#14327 = CARTESIAN_POINT('',(-3.310552425581,7.298372093023,4.98));
#14328 = DIRECTION('',(3.694383180982E-16,1.,-4.440892098501E-16));
#14329 = DIRECTION('',(1.,-3.694383180982E-16,-1.962471068511E-16));
#14330 = ADVANCED_FACE('',(#14331),#14349,.T.);
#14331 = FACE_BOUND('',#14332,.T.);
#14332 = EDGE_LOOP('',(#14333,#14334,#14342,#14348));
#14333 = ORIENTED_EDGE('',*,*,#14025,.T.);
#14334 = ORIENTED_EDGE('',*,*,#14335,.T.);
#14335 = EDGE_CURVE('',#14015,#14336,#14338,.T.);
#14336 = VERTEX_POINT('',#14337);
#14337 = CARTESIAN_POINT('',(-3.22961129186,7.168539244186,5.18));
#14338 = LINE('',#14339,#14340);
#14339 = CARTESIAN_POINT('',(-3.22961129186,7.168539244186,4.98));
#14340 = VECTOR('',#14341,1.);
#14341 = DIRECTION('',(1.962471068511E-16,4.440892098501E-16,1.));
#14342 = ORIENTED_EDGE('',*,*,#14343,.T.);
#14343 = EDGE_CURVE('',#14336,#14312,#14344,.T.);
#14344 = LINE('',#14345,#14346);
#14345 = CARTESIAN_POINT('',(-3.22961129186,7.168539244186,5.18));
#14346 = VECTOR('',#14347,1.);
#14347 = DIRECTION('',(-0.529037913636,0.848598188742,
    -2.730311391528E-16));
#14348 = ORIENTED_EDGE('',*,*,#14311,.F.);
#14349 = PLANE('',#14350);
#14350 = AXIS2_PLACEMENT_3D('',#14351,#14352,#14353);
#14351 = CARTESIAN_POINT('',(-3.22961129186,7.168539244186,4.98));
#14352 = DIRECTION('',(-0.848598188742,-0.529037913636,4.01474968467E-16
    ));
#14353 = DIRECTION('',(-0.529037913636,0.848598188742,
    -2.730311391528E-16));
#14354 = ADVANCED_FACE('',(#14355),#14373,.T.);
#14355 = FACE_BOUND('',#14356,.T.);
#14356 = EDGE_LOOP('',(#14357,#14358,#14366,#14372));
#14357 = ORIENTED_EDGE('',*,*,#14014,.T.);
#14358 = ORIENTED_EDGE('',*,*,#14359,.T.);
#14359 = EDGE_CURVE('',#14005,#14360,#14362,.T.);
#14360 = VERTEX_POINT('',#14361);
#14361 = CARTESIAN_POINT('',(-3.131500826744,7.03707122093,5.18));
#14362 = LINE('',#14363,#14364);
#14363 = CARTESIAN_POINT('',(-3.131500826744,7.03707122093,4.98));
#14364 = VECTOR('',#14365,1.);
#14365 = DIRECTION('',(1.962471068511E-16,4.440892098501E-16,1.));
#14366 = ORIENTED_EDGE('',*,*,#14367,.T.);
#14367 = EDGE_CURVE('',#14360,#14336,#14368,.T.);
#14368 = B_SPLINE_CURVE_WITH_KNOTS('',2,(#14369,#14370,#14371),
  .UNSPECIFIED.,.F.,.F.,(3,3),(0.,1.),.PIECEWISE_BEZIER_KNOTS.);
#14369 = CARTESIAN_POINT('',(-3.131500826744,7.03707122093,5.18));
#14370 = CARTESIAN_POINT('',(-3.1715626,7.076260901163,5.18));
#14371 = CARTESIAN_POINT('',(-3.22961129186,7.168539244186,5.18));
#14372 = ORIENTED_EDGE('',*,*,#14335,.F.);
#14373 = SURFACE_OF_LINEAR_EXTRUSION('',#14374,#14378);
#14374 = B_SPLINE_CURVE_WITH_KNOTS('',2,(#14375,#14376,#14377),
  .UNSPECIFIED.,.F.,.F.,(3,3),(0.,1.),.PIECEWISE_BEZIER_KNOTS.);
#14375 = CARTESIAN_POINT('',(-3.131500826744,7.03707122093,4.98));
#14376 = CARTESIAN_POINT('',(-3.1715626,7.076260901163,4.98));
#14377 = CARTESIAN_POINT('',(-3.22961129186,7.168539244186,4.98));
#14378 = VECTOR('',#14379,1.);
#14379 = DIRECTION('',(-1.962471068511E-16,-4.440892098501E-16,-1.));
#14380 = ADVANCED_FACE('',(#14381),#14399,.T.);
#14381 = FACE_BOUND('',#14382,.T.);
#14382 = EDGE_LOOP('',(#14383,#14384,#14392,#14398));
#14383 = ORIENTED_EDGE('',*,*,#14004,.T.);
#14384 = ORIENTED_EDGE('',*,*,#14385,.T.);
#14385 = EDGE_CURVE('',#13992,#14386,#14388,.T.);
#14386 = VERTEX_POINT('',#14387);
#14387 = CARTESIAN_POINT('',(-3.075087309302,7.001969476744,5.18));
#14388 = LINE('',#14389,#14390);
#14389 = CARTESIAN_POINT('',(-3.075087309302,7.001969476744,4.98));
#14390 = VECTOR('',#14391,1.);
#14391 = DIRECTION('',(1.962471068511E-16,4.440892098501E-16,1.));
#14392 = ORIENTED_EDGE('',*,*,#14393,.T.);
#14393 = EDGE_CURVE('',#14386,#14360,#14394,.T.);
#14394 = B_SPLINE_CURVE_WITH_KNOTS('',2,(#14395,#14396,#14397),
  .UNSPECIFIED.,.F.,.F.,(3,3),(0.,1.),.PIECEWISE_BEZIER_KNOTS.);
#14395 = CARTESIAN_POINT('',(-3.075087309302,7.001969476744,5.18));
#14396 = CARTESIAN_POINT('',(-3.110243559302,7.016686046512,5.18));
#14397 = CARTESIAN_POINT('',(-3.131500826744,7.03707122093,5.18));
#14398 = ORIENTED_EDGE('',*,*,#14359,.F.);
#14399 = SURFACE_OF_LINEAR_EXTRUSION('',#14400,#14404);
#14400 = B_SPLINE_CURVE_WITH_KNOTS('',2,(#14401,#14402,#14403),
  .UNSPECIFIED.,.F.,.F.,(3,3),(0.,1.),.PIECEWISE_BEZIER_KNOTS.);
#14401 = CARTESIAN_POINT('',(-3.075087309302,7.001969476744,4.98));
#14402 = CARTESIAN_POINT('',(-3.110243559302,7.016686046512,4.98));
#14403 = CARTESIAN_POINT('',(-3.131500826744,7.03707122093,4.98));
#14404 = VECTOR('',#14405,1.);
#14405 = DIRECTION('',(-1.962471068511E-16,-4.440892098501E-16,-1.));
#14406 = ADVANCED_FACE('',(#14407),#14425,.T.);
#14407 = FACE_BOUND('',#14408,.T.);
#14408 = EDGE_LOOP('',(#14409,#14410,#14418,#14424));
#14409 = ORIENTED_EDGE('',*,*,#13991,.T.);
#14410 = ORIENTED_EDGE('',*,*,#14411,.T.);
#14411 = EDGE_CURVE('',#13979,#14412,#14414,.T.);
#14412 = VERTEX_POINT('',#14413);
#14413 = CARTESIAN_POINT('',(-3.212823501163,6.941031976744,5.18));
#14414 = LINE('',#14415,#14416);
#14415 = CARTESIAN_POINT('',(-3.212823501163,6.941031976744,4.98));
#14416 = VECTOR('',#14417,1.);
#14417 = DIRECTION('',(1.962471068511E-16,4.440892098501E-16,1.));
#14418 = ORIENTED_EDGE('',*,*,#14419,.T.);
#14419 = EDGE_CURVE('',#14412,#14386,#14420,.T.);
#14420 = B_SPLINE_CURVE_WITH_KNOTS('',2,(#14421,#14422,#14423),
  .UNSPECIFIED.,.F.,.F.,(3,3),(0.,1.),.PIECEWISE_BEZIER_KNOTS.);
#14421 = CARTESIAN_POINT('',(-3.212823501163,6.941031976744,5.18));
#14422 = CARTESIAN_POINT('',(-3.160933966279,6.995374273256,5.18));
#14423 = CARTESIAN_POINT('',(-3.075087309302,7.001969476744,5.18));
#14424 = ORIENTED_EDGE('',*,*,#14385,.F.);
#14425 = SURFACE_OF_LINEAR_EXTRUSION('',#14426,#14430);
#14426 = B_SPLINE_CURVE_WITH_KNOTS('',2,(#14427,#14428,#14429),
  .UNSPECIFIED.,.F.,.F.,(3,3),(0.,1.),.PIECEWISE_BEZIER_KNOTS.);
#14427 = CARTESIAN_POINT('',(-3.212823501163,6.941031976744,4.98));
#14428 = CARTESIAN_POINT('',(-3.160933966279,6.995374273256,4.98));
#14429 = CARTESIAN_POINT('',(-3.075087309302,7.001969476744,4.98));
#14430 = VECTOR('',#14431,1.);
#14431 = DIRECTION('',(-1.962471068511E-16,-4.440892098501E-16,-1.));
#14432 = ADVANCED_FACE('',(#14433),#14451,.T.);
#14433 = FACE_BOUND('',#14434,.T.);
#14434 = EDGE_LOOP('',(#14435,#14436,#14444,#14450));
#14435 = ORIENTED_EDGE('',*,*,#13978,.T.);
#14436 = ORIENTED_EDGE('',*,*,#14437,.T.);
#14437 = EDGE_CURVE('',#13966,#14438,#14440,.T.);
#14438 = VERTEX_POINT('',#14439);
#14439 = CARTESIAN_POINT('',(-3.26476754186,6.813324854651,5.18));
#14440 = LINE('',#14441,#14442);
#14441 = CARTESIAN_POINT('',(-3.26476754186,6.813324854651,4.98));
#14442 = VECTOR('',#14443,1.);
#14443 = DIRECTION('',(1.962471068511E-16,4.440892098501E-16,1.));
#14444 = ORIENTED_EDGE('',*,*,#14445,.T.);
#14445 = EDGE_CURVE('',#14438,#14412,#14446,.T.);
#14446 = B_SPLINE_CURVE_WITH_KNOTS('',2,(#14447,#14448,#14449),
  .UNSPECIFIED.,.F.,.F.,(3,3),(0.,1.),.PIECEWISE_BEZIER_KNOTS.);
#14447 = CARTESIAN_POINT('',(-3.26476754186,6.813324854651,5.18));
#14448 = CARTESIAN_POINT('',(-3.26476754186,6.886635174419,5.18));
#14449 = CARTESIAN_POINT('',(-3.212823501163,6.941031976744,5.18));
#14450 = ORIENTED_EDGE('',*,*,#14411,.F.);
#14451 = SURFACE_OF_LINEAR_EXTRUSION('',#14452,#14456);
#14452 = B_SPLINE_CURVE_WITH_KNOTS('',2,(#14453,#14454,#14455),
  .UNSPECIFIED.,.F.,.F.,(3,3),(0.,1.),.PIECEWISE_BEZIER_KNOTS.);
#14453 = CARTESIAN_POINT('',(-3.26476754186,6.813324854651,4.98));
#14454 = CARTESIAN_POINT('',(-3.26476754186,6.886635174419,4.98));
#14455 = CARTESIAN_POINT('',(-3.212823501163,6.941031976744,4.98));
#14456 = VECTOR('',#14457,1.);
#14457 = DIRECTION('',(-1.962471068511E-16,-4.440892098501E-16,-1.));
#14458 = ADVANCED_FACE('',(#14459),#14477,.T.);
#14459 = FACE_BOUND('',#14460,.T.);
#14460 = EDGE_LOOP('',(#14461,#14462,#14470,#14476));
#14461 = ORIENTED_EDGE('',*,*,#13965,.T.);
#14462 = ORIENTED_EDGE('',*,*,#14463,.T.);
#14463 = EDGE_CURVE('',#13953,#14464,#14466,.T.);
#14464 = VERTEX_POINT('',#14465);
#14465 = CARTESIAN_POINT('',(-3.233699227907,6.715323401163,5.18));
#14466 = LINE('',#14467,#14468);
#14467 = CARTESIAN_POINT('',(-3.233699227907,6.715323401163,4.98));
#14468 = VECTOR('',#14469,1.);
#14469 = DIRECTION('',(1.962471068511E-16,4.440892098501E-16,1.));
#14470 = ORIENTED_EDGE('',*,*,#14471,.T.);
#14471 = EDGE_CURVE('',#14464,#14438,#14472,.T.);
#14472 = B_SPLINE_CURVE_WITH_KNOTS('',2,(#14473,#14474,#14475),
  .UNSPECIFIED.,.F.,.F.,(3,3),(0.,1.),.PIECEWISE_BEZIER_KNOTS.);
#14473 = CARTESIAN_POINT('',(-3.233699227907,6.715323401163,5.18));
#14474 = CARTESIAN_POINT('',(-3.26476754186,6.761435319767,5.18));
#14475 = CARTESIAN_POINT('',(-3.26476754186,6.813324854651,5.18));
#14476 = ORIENTED_EDGE('',*,*,#14437,.F.);
#14477 = SURFACE_OF_LINEAR_EXTRUSION('',#14478,#14482);
#14478 = B_SPLINE_CURVE_WITH_KNOTS('',2,(#14479,#14480,#14481),
  .UNSPECIFIED.,.F.,.F.,(3,3),(0.,1.),.PIECEWISE_BEZIER_KNOTS.);
#14479 = CARTESIAN_POINT('',(-3.233699227907,6.715323401163,4.98));
#14480 = CARTESIAN_POINT('',(-3.26476754186,6.761435319767,4.98));
#14481 = CARTESIAN_POINT('',(-3.26476754186,6.813324854651,4.98));
#14482 = VECTOR('',#14483,1.);
#14483 = DIRECTION('',(-1.962471068511E-16,-4.440892098501E-16,-1.));
#14484 = ADVANCED_FACE('',(#14485),#14503,.T.);
#14485 = FACE_BOUND('',#14486,.T.);
#14486 = EDGE_LOOP('',(#14487,#14488,#14496,#14502));
#14487 = ORIENTED_EDGE('',*,*,#13952,.T.);
#14488 = ORIENTED_EDGE('',*,*,#14489,.T.);
#14489 = EDGE_CURVE('',#13942,#14490,#14492,.T.);
#14490 = VERTEX_POINT('',#14491);
#14491 = CARTESIAN_POINT('',(-3.150305332558,6.650625,5.18));
#14492 = LINE('',#14493,#14494);
#14493 = CARTESIAN_POINT('',(-3.150305332558,6.650625,4.98));
#14494 = VECTOR('',#14495,1.);
#14495 = DIRECTION('',(1.962471068511E-16,4.440892098501E-16,1.));
#14496 = ORIENTED_EDGE('',*,*,#14497,.T.);
#14497 = EDGE_CURVE('',#14490,#14464,#14498,.T.);
#14498 = B_SPLINE_CURVE_WITH_KNOTS('',2,(#14499,#14500,#14501),
  .UNSPECIFIED.,.F.,.F.,(3,3),(0.,1.),.PIECEWISE_BEZIER_KNOTS.);
#14499 = CARTESIAN_POINT('',(-3.150305332558,6.650625,5.18));
#14500 = CARTESIAN_POINT('',(-3.202630913953,6.669156976744,5.18));
#14501 = CARTESIAN_POINT('',(-3.233699227907,6.715323401163,5.18));
#14502 = ORIENTED_EDGE('',*,*,#14463,.F.);
#14503 = SURFACE_OF_LINEAR_EXTRUSION('',#14504,#14508);
#14504 = B_SPLINE_CURVE_WITH_KNOTS('',2,(#14505,#14506,#14507),
  .UNSPECIFIED.,.F.,.F.,(3,3),(0.,1.),.PIECEWISE_BEZIER_KNOTS.);
#14505 = CARTESIAN_POINT('',(-3.150305332558,6.650625,4.98));
#14506 = CARTESIAN_POINT('',(-3.202630913953,6.669156976744,4.98));
#14507 = CARTESIAN_POINT('',(-3.233699227907,6.715323401163,4.98));
#14508 = VECTOR('',#14509,1.);
#14509 = DIRECTION('',(-1.962471068511E-16,-4.440892098501E-16,-1.));
#14510 = ADVANCED_FACE('',(#14511),#14529,.T.);
#14511 = FACE_BOUND('',#14512,.T.);
#14512 = EDGE_LOOP('',(#14513,#14514,#14522,#14528));
#14513 = ORIENTED_EDGE('',*,*,#13941,.T.);
#14514 = ORIENTED_EDGE('',*,*,#14515,.T.);
#14515 = EDGE_CURVE('',#13934,#14516,#14518,.T.);
#14516 = VERTEX_POINT('',#14517);
#14517 = CARTESIAN_POINT('',(-2.981064780233,6.632093023256,5.18));
#14518 = LINE('',#14519,#14520);
#14519 = CARTESIAN_POINT('',(-2.981064780233,6.632093023256,4.98));
#14520 = VECTOR('',#14521,1.);
#14521 = DIRECTION('',(1.962471068511E-16,4.440892098501E-16,1.));
#14522 = ORIENTED_EDGE('',*,*,#14523,.T.);
#14523 = EDGE_CURVE('',#14516,#14490,#14524,.T.);
#14524 = B_SPLINE_CURVE_WITH_KNOTS('',2,(#14525,#14526,#14527),
  .UNSPECIFIED.,.F.,.F.,(3,3),(0.,1.),.PIECEWISE_BEZIER_KNOTS.);
#14525 = CARTESIAN_POINT('',(-2.981064780233,6.632093023256,5.18));
#14526 = CARTESIAN_POINT('',(-3.097979751163,6.632093023256,5.18));
#14527 = CARTESIAN_POINT('',(-3.150305332558,6.650625,5.18));
#14528 = ORIENTED_EDGE('',*,*,#14489,.F.);
#14529 = SURFACE_OF_LINEAR_EXTRUSION('',#14530,#14534);
#14530 = B_SPLINE_CURVE_WITH_KNOTS('',2,(#14531,#14532,#14533),
  .UNSPECIFIED.,.F.,.F.,(3,3),(0.,1.),.PIECEWISE_BEZIER_KNOTS.);
#14531 = CARTESIAN_POINT('',(-2.981064780233,6.632093023256,4.98));
#14532 = CARTESIAN_POINT('',(-3.097979751163,6.632093023256,4.98));
#14533 = CARTESIAN_POINT('',(-3.150305332558,6.650625,4.98));
#14534 = VECTOR('',#14535,1.);
#14535 = DIRECTION('',(-1.962471068511E-16,-4.440892098501E-16,-1.));
#14536 = ADVANCED_FACE('',(#14537),#14548,.T.);
#14537 = FACE_BOUND('',#14538,.T.);
#14538 = EDGE_LOOP('',(#14539,#14540,#14541,#14547));
#14539 = ORIENTED_EDGE('',*,*,#13933,.T.);
#14540 = ORIENTED_EDGE('',*,*,#14148,.T.);
#14541 = ORIENTED_EDGE('',*,*,#14542,.T.);
#14542 = EDGE_CURVE('',#14141,#14516,#14543,.T.);
#14543 = LINE('',#14544,#14545);
#14544 = CARTESIAN_POINT('',(-2.752957948837,6.632093023256,5.18));
#14545 = VECTOR('',#14546,1.);
#14546 = DIRECTION('',(-1.,3.694383180982E-16,1.962471068511E-16));
#14547 = ORIENTED_EDGE('',*,*,#14515,.F.);
#14548 = PLANE('',#14549);
#14549 = AXIS2_PLACEMENT_3D('',#14550,#14551,#14552);
#14550 = CARTESIAN_POINT('',(-2.752957948837,6.632093023256,4.98));
#14551 = DIRECTION('',(-3.694383180982E-16,-1.,4.440892098501E-16));
#14552 = DIRECTION('',(-1.,3.694383180982E-16,1.962471068511E-16));
#14553 = ADVANCED_FACE('',(#14554,#14573),#14639,.T.);
#14554 = FACE_BOUND('',#14555,.T.);
#14555 = EDGE_LOOP('',(#14556,#14557,#14558,#14559,#14560,#14561,#14562,
    #14563,#14564,#14565,#14566,#14567,#14568,#14569,#14570,#14571,
    #14572));
#14556 = ORIENTED_EDGE('',*,*,#14140,.F.);
#14557 = ORIENTED_EDGE('',*,*,#14171,.F.);
#14558 = ORIENTED_EDGE('',*,*,#14195,.F.);
#14559 = ORIENTED_EDGE('',*,*,#14219,.F.);
#14560 = ORIENTED_EDGE('',*,*,#14243,.F.);
#14561 = ORIENTED_EDGE('',*,*,#14269,.F.);
#14562 = ORIENTED_EDGE('',*,*,#14295,.F.);
#14563 = ORIENTED_EDGE('',*,*,#14319,.F.);
#14564 = ORIENTED_EDGE('',*,*,#14343,.F.);
#14565 = ORIENTED_EDGE('',*,*,#14367,.F.);
#14566 = ORIENTED_EDGE('',*,*,#14393,.F.);
#14567 = ORIENTED_EDGE('',*,*,#14419,.F.);
#14568 = ORIENTED_EDGE('',*,*,#14445,.F.);
#14569 = ORIENTED_EDGE('',*,*,#14471,.F.);
#14570 = ORIENTED_EDGE('',*,*,#14497,.F.);
#14571 = ORIENTED_EDGE('',*,*,#14523,.F.);
#14572 = ORIENTED_EDGE('',*,*,#14542,.F.);
#14573 = FACE_BOUND('',#14574,.T.);
#14574 = EDGE_LOOP('',(#14575,#14585,#14593,#14601,#14609,#14617,#14625,
    #14633));
#14575 = ORIENTED_EDGE('',*,*,#14576,.F.);
#14576 = EDGE_CURVE('',#14577,#14579,#14581,.T.);
#14577 = VERTEX_POINT('',#14578);
#14578 = CARTESIAN_POINT('',(-2.860061873256,6.92511627907,5.18));
#14579 = VERTEX_POINT('',#14580);
#14580 = CARTESIAN_POINT('',(-2.990058239535,6.92511627907,5.18));
#14581 = LINE('',#14582,#14583);
#14582 = CARTESIAN_POINT('',(-2.860061873256,6.92511627907,5.18));
#14583 = VECTOR('',#14584,1.);
#14584 = DIRECTION('',(-1.,3.694383180982E-16,1.962471068511E-16));
#14585 = ORIENTED_EDGE('',*,*,#14586,.F.);
#14586 = EDGE_CURVE('',#14587,#14577,#14589,.T.);
#14587 = VERTEX_POINT('',#14588);
#14588 = CARTESIAN_POINT('',(-2.860061873256,6.722027616279,5.18));
#14589 = LINE('',#14590,#14591);
#14590 = CARTESIAN_POINT('',(-2.860061873256,6.722027616279,5.18));
#14591 = VECTOR('',#14592,1.);
#14592 = DIRECTION('',(3.694383180982E-16,1.,-4.440892098501E-16));
#14593 = ORIENTED_EDGE('',*,*,#14594,.F.);
#14594 = EDGE_CURVE('',#14595,#14587,#14597,.T.);
#14595 = VERTEX_POINT('',#14596);
#14596 = CARTESIAN_POINT('',(-2.981882367442,6.722027616279,5.18));
#14597 = LINE('',#14598,#14599);
#14598 = CARTESIAN_POINT('',(-2.981882367442,6.722027616279,5.18));
#14599 = VECTOR('',#14600,1.);
#14600 = DIRECTION('',(1.,-3.694383180982E-16,-1.962471068511E-16));
#14601 = ORIENTED_EDGE('',*,*,#14602,.F.);
#14602 = EDGE_CURVE('',#14603,#14595,#14605,.T.);
#14603 = VERTEX_POINT('',#14604);
#14604 = CARTESIAN_POINT('',(-3.089367832558,6.733637354651,5.18));
#14605 = B_SPLINE_CURVE_WITH_KNOTS('',2,(#14606,#14607,#14608),
  .UNSPECIFIED.,.F.,.F.,(3,3),(0.,1.),.PIECEWISE_BEZIER_KNOTS.);
#14606 = CARTESIAN_POINT('',(-3.089367832558,6.733637354651,5.18));
#14607 = CARTESIAN_POINT('',(-3.060370739535,6.722027616279,5.18));
#14608 = CARTESIAN_POINT('',(-2.981882367442,6.722027616279,5.18));
#14609 = ORIENTED_EDGE('',*,*,#14610,.F.);
#14610 = EDGE_CURVE('',#14611,#14603,#14613,.T.);
#14611 = VERTEX_POINT('',#14612);
#14612 = CARTESIAN_POINT('',(-3.134771175581,6.768902616279,5.18));
#14613 = B_SPLINE_CURVE_WITH_KNOTS('',2,(#14614,#14615,#14616),
  .UNSPECIFIED.,.F.,.F.,(3,3),(0.,1.),.PIECEWISE_BEZIER_KNOTS.);
#14614 = CARTESIAN_POINT('',(-3.134771175581,6.768902616279,5.18));
#14615 = CARTESIAN_POINT('',(-3.118419431395,6.745247093023,5.18));
#14616 = CARTESIAN_POINT('',(-3.089367832558,6.733637354651,5.18));
#14617 = ORIENTED_EDGE('',*,*,#14618,.F.);
#14618 = EDGE_CURVE('',#14619,#14611,#14621,.T.);
#14619 = VERTEX_POINT('',#14620);
#14620 = CARTESIAN_POINT('',(-3.151122919767,6.822318313953,5.18));
#14621 = B_SPLINE_CURVE_WITH_KNOTS('',2,(#14622,#14623,#14624),
  .UNSPECIFIED.,.F.,.F.,(3,3),(0.,1.),.PIECEWISE_BEZIER_KNOTS.);
#14622 = CARTESIAN_POINT('',(-3.151122919767,6.822318313953,5.18));
#14623 = CARTESIAN_POINT('',(-3.151122919767,6.792503633721,5.18));
#14624 = CARTESIAN_POINT('',(-3.134771175581,6.768902616279,5.18));
#14625 = ORIENTED_EDGE('',*,*,#14626,.F.);
#14626 = EDGE_CURVE('',#14627,#14619,#14629,.T.);
#14627 = VERTEX_POINT('',#14628);
#14628 = CARTESIAN_POINT('',(-3.117165797674,6.896936773256,5.18));
#14629 = B_SPLINE_CURVE_WITH_KNOTS('',2,(#14630,#14631,#14632),
  .UNSPECIFIED.,.F.,.F.,(3,3),(0.,1.),.PIECEWISE_BEZIER_KNOTS.);
#14630 = CARTESIAN_POINT('',(-3.117165797674,6.896936773256,5.18));
#14631 = CARTESIAN_POINT('',(-3.151122919767,6.868757267442,5.18));
#14632 = CARTESIAN_POINT('',(-3.151122919767,6.822318313953,5.18));
#14633 = ORIENTED_EDGE('',*,*,#14634,.F.);
#14634 = EDGE_CURVE('',#14579,#14627,#14635,.T.);
#14635 = B_SPLINE_CURVE_WITH_KNOTS('',2,(#14636,#14637,#14638),
  .UNSPECIFIED.,.F.,.F.,(3,3),(0.,1.),.PIECEWISE_BEZIER_KNOTS.);
#14636 = CARTESIAN_POINT('',(-2.990058239535,6.92511627907,5.18));
#14637 = CARTESIAN_POINT('',(-3.083263181395,6.92511627907,5.18));
#14638 = CARTESIAN_POINT('',(-3.117165797674,6.896936773256,5.18));
#14639 = PLANE('',#14640);
#14640 = AXIS2_PLACEMENT_3D('',#14641,#14642,#14643);
#14641 = CARTESIAN_POINT('',(-3.013471060347,6.955121652991,5.18));
#14642 = DIRECTION('',(1.962471068511E-16,4.440892098501E-16,1.));
#14643 = DIRECTION('',(-1.,3.694383180982E-16,1.962471068511E-16));
#14644 = ADVANCED_FACE('',(#14645),#14670,.T.);
#14645 = FACE_BOUND('',#14646,.T.);
#14646 = EDGE_LOOP('',(#14647,#14657,#14663,#14664));
#14647 = ORIENTED_EDGE('',*,*,#14648,.T.);
#14648 = EDGE_CURVE('',#14649,#14651,#14653,.T.);
#14649 = VERTEX_POINT('',#14650);
#14650 = CARTESIAN_POINT('',(-2.990058239535,6.92511627907,5.));
#14651 = VERTEX_POINT('',#14652);
#14652 = CARTESIAN_POINT('',(-2.860061873256,6.92511627907,5.));
#14653 = LINE('',#14654,#14655);
#14654 = CARTESIAN_POINT('',(-1.430030936628,6.92511627907,5.));
#14655 = VECTOR('',#14656,1.);
#14656 = DIRECTION('',(1.,-3.694383180982E-16,0.));
#14657 = ORIENTED_EDGE('',*,*,#14658,.T.);
#14658 = EDGE_CURVE('',#14651,#14577,#14659,.T.);
#14659 = LINE('',#14660,#14661);
#14660 = CARTESIAN_POINT('',(-2.860061873256,6.92511627907,4.98));
#14661 = VECTOR('',#14662,1.);
#14662 = DIRECTION('',(1.962471068511E-16,4.440892098501E-16,1.));
#14663 = ORIENTED_EDGE('',*,*,#14576,.T.);
#14664 = ORIENTED_EDGE('',*,*,#14665,.F.);
#14665 = EDGE_CURVE('',#14649,#14579,#14666,.T.);
#14666 = LINE('',#14667,#14668);
#14667 = CARTESIAN_POINT('',(-2.990058239535,6.92511627907,4.98));
#14668 = VECTOR('',#14669,1.);
#14669 = DIRECTION('',(1.962471068511E-16,4.440892098501E-16,1.));
#14670 = PLANE('',#14671);
#14671 = AXIS2_PLACEMENT_3D('',#14672,#14673,#14674);
#14672 = CARTESIAN_POINT('',(-2.860061873256,6.92511627907,4.98));
#14673 = DIRECTION('',(-3.694383180982E-16,-1.,4.440892098501E-16));
#14674 = DIRECTION('',(-1.,3.694383180982E-16,1.962471068511E-16));
#14675 = ADVANCED_FACE('',(#14676),#14694,.T.);
#14676 = FACE_BOUND('',#14677,.T.);
#14677 = EDGE_LOOP('',(#14678,#14686,#14692,#14693));
#14678 = ORIENTED_EDGE('',*,*,#14679,.T.);
#14679 = EDGE_CURVE('',#14651,#14680,#14682,.T.);
#14680 = VERTEX_POINT('',#14681);
#14681 = CARTESIAN_POINT('',(-2.860061873256,6.722027616279,5.));
#14682 = LINE('',#14683,#14684);
#14683 = CARTESIAN_POINT('',(-2.860061873256,6.848964027145,5.));
#14684 = VECTOR('',#14685,1.);
#14685 = DIRECTION('',(-3.694383180982E-16,-1.,0.));
#14686 = ORIENTED_EDGE('',*,*,#14687,.T.);
#14687 = EDGE_CURVE('',#14680,#14587,#14688,.T.);
#14688 = LINE('',#14689,#14690);
#14689 = CARTESIAN_POINT('',(-2.860061873256,6.722027616279,4.98));
#14690 = VECTOR('',#14691,1.);
#14691 = DIRECTION('',(1.962471068511E-16,4.440892098501E-16,1.));
#14692 = ORIENTED_EDGE('',*,*,#14586,.T.);
#14693 = ORIENTED_EDGE('',*,*,#14658,.F.);
#14694 = PLANE('',#14695);
#14695 = AXIS2_PLACEMENT_3D('',#14696,#14697,#14698);
#14696 = CARTESIAN_POINT('',(-2.860061873256,6.722027616279,4.98));
#14697 = DIRECTION('',(-1.,3.694383180982E-16,1.962471068511E-16));
#14698 = DIRECTION('',(3.694383180982E-16,1.,-4.440892098501E-16));
#14699 = ADVANCED_FACE('',(#14700),#14718,.T.);
#14700 = FACE_BOUND('',#14701,.T.);
#14701 = EDGE_LOOP('',(#14702,#14710,#14716,#14717));
#14702 = ORIENTED_EDGE('',*,*,#14703,.T.);
#14703 = EDGE_CURVE('',#14680,#14704,#14706,.T.);
#14704 = VERTEX_POINT('',#14705);
#14705 = CARTESIAN_POINT('',(-2.981882367442,6.722027616279,5.));
#14706 = LINE('',#14707,#14708);
#14707 = CARTESIAN_POINT('',(-1.490941183721,6.722027616279,5.));
#14708 = VECTOR('',#14709,1.);
#14709 = DIRECTION('',(-1.,3.694383180982E-16,0.));
#14710 = ORIENTED_EDGE('',*,*,#14711,.T.);
#14711 = EDGE_CURVE('',#14704,#14595,#14712,.T.);
#14712 = LINE('',#14713,#14714);
#14713 = CARTESIAN_POINT('',(-2.981882367442,6.722027616279,4.98));
#14714 = VECTOR('',#14715,1.);
#14715 = DIRECTION('',(1.962471068511E-16,4.440892098501E-16,1.));
#14716 = ORIENTED_EDGE('',*,*,#14594,.T.);
#14717 = ORIENTED_EDGE('',*,*,#14687,.F.);
#14718 = PLANE('',#14719);
#14719 = AXIS2_PLACEMENT_3D('',#14720,#14721,#14722);
#14720 = CARTESIAN_POINT('',(-2.981882367442,6.722027616279,4.98));
#14721 = DIRECTION('',(3.694383180982E-16,1.,-4.440892098501E-16));
#14722 = DIRECTION('',(1.,-3.694383180982E-16,-1.962471068511E-16));
#14723 = ADVANCED_FACE('',(#14724),#14744,.T.);
#14724 = FACE_BOUND('',#14725,.T.);
#14725 = EDGE_LOOP('',(#14726,#14736,#14742,#14743));
#14726 = ORIENTED_EDGE('',*,*,#14727,.T.);
#14727 = EDGE_CURVE('',#14704,#14728,#14730,.T.);
#14728 = VERTEX_POINT('',#14729);
#14729 = CARTESIAN_POINT('',(-3.089367832558,6.733637354651,5.));
#14730 = B_SPLINE_CURVE_WITH_KNOTS('',4,(#14731,#14732,#14733,#14734,
    #14735),.UNSPECIFIED.,.F.,.F.,(5,5),(0.,1.),
  .PIECEWISE_BEZIER_KNOTS.);
#14731 = CARTESIAN_POINT('',(-2.981882367442,6.722027616279,5.));
#14732 = CARTESIAN_POINT('',(-3.02089407873,6.722027616279,5.));
#14733 = CARTESIAN_POINT('',(-3.051951460507,6.723939591429,5.));
#14734 = CARTESIAN_POINT('',(-3.074807054325,6.727807569381,5.));
#14735 = CARTESIAN_POINT('',(-3.089367832558,6.733637354651,5.));
#14736 = ORIENTED_EDGE('',*,*,#14737,.T.);
#14737 = EDGE_CURVE('',#14728,#14603,#14738,.T.);
#14738 = LINE('',#14739,#14740);
#14739 = CARTESIAN_POINT('',(-3.089367832558,6.733637354651,4.98));
#14740 = VECTOR('',#14741,1.);
#14741 = DIRECTION('',(1.962471068511E-16,4.440892098501E-16,1.));
#14742 = ORIENTED_EDGE('',*,*,#14602,.T.);
#14743 = ORIENTED_EDGE('',*,*,#14711,.F.);
#14744 = SURFACE_OF_LINEAR_EXTRUSION('',#14745,#14749);
#14745 = B_SPLINE_CURVE_WITH_KNOTS('',2,(#14746,#14747,#14748),
  .UNSPECIFIED.,.F.,.F.,(3,3),(0.,1.),.PIECEWISE_BEZIER_KNOTS.);
#14746 = CARTESIAN_POINT('',(-3.089367832558,6.733637354651,4.98));
#14747 = CARTESIAN_POINT('',(-3.060370739535,6.722027616279,4.98));
#14748 = CARTESIAN_POINT('',(-2.981882367442,6.722027616279,4.98));
#14749 = VECTOR('',#14750,1.);
#14750 = DIRECTION('',(-1.962471068511E-16,-4.440892098501E-16,-1.));
#14751 = ADVANCED_FACE('',(#14752),#14772,.T.);
#14752 = FACE_BOUND('',#14753,.T.);
#14753 = EDGE_LOOP('',(#14754,#14764,#14770,#14771));
#14754 = ORIENTED_EDGE('',*,*,#14755,.T.);
#14755 = EDGE_CURVE('',#14728,#14756,#14758,.T.);
#14756 = VERTEX_POINT('',#14757);
#14757 = CARTESIAN_POINT('',(-3.134771175581,6.768902616279,5.));
#14758 = B_SPLINE_CURVE_WITH_KNOTS('',4,(#14759,#14760,#14761,#14762,
    #14763),.UNSPECIFIED.,.F.,.F.,(5,5),(0.,1.),
  .PIECEWISE_BEZIER_KNOTS.);
#14759 = CARTESIAN_POINT('',(-3.089367832558,6.733637354651,5.));
#14760 = CARTESIAN_POINT('',(-3.103889956845,6.739440755163,5.));
#14761 = CARTESIAN_POINT('',(-3.116300928948,6.747252536122,5.));
#14762 = CARTESIAN_POINT('',(-3.126594898736,6.757074269109,5.));
#14763 = CARTESIAN_POINT('',(-3.134771175581,6.768902616279,5.));
#14764 = ORIENTED_EDGE('',*,*,#14765,.T.);
#14765 = EDGE_CURVE('',#14756,#14611,#14766,.T.);
#14766 = LINE('',#14767,#14768);
#14767 = CARTESIAN_POINT('',(-3.134771175581,6.768902616279,4.98));
#14768 = VECTOR('',#14769,1.);
#14769 = DIRECTION('',(1.962471068511E-16,4.440892098501E-16,1.));
#14770 = ORIENTED_EDGE('',*,*,#14610,.T.);
#14771 = ORIENTED_EDGE('',*,*,#14737,.F.);
#14772 = SURFACE_OF_LINEAR_EXTRUSION('',#14773,#14777);
#14773 = B_SPLINE_CURVE_WITH_KNOTS('',2,(#14774,#14775,#14776),
  .UNSPECIFIED.,.F.,.F.,(3,3),(0.,1.),.PIECEWISE_BEZIER_KNOTS.);
#14774 = CARTESIAN_POINT('',(-3.134771175581,6.768902616279,4.98));
#14775 = CARTESIAN_POINT('',(-3.118419431395,6.745247093023,4.98));
#14776 = CARTESIAN_POINT('',(-3.089367832558,6.733637354651,4.98));
#14777 = VECTOR('',#14778,1.);
#14778 = DIRECTION('',(-1.962471068511E-16,-4.440892098501E-16,-1.));
#14779 = ADVANCED_FACE('',(#14780),#14803,.T.);
#14780 = FACE_BOUND('',#14781,.T.);
#14781 = EDGE_LOOP('',(#14782,#14795,#14801,#14802));
#14782 = ORIENTED_EDGE('',*,*,#14783,.T.);
#14783 = EDGE_CURVE('',#14756,#14784,#14786,.T.);
#14784 = VERTEX_POINT('',#14785);
#14785 = CARTESIAN_POINT('',(-3.151122919767,6.822318313953,5.));
#14786 = B_SPLINE_CURVE_WITH_KNOTS('',4,(#14787,#14788,#14789,#14790,
    #14791,#14792,#14793,#14794),.UNSPECIFIED.,.F.,.F.,(5,3,5),(0.,
    0.391989904867,1.),.UNSPECIFIED.);
#14787 = CARTESIAN_POINT('',(-3.134771175581,6.768902616279,5.));
#14788 = CARTESIAN_POINT('',(-3.137975915206,6.773528123804,5.));
#14789 = CARTESIAN_POINT('',(-3.140762130169,6.778313038201,5.));
#14790 = CARTESIAN_POINT('',(-3.143129601871,6.783257260086,5.));
#14791 = CARTESIAN_POINT('',(-3.148100818501,6.796276396761,5.));
#14792 = CARTESIAN_POINT('',(-3.150115778871,6.804575053144,5.));
#14793 = CARTESIAN_POINT('',(-3.151122919767,6.813256004818,5.));
#14794 = CARTESIAN_POINT('',(-3.151122919767,6.822318313953,5.));
#14795 = ORIENTED_EDGE('',*,*,#14796,.T.);
#14796 = EDGE_CURVE('',#14784,#14619,#14797,.T.);
#14797 = LINE('',#14798,#14799);
#14798 = CARTESIAN_POINT('',(-3.151122919767,6.822318313953,4.98));
#14799 = VECTOR('',#14800,1.);
#14800 = DIRECTION('',(1.962471068511E-16,4.440892098501E-16,1.));
#14801 = ORIENTED_EDGE('',*,*,#14618,.T.);
#14802 = ORIENTED_EDGE('',*,*,#14765,.F.);
#14803 = SURFACE_OF_LINEAR_EXTRUSION('',#14804,#14808);
#14804 = B_SPLINE_CURVE_WITH_KNOTS('',2,(#14805,#14806,#14807),
  .UNSPECIFIED.,.F.,.F.,(3,3),(0.,1.),.PIECEWISE_BEZIER_KNOTS.);
#14805 = CARTESIAN_POINT('',(-3.151122919767,6.822318313953,4.98));
#14806 = CARTESIAN_POINT('',(-3.151122919767,6.792503633721,4.98));
#14807 = CARTESIAN_POINT('',(-3.134771175581,6.768902616279,4.98));
#14808 = VECTOR('',#14809,1.);
#14809 = DIRECTION('',(-1.962471068511E-16,-4.440892098501E-16,-1.));
#14810 = ADVANCED_FACE('',(#14811),#14834,.T.);
#14811 = FACE_BOUND('',#14812,.T.);
#14812 = EDGE_LOOP('',(#14813,#14826,#14832,#14833));
#14813 = ORIENTED_EDGE('',*,*,#14814,.T.);
#14814 = EDGE_CURVE('',#14784,#14815,#14817,.T.);
#14815 = VERTEX_POINT('',#14816);
#14816 = CARTESIAN_POINT('',(-3.117165797674,6.896936773256,5.));
#14817 = B_SPLINE_CURVE_WITH_KNOTS('',4,(#14818,#14819,#14820,#14821,
    #14822,#14823,#14824,#14825),.UNSPECIFIED.,.F.,.F.,(5,3,5),(0.,
    0.570034065083,1.),.UNSPECIFIED.);
#14818 = CARTESIAN_POINT('',(-3.151122919767,6.822318313953,5.));
#14819 = CARTESIAN_POINT('',(-3.151122919767,6.835544952467,5.));
#14820 = CARTESIAN_POINT('',(-3.149286494631,6.847792555298,5.));
#14821 = CARTESIAN_POINT('',(-3.145608352958,6.859054081322,5.));
#14822 = CARTESIAN_POINT('',(-3.135928050505,6.877074311494,5.));
#14823 = CARTESIAN_POINT('',(-3.130719022981,6.884259500258,5.));
#14824 = CARTESIAN_POINT('',(-3.124463927465,6.890880379834,5.));
#14825 = CARTESIAN_POINT('',(-3.117165797674,6.896936773256,5.));
#14826 = ORIENTED_EDGE('',*,*,#14827,.T.);
#14827 = EDGE_CURVE('',#14815,#14627,#14828,.T.);
#14828 = LINE('',#14829,#14830);
#14829 = CARTESIAN_POINT('',(-3.117165797674,6.896936773256,4.98));
#14830 = VECTOR('',#14831,1.);
#14831 = DIRECTION('',(1.962471068511E-16,4.440892098501E-16,1.));
#14832 = ORIENTED_EDGE('',*,*,#14626,.T.);
#14833 = ORIENTED_EDGE('',*,*,#14796,.F.);
#14834 = SURFACE_OF_LINEAR_EXTRUSION('',#14835,#14839);
#14835 = B_SPLINE_CURVE_WITH_KNOTS('',2,(#14836,#14837,#14838),
  .UNSPECIFIED.,.F.,.F.,(3,3),(0.,1.),.PIECEWISE_BEZIER_KNOTS.);
#14836 = CARTESIAN_POINT('',(-3.117165797674,6.896936773256,4.98));
#14837 = CARTESIAN_POINT('',(-3.151122919767,6.868757267442,4.98));
#14838 = CARTESIAN_POINT('',(-3.151122919767,6.822318313953,4.98));
#14839 = VECTOR('',#14840,1.);
#14840 = DIRECTION('',(-1.962471068511E-16,-4.440892098501E-16,-1.));
#14841 = ADVANCED_FACE('',(#14842),#14856,.T.);
#14842 = FACE_BOUND('',#14843,.T.);
#14843 = EDGE_LOOP('',(#14844,#14853,#14854,#14855));
#14844 = ORIENTED_EDGE('',*,*,#14845,.T.);
#14845 = EDGE_CURVE('',#14815,#14649,#14846,.T.);
#14846 = B_SPLINE_CURVE_WITH_KNOTS('',5,(#14847,#14848,#14849,#14850,
    #14851,#14852),.UNSPECIFIED.,.F.,.F.,(6,6),(0.,1.),
  .PIECEWISE_BEZIER_KNOTS.);
#14847 = CARTESIAN_POINT('',(-3.117165797674,6.896936773256,5.));
#14848 = CARTESIAN_POINT('',(-3.103533657398,6.908267667987,5.));
#14849 = CARTESIAN_POINT('',(-3.083925354826,6.916737351487,5.));
#14850 = CARTESIAN_POINT('',(-3.058389666647,6.922342943773,5.));
#14851 = CARTESIAN_POINT('',(-3.027043913658,6.92511627907,5.));
#14852 = CARTESIAN_POINT('',(-2.990058239535,6.92511627907,5.));
#14853 = ORIENTED_EDGE('',*,*,#14665,.T.);
#14854 = ORIENTED_EDGE('',*,*,#14634,.T.);
#14855 = ORIENTED_EDGE('',*,*,#14827,.F.);
#14856 = SURFACE_OF_LINEAR_EXTRUSION('',#14857,#14861);
#14857 = B_SPLINE_CURVE_WITH_KNOTS('',2,(#14858,#14859,#14860),
  .UNSPECIFIED.,.F.,.F.,(3,3),(0.,1.),.PIECEWISE_BEZIER_KNOTS.);
#14858 = CARTESIAN_POINT('',(-2.990058239535,6.92511627907,4.98));
#14859 = CARTESIAN_POINT('',(-3.083263181395,6.92511627907,4.98));
#14860 = CARTESIAN_POINT('',(-3.117165797674,6.896936773256,4.98));
#14861 = VECTOR('',#14862,1.);
#14862 = DIRECTION('',(-1.962471068511E-16,-4.440892098501E-16,-1.));
#14863 = ADVANCED_FACE('',(#14864),#14874,.T.);
#14864 = FACE_BOUND('',#14865,.T.);
#14865 = EDGE_LOOP('',(#14866,#14867,#14868,#14869,#14870,#14871,#14872,
    #14873));
#14866 = ORIENTED_EDGE('',*,*,#14648,.F.);
#14867 = ORIENTED_EDGE('',*,*,#14845,.F.);
#14868 = ORIENTED_EDGE('',*,*,#14814,.F.);
#14869 = ORIENTED_EDGE('',*,*,#14783,.F.);
#14870 = ORIENTED_EDGE('',*,*,#14755,.F.);
#14871 = ORIENTED_EDGE('',*,*,#14727,.F.);
#14872 = ORIENTED_EDGE('',*,*,#14703,.F.);
#14873 = ORIENTED_EDGE('',*,*,#14679,.F.);
#14874 = PLANE('',#14875);
#14875 = AXIS2_PLACEMENT_3D('',#14876,#14877,#14878);
#14876 = CARTESIAN_POINT('',(1.09442178452E-16,6.975900438011,5.));
#14877 = DIRECTION('',(0.,0.,1.));
#14878 = DIRECTION('',(1.,0.,0.));
#14879 = ( GEOMETRIC_REPRESENTATION_CONTEXT(3) 
GLOBAL_UNCERTAINTY_ASSIGNED_CONTEXT((#14883)) 
GLOBAL_UNIT_ASSIGNED_CONTEXT((#14880,#14881,#14882)) 
REPRESENTATION_CONTEXT('Context #1',
  '3D Context with UNIT and UNCERTAINTY') );
#14880 = ( LENGTH_UNIT() NAMED_UNIT(*) SI_UNIT(.MILLI.,.METRE.) );
#14881 = ( NAMED_UNIT(*) PLANE_ANGLE_UNIT() SI_UNIT($,.RADIAN.) );
#14882 = ( NAMED_UNIT(*) SI_UNIT($,.STERADIAN.) SOLID_ANGLE_UNIT() );
#14883 = UNCERTAINTY_MEASURE_WITH_UNIT(LENGTH_MEASURE(2.E-06),#14880,
  'distance_accuracy_value','confusion accuracy');
#14884 = CONTEXT_DEPENDENT_SHAPE_REPRESENTATION(#14885,#14887);
#14885 = ( REPRESENTATION_RELATIONSHIP('','',#400,#361) 
REPRESENTATION_RELATIONSHIP_WITH_TRANSFORMATION(#14886) 
SHAPE_REPRESENTATION_RELATIONSHIP() );
#14886 = ITEM_DEFINED_TRANSFORMATION('','',#11,#362);
#14887 = PRODUCT_DEFINITION_SHAPE('Placement','Placement of an item',
  #14888);
#14888 = NEXT_ASSEMBLY_USAGE_OCCURRENCE('9','XT30PW-M_base','',#356,#395
  ,$);
#14889 = PRODUCT_RELATED_PRODUCT_CATEGORY('part',$,(#397));
#14890 = SHAPE_DEFINITION_REPRESENTATION(#14891,#14897);
#14891 = PRODUCT_DEFINITION_SHAPE('','',#14892);
#14892 = PRODUCT_DEFINITION('design','',#14893,#14896);
#14893 = PRODUCT_DEFINITION_FORMATION('','',#14894);
#14894 = PRODUCT('Pin_M_001','Pin_M_001','',(#14895));
#14895 = PRODUCT_CONTEXT('',#2,'mechanical');
#14896 = PRODUCT_DEFINITION_CONTEXT('part definition',#2,'design');
#14897 = ADVANCED_BREP_SHAPE_REPRESENTATION('',(#11,#14898),#15736);
#14898 = MANIFOLD_SOLID_BREP('',#14899);
#14899 = CLOSED_SHELL('',(#14900,#14933,#14958,#14978,#14987,#15012,
    #15038,#15063,#15083,#15108,#15128,#15153,#15173,#15198,#15218,
    #15315,#15384,#15418,#15452,#15486,#15520,#15545,#15563,#15588,
    #15606,#15631,#15649,#15674,#15692,#15703,#15714,#15725));
#14900 = ADVANCED_FACE('',(#14901),#14928,.T.);
#14901 = FACE_BOUND('',#14902,.F.);
#14902 = EDGE_LOOP('',(#14903,#14913,#14920,#14921));
#14903 = ORIENTED_EDGE('',*,*,#14904,.T.);
#14904 = EDGE_CURVE('',#14905,#14907,#14909,.T.);
#14905 = VERTEX_POINT('',#14906);
#14906 = CARTESIAN_POINT('',(0.75,-2.65,-6.5));
#14907 = VERTEX_POINT('',#14908);
#14908 = CARTESIAN_POINT('',(0.75,-4.55,-6.5));
#14909 = LINE('',#14910,#14911);
#14910 = CARTESIAN_POINT('',(0.75,-2.65,-6.5));
#14911 = VECTOR('',#14912,1.);
#14912 = DIRECTION('',(0.,-1.,1.021405182655E-14));
#14913 = ORIENTED_EDGE('',*,*,#14914,.T.);
#14914 = EDGE_CURVE('',#14907,#14907,#14915,.T.);
#14915 = CIRCLE('',#14916,0.75);
#14916 = AXIS2_PLACEMENT_3D('',#14917,#14918,#14919);
#14917 = CARTESIAN_POINT('',(0.,-4.55,-6.5));
#14918 = DIRECTION('',(0.,-1.,9.913940960911E-15));
#14919 = DIRECTION('',(1.,1.174046455422E-29,1.184237892934E-15));
#14920 = ORIENTED_EDGE('',*,*,#14904,.F.);
#14921 = ORIENTED_EDGE('',*,*,#14922,.F.);
#14922 = EDGE_CURVE('',#14905,#14905,#14923,.T.);
#14923 = CIRCLE('',#14924,0.75);
#14924 = AXIS2_PLACEMENT_3D('',#14925,#14926,#14927);
#14925 = CARTESIAN_POINT('',(0.,-2.65,-6.5));
#14926 = DIRECTION('',(0.,-1.,1.021405182655E-14));
#14927 = DIRECTION('',(1.,0.,0.));
#14928 = CYLINDRICAL_SURFACE('',#14929,0.75);
#14929 = AXIS2_PLACEMENT_3D('',#14930,#14931,#14932);
#14930 = CARTESIAN_POINT('',(0.,-2.65,-6.5));
#14931 = DIRECTION('',(0.,1.,-1.021405182655E-14));
#14932 = DIRECTION('',(1.,0.,0.));
#14933 = ADVANCED_FACE('',(#14934),#14953,.T.);
#14934 = FACE_BOUND('',#14935,.T.);
#14935 = EDGE_LOOP('',(#14936,#14944,#14945,#14946));
#14936 = ORIENTED_EDGE('',*,*,#14937,.F.);
#14937 = EDGE_CURVE('',#14907,#14938,#14940,.T.);
#14938 = VERTEX_POINT('',#14939);
#14939 = CARTESIAN_POINT('',(0.65,-4.65,-6.5));
#14940 = LINE('',#14941,#14942);
#14941 = CARTESIAN_POINT('',(0.75,-4.55,-6.5));
#14942 = VECTOR('',#14943,1.);
#14943 = DIRECTION('',(-0.707106781187,-0.707106781187,
    6.172832237112E-15));
#14944 = ORIENTED_EDGE('',*,*,#14914,.T.);
#14945 = ORIENTED_EDGE('',*,*,#14937,.T.);
#14946 = ORIENTED_EDGE('',*,*,#14947,.F.);
#14947 = EDGE_CURVE('',#14938,#14938,#14948,.T.);
#14948 = CIRCLE('',#14949,0.65);
#14949 = AXIS2_PLACEMENT_3D('',#14950,#14951,#14952);
#14950 = CARTESIAN_POINT('',(0.,-4.65,-6.5));
#14951 = DIRECTION('',(0.,-1.,9.913940960911E-15));
#14952 = DIRECTION('',(1.,1.174046455422E-29,1.184237892934E-15));
#14953 = CONICAL_SURFACE('',#14954,0.75,0.785398163397);
#14954 = AXIS2_PLACEMENT_3D('',#14955,#14956,#14957);
#14955 = CARTESIAN_POINT('',(0.,-4.55,-6.5));
#14956 = DIRECTION('',(-0.,1.,-9.913940960911E-15));
#14957 = DIRECTION('',(1.,1.174046455422E-29,1.184237892934E-15));
#14958 = ADVANCED_FACE('',(#14959,#14970),#14973,.T.);
#14959 = FACE_BOUND('',#14960,.T.);
#14960 = EDGE_LOOP('',(#14961));
#14961 = ORIENTED_EDGE('',*,*,#14962,.T.);
#14962 = EDGE_CURVE('',#14963,#14963,#14965,.T.);
#14963 = VERTEX_POINT('',#14964);
#14964 = CARTESIAN_POINT('',(1.,-2.65,-6.5));
#14965 = CIRCLE('',#14966,1.);
#14966 = AXIS2_PLACEMENT_3D('',#14967,#14968,#14969);
#14967 = CARTESIAN_POINT('',(0.,-2.65,-6.5));
#14968 = DIRECTION('',(0.,-1.,1.041321167657E-14));
#14969 = DIRECTION('',(1.,0.,0.));
#14970 = FACE_BOUND('',#14971,.T.);
#14971 = EDGE_LOOP('',(#14972));
#14972 = ORIENTED_EDGE('',*,*,#14922,.F.);
#14973 = PLANE('',#14974);
#14974 = AXIS2_PLACEMENT_3D('',#14975,#14976,#14977);
#14975 = CARTESIAN_POINT('',(-2.136625207093E-17,-2.65,-6.5));
#14976 = DIRECTION('',(0.,-1.,1.025580099405E-14));
#14977 = DIRECTION('',(0.,-1.025580099405E-14,-1.));
#14978 = ADVANCED_FACE('',(#14979),#14982,.F.);
#14979 = FACE_BOUND('',#14980,.F.);
#14980 = EDGE_LOOP('',(#14981));
#14981 = ORIENTED_EDGE('',*,*,#14947,.F.);
#14982 = PLANE('',#14983);
#14983 = AXIS2_PLACEMENT_3D('',#14984,#14985,#14986);
#14984 = CARTESIAN_POINT('',(-5.697667218914E-17,-4.65,-6.5));
#14985 = DIRECTION('',(0.,1.,-9.913940960911E-15));
#14986 = DIRECTION('',(0.,9.913940960911E-15,1.));
#14987 = ADVANCED_FACE('',(#14988),#15007,.T.);
#14988 = FACE_BOUND('',#14989,.T.);
#14989 = EDGE_LOOP('',(#14990,#14998,#15005,#15006));
#14990 = ORIENTED_EDGE('',*,*,#14991,.T.);
#14991 = EDGE_CURVE('',#14963,#14992,#14994,.T.);
#14992 = VERTEX_POINT('',#14993);
#14993 = CARTESIAN_POINT('',(1.,-1.056309999757,-6.5));
#14994 = LINE('',#14995,#14996);
#14995 = CARTESIAN_POINT('',(1.,-2.65,-6.5));
#14996 = VECTOR('',#14997,1.);
#14997 = DIRECTION('',(0.,1.,0.));
#14998 = ORIENTED_EDGE('',*,*,#14999,.F.);
#14999 = EDGE_CURVE('',#14992,#14992,#15000,.T.);
#15000 = CIRCLE('',#15001,1.);
#15001 = AXIS2_PLACEMENT_3D('',#15002,#15003,#15004);
#15002 = CARTESIAN_POINT('',(0.,-1.056309999757,-6.5));
#15003 = DIRECTION('',(-0.,1.,0.));
#15004 = DIRECTION('',(1.,0.,0.));
#15005 = ORIENTED_EDGE('',*,*,#14991,.F.);
#15006 = ORIENTED_EDGE('',*,*,#14962,.F.);
#15007 = CYLINDRICAL_SURFACE('',#15008,1.);
#15008 = AXIS2_PLACEMENT_3D('',#15009,#15010,#15011);
#15009 = CARTESIAN_POINT('',(0.,-2.65,-6.5));
#15010 = DIRECTION('',(0.,1.,0.));
#15011 = DIRECTION('',(1.,0.,0.));
#15012 = ADVANCED_FACE('',(#15013),#15033,.T.);
#15013 = FACE_BOUND('',#15014,.T.);
#15014 = EDGE_LOOP('',(#15015,#15024,#15031,#15032));
#15015 = ORIENTED_EDGE('',*,*,#15016,.T.);
#15016 = EDGE_CURVE('',#14992,#15017,#15019,.T.);
#15017 = VERTEX_POINT('',#15018);
#15018 = CARTESIAN_POINT('',(1.,-2.13384865333E-13,-5.443690000243));
#15019 = CIRCLE('',#15020,1.056309999757);
#15020 = AXIS2_PLACEMENT_3D('',#15021,#15022,#15023);
#15021 = CARTESIAN_POINT('',(1.,-1.056309999757,-5.443690000243));
#15022 = DIRECTION('',(1.,0.,0.));
#15023 = DIRECTION('',(0.,1.,0.));
#15024 = ORIENTED_EDGE('',*,*,#15025,.T.);
#15025 = EDGE_CURVE('',#15017,#15017,#15026,.T.);
#15026 = CIRCLE('',#15027,1.);
#15027 = AXIS2_PLACEMENT_3D('',#15028,#15029,#15030);
#15028 = CARTESIAN_POINT('',(0.,-2.13384865333E-13,-5.443690000243));
#15029 = DIRECTION('',(0.,1.041321167657E-14,-1.));
#15030 = DIRECTION('',(0.,1.,1.041321167657E-14));
#15031 = ORIENTED_EDGE('',*,*,#15016,.F.);
#15032 = ORIENTED_EDGE('',*,*,#14999,.T.);
#15033 = TOROIDAL_SURFACE('',#15034,1.056309999757,1.);
#15034 = AXIS2_PLACEMENT_3D('',#15035,#15036,#15037);
#15035 = CARTESIAN_POINT('',(0.,-1.056309999757,-5.443690000243));
#15036 = DIRECTION('',(1.,0.,0.));
#15037 = DIRECTION('',(0.,1.,0.));
#15038 = ADVANCED_FACE('',(#15039),#15058,.T.);
#15039 = FACE_BOUND('',#15040,.T.);
#15040 = EDGE_LOOP('',(#15041,#15049,#15056,#15057));
#15041 = ORIENTED_EDGE('',*,*,#15042,.T.);
#15042 = EDGE_CURVE('',#15017,#15043,#15045,.T.);
#15043 = VERTEX_POINT('',#15044);
#15044 = CARTESIAN_POINT('',(1.,0.,-4.5));
#15045 = LINE('',#15046,#15047);
#15046 = CARTESIAN_POINT('',(1.,-2.449293598295E-16,-4.5));
#15047 = VECTOR('',#15048,1.);
#15048 = DIRECTION('',(0.,2.261175441913E-13,1.));
#15049 = ORIENTED_EDGE('',*,*,#15050,.T.);
#15050 = EDGE_CURVE('',#15043,#15043,#15051,.T.);
#15051 = CIRCLE('',#15052,1.);
#15052 = AXIS2_PLACEMENT_3D('',#15053,#15054,#15055);
#15053 = CARTESIAN_POINT('',(0.,0.,-4.5));
#15054 = DIRECTION('',(0.,0.,-1.));
#15055 = DIRECTION('',(1.,0.,0.));
#15056 = ORIENTED_EDGE('',*,*,#15042,.F.);
#15057 = ORIENTED_EDGE('',*,*,#15025,.F.);
#15058 = CYLINDRICAL_SURFACE('',#15059,1.);
#15059 = AXIS2_PLACEMENT_3D('',#15060,#15061,#15062);
#15060 = CARTESIAN_POINT('',(0.,0.,-4.5));
#15061 = DIRECTION('',(0.,2.261175441913E-13,1.));
#15062 = DIRECTION('',(1.,0.,0.));
#15063 = ADVANCED_FACE('',(#15064,#15075),#15078,.F.);
#15064 = FACE_BOUND('',#15065,.F.);
#15065 = EDGE_LOOP('',(#15066));
#15066 = ORIENTED_EDGE('',*,*,#15067,.T.);
#15067 = EDGE_CURVE('',#15068,#15068,#15070,.T.);
#15068 = VERTEX_POINT('',#15069);
#15069 = CARTESIAN_POINT('',(1.25,0.,-4.5));
#15070 = CIRCLE('',#15071,1.25);
#15071 = AXIS2_PLACEMENT_3D('',#15072,#15073,#15074);
#15072 = CARTESIAN_POINT('',(0.,0.,-4.5));
#15073 = DIRECTION('',(0.,0.,1.));
#15074 = DIRECTION('',(1.,0.,0.));
#15075 = FACE_BOUND('',#15076,.F.);
#15076 = EDGE_LOOP('',(#15077));
#15077 = ORIENTED_EDGE('',*,*,#15050,.T.);
#15078 = PLANE('',#15079);
#15079 = AXIS2_PLACEMENT_3D('',#15080,#15081,#15082);
#15080 = CARTESIAN_POINT('',(-6.837200662697E-17,1.73450566625E-17,-4.5)
  );
#15081 = DIRECTION('',(0.,0.,1.));
#15082 = DIRECTION('',(1.,0.,0.));
#15083 = ADVANCED_FACE('',(#15084),#15103,.T.);
#15084 = FACE_BOUND('',#15085,.T.);
#15085 = EDGE_LOOP('',(#15086,#15095,#15101,#15102));
#15086 = ORIENTED_EDGE('',*,*,#15087,.F.);
#15087 = EDGE_CURVE('',#15088,#15088,#15090,.T.);
#15088 = VERTEX_POINT('',#15089);
#15089 = CARTESIAN_POINT('',(1.25,0.,-1.474572));
#15090 = CIRCLE('',#15091,1.25);
#15091 = AXIS2_PLACEMENT_3D('',#15092,#15093,#15094);
#15092 = CARTESIAN_POINT('',(0.,0.,-1.474572));
#15093 = DIRECTION('',(0.,0.,1.));
#15094 = DIRECTION('',(1.,0.,0.));
#15095 = ORIENTED_EDGE('',*,*,#15096,.T.);
#15096 = EDGE_CURVE('',#15088,#15068,#15097,.T.);
#15097 = LINE('',#15098,#15099);
#15098 = CARTESIAN_POINT('',(1.25,0.,0.2));
#15099 = VECTOR('',#15100,1.);
#15100 = DIRECTION('',(-0.,-0.,-1.));
#15101 = ORIENTED_EDGE('',*,*,#15067,.T.);
#15102 = ORIENTED_EDGE('',*,*,#15096,.F.);
#15103 = CYLINDRICAL_SURFACE('',#15104,1.25);
#15104 = AXIS2_PLACEMENT_3D('',#15105,#15106,#15107);
#15105 = CARTESIAN_POINT('',(0.,0.,0.2));
#15106 = DIRECTION('',(0.,0.,1.));
#15107 = DIRECTION('',(1.,0.,0.));
#15108 = ADVANCED_FACE('',(#15109,#15112),#15123,.T.);
#15109 = FACE_BOUND('',#15110,.F.);
#15110 = EDGE_LOOP('',(#15111));
#15111 = ORIENTED_EDGE('',*,*,#15087,.F.);
#15112 = FACE_BOUND('',#15113,.F.);
#15113 = EDGE_LOOP('',(#15114));
#15114 = ORIENTED_EDGE('',*,*,#15115,.T.);
#15115 = EDGE_CURVE('',#15116,#15116,#15118,.T.);
#15116 = VERTEX_POINT('',#15117);
#15117 = CARTESIAN_POINT('',(1.027852,-3.274207571735E-16,-1.474572));
#15118 = CIRCLE('',#15119,1.027852);
#15119 = AXIS2_PLACEMENT_3D('',#15120,#15121,#15122);
#15120 = CARTESIAN_POINT('',(0.,-3.274207571735E-16,-1.474572));
#15121 = DIRECTION('',(-0.,2.22044604925E-16,1.));
#15122 = DIRECTION('',(1.,0.,0.));
#15123 = PLANE('',#15124);
#15124 = AXIS2_PLACEMENT_3D('',#15125,#15126,#15127);
#15125 = CARTESIAN_POINT('',(0.,-3.274207571735E-16,-1.474572));
#15126 = DIRECTION('',(0.,2.22044604925E-16,1.));
#15127 = DIRECTION('',(1.,0.,0.));
#15128 = ADVANCED_FACE('',(#15129),#15148,.T.);
#15129 = FACE_BOUND('',#15130,.F.);
#15130 = EDGE_LOOP('',(#15131,#15140,#15146,#15147));
#15131 = ORIENTED_EDGE('',*,*,#15132,.T.);
#15132 = EDGE_CURVE('',#15133,#15133,#15135,.T.);
#15133 = VERTEX_POINT('',#15134);
#15134 = CARTESIAN_POINT('',(1.027852,-2.210944760606E-16,-0.995721));
#15135 = CIRCLE('',#15136,1.027852);
#15136 = AXIS2_PLACEMENT_3D('',#15137,#15138,#15139);
#15137 = CARTESIAN_POINT('',(0.,-2.210944760606E-16,-0.995721));
#15138 = DIRECTION('',(-0.,2.22044604925E-16,1.));
#15139 = DIRECTION('',(1.,0.,0.));
#15140 = ORIENTED_EDGE('',*,*,#15141,.T.);
#15141 = EDGE_CURVE('',#15133,#15116,#15142,.T.);
#15142 = LINE('',#15143,#15144);
#15143 = CARTESIAN_POINT('',(1.027852,-2.210944760606E-16,-0.995721));
#15144 = VECTOR('',#15145,1.);
#15145 = DIRECTION('',(0.,-2.22044604925E-16,-1.));
#15146 = ORIENTED_EDGE('',*,*,#15115,.F.);
#15147 = ORIENTED_EDGE('',*,*,#15141,.F.);
#15148 = CYLINDRICAL_SURFACE('',#15149,1.027852);
#15149 = AXIS2_PLACEMENT_3D('',#15150,#15151,#15152);
#15150 = CARTESIAN_POINT('',(0.,-2.210944760606E-16,-0.995721));
#15151 = DIRECTION('',(-0.,-2.22044604925E-16,-1.));
#15152 = DIRECTION('',(1.,0.,0.));
#15153 = ADVANCED_FACE('',(#15154,#15165),#15168,.F.);
#15154 = FACE_BOUND('',#15155,.F.);
#15155 = EDGE_LOOP('',(#15156));
#15156 = ORIENTED_EDGE('',*,*,#15157,.T.);
#15157 = EDGE_CURVE('',#15158,#15158,#15160,.T.);
#15158 = VERTEX_POINT('',#15159);
#15159 = CARTESIAN_POINT('',(1.25,0.,-0.995721));
#15160 = CIRCLE('',#15161,1.25);
#15161 = AXIS2_PLACEMENT_3D('',#15162,#15163,#15164);
#15162 = CARTESIAN_POINT('',(0.,0.,-0.995721));
#15163 = DIRECTION('',(0.,0.,1.));
#15164 = DIRECTION('',(1.,0.,0.));
#15165 = FACE_BOUND('',#15166,.F.);
#15166 = EDGE_LOOP('',(#15167));
#15167 = ORIENTED_EDGE('',*,*,#15132,.F.);
#15168 = PLANE('',#15169);
#15169 = AXIS2_PLACEMENT_3D('',#15170,#15171,#15172);
#15170 = CARTESIAN_POINT('',(0.,-2.210944760606E-16,-0.995721));
#15171 = DIRECTION('',(0.,2.22044604925E-16,1.));
#15172 = DIRECTION('',(1.,0.,0.));
#15173 = ADVANCED_FACE('',(#15174),#15193,.T.);
#15174 = FACE_BOUND('',#15175,.T.);
#15175 = EDGE_LOOP('',(#15176,#15185,#15191,#15192));
#15176 = ORIENTED_EDGE('',*,*,#15177,.F.);
#15177 = EDGE_CURVE('',#15178,#15178,#15180,.T.);
#15178 = VERTEX_POINT('',#15179);
#15179 = CARTESIAN_POINT('',(1.25,0.,0.2));
#15180 = CIRCLE('',#15181,1.25);
#15181 = AXIS2_PLACEMENT_3D('',#15182,#15183,#15184);
#15182 = CARTESIAN_POINT('',(0.,0.,0.2));
#15183 = DIRECTION('',(0.,0.,1.));
#15184 = DIRECTION('',(1.,0.,0.));
#15185 = ORIENTED_EDGE('',*,*,#15186,.T.);
#15186 = EDGE_CURVE('',#15178,#15158,#15187,.T.);
#15187 = LINE('',#15188,#15189);
#15188 = CARTESIAN_POINT('',(1.25,0.,0.2));
#15189 = VECTOR('',#15190,1.);
#15190 = DIRECTION('',(-0.,-0.,-1.));
#15191 = ORIENTED_EDGE('',*,*,#15157,.T.);
#15192 = ORIENTED_EDGE('',*,*,#15186,.F.);
#15193 = CYLINDRICAL_SURFACE('',#15194,1.25);
#15194 = AXIS2_PLACEMENT_3D('',#15195,#15196,#15197);
#15195 = CARTESIAN_POINT('',(0.,0.,0.2));
#15196 = DIRECTION('',(0.,0.,1.));
#15197 = DIRECTION('',(1.,0.,0.));
#15198 = ADVANCED_FACE('',(#15199,#15202),#15213,.T.);
#15199 = FACE_BOUND('',#15200,.T.);
#15200 = EDGE_LOOP('',(#15201));
#15201 = ORIENTED_EDGE('',*,*,#15177,.T.);
#15202 = FACE_BOUND('',#15203,.T.);
#15203 = EDGE_LOOP('',(#15204));
#15204 = ORIENTED_EDGE('',*,*,#15205,.T.);
#15205 = EDGE_CURVE('',#15206,#15206,#15208,.T.);
#15206 = VERTEX_POINT('',#15207);
#15207 = CARTESIAN_POINT('',(-0.982387,4.440892098501E-17,0.2));
#15208 = CIRCLE('',#15209,0.982387);
#15209 = AXIS2_PLACEMENT_3D('',#15210,#15211,#15212);
#15210 = CARTESIAN_POINT('',(0.,4.440892098501E-17,0.2));
#15211 = DIRECTION('',(-0.,-2.22044604925E-16,-1.));
#15212 = DIRECTION('',(-1.,0.,0.));
#15213 = PLANE('',#15214);
#15214 = AXIS2_PLACEMENT_3D('',#15215,#15216,#15217);
#15215 = CARTESIAN_POINT('',(-6.837200662697E-17,1.73450566625E-17,0.2)
  );
#15216 = DIRECTION('',(0.,0.,1.));
#15217 = DIRECTION('',(1.,0.,0.));
#15218 = ADVANCED_FACE('',(#15219),#15310,.T.);
#15219 = FACE_BOUND('',#15220,.F.);
#15220 = EDGE_LOOP('',(#15221,#15232,#15238,#15239,#15240,#15249,#15258,
    #15267,#15276,#15285,#15294,#15303));
#15221 = ORIENTED_EDGE('',*,*,#15222,.T.);
#15222 = EDGE_CURVE('',#15223,#15225,#15227,.T.);
#15223 = VERTEX_POINT('',#15224);
#15224 = CARTESIAN_POINT('',(-0.977284102894,1.E-01,2.15));
#15225 = VERTEX_POINT('',#15226);
#15226 = CARTESIAN_POINT('',(-0.982387,4.773959005888E-16,2.15));
#15227 = CIRCLE('',#15228,0.982387);
#15228 = AXIS2_PLACEMENT_3D('',#15229,#15230,#15231);
#15229 = CARTESIAN_POINT('',(0.,4.773959005888E-16,2.15));
#15230 = DIRECTION('',(0.,2.22044604925E-16,1.));
#15231 = DIRECTION('',(-1.,0.,0.));
#15232 = ORIENTED_EDGE('',*,*,#15233,.T.);
#15233 = EDGE_CURVE('',#15225,#15206,#15234,.T.);
#15234 = LINE('',#15235,#15236);
#15235 = CARTESIAN_POINT('',(-0.982387,4.773959005888E-16,2.15));
#15236 = VECTOR('',#15237,1.);
#15237 = DIRECTION('',(0.,-2.22044604925E-16,-1.));
#15238 = ORIENTED_EDGE('',*,*,#15205,.T.);
#15239 = ORIENTED_EDGE('',*,*,#15233,.F.);
#15240 = ORIENTED_EDGE('',*,*,#15241,.T.);
#15241 = EDGE_CURVE('',#15225,#15242,#15244,.T.);
#15242 = VERTEX_POINT('',#15243);
#15243 = CARTESIAN_POINT('',(-0.977284102894,-1.E-01,2.15));
#15244 = CIRCLE('',#15245,0.982387);
#15245 = AXIS2_PLACEMENT_3D('',#15246,#15247,#15248);
#15246 = CARTESIAN_POINT('',(0.,4.773959005888E-16,2.15));
#15247 = DIRECTION('',(0.,2.22044604925E-16,1.));
#15248 = DIRECTION('',(-1.,0.,0.));
#15249 = ORIENTED_EDGE('',*,*,#15250,.T.);
#15250 = EDGE_CURVE('',#15242,#15251,#15253,.T.);
#15251 = VERTEX_POINT('',#15252);
#15252 = CARTESIAN_POINT('',(-9.999999999999E-02,-0.977284102894,2.15));
#15253 = CIRCLE('',#15254,0.982387);
#15254 = AXIS2_PLACEMENT_3D('',#15255,#15256,#15257);
#15255 = CARTESIAN_POINT('',(0.,4.773959005888E-16,2.15));
#15256 = DIRECTION('',(0.,2.22044604925E-16,1.));
#15257 = DIRECTION('',(-1.,0.,0.));
#15258 = ORIENTED_EDGE('',*,*,#15259,.T.);
#15259 = EDGE_CURVE('',#15251,#15260,#15262,.T.);
#15260 = VERTEX_POINT('',#15261);
#15261 = CARTESIAN_POINT('',(0.1,-0.977284102894,2.15));
#15262 = CIRCLE('',#15263,0.982387);
#15263 = AXIS2_PLACEMENT_3D('',#15264,#15265,#15266);
#15264 = CARTESIAN_POINT('',(0.,4.773959005888E-16,2.15));
#15265 = DIRECTION('',(0.,2.22044604925E-16,1.));
#15266 = DIRECTION('',(-1.,0.,0.));
#15267 = ORIENTED_EDGE('',*,*,#15268,.T.);
#15268 = EDGE_CURVE('',#15260,#15269,#15271,.T.);
#15269 = VERTEX_POINT('',#15270);
#15270 = CARTESIAN_POINT('',(0.977284102894,-0.1,2.15));
#15271 = CIRCLE('',#15272,0.982387);
#15272 = AXIS2_PLACEMENT_3D('',#15273,#15274,#15275);
#15273 = CARTESIAN_POINT('',(0.,4.773959005888E-16,2.15));
#15274 = DIRECTION('',(0.,2.22044604925E-16,1.));
#15275 = DIRECTION('',(-1.,0.,0.));
#15276 = ORIENTED_EDGE('',*,*,#15277,.T.);
#15277 = EDGE_CURVE('',#15269,#15278,#15280,.T.);
#15278 = VERTEX_POINT('',#15279);
#15279 = CARTESIAN_POINT('',(0.977284102894,0.1,2.15));
#15280 = CIRCLE('',#15281,0.982387);
#15281 = AXIS2_PLACEMENT_3D('',#15282,#15283,#15284);
#15282 = CARTESIAN_POINT('',(0.,4.773959005888E-16,2.15));
#15283 = DIRECTION('',(0.,2.22044604925E-16,1.));
#15284 = DIRECTION('',(-1.,0.,0.));
#15285 = ORIENTED_EDGE('',*,*,#15286,.T.);
#15286 = EDGE_CURVE('',#15278,#15287,#15289,.T.);
#15287 = VERTEX_POINT('',#15288);
#15288 = CARTESIAN_POINT('',(0.1,0.977284102894,2.15));
#15289 = CIRCLE('',#15290,0.982387);
#15290 = AXIS2_PLACEMENT_3D('',#15291,#15292,#15293);
#15291 = CARTESIAN_POINT('',(0.,4.773959005888E-16,2.15));
#15292 = DIRECTION('',(0.,2.22044604925E-16,1.));
#15293 = DIRECTION('',(-1.,0.,0.));
#15294 = ORIENTED_EDGE('',*,*,#15295,.T.);
#15295 = EDGE_CURVE('',#15287,#15296,#15298,.T.);
#15296 = VERTEX_POINT('',#15297);
#15297 = CARTESIAN_POINT('',(-9.999999999999E-02,0.977284102894,2.15));
#15298 = CIRCLE('',#15299,0.982387);
#15299 = AXIS2_PLACEMENT_3D('',#15300,#15301,#15302);
#15300 = CARTESIAN_POINT('',(0.,4.773959005888E-16,2.15));
#15301 = DIRECTION('',(0.,2.22044604925E-16,1.));
#15302 = DIRECTION('',(-1.,0.,0.));
#15303 = ORIENTED_EDGE('',*,*,#15304,.T.);
#15304 = EDGE_CURVE('',#15296,#15223,#15305,.T.);
#15305 = CIRCLE('',#15306,0.982387);
#15306 = AXIS2_PLACEMENT_3D('',#15307,#15308,#15309);
#15307 = CARTESIAN_POINT('',(0.,4.773959005888E-16,2.15));
#15308 = DIRECTION('',(0.,2.22044604925E-16,1.));
#15309 = DIRECTION('',(-1.,0.,0.));
#15310 = CYLINDRICAL_SURFACE('',#15311,0.982387);
#15311 = AXIS2_PLACEMENT_3D('',#15312,#15313,#15314);
#15312 = CARTESIAN_POINT('',(0.,4.773959005888E-16,2.15));
#15313 = DIRECTION('',(-0.,-2.22044604925E-16,-1.));
#15314 = DIRECTION('',(-1.,0.,0.));
#15315 = ADVANCED_FACE('',(#15316),#15379,.T.);
#15316 = FACE_BOUND('',#15317,.T.);
#15317 = EDGE_LOOP('',(#15318,#15326,#15327,#15335,#15341,#15342,#15350,
    #15356,#15357,#15365,#15371,#15372,#15373));
#15318 = ORIENTED_EDGE('',*,*,#15319,.T.);
#15319 = EDGE_CURVE('',#15320,#15251,#15322,.T.);
#15320 = VERTEX_POINT('',#15321);
#15321 = CARTESIAN_POINT('',(-0.1,-0.1,2.15));
#15322 = LINE('',#15323,#15324);
#15323 = CARTESIAN_POINT('',(-0.1,-0.1,2.15));
#15324 = VECTOR('',#15325,1.);
#15325 = DIRECTION('',(0.,-1.,0.));
#15326 = ORIENTED_EDGE('',*,*,#15259,.T.);
#15327 = ORIENTED_EDGE('',*,*,#15328,.T.);
#15328 = EDGE_CURVE('',#15260,#15329,#15331,.T.);
#15329 = VERTEX_POINT('',#15330);
#15330 = CARTESIAN_POINT('',(0.1,-0.1,2.15));
#15331 = LINE('',#15332,#15333);
#15332 = CARTESIAN_POINT('',(0.1,-1.271314,2.15));
#15333 = VECTOR('',#15334,1.);
#15334 = DIRECTION('',(0.,1.,0.));
#15335 = ORIENTED_EDGE('',*,*,#15336,.T.);
#15336 = EDGE_CURVE('',#15329,#15269,#15337,.T.);
#15337 = LINE('',#15338,#15339);
#15338 = CARTESIAN_POINT('',(0.1,-0.1,2.15));
#15339 = VECTOR('',#15340,1.);
#15340 = DIRECTION('',(1.,0.,0.));
#15341 = ORIENTED_EDGE('',*,*,#15277,.T.);
#15342 = ORIENTED_EDGE('',*,*,#15343,.T.);
#15343 = EDGE_CURVE('',#15278,#15344,#15346,.T.);
#15344 = VERTEX_POINT('',#15345);
#15345 = CARTESIAN_POINT('',(0.1,0.1,2.15));
#15346 = LINE('',#15347,#15348);
#15347 = CARTESIAN_POINT('',(1.289874,0.1,2.15));
#15348 = VECTOR('',#15349,1.);
#15349 = DIRECTION('',(-1.,0.,0.));
#15350 = ORIENTED_EDGE('',*,*,#15351,.T.);
#15351 = EDGE_CURVE('',#15344,#15287,#15352,.T.);
#15352 = LINE('',#15353,#15354);
#15353 = CARTESIAN_POINT('',(0.1,0.1,2.15));
#15354 = VECTOR('',#15355,1.);
#15355 = DIRECTION('',(0.,1.,0.));
#15356 = ORIENTED_EDGE('',*,*,#15295,.T.);
#15357 = ORIENTED_EDGE('',*,*,#15358,.T.);
#15358 = EDGE_CURVE('',#15296,#15359,#15361,.T.);
#15359 = VERTEX_POINT('',#15360);
#15360 = CARTESIAN_POINT('',(-0.1,0.1,2.15));
#15361 = LINE('',#15362,#15363);
#15362 = CARTESIAN_POINT('',(-0.1,1.271314,2.15));
#15363 = VECTOR('',#15364,1.);
#15364 = DIRECTION('',(0.,-1.,0.));
#15365 = ORIENTED_EDGE('',*,*,#15366,.T.);
#15366 = EDGE_CURVE('',#15359,#15223,#15367,.T.);
#15367 = LINE('',#15368,#15369);
#15368 = CARTESIAN_POINT('',(-0.1,0.1,2.15));
#15369 = VECTOR('',#15370,1.);
#15370 = DIRECTION('',(-1.,0.,0.));
#15371 = ORIENTED_EDGE('',*,*,#15222,.T.);
#15372 = ORIENTED_EDGE('',*,*,#15241,.T.);
#15373 = ORIENTED_EDGE('',*,*,#15374,.T.);
#15374 = EDGE_CURVE('',#15242,#15320,#15375,.T.);
#15375 = LINE('',#15376,#15377);
#15376 = CARTESIAN_POINT('',(-1.289874,-0.1,2.15));
#15377 = VECTOR('',#15378,1.);
#15378 = DIRECTION('',(1.,0.,0.));
#15379 = PLANE('',#15380);
#15380 = AXIS2_PLACEMENT_3D('',#15381,#15382,#15383);
#15381 = CARTESIAN_POINT('',(2.844710579271E-17,-1.083699268294E-17,2.15
    ));
#15382 = DIRECTION('',(0.,0.,1.));
#15383 = DIRECTION('',(1.,0.,0.));
#15384 = ADVANCED_FACE('',(#15385),#15413,.T.);
#15385 = FACE_BOUND('',#15386,.F.);
#15386 = EDGE_LOOP('',(#15387,#15398,#15405,#15406));
#15387 = ORIENTED_EDGE('',*,*,#15388,.T.);
#15388 = EDGE_CURVE('',#15389,#15391,#15393,.T.);
#15389 = VERTEX_POINT('',#15390);
#15390 = CARTESIAN_POINT('',(-0.1,1.063981000253,5.487966));
#15391 = VERTEX_POINT('',#15392);
#15392 = CARTESIAN_POINT('',(-1.063981000253,1.E-01,5.487966));
#15393 = CIRCLE('',#15394,1.06867);
#15394 = AXIS2_PLACEMENT_3D('',#15395,#15396,#15397);
#15395 = CARTESIAN_POINT('',(0.,1.218573242312E-15,5.487966));
#15396 = DIRECTION('',(0.,2.22044604925E-16,1.));
#15397 = DIRECTION('',(-1.,0.,0.));
#15398 = ORIENTED_EDGE('',*,*,#15399,.F.);
#15399 = EDGE_CURVE('',#15223,#15391,#15400,.T.);
#15400 = HYPERBOLA('',#15401,3.868625337561,0.1);
#15401 = AXIS2_PLACEMENT_3D('',#15402,#15403,#15404);
#15402 = CARTESIAN_POINT('',(0.,0.1,-35.8548723949));
#15403 = DIRECTION('',(0.,-1.,0.));
#15404 = DIRECTION('',(0.,0.,1.));
#15405 = ORIENTED_EDGE('',*,*,#15304,.F.);
#15406 = ORIENTED_EDGE('',*,*,#15407,.F.);
#15407 = EDGE_CURVE('',#15389,#15296,#15408,.T.);
#15408 = HYPERBOLA('',#15409,3.86862533756,0.1);
#15409 = AXIS2_PLACEMENT_3D('',#15410,#15411,#15412);
#15410 = CARTESIAN_POINT('',(-0.1,-7.961380975563E-15,-35.8548723949));
#15411 = DIRECTION('',(1.,0.,-0.));
#15412 = DIRECTION('',(0.,2.22044604925E-16,1.));
#15413 = CONICAL_SURFACE('',#15414,1.06867,2.584322023561E-02);
#15414 = AXIS2_PLACEMENT_3D('',#15415,#15416,#15417);
#15415 = CARTESIAN_POINT('',(0.,1.218573242312E-15,5.487966));
#15416 = DIRECTION('',(0.,2.22044604925E-16,1.));
#15417 = DIRECTION('',(-1.,0.,0.));
#15418 = ADVANCED_FACE('',(#15419),#15447,.T.);
#15419 = FACE_BOUND('',#15420,.F.);
#15420 = EDGE_LOOP('',(#15421,#15432,#15439,#15440));
#15421 = ORIENTED_EDGE('',*,*,#15422,.T.);
#15422 = EDGE_CURVE('',#15423,#15425,#15427,.T.);
#15423 = VERTEX_POINT('',#15424);
#15424 = CARTESIAN_POINT('',(1.063981000253,1.E-01,5.487966));
#15425 = VERTEX_POINT('',#15426);
#15426 = CARTESIAN_POINT('',(0.1,1.063981000253,5.487966));
#15427 = CIRCLE('',#15428,1.06867);
#15428 = AXIS2_PLACEMENT_3D('',#15429,#15430,#15431);
#15429 = CARTESIAN_POINT('',(0.,1.218573242312E-15,5.487966));
#15430 = DIRECTION('',(0.,2.22044604925E-16,1.));
#15431 = DIRECTION('',(-1.,0.,0.));
#15432 = ORIENTED_EDGE('',*,*,#15433,.F.);
#15433 = EDGE_CURVE('',#15287,#15425,#15434,.T.);
#15434 = HYPERBOLA('',#15435,3.86862533756,0.1);
#15435 = AXIS2_PLACEMENT_3D('',#15436,#15437,#15438);
#15436 = CARTESIAN_POINT('',(0.1,-7.961380975563E-15,-35.8548723949));
#15437 = DIRECTION('',(-1.,0.,0.));
#15438 = DIRECTION('',(0.,2.22044604925E-16,1.));
#15439 = ORIENTED_EDGE('',*,*,#15286,.F.);
#15440 = ORIENTED_EDGE('',*,*,#15441,.F.);
#15441 = EDGE_CURVE('',#15423,#15278,#15442,.T.);
#15442 = HYPERBOLA('',#15443,3.868625337561,0.1);
#15443 = AXIS2_PLACEMENT_3D('',#15444,#15445,#15446);
#15444 = CARTESIAN_POINT('',(0.,0.1,-35.8548723949));
#15445 = DIRECTION('',(0.,-1.,0.));
#15446 = DIRECTION('',(0.,0.,1.));
#15447 = CONICAL_SURFACE('',#15448,1.06867,2.584322023561E-02);
#15448 = AXIS2_PLACEMENT_3D('',#15449,#15450,#15451);
#15449 = CARTESIAN_POINT('',(0.,1.218573242312E-15,5.487966));
#15450 = DIRECTION('',(0.,2.22044604925E-16,1.));
#15451 = DIRECTION('',(-1.,0.,0.));
#15452 = ADVANCED_FACE('',(#15453),#15481,.T.);
#15453 = FACE_BOUND('',#15454,.F.);
#15454 = EDGE_LOOP('',(#15455,#15464,#15473,#15480));
#15455 = ORIENTED_EDGE('',*,*,#15456,.F.);
#15456 = EDGE_CURVE('',#15457,#15260,#15459,.T.);
#15457 = VERTEX_POINT('',#15458);
#15458 = CARTESIAN_POINT('',(1.E-01,-1.063981000253,5.487966));
#15459 = HYPERBOLA('',#15460,3.86862533756,0.1);
#15460 = AXIS2_PLACEMENT_3D('',#15461,#15462,#15463);
#15461 = CARTESIAN_POINT('',(0.1,-7.961380975563E-15,-35.8548723949));
#15462 = DIRECTION('',(-1.,0.,0.));
#15463 = DIRECTION('',(0.,2.22044604925E-16,1.));
#15464 = ORIENTED_EDGE('',*,*,#15465,.T.);
#15465 = EDGE_CURVE('',#15457,#15466,#15468,.T.);
#15466 = VERTEX_POINT('',#15467);
#15467 = CARTESIAN_POINT('',(1.063981000253,-0.1,5.487966));
#15468 = CIRCLE('',#15469,1.06867);
#15469 = AXIS2_PLACEMENT_3D('',#15470,#15471,#15472);
#15470 = CARTESIAN_POINT('',(0.,1.218573242312E-15,5.487966));
#15471 = DIRECTION('',(0.,2.22044604925E-16,1.));
#15472 = DIRECTION('',(-1.,0.,0.));
#15473 = ORIENTED_EDGE('',*,*,#15474,.F.);
#15474 = EDGE_CURVE('',#15269,#15466,#15475,.T.);
#15475 = HYPERBOLA('',#15476,3.86862533756,9.999999999999E-02);
#15476 = AXIS2_PLACEMENT_3D('',#15477,#15478,#15479);
#15477 = CARTESIAN_POINT('',(0.,-0.1,-35.8548723949));
#15478 = DIRECTION('',(0.,1.,0.));
#15479 = DIRECTION('',(0.,0.,1.));
#15480 = ORIENTED_EDGE('',*,*,#15268,.F.);
#15481 = CONICAL_SURFACE('',#15482,1.06867,2.584322023561E-02);
#15482 = AXIS2_PLACEMENT_3D('',#15483,#15484,#15485);
#15483 = CARTESIAN_POINT('',(0.,1.218573242312E-15,5.487966));
#15484 = DIRECTION('',(0.,2.22044604925E-16,1.));
#15485 = DIRECTION('',(-1.,0.,0.));
#15486 = ADVANCED_FACE('',(#15487),#15515,.T.);
#15487 = FACE_BOUND('',#15488,.F.);
#15488 = EDGE_LOOP('',(#15489,#15498,#15507,#15514));
#15489 = ORIENTED_EDGE('',*,*,#15490,.F.);
#15490 = EDGE_CURVE('',#15491,#15242,#15493,.T.);
#15491 = VERTEX_POINT('',#15492);
#15492 = CARTESIAN_POINT('',(-1.063981000253,-1.E-01,5.487966));
#15493 = HYPERBOLA('',#15494,3.86862533756,9.999999999999E-02);
#15494 = AXIS2_PLACEMENT_3D('',#15495,#15496,#15497);
#15495 = CARTESIAN_POINT('',(0.,-0.1,-35.8548723949));
#15496 = DIRECTION('',(0.,1.,0.));
#15497 = DIRECTION('',(0.,0.,1.));
#15498 = ORIENTED_EDGE('',*,*,#15499,.T.);
#15499 = EDGE_CURVE('',#15491,#15500,#15502,.T.);
#15500 = VERTEX_POINT('',#15501);
#15501 = CARTESIAN_POINT('',(-0.1,-1.063981000253,5.487966));
#15502 = CIRCLE('',#15503,1.06867);
#15503 = AXIS2_PLACEMENT_3D('',#15504,#15505,#15506);
#15504 = CARTESIAN_POINT('',(0.,1.218573242312E-15,5.487966));
#15505 = DIRECTION('',(0.,2.22044604925E-16,1.));
#15506 = DIRECTION('',(-1.,0.,0.));
#15507 = ORIENTED_EDGE('',*,*,#15508,.F.);
#15508 = EDGE_CURVE('',#15251,#15500,#15509,.T.);
#15509 = HYPERBOLA('',#15510,3.86862533756,0.1);
#15510 = AXIS2_PLACEMENT_3D('',#15511,#15512,#15513);
#15511 = CARTESIAN_POINT('',(-0.1,-7.961380975563E-15,-35.8548723949));
#15512 = DIRECTION('',(1.,0.,-0.));
#15513 = DIRECTION('',(0.,2.22044604925E-16,1.));
#15514 = ORIENTED_EDGE('',*,*,#15250,.F.);
#15515 = CONICAL_SURFACE('',#15516,1.06867,2.584322023561E-02);
#15516 = AXIS2_PLACEMENT_3D('',#15517,#15518,#15519);
#15517 = CARTESIAN_POINT('',(0.,1.218573242312E-15,5.487966));
#15518 = DIRECTION('',(0.,2.22044604925E-16,1.));
#15519 = DIRECTION('',(-1.,0.,0.));
#15520 = ADVANCED_FACE('',(#15521),#15540,.T.);
#15521 = FACE_BOUND('',#15522,.T.);
#15522 = EDGE_LOOP('',(#15523,#15524,#15532,#15539));
#15523 = ORIENTED_EDGE('',*,*,#15319,.F.);
#15524 = ORIENTED_EDGE('',*,*,#15525,.T.);
#15525 = EDGE_CURVE('',#15320,#15526,#15528,.T.);
#15526 = VERTEX_POINT('',#15527);
#15527 = CARTESIAN_POINT('',(-0.1,-0.1,6.146357535942));
#15528 = LINE('',#15529,#15530);
#15529 = CARTESIAN_POINT('',(-0.1,-0.1,2.15));
#15530 = VECTOR('',#15531,1.);
#15531 = DIRECTION('',(0.,0.,1.));
#15532 = ORIENTED_EDGE('',*,*,#15533,.T.);
#15533 = EDGE_CURVE('',#15526,#15500,#15534,.T.);
#15534 = CIRCLE('',#15535,1.185539553464);
#15535 = AXIS2_PLACEMENT_3D('',#15536,#15537,#15538);
#15536 = CARTESIAN_POINT('',(-0.1,1.102461011371E-15,4.965043));
#15537 = DIRECTION('',(1.,0.,-0.));
#15538 = DIRECTION('',(0.,0.,1.));
#15539 = ORIENTED_EDGE('',*,*,#15508,.F.);
#15540 = PLANE('',#15541);
#15541 = AXIS2_PLACEMENT_3D('',#15542,#15543,#15544);
#15542 = CARTESIAN_POINT('',(-0.1,-0.1,2.15));
#15543 = DIRECTION('',(1.,0.,0.));
#15544 = DIRECTION('',(0.,-1.,0.));
#15545 = ADVANCED_FACE('',(#15546),#15558,.T.);
#15546 = FACE_BOUND('',#15547,.T.);
#15547 = EDGE_LOOP('',(#15548,#15549,#15550,#15557));
#15548 = ORIENTED_EDGE('',*,*,#15374,.F.);
#15549 = ORIENTED_EDGE('',*,*,#15490,.F.);
#15550 = ORIENTED_EDGE('',*,*,#15551,.T.);
#15551 = EDGE_CURVE('',#15491,#15526,#15552,.T.);
#15552 = CIRCLE('',#15553,1.185539553464);
#15553 = AXIS2_PLACEMENT_3D('',#15554,#15555,#15556);
#15554 = CARTESIAN_POINT('',(0.,-0.1,4.965043));
#15555 = DIRECTION('',(0.,1.,0.));
#15556 = DIRECTION('',(0.,0.,1.));
#15557 = ORIENTED_EDGE('',*,*,#15525,.F.);
#15558 = PLANE('',#15559);
#15559 = AXIS2_PLACEMENT_3D('',#15560,#15561,#15562);
#15560 = CARTESIAN_POINT('',(-1.289874,-0.1,2.15));
#15561 = DIRECTION('',(0.,1.,0.));
#15562 = DIRECTION('',(1.,0.,0.));
#15563 = ADVANCED_FACE('',(#15564),#15583,.T.);
#15564 = FACE_BOUND('',#15565,.T.);
#15565 = EDGE_LOOP('',(#15566,#15567,#15575,#15582));
#15566 = ORIENTED_EDGE('',*,*,#15366,.F.);
#15567 = ORIENTED_EDGE('',*,*,#15568,.T.);
#15568 = EDGE_CURVE('',#15359,#15569,#15571,.T.);
#15569 = VERTEX_POINT('',#15570);
#15570 = CARTESIAN_POINT('',(-0.1,0.1,6.146357535942));
#15571 = LINE('',#15572,#15573);
#15572 = CARTESIAN_POINT('',(-0.1,0.1,2.15));
#15573 = VECTOR('',#15574,1.);
#15574 = DIRECTION('',(0.,0.,1.));
#15575 = ORIENTED_EDGE('',*,*,#15576,.T.);
#15576 = EDGE_CURVE('',#15569,#15391,#15577,.T.);
#15577 = CIRCLE('',#15578,1.185539553464);
#15578 = AXIS2_PLACEMENT_3D('',#15579,#15580,#15581);
#15579 = CARTESIAN_POINT('',(0.,0.1,4.965043));
#15580 = DIRECTION('',(0.,-1.,0.));
#15581 = DIRECTION('',(0.,0.,-1.));
#15582 = ORIENTED_EDGE('',*,*,#15399,.F.);
#15583 = PLANE('',#15584);
#15584 = AXIS2_PLACEMENT_3D('',#15585,#15586,#15587);
#15585 = CARTESIAN_POINT('',(-0.1,0.1,2.15));
#15586 = DIRECTION('',(0.,-1.,0.));
#15587 = DIRECTION('',(-1.,0.,0.));
#15588 = ADVANCED_FACE('',(#15589),#15601,.T.);
#15589 = FACE_BOUND('',#15590,.T.);
#15590 = EDGE_LOOP('',(#15591,#15592,#15593,#15600));
#15591 = ORIENTED_EDGE('',*,*,#15358,.F.);
#15592 = ORIENTED_EDGE('',*,*,#15407,.F.);
#15593 = ORIENTED_EDGE('',*,*,#15594,.T.);
#15594 = EDGE_CURVE('',#15389,#15569,#15595,.T.);
#15595 = CIRCLE('',#15596,1.185539553464);
#15596 = AXIS2_PLACEMENT_3D('',#15597,#15598,#15599);
#15597 = CARTESIAN_POINT('',(-0.1,1.102461011371E-15,4.965043));
#15598 = DIRECTION('',(1.,0.,-0.));
#15599 = DIRECTION('',(0.,0.,1.));
#15600 = ORIENTED_EDGE('',*,*,#15568,.F.);
#15601 = PLANE('',#15602);
#15602 = AXIS2_PLACEMENT_3D('',#15603,#15604,#15605);
#15603 = CARTESIAN_POINT('',(-0.1,1.271314,2.15));
#15604 = DIRECTION('',(1.,0.,0.));
#15605 = DIRECTION('',(0.,-1.,0.));
#15606 = ADVANCED_FACE('',(#15607),#15626,.T.);
#15607 = FACE_BOUND('',#15608,.T.);
#15608 = EDGE_LOOP('',(#15609,#15610,#15618,#15625));
#15609 = ORIENTED_EDGE('',*,*,#15351,.F.);
#15610 = ORIENTED_EDGE('',*,*,#15611,.T.);
#15611 = EDGE_CURVE('',#15344,#15612,#15614,.T.);
#15612 = VERTEX_POINT('',#15613);
#15613 = CARTESIAN_POINT('',(0.1,0.1,6.146357535942));
#15614 = LINE('',#15615,#15616);
#15615 = CARTESIAN_POINT('',(0.1,0.1,2.15));
#15616 = VECTOR('',#15617,1.);
#15617 = DIRECTION('',(0.,0.,1.));
#15618 = ORIENTED_EDGE('',*,*,#15619,.T.);
#15619 = EDGE_CURVE('',#15612,#15425,#15620,.T.);
#15620 = CIRCLE('',#15621,1.185539553464);
#15621 = AXIS2_PLACEMENT_3D('',#15622,#15623,#15624);
#15622 = CARTESIAN_POINT('',(0.1,1.102461011371E-15,4.965043));
#15623 = DIRECTION('',(-1.,0.,0.));
#15624 = DIRECTION('',(0.,0.,-1.));
#15625 = ORIENTED_EDGE('',*,*,#15433,.F.);
#15626 = PLANE('',#15627);
#15627 = AXIS2_PLACEMENT_3D('',#15628,#15629,#15630);
#15628 = CARTESIAN_POINT('',(0.1,0.1,2.15));
#15629 = DIRECTION('',(-1.,0.,0.));
#15630 = DIRECTION('',(0.,1.,0.));
#15631 = ADVANCED_FACE('',(#15632),#15644,.T.);
#15632 = FACE_BOUND('',#15633,.T.);
#15633 = EDGE_LOOP('',(#15634,#15635,#15636,#15643));
#15634 = ORIENTED_EDGE('',*,*,#15343,.F.);
#15635 = ORIENTED_EDGE('',*,*,#15441,.F.);
#15636 = ORIENTED_EDGE('',*,*,#15637,.T.);
#15637 = EDGE_CURVE('',#15423,#15612,#15638,.T.);
#15638 = CIRCLE('',#15639,1.185539553464);
#15639 = AXIS2_PLACEMENT_3D('',#15640,#15641,#15642);
#15640 = CARTESIAN_POINT('',(0.,0.1,4.965043));
#15641 = DIRECTION('',(0.,-1.,0.));
#15642 = DIRECTION('',(0.,0.,-1.));
#15643 = ORIENTED_EDGE('',*,*,#15611,.F.);
#15644 = PLANE('',#15645);
#15645 = AXIS2_PLACEMENT_3D('',#15646,#15647,#15648);
#15646 = CARTESIAN_POINT('',(1.289874,0.1,2.15));
#15647 = DIRECTION('',(0.,-1.,0.));
#15648 = DIRECTION('',(-1.,0.,0.));
#15649 = ADVANCED_FACE('',(#15650),#15669,.T.);
#15650 = FACE_BOUND('',#15651,.T.);
#15651 = EDGE_LOOP('',(#15652,#15653,#15661,#15668));
#15652 = ORIENTED_EDGE('',*,*,#15336,.F.);
#15653 = ORIENTED_EDGE('',*,*,#15654,.T.);
#15654 = EDGE_CURVE('',#15329,#15655,#15657,.T.);
#15655 = VERTEX_POINT('',#15656);
#15656 = CARTESIAN_POINT('',(0.1,-0.1,6.146357535942));
#15657 = LINE('',#15658,#15659);
#15658 = CARTESIAN_POINT('',(0.1,-0.1,2.15));
#15659 = VECTOR('',#15660,1.);
#15660 = DIRECTION('',(0.,0.,1.));
#15661 = ORIENTED_EDGE('',*,*,#15662,.T.);
#15662 = EDGE_CURVE('',#15655,#15466,#15663,.T.);
#15663 = CIRCLE('',#15664,1.185539553464);
#15664 = AXIS2_PLACEMENT_3D('',#15665,#15666,#15667);
#15665 = CARTESIAN_POINT('',(0.,-0.1,4.965043));
#15666 = DIRECTION('',(0.,1.,0.));
#15667 = DIRECTION('',(0.,0.,1.));
#15668 = ORIENTED_EDGE('',*,*,#15474,.F.);
#15669 = PLANE('',#15670);
#15670 = AXIS2_PLACEMENT_3D('',#15671,#15672,#15673);
#15671 = CARTESIAN_POINT('',(0.1,-0.1,2.15));
#15672 = DIRECTION('',(0.,1.,0.));
#15673 = DIRECTION('',(1.,0.,0.));
#15674 = ADVANCED_FACE('',(#15675),#15687,.T.);
#15675 = FACE_BOUND('',#15676,.T.);
#15676 = EDGE_LOOP('',(#15677,#15678,#15679,#15686));
#15677 = ORIENTED_EDGE('',*,*,#15328,.F.);
#15678 = ORIENTED_EDGE('',*,*,#15456,.F.);
#15679 = ORIENTED_EDGE('',*,*,#15680,.T.);
#15680 = EDGE_CURVE('',#15457,#15655,#15681,.T.);
#15681 = CIRCLE('',#15682,1.185539553464);
#15682 = AXIS2_PLACEMENT_3D('',#15683,#15684,#15685);
#15683 = CARTESIAN_POINT('',(0.1,1.102461011371E-15,4.965043));
#15684 = DIRECTION('',(-1.,0.,0.));
#15685 = DIRECTION('',(0.,0.,-1.));
#15686 = ORIENTED_EDGE('',*,*,#15654,.F.);
#15687 = PLANE('',#15688);
#15688 = AXIS2_PLACEMENT_3D('',#15689,#15690,#15691);
#15689 = CARTESIAN_POINT('',(0.1,-1.271314,2.15));
#15690 = DIRECTION('',(-1.,0.,0.));
#15691 = DIRECTION('',(0.,1.,0.));
#15692 = ADVANCED_FACE('',(#15693),#15698,.T.);
#15693 = FACE_BOUND('',#15694,.F.);
#15694 = EDGE_LOOP('',(#15695,#15696,#15697));
#15695 = ORIENTED_EDGE('',*,*,#15576,.T.);
#15696 = ORIENTED_EDGE('',*,*,#15388,.F.);
#15697 = ORIENTED_EDGE('',*,*,#15594,.T.);
#15698 = SPHERICAL_SURFACE('',#15699,1.189749567274);
#15699 = AXIS2_PLACEMENT_3D('',#15700,#15701,#15702);
#15700 = CARTESIAN_POINT('',(0.,1.102461011371E-15,4.965043));
#15701 = DIRECTION('',(-0.,-2.22044604925E-16,-1.));
#15702 = DIRECTION('',(-1.,0.,0.));
#15703 = ADVANCED_FACE('',(#15704),#15709,.T.);
#15704 = FACE_BOUND('',#15705,.F.);
#15705 = EDGE_LOOP('',(#15706,#15707,#15708));
#15706 = ORIENTED_EDGE('',*,*,#15619,.T.);
#15707 = ORIENTED_EDGE('',*,*,#15422,.F.);
#15708 = ORIENTED_EDGE('',*,*,#15637,.T.);
#15709 = SPHERICAL_SURFACE('',#15710,1.189749567274);
#15710 = AXIS2_PLACEMENT_3D('',#15711,#15712,#15713);
#15711 = CARTESIAN_POINT('',(0.,1.102461011371E-15,4.965043));
#15712 = DIRECTION('',(-0.,-2.22044604925E-16,-1.));
#15713 = DIRECTION('',(-1.,0.,0.));
#15714 = ADVANCED_FACE('',(#15715),#15720,.T.);
#15715 = FACE_BOUND('',#15716,.F.);
#15716 = EDGE_LOOP('',(#15717,#15718,#15719));
#15717 = ORIENTED_EDGE('',*,*,#15465,.F.);
#15718 = ORIENTED_EDGE('',*,*,#15680,.T.);
#15719 = ORIENTED_EDGE('',*,*,#15662,.T.);
#15720 = SPHERICAL_SURFACE('',#15721,1.189749567274);
#15721 = AXIS2_PLACEMENT_3D('',#15722,#15723,#15724);
#15722 = CARTESIAN_POINT('',(0.,1.102461011371E-15,4.965043));
#15723 = DIRECTION('',(-0.,-2.22044604925E-16,-1.));
#15724 = DIRECTION('',(-1.,0.,0.));
#15725 = ADVANCED_FACE('',(#15726),#15731,.T.);
#15726 = FACE_BOUND('',#15727,.F.);
#15727 = EDGE_LOOP('',(#15728,#15729,#15730));
#15728 = ORIENTED_EDGE('',*,*,#15499,.F.);
#15729 = ORIENTED_EDGE('',*,*,#15551,.T.);
#15730 = ORIENTED_EDGE('',*,*,#15533,.T.);
#15731 = SPHERICAL_SURFACE('',#15732,1.189749567274);
#15732 = AXIS2_PLACEMENT_3D('',#15733,#15734,#15735);
#15733 = CARTESIAN_POINT('',(0.,1.102461011371E-15,4.965043));
#15734 = DIRECTION('',(-0.,-2.22044604925E-16,-1.));
#15735 = DIRECTION('',(-1.,0.,0.));
#15736 = ( GEOMETRIC_REPRESENTATION_CONTEXT(3) 
GLOBAL_UNCERTAINTY_ASSIGNED_CONTEXT((#15740)) 
GLOBAL_UNIT_ASSIGNED_CONTEXT((#15737,#15738,#15739)) 
REPRESENTATION_CONTEXT('Context #1',
  '3D Context with UNIT and UNCERTAINTY') );
#15737 = ( LENGTH_UNIT() NAMED_UNIT(*) SI_UNIT(.MILLI.,.METRE.) );
#15738 = ( NAMED_UNIT(*) PLANE_ANGLE_UNIT() SI_UNIT($,.RADIAN.) );
#15739 = ( NAMED_UNIT(*) SI_UNIT($,.STERADIAN.) SOLID_ANGLE_UNIT() );
#15740 = UNCERTAINTY_MEASURE_WITH_UNIT(LENGTH_MEASURE(1.E-07),#15737,
  'distance_accuracy_value','confusion accuracy');
#15741 = CONTEXT_DEPENDENT_SHAPE_REPRESENTATION(#15742,#15744);
#15742 = ( REPRESENTATION_RELATIONSHIP('','',#14897,#361) 
REPRESENTATION_RELATIONSHIP_WITH_TRANSFORMATION(#15743) 
SHAPE_REPRESENTATION_RELATIONSHIP() );
#15743 = ITEM_DEFINED_TRANSFORMATION('','',#11,#366);
#15744 = PRODUCT_DEFINITION_SHAPE('Placement','Placement of an item',
  #15745);
#15745 = NEXT_ASSEMBLY_USAGE_OCCURRENCE('10','Pin_M_001','',#356,#14892,
  $);
#15746 = PRODUCT_RELATED_PRODUCT_CATEGORY('part',$,(#14894));
#15747 = CONTEXT_DEPENDENT_SHAPE_REPRESENTATION(#15748,#15750);
#15748 = ( REPRESENTATION_RELATIONSHIP('','',#14897,#361) 
REPRESENTATION_RELATIONSHIP_WITH_TRANSFORMATION(#15749) 
SHAPE_REPRESENTATION_RELATIONSHIP() );
#15749 = ITEM_DEFINED_TRANSFORMATION('','',#11,#370);
#15750 = PRODUCT_DEFINITION_SHAPE('Placement','Placement of an item',
  #15751);
#15751 = NEXT_ASSEMBLY_USAGE_OCCURRENCE('11','Pin_M_002','',#356,#14892,
  $);
#15752 = SHAPE_DEFINITION_REPRESENTATION(#15753,#15759);
#15753 = PRODUCT_DEFINITION_SHAPE('','',#15754);
#15754 = PRODUCT_DEFINITION('design','',#15755,#15758);
#15755 = PRODUCT_DEFINITION_FORMATION('','',#15756);
#15756 = PRODUCT('fixture_003','fixture_003','',(#15757));
#15757 = PRODUCT_CONTEXT('',#2,'mechanical');
#15758 = PRODUCT_DEFINITION_CONTEXT('part definition',#2,'design');
#15759 = ADVANCED_BREP_SHAPE_REPRESENTATION('',(#11,#15760),#15838);
#15760 = MANIFOLD_SOLID_BREP('',#15761);
#15761 = CLOSED_SHELL('',(#15762,#15795,#15820,#15829));
#15762 = ADVANCED_FACE('',(#15763),#15790,.T.);
#15763 = FACE_BOUND('',#15764,.T.);
#15764 = EDGE_LOOP('',(#15765,#15775,#15782,#15783));
#15765 = ORIENTED_EDGE('',*,*,#15766,.T.);
#15766 = EDGE_CURVE('',#15767,#15769,#15771,.T.);
#15767 = VERTEX_POINT('',#15768);
#15768 = CARTESIAN_POINT('',(-5.05,2.9,3.9));
#15769 = VERTEX_POINT('',#15770);
#15770 = CARTESIAN_POINT('',(-5.05,2.9,-1.9));
#15771 = LINE('',#15772,#15773);
#15772 = CARTESIAN_POINT('',(-5.05,2.9,3.9));
#15773 = VECTOR('',#15774,1.);
#15774 = DIRECTION('',(-0.,-0.,-1.));
#15775 = ORIENTED_EDGE('',*,*,#15776,.T.);
#15776 = EDGE_CURVE('',#15769,#15769,#15777,.T.);
#15777 = CIRCLE('',#15778,0.45);
#15778 = AXIS2_PLACEMENT_3D('',#15779,#15780,#15781);
#15779 = CARTESIAN_POINT('',(-5.5,2.9,-1.9));
#15780 = DIRECTION('',(0.,0.,1.));
#15781 = DIRECTION('',(1.,0.,0.));
#15782 = ORIENTED_EDGE('',*,*,#15766,.F.);
#15783 = ORIENTED_EDGE('',*,*,#15784,.F.);
#15784 = EDGE_CURVE('',#15767,#15767,#15785,.T.);
#15785 = CIRCLE('',#15786,0.45);
#15786 = AXIS2_PLACEMENT_3D('',#15787,#15788,#15789);
#15787 = CARTESIAN_POINT('',(-5.5,2.9,3.9));
#15788 = DIRECTION('',(0.,0.,1.));
#15789 = DIRECTION('',(1.,0.,0.));
#15790 = CYLINDRICAL_SURFACE('',#15791,0.45);
#15791 = AXIS2_PLACEMENT_3D('',#15792,#15793,#15794);
#15792 = CARTESIAN_POINT('',(-5.5,2.9,3.9));
#15793 = DIRECTION('',(0.,0.,1.));
#15794 = DIRECTION('',(1.,0.,0.));
#15795 = ADVANCED_FACE('',(#15796),#15815,.T.);
#15796 = FACE_BOUND('',#15797,.F.);
#15797 = EDGE_LOOP('',(#15798,#15806,#15807,#15808));
#15798 = ORIENTED_EDGE('',*,*,#15799,.F.);
#15799 = EDGE_CURVE('',#15769,#15800,#15802,.T.);
#15800 = VERTEX_POINT('',#15801);
#15801 = CARTESIAN_POINT('',(-5.15,2.9,-2.));
#15802 = LINE('',#15803,#15804);
#15803 = CARTESIAN_POINT('',(-5.05,2.9,-1.9));
#15804 = VECTOR('',#15805,1.);
#15805 = DIRECTION('',(-0.707106781187,-0.,-0.707106781187));
#15806 = ORIENTED_EDGE('',*,*,#15776,.T.);
#15807 = ORIENTED_EDGE('',*,*,#15799,.T.);
#15808 = ORIENTED_EDGE('',*,*,#15809,.F.);
#15809 = EDGE_CURVE('',#15800,#15800,#15810,.T.);
#15810 = CIRCLE('',#15811,0.35);
#15811 = AXIS2_PLACEMENT_3D('',#15812,#15813,#15814);
#15812 = CARTESIAN_POINT('',(-5.5,2.9,-2.));
#15813 = DIRECTION('',(0.,0.,1.));
#15814 = DIRECTION('',(1.,0.,0.));
#15815 = CONICAL_SURFACE('',#15816,0.45,0.785398163397);
#15816 = AXIS2_PLACEMENT_3D('',#15817,#15818,#15819);
#15817 = CARTESIAN_POINT('',(-5.5,2.9,-1.9));
#15818 = DIRECTION('',(0.,0.,1.));
#15819 = DIRECTION('',(1.,0.,0.));
#15820 = ADVANCED_FACE('',(#15821),#15824,.T.);
#15821 = FACE_BOUND('',#15822,.T.);
#15822 = EDGE_LOOP('',(#15823));
#15823 = ORIENTED_EDGE('',*,*,#15784,.T.);
#15824 = PLANE('',#15825);
#15825 = AXIS2_PLACEMENT_3D('',#15826,#15827,#15828);
#15826 = CARTESIAN_POINT('',(-5.5,2.9,3.9));
#15827 = DIRECTION('',(0.,0.,1.));
#15828 = DIRECTION('',(1.,0.,0.));
#15829 = ADVANCED_FACE('',(#15830),#15833,.F.);
#15830 = FACE_BOUND('',#15831,.F.);
#15831 = EDGE_LOOP('',(#15832));
#15832 = ORIENTED_EDGE('',*,*,#15809,.T.);
#15833 = PLANE('',#15834);
#15834 = AXIS2_PLACEMENT_3D('',#15835,#15836,#15837);
#15835 = CARTESIAN_POINT('',(-5.5,2.9,-2.));
#15836 = DIRECTION('',(0.,0.,1.));
#15837 = DIRECTION('',(1.,0.,0.));
#15838 = ( GEOMETRIC_REPRESENTATION_CONTEXT(3) 
GLOBAL_UNCERTAINTY_ASSIGNED_CONTEXT((#15842)) 
GLOBAL_UNIT_ASSIGNED_CONTEXT((#15839,#15840,#15841)) 
REPRESENTATION_CONTEXT('Context #1',
  '3D Context with UNIT and UNCERTAINTY') );
#15839 = ( LENGTH_UNIT() NAMED_UNIT(*) SI_UNIT(.MILLI.,.METRE.) );
#15840 = ( NAMED_UNIT(*) PLANE_ANGLE_UNIT() SI_UNIT($,.RADIAN.) );
#15841 = ( NAMED_UNIT(*) SI_UNIT($,.STERADIAN.) SOLID_ANGLE_UNIT() );
#15842 = UNCERTAINTY_MEASURE_WITH_UNIT(LENGTH_MEASURE(1.E-07),#15839,
  'distance_accuracy_value','confusion accuracy');
#15843 = CONTEXT_DEPENDENT_SHAPE_REPRESENTATION(#15844,#15846);
#15844 = ( REPRESENTATION_RELATIONSHIP('','',#15759,#361) 
REPRESENTATION_RELATIONSHIP_WITH_TRANSFORMATION(#15845) 
SHAPE_REPRESENTATION_RELATIONSHIP() );
#15845 = ITEM_DEFINED_TRANSFORMATION('','',#11,#374);
#15846 = PRODUCT_DEFINITION_SHAPE('Placement','Placement of an item',
  #15847);
#15847 = NEXT_ASSEMBLY_USAGE_OCCURRENCE('12','fixture_003','',#356,
  #15754,$);
#15848 = PRODUCT_RELATED_PRODUCT_CATEGORY('part',$,(#15756));
#15849 = CONTEXT_DEPENDENT_SHAPE_REPRESENTATION(#15850,#15852);
#15850 = ( REPRESENTATION_RELATIONSHIP('','',#15759,#361) 
REPRESENTATION_RELATIONSHIP_WITH_TRANSFORMATION(#15851) 
SHAPE_REPRESENTATION_RELATIONSHIP() );
#15851 = ITEM_DEFINED_TRANSFORMATION('','',#11,#378);
#15852 = PRODUCT_DEFINITION_SHAPE('Placement','Placement of an item',
  #15853);
#15853 = NEXT_ASSEMBLY_USAGE_OCCURRENCE('13','fixture_004','',#356,
  #15754,$);
#15854 = SHAPE_DEFINITION_REPRESENTATION(#15750,#15855);
#15855 = SHAPE_REPRESENTATION('',(#370),#15736);
#15856 = SHAPE_DEFINITION_REPRESENTATION(#15852,#15857);
#15857 = SHAPE_REPRESENTATION('',(#378),#15838);
#15858 = SHAPE_DEFINITION_REPRESENTATION(#15750,#15859);
#15859 = SHAPE_REPRESENTATION('',(#370),#15736);
#15860 = SHAPE_DEFINITION_REPRESENTATION(#15852,#15861);
#15861 = SHAPE_REPRESENTATION('',(#378),#15838);
#15862 = MECHANICAL_DESIGN_GEOMETRIC_PRESENTATION_REPRESENTATION('',(
    #15863),#14879);
#15863 = STYLED_ITEM('color',(#15864),#401);
#15864 = PRESENTATION_STYLE_ASSIGNMENT((#15865,#15871));
#15865 = SURFACE_STYLE_USAGE(.BOTH.,#15866);
#15866 = SURFACE_SIDE_STYLE('',(#15867));
#15867 = SURFACE_STYLE_FILL_AREA(#15868);
#15868 = FILL_AREA_STYLE('',(#15869));
#15869 = FILL_AREA_STYLE_COLOUR('',#15870);
#15870 = COLOUR_RGB('',0.921568637116,0.666666687201,0.);
#15871 = CURVE_STYLE('',#15872,POSITIVE_LENGTH_MEASURE(0.1),#15873);
#15872 = DRAUGHTING_PRE_DEFINED_CURVE_FONT('continuous');
#15873 = COLOUR_RGB('',9.803921802644E-02,9.803921802644E-02,
  9.803921802644E-02);
#15874 = MECHANICAL_DESIGN_GEOMETRIC_PRESENTATION_REPRESENTATION('',(
    #15875,#15885,#15894),#15736);
#15875 = STYLED_ITEM('color',(#15876),#14898);
#15876 = PRESENTATION_STYLE_ASSIGNMENT((#15877,#15883));
#15877 = SURFACE_STYLE_USAGE(.BOTH.,#15878);
#15878 = SURFACE_SIDE_STYLE('',(#15879));
#15879 = SURFACE_STYLE_FILL_AREA(#15880);
#15880 = FILL_AREA_STYLE('',(#15881));
#15881 = FILL_AREA_STYLE_COLOUR('',#15882);
#15882 = COLOUR_RGB('',0.399999997426,0.274509816483,0.);
#15883 = CURVE_STYLE('',#15884,POSITIVE_LENGTH_MEASURE(0.1),#15873);
#15884 = DRAUGHTING_PRE_DEFINED_CURVE_FONT('continuous');
#15885 = OVER_RIDING_STYLED_ITEM('overriding color',(#15886),#14898,
  #15875);
#15886 = PRESENTATION_STYLE_BY_CONTEXT((#15887,#15892),#15855);
#15887 = SURFACE_STYLE_USAGE(.BOTH.,#15888);
#15888 = SURFACE_SIDE_STYLE('',(#15889));
#15889 = SURFACE_STYLE_FILL_AREA(#15890);
#15890 = FILL_AREA_STYLE('',(#15891));
#15891 = FILL_AREA_STYLE_COLOUR('',#15882);
#15892 = CURVE_STYLE('',#15893,POSITIVE_LENGTH_MEASURE(0.1),#15873);
#15893 = DRAUGHTING_PRE_DEFINED_CURVE_FONT('continuous');
#15894 = OVER_RIDING_STYLED_ITEM('overriding color',(#15895),#14898,
  #15875);
#15895 = PRESENTATION_STYLE_BY_CONTEXT((#15896,#15902),#15859);
#15896 = SURFACE_STYLE_USAGE(.BOTH.,#15897);
#15897 = SURFACE_SIDE_STYLE('',(#15898));
#15898 = SURFACE_STYLE_FILL_AREA(#15899);
#15899 = FILL_AREA_STYLE('',(#15900));
#15900 = FILL_AREA_STYLE_COLOUR('',#15901);
#15901 = COLOUR_RGB('',0.399999997426,0.274509816483,0.);
#15902 = CURVE_STYLE('',#15903,POSITIVE_LENGTH_MEASURE(0.1),#15904);
#15903 = DRAUGHTING_PRE_DEFINED_CURVE_FONT('continuous');
#15904 = COLOUR_RGB('',9.803921802644E-02,9.803921802644E-02,
  9.803921802644E-02);
#15905 = MECHANICAL_DESIGN_GEOMETRIC_PRESENTATION_REPRESENTATION('',(
    #15906,#15916,#15925),#15838);
#15906 = STYLED_ITEM('color',(#15907),#15760);
#15907 = PRESENTATION_STYLE_ASSIGNMENT((#15908,#15914));
#15908 = SURFACE_STYLE_USAGE(.BOTH.,#15909);
#15909 = SURFACE_SIDE_STYLE('',(#15910));
#15910 = SURFACE_STYLE_FILL_AREA(#15911);
#15911 = FILL_AREA_STYLE('',(#15912));
#15912 = FILL_AREA_STYLE_COLOUR('',#15913);
#15913 = COLOUR_RGB('',0.917599985683,0.917599985683,0.917599985683);
#15914 = CURVE_STYLE('',#15915,POSITIVE_LENGTH_MEASURE(0.1),#15873);
#15915 = DRAUGHTING_PRE_DEFINED_CURVE_FONT('continuous');
#15916 = OVER_RIDING_STYLED_ITEM('overriding color',(#15917),#15760,
  #15906);
#15917 = PRESENTATION_STYLE_BY_CONTEXT((#15918,#15923),#15857);
#15918 = SURFACE_STYLE_USAGE(.BOTH.,#15919);
#15919 = SURFACE_SIDE_STYLE('',(#15920));
#15920 = SURFACE_STYLE_FILL_AREA(#15921);
#15921 = FILL_AREA_STYLE('',(#15922));
#15922 = FILL_AREA_STYLE_COLOUR('',#15913);
#15923 = CURVE_STYLE('',#15924,POSITIVE_LENGTH_MEASURE(0.1),#15873);
#15924 = DRAUGHTING_PRE_DEFINED_CURVE_FONT('continuous');
#15925 = OVER_RIDING_STYLED_ITEM('overriding color',(#15926),#15760,
  #15906);
#15926 = PRESENTATION_STYLE_BY_CONTEXT((#15927,#15933),#15861);
#15927 = SURFACE_STYLE_USAGE(.BOTH.,#15928);
#15928 = SURFACE_SIDE_STYLE('',(#15929));
#15929 = SURFACE_STYLE_FILL_AREA(#15930);
#15930 = FILL_AREA_STYLE('',(#15931));
#15931 = FILL_AREA_STYLE_COLOUR('',#15932);
#15932 = COLOUR_RGB('',0.917599985683,0.917599985683,0.917599985683);
#15933 = CURVE_STYLE('',#15934,POSITIVE_LENGTH_MEASURE(0.1),#15904);
#15934 = DRAUGHTING_PRE_DEFINED_CURVE_FONT('continuous');
#15935 = MECHANICAL_DESIGN_GEOMETRIC_PRESENTATION_REPRESENTATION('',(
    #15936),#343);
#15936 = STYLED_ITEM('color',(#15937),#37);
#15937 = PRESENTATION_STYLE_ASSIGNMENT((#15938,#15944));
#15938 = SURFACE_STYLE_USAGE(.BOTH.,#15939);
#15939 = SURFACE_SIDE_STYLE('',(#15940));
#15940 = SURFACE_STYLE_FILL_AREA(#15941);
#15941 = FILL_AREA_STYLE('',(#15942));
#15942 = FILL_AREA_STYLE_COLOUR('',#15943);
#15943 = COLOUR_RGB('',0.207843135047,0.741176476869,0.125490201081);
#15944 = CURVE_STYLE('',#15945,POSITIVE_LENGTH_MEASURE(0.1),#15873);
#15945 = DRAUGHTING_PRE_DEFINED_CURVE_FONT('continuous');
ENDSEC;
END-ISO-10303-21;
